M,nlist,efconstruction,nprobe,efsearch,training_memory_mb,add_memory_mb,training_time_s,total_time_s,recall,qps,mspq,search_memory_mb,search_time_s,mean_latency_ms,p50_latency_ms,p95_latency_ms,p99_latency_ms
8,1000,40,1,1,61.00,749.00,0.5348,2.7290,0.2996,47747.75,0.0209,531.00,0.2094,0.2884,0.2427,0.6709,1.0320
8,1000,40,1,1,61.00,749.00,0.5348,2.7290,0.2996,48928.32,0.0204,540.00,0.2044,0.2582,0.2127,0.6099,0.9731
8,1000,40,1,1,61.00,749.00,0.5348,2.7290,0.2996,49907.15,0.0200,539.00,0.2004,0.2561,0.2072,0.6106,0.9790
8,1000,40,1,1,61.00,749.00,0.5348,2.7290,0.2996,51249.15,0.0195,542.00,0.1951,0.2437,0.2005,0.5635,0.8634
8,1000,40,1,1,61.00,749.00,0.5348,2.7290,0.2996,50856.38,0.0197,541.00,0.1966,0.2468,0.2029,0.5784,0.9005
8,1000,40,1,2,61.00,749.00,0.5348,2.7290,0.3520,47658.94,0.0210,545.00,0.2098,0.2551,0.2094,0.5999,0.9679
8,1000,40,2,1,61.00,749.00,0.5348,2.7290,0.4056,30922.67,0.0323,546.00,0.3234,0.4824,0.4154,1.0155,1.5635
8,1000,40,2,1,61.00,749.00,0.5348,2.7290,0.4056,31593.31,0.0317,544.00,0.3165,0.4740,0.4109,0.9922,1.4770
8,1000,40,2,1,61.00,749.00,0.5348,2.7290,0.4056,32055.96,0.0312,547.00,0.3120,0.4622,0.3986,0.9686,1.5021
8,1000,40,2,2,61.00,749.00,0.5348,2.7290,0.4835,30731.82,0.0325,547.00,0.3254,0.4709,0.4041,1.0244,1.5385
8,1000,40,2,3,61.00,749.00,0.5348,2.7290,0.5168,31524.59,0.0317,548.00,0.3172,0.4788,0.4126,1.0124,1.5449
8,1000,40,2,4,61.00,749.00,0.5348,2.7290,0.5307,31795.77,0.0315,549.00,0.3145,0.4864,0.4245,0.9797,1.5323
8,1000,40,4,1,61.00,749.00,0.5348,2.7290,0.4884,18281.51,0.0547,547.00,0.5470,0.9000,0.7950,1.7437,2.6285
8,1000,40,4,1,61.00,749.00,0.5348,2.7290,0.4884,18724.06,0.0534,546.00,0.5341,0.8701,0.7669,1.7024,2.6543
8,1000,40,4,3,61.00,749.00,0.5348,2.7290,0.6469,17138.78,0.0583,548.00,0.5835,0.9160,0.8225,1.7788,2.5941
8,1000,40,4,4,61.00,749.00,0.5348,2.7290,0.6691,17955.93,0.0557,549.00,0.5569,0.8872,0.7982,1.7935,2.6638
8,1000,40,4,6,61.00,749.00,0.5348,2.7290,0.6912,18618.46,0.0537,547.00,0.5371,0.8968,0.7956,1.6981,2.5053
8,1000,40,4,8,61.00,749.00,0.5348,2.7290,0.6997,18001.52,0.0556,550.00,0.5555,0.8882,0.7865,1.6860,2.6475
8,1000,40,8,1,61.00,749.00,0.5348,2.7290,0.5303,10054.38,0.0995,546.00,0.9946,1.6302,1.5070,3.0974,4.7259
8,1000,40,8,3,61.00,749.00,0.5348,2.7290,0.7360,10384.13,0.0963,547.00,0.9630,1.6952,1.5272,2.9865,4.7553
8,1000,40,8,6,61.00,749.00,0.5348,2.7290,0.8040,10387.76,0.0963,550.00,0.9627,1.6926,1.5338,2.9377,4.3460
8,1000,40,8,8,61.00,749.00,0.5348,2.7290,0.8193,10560.94,0.0947,546.00,0.9469,1.6520,1.4897,2.8720,4.3902
8,1000,40,8,12,61.00,749.00,0.5348,2.7290,0.8311,10642.26,0.0940,549.00,0.9397,1.6495,1.4782,2.8654,4.8285
8,1000,40,8,16,61.00,749.00,0.5348,2.7290,0.8351,10979.00,0.0911,548.00,0.9108,1.6376,1.4728,2.8372,4.5453
8,1000,40,16,3,61.00,749.00,0.5348,2.7290,0.7774,5827.69,0.1716,549.00,1.7159,3.1996,2.9542,4.9960,8.2174
8,1000,40,16,6,61.00,749.00,0.5348,2.7290,0.8693,5752.73,0.1738,547.00,1.7383,3.2376,2.9784,5.0539,8.0857
8,1000,40,16,12,61.00,749.00,0.5348,2.7290,0.9131,5708.49,0.1752,548.00,1.7518,3.2399,2.9672,5.0762,8.4003
8,1000,40,16,16,61.00,749.00,0.5348,2.7290,0.9208,5720.10,0.1748,549.00,1.7482,3.2222,2.9638,5.0562,8.6111
8,1000,40,16,24,61.00,749.00,0.5348,2.7290,0.9261,5669.35,0.1764,546.00,1.7639,3.2406,2.9779,5.1094,8.3877
8,1000,40,16,32,61.00,749.00,0.5348,2.7290,0.9275,5575.34,0.1794,555.00,1.7936,3.2780,2.9946,5.2185,8.9913
8,1000,40,32,6,61.00,749.00,0.5348,2.7290,0.8915,2975.25,0.3361,555.00,3.3611,6.3199,5.9736,8.9361,17.6142
8,1000,40,32,12,61.00,749.00,0.5348,2.7290,0.9505,2937.59,0.3404,548.00,3.4042,6.2576,5.9186,8.8428,15.7456
8,1000,40,32,25,61.00,749.00,0.5348,2.7290,0.9725,2966.19,0.3371,555.00,3.3713,6.2569,5.8880,8.7796,15.0218
8,1000,40,32,32,61.00,749.00,0.5348,2.7290,0.9746,2952.52,0.3387,545.00,3.3869,6.2614,5.9048,8.7093,18.4406
8,1000,40,32,48,61.00,749.00,0.5348,2.7290,0.9759,2898.08,0.3451,555.00,3.4506,6.3051,5.9348,8.7404,20.8270
8,1000,40,32,64,61.00,749.00,0.5348,2.7290,0.9762,2885.00,0.3466,555.00,3.4662,6.4779,6.0936,9.2158,17.2856
8,1000,40,64,12,61.00,749.00,0.5348,2.7290,0.9586,1526.15,0.6552,557.00,6.5524,12.1522,11.6278,15.4277,40.0930
8,1000,40,64,25,61.00,749.00,0.5348,2.7290,0.9881,1523.97,0.6562,557.00,6.5618,12.2577,11.7190,15.8099,38.9245
8,1000,40,64,51,61.00,749.00,0.5348,2.7290,0.9939,1503.79,0.6650,546.00,6.6499,12.4904,11.9233,16.4100,36.9147
8,1000,40,64,64,61.00,749.00,0.5348,2.7290,0.9942,1465.52,0.6823,550.00,6.8235,12.6936,12.2373,17.6415,25.6527
8,1000,40,64,96,61.00,749.00,0.5348,2.7290,0.9946,1532.29,0.6526,557.00,6.5262,12.2349,11.7338,16.0554,32.7695
8,1000,40,64,128,61.00,749.00,0.5348,2.7290,0.9946,1539.45,0.6496,548.00,6.4958,12.3525,11.7785,15.9644,36.7545
8,1000,100,1,1,91.00,757.00,0.5431,2.6680,0.3053,47404.38,0.0211,547.00,0.2110,0.2647,0.2239,0.6096,0.9231
8,1000,100,1,1,91.00,757.00,0.5431,2.6680,0.3053,49201.10,0.0203,546.00,0.2032,0.2394,0.1994,0.5458,0.8444
8,1000,100,1,1,91.00,757.00,0.5431,2.6680,0.3053,48517.97,0.0206,547.00,0.2061,0.2376,0.1964,0.5370,0.8675
8,1000,100,1,1,91.00,757.00,0.5431,2.6680,0.3053,48785.41,0.0205,552.00,0.2050,0.2231,0.1830,0.5114,0.8281
8,1000,100,1,1,91.00,757.00,0.5431,2.6680,0.3053,52394.81,0.0191,546.00,0.1909,0.2152,0.1826,0.4778,0.7881
8,1000,100,1,2,91.00,757.00,0.5431,2.6680,0.3579,49626.13,0.0202,555.00,0.2015,0.2267,0.1895,0.5033,0.8502
8,1000,100,2,1,91.00,757.00,0.5431,2.6680,0.4110,30303.60,0.0330,553.00,0.3300,0.4651,0.4062,0.9412,1.5778
8,1000,100,2,1,91.00,757.00,0.5431,2.6680,0.4110,31514.03,0.0317,550.00,0.3173,0.4458,0.3906,0.9345,1.4123
8,1000,100,2,1,91.00,757.00,0.5431,2.6680,0.4110,31572.83,0.0317,549.00,0.3167,0.4548,0.3979,0.9447,1.4764
8,1000,100,2,2,91.00,757.00,0.5431,2.6680,0.4906,31529.22,0.0317,556.00,0.3172,0.4556,0.3961,0.9429,1.5294
8,1000,100,2,3,91.00,757.00,0.5431,2.6680,0.5220,31384.48,0.0319,556.00,0.3186,0.4520,0.3967,0.9039,1.4048
8,1000,100,2,4,91.00,757.00,0.5431,2.6680,0.5363,31537.22,0.0317,556.00,0.3171,0.4331,0.3795,0.8901,1.4312
8,1000,100,4,1,91.00,757.00,0.5431,2.6680,0.4913,18292.71,0.0547,553.00,0.5467,0.8740,0.7850,1.6291,2.4602
8,1000,100,4,1,91.00,757.00,0.5431,2.6680,0.4913,19077.84,0.0524,553.00,0.5242,0.8555,0.7673,1.6013,2.3617
8,1000,100,4,3,91.00,757.00,0.5431,2.6680,0.6514,18161.19,0.0551,555.00,0.5506,0.8666,0.7682,1.6349,2.6559
8,1000,100,4,4,91.00,757.00,0.5431,2.6680,0.6740,18552.46,0.0539,552.00,0.5390,0.8347,0.7389,1.5751,2.4505
8,1000,100,4,6,91.00,757.00,0.5431,2.6680,0.6937,18961.18,0.0527,555.00,0.5274,0.8510,0.7608,1.5974,2.4999
8,1000,100,4,8,91.00,757.00,0.5431,2.6680,0.7017,19175.40,0.0522,555.00,0.5215,0.8572,0.7642,1.5886,2.6142
8,1000,100,8,1,91.00,757.00,0.5431,2.6680,0.5356,10559.43,0.0947,551.00,0.9470,1.6222,1.4811,2.8016,4.5798
8,1000,100,8,3,91.00,757.00,0.5431,2.6680,0.7410,9918.59,0.1008,555.00,1.0082,1.7295,1.5658,2.9402,4.7664
8,1000,100,8,6,91.00,757.00,0.5431,2.6680,0.8075,10377.90,0.0964,562.00,0.9636,1.7005,1.5399,2.9292,4.4029
8,1000,100,8,8,91.00,757.00,0.5431,2.6680,0.8220,10504.62,0.0952,559.00,0.9520,1.6702,1.5198,2.8722,4.3104
8,1000,100,8,12,91.00,757.00,0.5431,2.6680,0.8340,10421.24,0.0960,560.00,0.9596,1.6544,1.4964,2.8473,4.8034
8,1000,100,8,16,91.00,757.00,0.5431,2.6680,0.8372,10487.53,0.0954,557.00,0.9535,1.6527,1.4958,2.8846,4.7460
8,1000,100,16,3,91.00,757.00,0.5431,2.6680,0.7830,5553.83,0.1801,553.00,1.8006,3.2780,3.0471,5.0498,8.4539
8,1000,100,16,6,91.00,757.00,0.5431,2.6680,0.8726,5467.69,0.1829,552.00,1.8289,3.3265,3.0805,5.1831,8.1243
8,1000,100,16,12,91.00,757.00,0.5431,2.6680,0.9163,5649.10,0.1770,551.00,1.7702,3.2819,3.0278,5.1498,8.4335
8,1000,100,16,16,91.00,757.00,0.5431,2.6680,0.9228,5753.65,0.1738,558.00,1.7380,3.2443,2.9720,4.9692,9.5665
8,1000,100,16,24,91.00,757.00,0.5431,2.6680,0.9277,5719.68,0.1748,553.00,1.7483,3.2184,2.9825,4.9413,7.3653
8,1000,100,16,32,91.00,757.00,0.5431,2.6680,0.9285,5657.33,0.1768,556.00,1.7676,3.2556,2.9966,5.0247,9.2489
8,1000,100,32,6,91.00,757.00,0.5431,2.6680,0.8950,2996.59,0.3337,554.00,3.3371,6.2290,5.8766,8.5873,18.3312
8,1000,100,32,12,91.00,757.00,0.5431,2.6680,0.9529,2977.53,0.3358,553.00,3.3585,6.2859,5.9408,8.8422,14.9989
8,1000,100,32,25,91.00,757.00,0.5431,2.6680,0.9740,2976.24,0.3360,560.00,3.3599,6.3622,6.0027,8.8929,17.9503
8,1000,100,32,32,91.00,757.00,0.5431,2.6680,0.9757,2912.38,0.3434,563.00,3.4336,6.2949,5.9426,8.7997,17.7933
8,1000,100,32,48,91.00,757.00,0.5431,2.6680,0.9769,2971.02,0.3366,561.00,3.3658,6.2964,5.9275,8.7835,16.8955
8,1000,100,32,64,91.00,757.00,0.5431,2.6680,0.9772,2976.29,0.3360,557.00,3.3599,6.3723,5.9882,8.8803,17.0056
8,1000,100,64,12,91.00,757.00,0.5431,2.6680,0.9611,1545.91,0.6469,565.00,6.4687,12.2973,11.7761,16.1233,27.1624
8,1000,100,64,25,91.00,757.00,0.5431,2.6680,0.9890,1503.31,0.6652,558.00,6.6520,12.2975,11.7549,16.1662,36.8947
8,1000,100,64,51,91.00,757.00,0.5431,2.6680,0.9947,1507.11,0.6635,555.00,6.6352,12.4992,11.8970,16.6969,33.9103
8,1000,100,64,64,91.00,757.00,0.5431,2.6680,0.9950,1507.49,0.6634,564.00,6.6336,12.3382,11.8337,15.9783,39.2659
8,1000,100,64,96,91.00,757.00,0.5431,2.6680,0.9952,1555.60,0.6428,556.00,6.4284,12.3994,11.8196,15.8070,37.5134
8,1000,100,64,128,91.00,757.00,0.5431,2.6680,0.9952,1538.73,0.6499,561.00,6.4989,12.1959,11.7347,15.6311,41.3321
8,1000,200,1,1,106.00,758.00,0.5746,2.7278,0.3005,47317.02,0.0211,547.00,0.2113,0.2638,0.2177,0.6063,0.9366
8,1000,200,1,1,106.00,758.00,0.5746,2.7278,0.3005,48373.10,0.0207,551.00,0.2067,0.2371,0.1969,0.5452,0.8539
8,1000,200,1,1,106.00,758.00,0.5746,2.7278,0.3005,50202.97,0.0199,551.00,0.1992,0.2359,0.1951,0.5544,0.8449
8,1000,200,1,1,106.00,758.00,0.5746,2.7278,0.3005,48736.33,0.0205,541.00,0.2052,0.2275,0.1867,0.5284,0.8614
8,1000,200,1,1,106.00,758.00,0.5746,2.7278,0.3005,48453.61,0.0206,549.00,0.2064,0.2259,0.1858,0.5174,0.8440
8,1000,200,1,2,106.00,758.00,0.5746,2.7278,0.3543,49230.15,0.0203,554.00,0.2031,0.2415,0.2021,0.5463,0.8562
8,1000,200,2,1,106.00,758.00,0.5746,2.7278,0.4042,31829.94,0.0314,551.00,0.3142,0.4643,0.4083,0.9304,1.4958
8,1000,200,2,1,106.00,758.00,0.5746,2.7278,0.4042,31644.92,0.0316,550.00,0.3160,0.4556,0.4055,0.9084,1.4217
8,1000,200,2,1,106.00,758.00,0.5746,2.7278,0.4042,31989.03,0.0313,551.00,0.3126,0.4449,0.3907,0.9104,1.4614
8,1000,200,2,2,106.00,758.00,0.5746,2.7278,0.4858,31490.55,0.0318,554.00,0.3176,0.4451,0.3923,0.9037,1.3500
8,1000,200,2,3,106.00,758.00,0.5746,2.7278,0.5172,32936.73,0.0304,563.00,0.3036,0.4279,0.3721,0.8723,1.4694
8,1000,200,2,4,106.00,758.00,0.5746,2.7278,0.5336,32894.33,0.0304,557.00,0.3040,0.4362,0.3813,0.8900,1.3829
8,1000,200,4,1,106.00,758.00,0.5746,2.7278,0.4853,19594.63,0.0510,555.00,0.5103,0.8513,0.7611,1.6293,2.7036
8,1000,200,4,1,106.00,758.00,0.5746,2.7278,0.4853,18990.14,0.0527,554.00,0.5266,0.8452,0.7558,1.5394,2.4294
8,1000,200,4,3,106.00,758.00,0.5746,2.7278,0.6464,19177.88,0.0521,556.00,0.5214,0.8609,0.7669,1.6238,2.5384
8,1000,200,4,4,106.00,758.00,0.5746,2.7278,0.6710,19260.21,0.0519,556.00,0.5192,0.8543,0.7633,1.6254,2.5029
8,1000,200,4,6,106.00,758.00,0.5746,2.7278,0.6913,18880.69,0.0530,556.00,0.5296,0.8485,0.7543,1.6140,2.5611
8,1000,200,4,8,106.00,758.00,0.5746,2.7278,0.6999,18815.24,0.0531,556.00,0.5315,0.8494,0.7544,1.6110,2.5534
8,1000,200,8,1,106.00,758.00,0.5746,2.7278,0.5272,10952.39,0.0913,561.00,0.9130,1.6173,1.4707,2.8175,4.5027
8,1000,200,8,3,106.00,758.00,0.5746,2.7278,0.7359,10590.97,0.0944,557.00,0.9442,1.6550,1.5037,2.8026,4.5428
8,1000,200,8,6,106.00,758.00,0.5746,2.7278,0.8055,10144.12,0.0986,556.00,0.9858,1.6870,1.5310,2.8304,4.6943
8,1000,200,8,8,106.00,758.00,0.5746,2.7278,0.8219,10364.00,0.0965,555.00,0.9649,1.6568,1.4998,2.8402,4.8618
8,1000,200,8,12,106.00,758.00,0.5746,2.7278,0.8329,10844.04,0.0922,555.00,0.9222,1.6620,1.5084,2.8254,4.4765
8,1000,200,8,16,106.00,758.00,0.5746,2.7278,0.8370,10434.36,0.0958,557.00,0.9584,1.6514,1.4946,2.8042,4.8287
8,1000,200,16,3,106.00,758.00,0.5746,2.7278,0.7770,5517.67,0.1812,556.00,1.8124,3.2485,3.0135,4.9643,9.6610
8,1000,200,16,6,106.00,758.00,0.5746,2.7278,0.8700,5451.64,0.1834,557.00,1.8343,3.2814,3.0210,4.9827,10.1566
8,1000,200,16,12,106.00,758.00,0.5746,2.7278,0.9135,5513.67,0.1814,557.00,1.8137,3.2467,3.0041,4.9824,9.4504
8,1000,200,16,16,106.00,758.00,0.5746,2.7278,0.9211,5670.72,0.1763,554.00,1.7634,3.2620,3.0071,5.0658,8.8117
8,1000,200,16,24,106.00,758.00,0.5746,2.7278,0.9262,5572.00,0.1795,556.00,1.7947,3.2985,3.0400,5.0974,8.7313
8,1000,200,16,32,106.00,758.00,0.5746,2.7278,0.9272,5488.39,0.1822,554.00,1.8220,3.3420,3.0899,5.2335,8.4843
8,1000,200,32,6,106.00,758.00,0.5746,2.7278,0.8918,2985.95,0.3349,554.00,3.3490,6.3391,5.9515,8.8369,18.5061
8,1000,200,32,12,106.00,758.00,0.5746,2.7278,0.9514,2923.34,0.3421,562.00,3.4207,6.4417,6.0469,9.0532,18.6443
8,1000,200,32,25,106.00,758.00,0.5746,2.7278,0.9735,2915.20,0.3430,554.00,3.4303,6.4039,6.0053,9.1452,17.3035
8,1000,200,32,32,106.00,758.00,0.5746,2.7278,0.9755,2891.99,0.3458,564.00,3.4578,6.3355,5.9582,8.7943,19.0859
8,1000,200,32,48,106.00,758.00,0.5746,2.7278,0.9766,2953.99,0.3385,564.00,3.3853,6.3708,5.9831,8.9285,18.1673
8,1000,200,32,64,106.00,758.00,0.5746,2.7278,0.9767,2960.16,0.3378,554.00,3.3782,6.4091,6.0193,8.8598,18.9312
8,1000,200,64,12,106.00,758.00,0.5746,2.7278,0.9599,1562.78,0.6399,556.00,6.3989,12.2400,11.6871,15.7605,37.2879
8,1000,200,64,25,106.00,758.00,0.5746,2.7278,0.9887,1506.13,0.6640,559.00,6.6395,12.2991,11.8077,16.1150,26.3377
8,1000,200,64,51,106.00,758.00,0.5746,2.7278,0.9950,1506.36,0.6639,566.00,6.6385,12.3099,11.7866,15.7736,41.8318
8,1000,200,64,64,106.00,758.00,0.5746,2.7278,0.9952,1546.15,0.6468,567.00,6.4677,12.2719,11.7892,15.9591,25.3501
8,1000,200,64,96,106.00,758.00,0.5746,2.7278,0.9953,1523.81,0.6562,558.00,6.5625,12.2855,11.8169,15.7759,36.2951
8,1000,200,64,128,106.00,758.00,0.5746,2.7278,0.9953,1547.48,0.6462,557.00,6.4621,12.4143,11.8407,15.7240,36.1625
8,2000,40,2,1,101.00,748.00,0.6151,2.7976,0.3623,46477.70,0.0215,566.00,0.2152,0.2835,0.2452,0.6044,0.9002
8,2000,40,2,1,101.00,748.00,0.6151,2.7976,0.3623,48123.95,0.0208,570.00,0.2078,0.2665,0.2312,0.5703,0.8934
8,2000,40,2,1,101.00,748.00,0.6151,2.7976,0.3623,49152.08,0.0203,569.00,0.2035,0.2446,0.2062,0.5411,0.8098
8,2000,40,2,2,101.00,748.00,0.6151,2.7976,0.4333,49690.46,0.0201,572.00,0.2012,0.2535,0.2162,0.5511,0.8650
8,2000,40,2,3,101.00,748.00,0.6151,2.7976,0.4622,48604.58,0.0206,573.00,0.2057,0.2584,0.2239,0.5317,0.8127
8,2000,40,2,4,101.00,748.00,0.6151,2.7976,0.4769,47051.85,0.0213,575.00,0.2125,0.2417,0.2075,0.5179,0.8212
8,2000,40,4,1,101.00,748.00,0.6151,2.7976,0.4379,31600.45,0.0316,571.00,0.3165,0.4848,0.4327,0.9321,1.4662
8,2000,40,4,1,101.00,748.00,0.6151,2.7976,0.4379,31009.11,0.0322,570.00,0.3225,0.4485,0.3989,0.8685,1.4300
8,2000,40,4,3,101.00,748.00,0.6151,2.7976,0.5822,30979.39,0.0323,573.00,0.3228,0.4771,0.4238,0.9290,1.4322
8,2000,40,4,4,101.00,748.00,0.6151,2.7976,0.6054,31473.31,0.0318,577.00,0.3177,0.4626,0.4133,0.9064,1.4278
8,2000,40,4,6,101.00,748.00,0.6151,2.7976,0.6289,31140.08,0.0321,579.00,0.3211,0.4569,0.4053,0.9146,1.3885
8,2000,40,4,8,101.00,748.00,0.6151,2.7976,0.6396,32760.14,0.0305,577.00,0.3052,0.4556,0.4039,0.8603,1.3770
8,2000,40,8,1,101.00,748.00,0.6151,2.7976,0.4808,18852.46,0.0530,573.00,0.5304,0.8905,0.8135,1.6262,2.4000
8,2000,40,8,3,101.00,748.00,0.6151,2.7976,0.6727,18703.10,0.0535,575.00,0.5347,0.9140,0.8298,1.6379,2.5532
8,2000,40,8,6,101.00,748.00,0.6151,2.7976,0.7433,18074.01,0.0553,585.00,0.5533,0.9004,0.8150,1.6232,2.7036
8,2000,40,8,8,101.00,748.00,0.6151,2.7976,0.7609,18057.99,0.0554,578.00,0.5538,0.9018,0.8152,1.6548,2.5634
8,2000,40,8,12,101.00,748.00,0.6151,2.7976,0.7745,18615.13,0.0537,577.00,0.5372,0.9086,0.8176,1.6478,2.6000
8,2000,40,8,16,101.00,748.00,0.6151,2.7976,0.7782,17936.08,0.0558,576.00,0.5575,0.9004,0.8210,1.6414,2.4097
8,2000,40,16,3,101.00,748.00,0.6151,2.7976,0.7201,9949.71,0.1005,584.00,1.0051,1.7801,1.6493,2.9279,4.3601
8,2000,40,16,6,101.00,748.00,0.6151,2.7976,0.8167,9742.12,0.1026,578.00,1.0265,1.7938,1.6591,3.0420,4.2251
8,2000,40,16,12,101.00,748.00,0.6151,2.7976,0.8679,10124.09,0.0988,577.00,0.9877,1.7657,1.6221,2.9094,4.7048
8,2000,40,16,16,101.00,748.00,0.6151,2.7976,0.8759,9848.30,0.1015,577.00,1.0154,1.7395,1.5978,2.9061,4.8608
8,2000,40,16,24,101.00,748.00,0.6151,2.7976,0.8827,10165.03,0.0984,576.00,0.9838,1.7694,1.6223,2.9117,4.7819
8,2000,40,16,32,101.00,748.00,0.6151,2.7976,0.8846,10039.13,0.0996,585.00,0.9961,1.7439,1.6027,2.8951,4.6465
8,2000,40,32,6,101.00,748.00,0.6151,2.7976,0.8462,5465.02,0.1830,580.00,1.8298,3.3950,3.1662,5.0525,8.9867
8,2000,40,32,12,101.00,748.00,0.6151,2.7976,0.9167,5437.19,0.1839,578.00,1.8392,3.4335,3.2379,5.2648,8.1907
8,2000,40,32,25,101.00,748.00,0.6151,2.7976,0.9446,5444.73,0.1837,576.00,1.8366,3.4111,3.1874,5.1034,9.3184
8,2000,40,32,32,101.00,748.00,0.6151,2.7976,0.9479,5301.04,0.1886,585.00,1.8864,3.4816,3.2619,5.3132,8.4032
8,2000,40,32,48,101.00,748.00,0.6151,2.7976,0.9509,5341.58,0.1872,576.00,1.8721,3.4104,3.1897,5.0620,9.3767
8,2000,40,32,64,101.00,748.00,0.6151,2.7976,0.9516,5446.19,0.1836,575.00,1.8361,3.4457,3.2045,5.1998,9.4020
8,2000,40,64,12,101.00,748.00,0.6151,2.7976,0.9316,2878.04,0.3475,580.00,3.4746,6.5179,6.2316,8.7908,16.6714
8,2000,40,64,25,101.00,748.00,0.6151,2.7976,0.9708,2822.74,0.3543,586.00,3.5427,6.7156,6.3534,9.1381,19.7605
8,2000,40,64,51,101.00,748.00,0.6151,2.7976,0.9820,2742.69,0.3646,578.00,3.6461,6.8307,6.4802,9.6451,17.9109
8,2000,40,64,64,101.00,748.00,0.6151,2.7976,0.9830,2787.80,0.3587,577.00,3.5871,6.7298,6.3963,9.3754,19.0053
8,2000,40,64,96,101.00,748.00,0.6151,2.7976,0.9839,2715.37,0.3683,586.00,3.6827,6.7280,6.3983,9.3056,19.9775
8,2000,40,64,128,101.00,748.00,0.6151,2.7976,0.9840,2767.44,0.3613,583.00,3.6134,6.8138,6.4954,9.5084,18.6862
8,2000,40,128,25,101.00,748.00,0.6151,2.7976,0.9766,1529.08,0.6540,580.00,6.5399,12.4701,12.0497,16.6576,26.2782
8,2000,40,128,51,101.00,748.00,0.6151,2.7976,0.9920,1479.59,0.6759,573.00,6.7586,12.9827,12.4635,16.6054,37.5270
8,2000,40,128,102,101.00,748.00,0.6151,2.7976,0.9953,1473.08,0.6788,577.00,6.7885,13.0025,12.4689,16.6323,38.6334
8,2000,40,128,128,101.00,748.00,0.6151,2.7976,0.9955,1444.10,0.6925,591.00,6.9247,13.1163,12.6162,17.2412,33.9179
8,2000,40,128,192,101.00,748.00,0.6151,2.7976,0.9957,1451.24,0.6891,585.00,6.8907,13.0893,12.5596,17.1220,36.6379
8,2000,40,128,256,101.00,748.00,0.6151,2.7976,0.9957,1464.59,0.6828,592.00,6.8279,12.8593,12.4600,16.6546,36.2989
8,2000,100,2,1,135.00,750.00,0.6689,2.8707,0.3703,45676.38,0.0219,534.00,0.2189,0.2744,0.2350,0.6082,0.9107
8,2000,100,2,1,135.00,750.00,0.6689,2.8707,0.3703,48538.54,0.0206,534.00,0.2060,0.2608,0.2252,0.5581,0.8408
8,2000,100,2,1,135.00,750.00,0.6689,2.8707,0.3703,47633.88,0.0210,534.00,0.2099,0.2507,0.2141,0.5327,0.8558
8,2000,100,2,2,135.00,750.00,0.6689,2.8707,0.4363,47914.97,0.0209,537.00,0.2087,0.2506,0.2137,0.5555,0.8448
8,2000,100,2,3,135.00,750.00,0.6689,2.8707,0.4671,48228.96,0.0207,538.00,0.2073,0.2463,0.2089,0.5279,0.8526
8,2000,100,2,4,135.00,750.00,0.6689,2.8707,0.4829,49297.52,0.0203,537.00,0.2028,0.2456,0.2114,0.5344,0.8361
8,2000,100,4,1,135.00,750.00,0.6689,2.8707,0.4482,30862.27,0.0324,532.00,0.3240,0.4778,0.4263,0.9272,1.3735
8,2000,100,4,1,135.00,750.00,0.6689,2.8707,0.4482,30912.07,0.0323,532.00,0.3235,0.4667,0.4152,0.9243,1.3775
8,2000,100,4,3,135.00,750.00,0.6689,2.8707,0.5888,29680.45,0.0337,536.00,0.3369,0.4955,0.4398,0.9701,1.4927
8,2000,100,4,4,135.00,750.00,0.6689,2.8707,0.6136,31330.73,0.0319,536.00,0.3192,0.5012,0.4466,0.9353,1.5285
8,2000,100,4,6,135.00,750.00,0.6689,2.8707,0.6332,31373.93,0.0319,539.00,0.3187,0.4706,0.4188,0.9100,1.5112
8,2000,100,4,8,135.00,750.00,0.6689,2.8707,0.6428,31619.62,0.0316,538.00,0.3163,0.4624,0.4106,0.9157,1.5030
8,2000,100,8,1,135.00,750.00,0.6689,2.8707,0.4932,18071.61,0.0553,534.00,0.5534,0.9108,0.8324,1.6371,2.3641
8,2000,100,8,3,135.00,750.00,0.6689,2.8707,0.6806,17733.83,0.0564,537.00,0.5639,0.9219,0.8343,1.6577,2.4979
8,2000,100,8,6,135.00,750.00,0.6689,2.8707,0.7483,17719.31,0.0564,536.00,0.5644,0.9327,0.8485,1.6506,2.5906
8,2000,100,8,8,135.00,750.00,0.6689,2.8707,0.7640,18235.74,0.0548,537.00,0.5484,0.9094,0.8268,1.6327,2.5333
8,2000,100,8,12,135.00,750.00,0.6689,2.8707,0.7755,18925.79,0.0528,536.00,0.5284,0.8894,0.8006,1.6189,2.5458
8,2000,100,8,16,135.00,750.00,0.6689,2.8707,0.7808,18994.47,0.0526,537.00,0.5265,0.8928,0.8012,1.6526,2.4590
8,2000,100,16,3,135.00,750.00,0.6689,2.8707,0.7292,10193.94,0.0981,536.00,0.9810,1.7278,1.6038,2.7553,4.5037
8,2000,100,16,6,135.00,750.00,0.6689,2.8707,0.8236,10247.53,0.0976,536.00,0.9758,1.7303,1.5922,2.7880,4.8913
8,2000,100,16,12,135.00,750.00,0.6689,2.8707,0.8701,10130.63,0.0987,539.00,0.9871,1.7443,1.6008,2.8788,4.6827
8,2000,100,16,16,135.00,750.00,0.6689,2.8707,0.8791,10254.90,0.0975,538.00,0.9751,1.7613,1.6191,2.9201,4.6879
8,2000,100,16,24,135.00,750.00,0.6689,2.8707,0.8851,10148.55,0.0985,540.00,0.9854,1.7699,1.6307,2.9076,4.6354
8,2000,100,16,32,135.00,750.00,0.6689,2.8707,0.8871,9717.70,0.1029,540.00,1.0291,1.7835,1.6301,2.9673,4.8471
8,2000,100,32,6,135.00,750.00,0.6689,2.8707,0.8539,5413.60,0.1847,537.00,1.8472,3.4070,3.1807,5.1205,8.8490
8,2000,100,32,12,135.00,750.00,0.6689,2.8707,0.9195,5484.26,0.1823,546.00,1.8234,3.4082,3.1620,5.1166,8.9010
8,2000,100,32,25,135.00,750.00,0.6689,2.8707,0.9479,5442.65,0.1837,546.00,1.8373,3.3707,3.1358,4.9842,9.2789
8,2000,100,32,32,135.00,750.00,0.6689,2.8707,0.9512,5440.73,0.1838,539.00,1.8380,3.4163,3.1683,5.1841,9.2935
8,2000,100,32,48,135.00,750.00,0.6689,2.8707,0.9530,5442.01,0.1838,545.00,1.8376,3.3884,3.1420,5.1145,8.7212
8,2000,100,32,64,135.00,750.00,0.6689,2.8707,0.9536,5437.45,0.1839,540.00,1.8391,3.4380,3.2003,5.1966,9.1054
8,2000,100,64,12,135.00,750.00,0.6689,2.8707,0.9349,2929.08,0.3414,548.00,3.4140,6.5524,6.2022,8.8219,18.1112
8,2000,100,64,25,135.00,750.00,0.6689,2.8707,0.9747,2835.12,0.3527,538.00,3.5272,6.6630,6.2994,9.3147,17.4374
8,2000,100,64,51,135.00,750.00,0.6689,2.8707,0.9842,2867.69,0.3487,538.00,3.4871,6.5458,6.1946,8.8507,19.3814
8,2000,100,64,64,135.00,750.00,0.6689,2.8707,0.9851,2845.69,0.3514,536.00,3.5141,6.5455,6.2219,8.9848,16.6576
8,2000,100,64,96,135.00,750.00,0.6689,2.8707,0.9857,2803.54,0.3567,536.00,3.5669,6.6858,6.3404,9.3658,17.1402
8,2000,100,64,128,135.00,750.00,0.6689,2.8707,0.9858,2840.39,0.3521,550.00,3.5206,6.7149,6.3302,9.2520,18.4729
8,2000,100,128,25,135.00,750.00,0.6689,2.8707,0.9805,1490.44,0.6709,545.00,6.7094,12.5507,12.0974,16.2961,36.0993
8,2000,100,128,51,135.00,750.00,0.6689,2.8707,0.9946,1468.46,0.6810,546.00,6.8099,12.7460,12.2409,16.5267,34.0127
8,2000,100,128,102,135.00,750.00,0.6689,2.8707,0.9971,1475.94,0.6775,551.00,6.7753,12.7728,12.3164,16.7108,30.4650
8,2000,100,128,128,135.00,750.00,0.6689,2.8707,0.9972,1468.53,0.6810,549.00,6.8095,12.7806,12.2710,16.6324,32.1534
8,2000,100,128,192,135.00,750.00,0.6689,2.8707,0.9972,1456.81,0.6864,557.00,6.8643,13.0564,12.5125,17.1290,36.2882
8,2000,100,128,256,135.00,750.00,0.6689,2.8707,0.9972,1488.51,0.6718,557.00,6.7181,12.8906,12.3543,15.8831,39.4031
8,2000,200,2,1,101.00,750.00,0.7475,2.9969,0.3657,44229.32,0.0226,555.00,0.2261,0.2821,0.2445,0.6198,0.9338
8,2000,200,2,1,101.00,750.00,0.7475,2.9969,0.3657,47359.97,0.0211,557.00,0.2111,0.2593,0.2240,0.5541,0.8673
8,2000,200,2,1,101.00,750.00,0.7475,2.9969,0.3657,48467.21,0.0206,556.00,0.2063,0.2477,0.2128,0.5408,0.8181
8,2000,200,2,2,101.00,750.00,0.7475,2.9969,0.4372,49279.62,0.0203,559.00,0.2029,0.2520,0.2129,0.5487,0.8606
8,2000,200,2,3,101.00,750.00,0.7475,2.9969,0.4674,46889.33,0.0213,560.00,0.2133,0.2449,0.2101,0.5281,0.8023
8,2000,200,2,4,101.00,750.00,0.7475,2.9969,0.4799,48483.39,0.0206,560.00,0.2063,0.2388,0.2016,0.5280,0.7969
8,2000,200,4,1,101.00,750.00,0.7475,2.9969,0.4421,31543.23,0.0317,553.00,0.3170,0.4676,0.4098,0.9581,1.5457
8,2000,200,4,1,101.00,750.00,0.7475,2.9969,0.4421,32543.00,0.0307,560.00,0.3073,0.4762,0.4224,0.9299,1.4468
8,2000,200,4,3,101.00,750.00,0.7475,2.9969,0.5893,31539.16,0.0317,563.00,0.3171,0.4716,0.4195,0.9345,1.4494
8,2000,200,4,4,101.00,750.00,0.7475,2.9969,0.6102,31083.00,0.0322,560.00,0.3217,0.4460,0.3922,0.8939,1.3958
8,2000,200,4,6,101.00,750.00,0.7475,2.9969,0.6306,31256.24,0.0320,564.00,0.3199,0.4700,0.4186,0.9217,1.4286
8,2000,200,4,8,101.00,750.00,0.7475,2.9969,0.6410,32326.34,0.0309,564.00,0.3093,0.4537,0.4063,0.8701,1.3454
8,2000,200,8,1,101.00,750.00,0.7475,2.9969,0.4858,18730.05,0.0534,557.00,0.5339,0.8637,0.7861,1.5572,2.4841
8,2000,200,8,3,101.00,750.00,0.7475,2.9969,0.6814,17425.22,0.0574,562.00,0.5739,0.8937,0.7994,1.6294,2.6555
8,2000,200,8,6,101.00,750.00,0.7475,2.9969,0.7471,18402.39,0.0543,562.00,0.5434,0.9000,0.8127,1.6370,2.5137
8,2000,200,8,8,101.00,750.00,0.7475,2.9969,0.7646,18107.52,0.0552,563.00,0.5523,0.9260,0.8321,1.6672,2.5315
8,2000,200,8,12,101.00,750.00,0.7475,2.9969,0.7779,17672.28,0.0566,562.00,0.5659,0.8966,0.8073,1.6430,2.5850
8,2000,200,8,16,101.00,750.00,0.7475,2.9969,0.7826,18359.46,0.0545,559.00,0.5447,0.8943,0.8122,1.5608,2.5606
8,2000,200,16,3,101.00,750.00,0.7475,2.9969,0.7274,10003.47,0.1000,562.00,0.9997,1.7616,1.6237,2.8930,4.6386
8,2000,200,16,6,101.00,750.00,0.7475,2.9969,0.8195,10169.99,0.0983,564.00,0.9833,1.7705,1.6254,2.9068,4.7043
8,2000,200,16,12,101.00,750.00,0.7475,2.9969,0.8697,10172.36,0.0983,563.00,0.9831,1.7653,1.6097,2.9585,4.5527
8,2000,200,16,16,101.00,750.00,0.7475,2.9969,0.8792,10211.15,0.0979,561.00,0.9793,1.7180,1.5803,2.7729,4.2765
8,2000,200,16,24,101.00,750.00,0.7475,2.9969,0.8849,10513.65,0.0951,564.00,0.9511,1.7366,1.5866,2.8594,4.8166
8,2000,200,16,32,101.00,750.00,0.7475,2.9969,0.8862,10094.89,0.0991,564.00,0.9906,1.7410,1.5940,2.9147,4.6883
8,2000,200,32,6,101.00,750.00,0.7475,2.9969,0.8498,5436.38,0.1839,571.00,1.8395,3.4224,3.1951,5.0702,9.1888
8,2000,200,32,12,101.00,750.00,0.7475,2.9969,0.9204,5442.90,0.1837,563.00,1.8373,3.3697,3.1527,5.0693,9.2743
8,2000,200,32,25,101.00,750.00,0.7475,2.9969,0.9483,5511.10,0.1815,570.00,1.8145,3.4251,3.1868,5.0651,9.4702
8,2000,200,32,32,101.00,750.00,0.7475,2.9969,0.9511,5407.12,0.1849,564.00,1.8494,3.3664,3.1450,5.0874,8.3703
8,2000,200,32,48,101.00,750.00,0.7475,2.9969,0.9531,5543.86,0.1804,564.00,1.8038,3.3898,3.1593,5.0211,8.7525
8,2000,200,32,64,101.00,750.00,0.7475,2.9969,0.9535,5457.04,0.1832,571.00,1.8325,3.3703,3.1625,4.9941,8.9354
8,2000,200,64,12,101.00,750.00,0.7475,2.9969,0.9355,2893.20,0.3456,565.00,3.4564,6.4632,6.1593,8.8204,17.2407
8,2000,200,64,25,101.00,750.00,0.7475,2.9969,0.9753,2891.03,0.3459,560.00,3.4590,6.6281,6.2675,8.9854,17.7761
8,2000,200,64,51,101.00,750.00,0.7475,2.9969,0.9851,2867.27,0.3488,560.00,3.4876,6.6451,6.3086,9.0751,17.9698
8,2000,200,64,64,101.00,750.00,0.7475,2.9969,0.9857,2844.84,0.3515,572.00,3.5151,6.6545,6.3104,9.1719,18.3695
8,2000,200,64,96,101.00,750.00,0.7475,2.9969,0.9862,2825.43,0.3539,564.00,3.5393,6.6918,6.3292,9.2373,18.8186
8,2000,200,64,128,101.00,750.00,0.7475,2.9969,0.9862,2758.63,0.3625,563.00,3.6250,6.8086,6.4754,9.6271,16.9990
8,2000,200,128,25,101.00,750.00,0.7475,2.9969,0.9811,1512.94,0.6610,577.00,6.6097,12.4474,12.0476,15.8578,39.0973
8,2000,200,128,51,101.00,750.00,0.7475,2.9969,0.9948,1515.65,0.6598,577.00,6.5978,12.7961,12.2521,15.5790,39.8315
8,2000,200,128,102,101.00,750.00,0.7475,2.9969,0.9970,1477.14,0.6770,565.00,6.7698,12.9003,12.3858,16.7219,36.3164
8,2000,200,128,128,101.00,750.00,0.7475,2.9969,0.9971,1463.99,0.6831,567.00,6.8307,12.9818,12.4599,16.6611,38.0137
8,2000,200,128,192,101.00,750.00,0.7475,2.9969,0.9972,1476.33,0.6774,577.00,6.7735,13.0088,12.5105,16.6706,38.3497
8,2000,200,128,256,101.00,750.00,0.7475,2.9969,0.9972,1443.50,0.6928,565.00,6.9276,12.9319,12.4518,16.7766,38.2334
8,3000,40,3,1,121.00,736.00,0.7338,3.1020,0.3909,43307.85,0.0231,557.00,0.2309,0.3080,0.2728,0.6431,0.9605
8,3000,40,3,1,121.00,736.00,0.7338,3.1020,0.3909,46282.31,0.0216,560.00,0.2161,0.2628,0.2211,0.5817,0.8982
8,3000,40,3,2,121.00,736.00,0.7338,3.1020,0.4717,45768.51,0.0218,563.00,0.2185,0.2730,0.2376,0.5696,0.8237
8,3000,40,3,3,121.00,736.00,0.7338,3.1020,0.5042,46504.39,0.0215,564.00,0.2150,0.2558,0.2188,0.5463,0.8264
8,3000,40,3,4,121.00,736.00,0.7338,3.1020,0.5244,47965.00,0.0208,565.00,0.2085,0.2562,0.2191,0.5397,0.8569
8,3000,40,3,6,121.00,736.00,0.7338,3.1020,0.5409,48115.76,0.0208,564.00,0.2078,0.2534,0.2174,0.5386,0.7973
8,3000,40,6,1,121.00,736.00,0.7338,3.1020,0.4485,30086.53,0.0332,561.00,0.3324,0.4835,0.4324,0.9363,1.4468
8,3000,40,6,2,121.00,736.00,0.7338,3.1020,0.5612,29660.37,0.0337,562.00,0.3372,0.4917,0.4408,0.9488,1.4700
8,3000,40,6,4,121.00,736.00,0.7338,3.1020,0.6404,31636.93,0.0316,572.00,0.3161,0.4798,0.4247,0.9470,1.4127
8,3000,40,6,6,121.00,736.00,0.7338,3.1020,0.6683,32674.13,0.0306,563.00,0.3061,0.4714,0.4129,0.9370,1.3483
8,3000,40,6,9,121.00,736.00,0.7338,3.1020,0.6838,30028.47,0.0333,565.00,0.3330,0.4759,0.4176,0.9726,1.4531
8,3000,40,6,12,121.00,736.00,0.7338,3.1020,0.6901,30704.90,0.0326,567.00,0.3257,0.4914,0.4399,0.9493,1.4632
8,3000,40,12,2,121.00,736.00,0.7338,3.1020,0.6105,17181.64,0.0582,565.00,0.5820,0.9485,0.8531,1.6955,2.7475
8,3000,40,12,4,121.00,736.00,0.7338,3.1020,0.7193,17404.72,0.0575,562.00,0.5746,0.9645,0.8661,1.7572,2.5474
8,3000,40,12,9,121.00,736.00,0.7338,3.1020,0.7894,18056.60,0.0554,563.00,0.5538,0.9416,0.8527,1.6935,2.4540
8,3000,40,12,12,121.00,736.00,0.7338,3.1020,0.8017,17349.78,0.0576,562.00,0.5764,0.9410,0.8531,1.6816,2.4911
8,3000,40,12,18,121.00,736.00,0.7338,3.1020,0.8116,17802.80,0.0562,565.00,0.5617,0.9404,0.8502,1.6924,2.5138
8,3000,40,12,24,121.00,736.00,0.7338,3.1020,0.8150,17719.37,0.0564,564.00,0.5644,0.9252,0.8408,1.6736,2.4716
8,3000,40,24,4,121.00,736.00,0.7338,3.1020,0.7558,9908.04,0.1009,570.00,1.0093,1.7740,1.6264,2.8824,4.7607
8,3000,40,24,9,121.00,736.00,0.7338,3.1020,0.8538,9757.66,0.1025,563.00,1.0248,1.8123,1.6508,2.9742,4.9038
8,3000,40,24,19,121.00,736.00,0.7338,3.1020,0.8964,9761.81,0.1024,569.00,1.0244,1.8324,1.6717,3.0493,4.8566
8,3000,40,24,24,121.00,736.00,0.7338,3.1020,0.9011,9844.98,0.1016,566.00,1.0157,1.8074,1.6520,3.0150,4.6376
8,3000,40,24,36,121.00,736.00,0.7338,3.1020,0.9058,9900.61,0.1010,572.00,1.0100,1.7973,1.6427,2.9777,4.6765
8,3000,40,24,48,121.00,736.00,0.7338,3.1020,0.9072,10005.80,0.0999,563.00,0.9994,1.8187,1.6613,3.0192,4.7810
8,3000,40,48,9,121.00,736.00,0.7338,3.1020,0.8790,5243.02,0.1907,569.00,1.9073,3.5100,3.2721,5.4524,8.7385
8,3000,40,48,19,121.00,736.00,0.7338,3.1020,0.9400,5148.94,0.1942,560.00,1.9421,3.6014,3.3513,5.5256,8.8453
8,3000,40,48,38,121.00,736.00,0.7338,3.1020,0.9597,5195.04,0.1925,573.00,1.9249,3.4791,3.2225,5.1823,10.1847
8,3000,40,48,48,121.00,736.00,0.7338,3.1020,0.9620,5304.67,0.1885,566.00,1.8851,3.5341,3.2789,5.3562,8.8153
8,3000,40,48,72,121.00,736.00,0.7338,3.1020,0.9634,5330.85,0.1876,572.00,1.8759,3.5185,3.2556,5.3446,8.6059
8,3000,40,48,96,121.00,736.00,0.7338,3.1020,0.9638,5341.14,0.1872,569.00,1.8723,3.5408,3.2717,5.2503,9.2990
8,3000,40,96,19,121.00,736.00,0.7338,3.1020,0.9519,2824.64,0.3540,575.00,3.5403,6.7722,6.4076,9.2954,18.1564
8,3000,40,96,38,121.00,736.00,0.7338,3.1020,0.9808,2730.46,0.3662,565.00,3.6624,6.8278,6.4509,9.6170,17.3155
8,3000,40,96,76,121.00,736.00,0.7338,3.1020,0.9886,2693.92,0.3712,568.00,3.7121,6.8355,6.4581,9.6517,17.6996
8,3000,40,96,96,121.00,736.00,0.7338,3.1020,0.9893,2716.21,0.3682,568.00,3.6816,6.9095,6.5416,9.8920,16.5439
8,3000,40,96,144,121.00,736.00,0.7338,3.1020,0.9896,2731.02,0.3662,566.00,3.6616,6.9116,6.5464,9.7290,17.0686
8,3000,40,96,192,121.00,736.00,0.7338,3.1020,0.9896,2776.89,0.3601,576.00,3.6011,6.8527,6.4873,9.6257,15.8068
8,3000,40,192,38,121.00,736.00,0.7338,3.1020,0.9848,1471.73,0.6795,567.00,6.7947,12.9388,12.3978,17.2603,33.1154
8,3000,40,192,76,121.00,736.00,0.7338,3.1020,0.9955,1414.89,0.7068,582.00,7.0677,13.1924,12.6599,17.4210,31.6533
8,3000,40,192,153,121.00,736.00,0.7338,3.1020,0.9976,1393.55,0.7176,579.00,7.1759,13.3136,12.7764,17.1443,38.1293
8,3000,40,192,192,121.00,736.00,0.7338,3.1020,0.9977,1408.73,0.7099,582.00,7.0986,13.4883,12.9487,17.7204,34.9782
8,3000,40,192,288,121.00,736.00,0.7338,3.1020,0.9977,1435.90,0.6964,587.00,6.9643,13.3331,12.8667,17.6826,34.3934
8,3000,40,192,384,121.00,736.00,0.7338,3.1020,0.9977,1425.63,0.7014,577.00,7.0144,13.4203,12.8530,16.9968,36.4163
8,3000,100,3,1,122.00,737.00,0.8194,3.1071,0.3934,42879.87,0.0233,542.00,0.2332,0.3035,0.2676,0.6342,0.9411
8,3000,100,3,1,122.00,737.00,0.8194,3.1071,0.3934,45872.43,0.0218,543.00,0.2180,0.2687,0.2307,0.5683,0.8338
8,3000,100,3,2,122.00,737.00,0.8194,3.1071,0.4752,47614.78,0.0210,545.00,0.2100,0.2724,0.2349,0.5773,0.8476
8,3000,100,3,3,122.00,737.00,0.8194,3.1071,0.5123,47879.85,0.0209,546.00,0.2089,0.2713,0.2344,0.5729,0.8782
8,3000,100,3,4,122.00,737.00,0.8194,3.1071,0.5270,45817.55,0.0218,551.00,0.2183,0.2577,0.2201,0.5523,0.8663
8,3000,100,3,6,122.00,737.00,0.8194,3.1071,0.5434,46653.31,0.0214,547.00,0.2143,0.2555,0.2169,0.5396,0.8004
8,3000,100,6,1,122.00,737.00,0.8194,3.1071,0.4530,29220.09,0.0342,546.00,0.3422,0.4983,0.4440,0.9785,1.4951
8,3000,100,6,2,122.00,737.00,0.8194,3.1071,0.5643,29178.13,0.0343,545.00,0.3427,0.4966,0.4392,1.0008,1.5460
8,3000,100,6,4,122.00,737.00,0.8194,3.1071,0.6440,29892.87,0.0335,550.00,0.3345,0.5034,0.4476,0.9557,1.5697
8,3000,100,6,6,122.00,737.00,0.8194,3.1071,0.6710,29422.61,0.0340,550.00,0.3399,0.4818,0.4260,0.9690,1.5141
8,3000,100,6,9,122.00,737.00,0.8194,3.1071,0.6865,31088.20,0.0322,548.00,0.3217,0.4860,0.4287,0.9635,1.4459
8,3000,100,6,12,122.00,737.00,0.8194,3.1071,0.6927,29493.37,0.0339,551.00,0.3391,0.4810,0.4249,0.9478,1.4194
8,3000,100,12,2,122.00,737.00,0.8194,3.1071,0.6130,17386.31,0.0575,547.00,0.5752,0.9252,0.8353,1.6590,2.6403
8,3000,100,12,4,122.00,737.00,0.8194,3.1071,0.7238,17279.94,0.0579,550.00,0.5787,0.9416,0.8489,1.6809,2.6051
8,3000,100,12,9,122.00,737.00,0.8194,3.1071,0.7926,17240.51,0.0580,547.00,0.5800,0.9459,0.8543,1.7525,2.6044
8,3000,100,12,12,122.00,737.00,0.8194,3.1071,0.8047,17964.81,0.0557,548.00,0.5566,0.9262,0.8369,1.7204,2.6813
8,3000,100,12,18,122.00,737.00,0.8194,3.1071,0.8144,17107.39,0.0585,551.00,0.5845,0.9363,0.8377,1.7329,2.6950
8,3000,100,12,24,122.00,737.00,0.8194,3.1071,0.8177,16980.08,0.0589,553.00,0.5889,0.9413,0.8497,1.7500,2.5285
8,3000,100,24,4,122.00,737.00,0.8194,3.1071,0.7609,9635.70,0.1038,547.00,1.0378,1.8480,1.6955,3.0800,4.6581
8,3000,100,24,9,122.00,737.00,0.8194,3.1071,0.8598,9509.64,0.1052,549.00,1.0516,1.8333,1.6806,2.9806,4.6956
8,3000,100,24,19,122.00,737.00,0.8194,3.1071,0.8993,9417.19,0.1062,551.00,1.0619,1.8323,1.6708,3.0234,5.1531
8,3000,100,24,24,122.00,737.00,0.8194,3.1071,0.9042,9600.24,0.1042,551.00,1.0416,1.8126,1.6485,2.9985,4.9775
8,3000,100,24,36,122.00,737.00,0.8194,3.1071,0.9083,9532.89,0.1049,549.00,1.0490,1.8669,1.7151,3.1108,4.5591
8,3000,100,24,48,122.00,737.00,0.8194,3.1071,0.9093,9133.39,0.1095,548.00,1.0949,1.8543,1.6996,3.0442,4.9678
8,3000,100,48,9,122.00,737.00,0.8194,3.1071,0.8849,4931.07,0.2028,547.00,2.0280,3.5894,3.3304,5.4013,10.3138
8,3000,100,48,19,122.00,737.00,0.8194,3.1071,0.9434,5126.35,0.1951,551.00,1.9507,3.5970,3.3638,5.4599,8.7838
8,3000,100,48,38,122.00,737.00,0.8194,3.1071,0.9609,5138.56,0.1946,546.00,1.9461,3.5875,3.3218,5.5919,8.7024
8,3000,100,48,48,122.00,737.00,0.8194,3.1071,0.9626,5210.76,0.1919,549.00,1.9191,3.5741,3.3262,5.3617,9.2080
8,3000,100,48,72,122.00,737.00,0.8194,3.1071,0.9641,5005.61,0.1998,550.00,1.9978,3.6007,3.3448,5.4170,9.6439
8,3000,100,48,96,122.00,737.00,0.8194,3.1071,0.9643,5024.44,0.1990,550.00,1.9903,3.6021,3.3362,5.4073,10.3295
8,3000,100,96,19,122.00,737.00,0.8194,3.1071,0.9557,2696.05,0.3709,553.00,3.7091,6.7602,6.3680,9.3447,19.9274
8,3000,100,96,38,122.00,737.00,0.8194,3.1071,0.9822,2645.70,0.3780,552.00,3.7797,6.9189,6.5236,9.6941,19.6466
8,3000,100,96,76,122.00,737.00,0.8194,3.1071,0.9890,2698.71,0.3705,550.00,3.7055,6.9790,6.5993,9.9028,17.3367
8,3000,100,96,96,122.00,737.00,0.8194,3.1071,0.9897,2717.36,0.3680,563.00,3.6800,6.8551,6.4832,9.6985,17.3560
8,3000,100,96,144,122.00,737.00,0.8194,3.1071,0.9900,2795.47,0.3577,548.00,3.5772,6.8868,6.4856,9.4752,17.8520
8,3000,100,96,192,122.00,737.00,0.8194,3.1071,0.9900,2736.46,0.3654,549.00,3.6544,6.8465,6.4715,9.5175,18.0984
8,3000,100,192,38,122.00,737.00,0.8194,3.1071,0.9864,1475.90,0.6776,561.00,6.7755,12.8504,12.3347,17.2635,32.3745
8,3000,100,192,76,122.00,737.00,0.8194,3.1071,0.9960,1440.55,0.6942,573.00,6.9418,13.0585,12.6198,17.5016,32.3771
8,3000,100,192,153,122.00,737.00,0.8194,3.1071,0.9977,1466.32,0.6820,574.00,6.8198,13.2349,12.6694,16.8680,36.0269
8,3000,100,192,192,122.00,737.00,0.8194,3.1071,0.9978,1429.93,0.6993,564.00,6.9933,13.2722,12.6876,17.1425,36.1736
8,3000,100,192,288,122.00,737.00,0.8194,3.1071,0.9978,1436.23,0.6963,577.00,6.9627,13.2791,12.7646,17.4317,33.1918
8,3000,100,192,384,122.00,737.00,0.8194,3.1071,0.9978,1378.81,0.7253,567.00,7.2526,13.4865,12.9527,17.6555,35.0236
8,3000,200,3,1,114.00,738.00,0.9423,3.2646,0.3916,41591.41,0.0240,556.00,0.2404,0.2976,0.2584,0.6193,0.9327
8,3000,200,3,1,114.00,738.00,0.9423,3.2646,0.3916,45315.48,0.0221,554.00,0.2207,0.2736,0.2353,0.5877,0.8859
8,3000,200,3,2,114.00,738.00,0.9423,3.2646,0.4757,45411.57,0.0220,559.00,0.2202,0.2702,0.2320,0.5707,0.8713
8,3000,200,3,3,114.00,738.00,0.9423,3.2646,0.5083,47619.70,0.0210,559.00,0.2100,0.2642,0.2294,0.5461,0.8664
8,3000,200,3,4,114.00,738.00,0.9423,3.2646,0.5264,47933.64,0.0209,564.00,0.2086,0.2537,0.2192,0.5295,0.8384
8,3000,200,3,6,114.00,738.00,0.9423,3.2646,0.5417,47224.17,0.0212,558.00,0.2118,0.2518,0.2155,0.5270,0.8403
8,3000,200,6,1,114.00,738.00,0.9423,3.2646,0.4499,29299.15,0.0341,559.00,0.3413,0.4875,0.4300,0.9882,1.4828
8,3000,200,6,2,114.00,738.00,0.9423,3.2646,0.5654,29448.21,0.0340,559.00,0.3396,0.5002,0.4395,0.9984,1.4522
8,3000,200,6,4,114.00,738.00,0.9423,3.2646,0.6424,30399.05,0.0329,559.00,0.3290,0.4881,0.4334,0.9595,1.4263
8,3000,200,6,6,114.00,738.00,0.9423,3.2646,0.6685,30644.49,0.0326,558.00,0.3263,0.4883,0.4312,0.9724,1.4784
8,3000,200,6,9,114.00,738.00,0.9423,3.2646,0.6868,28709.28,0.0348,562.00,0.3483,0.4880,0.4345,0.9657,1.4163
8,3000,200,6,12,114.00,738.00,0.9423,3.2646,0.6932,30448.84,0.0328,560.00,0.3284,0.4937,0.4349,0.9973,1.4762
8,3000,200,12,2,114.00,738.00,0.9423,3.2646,0.6153,17349.39,0.0576,561.00,0.5764,0.9461,0.8511,1.7186,2.4037
8,3000,200,12,4,114.00,738.00,0.9423,3.2646,0.7218,17167.48,0.0582,560.00,0.5825,0.9579,0.8727,1.7327,2.4639
8,3000,200,12,9,114.00,738.00,0.9423,3.2646,0.7930,17132.37,0.0584,557.00,0.5837,0.9424,0.8500,1.6934,2.5872
8,3000,200,12,12,114.00,738.00,0.9423,3.2646,0.8053,17283.18,0.0579,560.00,0.5786,0.9503,0.8578,1.7003,2.4691
8,3000,200,12,18,114.00,738.00,0.9423,3.2646,0.8157,17781.00,0.0562,568.00,0.5624,0.9400,0.8514,1.6970,2.5534
8,3000,200,12,24,114.00,738.00,0.9423,3.2646,0.8185,18310.78,0.0546,559.00,0.5461,0.9193,0.8239,1.6907,2.4569
8,3000,200,24,4,114.00,738.00,0.9423,3.2646,0.7589,9922.76,0.1008,552.00,1.0078,1.8122,1.6610,3.0299,4.5581
8,3000,200,24,9,114.00,738.00,0.9423,3.2646,0.8590,9754.48,0.1025,567.00,1.0252,1.8323,1.6794,3.0718,4.5772
8,3000,200,24,19,114.00,738.00,0.9423,3.2646,0.9003,9716.21,0.1029,555.00,1.0292,1.8708,1.7089,3.0789,4.6436
8,3000,200,24,24,114.00,738.00,0.9423,3.2646,0.9050,9501.37,0.1052,561.00,1.0525,1.8163,1.6500,2.9946,5.1383
8,3000,200,24,36,114.00,738.00,0.9423,3.2646,0.9092,9401.52,0.1064,558.00,1.0637,1.8433,1.7043,3.0485,4.4286
8,3000,200,24,48,114.00,738.00,0.9423,3.2646,0.9099,9662.72,0.1035,560.00,1.0349,1.8760,1.7289,3.0875,4.5501
8,3000,200,48,9,114.00,738.00,0.9423,3.2646,0.8840,5167.83,0.1935,568.00,1.9350,3.5687,3.3293,5.5651,8.2831
8,3000,200,48,19,114.00,738.00,0.9423,3.2646,0.9446,5232.10,0.1911,566.00,1.9113,3.5316,3.2872,5.4444,8.7166
8,3000,200,48,38,114.00,738.00,0.9423,3.2646,0.9620,5188.50,0.1927,565.00,1.9273,3.5142,3.2596,5.2680,9.4545
8,3000,200,48,48,114.00,738.00,0.9423,3.2646,0.9638,5363.92,0.1864,560.00,1.8643,3.5251,3.2535,5.2946,9.9970
8,3000,200,48,72,114.00,738.00,0.9423,3.2646,0.9649,5294.37,0.1889,568.00,1.8888,3.5326,3.2959,5.2185,9.1861
8,3000,200,48,96,114.00,738.00,0.9423,3.2646,0.9652,5364.41,0.1864,559.00,1.8641,3.5273,3.2771,5.3079,9.2238
8,3000,200,96,19,114.00,738.00,0.9423,3.2646,0.9570,2801.07,0.3570,559.00,3.5701,6.7280,6.3945,9.2402,16.0209
8,3000,200,96,38,114.00,738.00,0.9423,3.2646,0.9829,2819.55,0.3547,562.00,3.5467,6.8342,6.4536,9.3188,18.4357
8,3000,200,96,76,114.00,738.00,0.9423,3.2646,0.9889,2826.61,0.3538,561.00,3.5378,6.8194,6.4376,9.3064,18.1175
8,3000,200,96,96,114.00,738.00,0.9423,3.2646,0.9895,2743.83,0.3645,561.00,3.6445,6.7814,6.4335,9.3319,17.8352
8,3000,200,96,144,114.00,738.00,0.9423,3.2646,0.9898,2761.97,0.3621,562.00,3.6206,6.8946,6.5113,9.6451,17.7153
8,3000,200,96,192,114.00,738.00,0.9423,3.2646,0.9898,2746.53,0.3641,571.00,3.6410,6.8327,6.4858,9.5643,16.3463
8,3000,200,192,38,114.00,738.00,0.9423,3.2646,0.9873,1499.30,0.6670,582.00,6.6698,12.7236,12.2592,16.6499,32.3359
8,3000,200,192,76,114.00,738.00,0.9423,3.2646,0.9962,1451.18,0.6891,574.00,6.8910,13.1941,12.6629,17.2113,34.0629
8,3000,200,192,153,114.00,738.00,0.9423,3.2646,0.9978,1443.29,0.6929,569.00,6.9286,13.0944,12.6116,17.2988,31.8409
8,3000,200,192,192,114.00,738.00,0.9423,3.2646,0.9978,1444.71,0.6922,585.00,6.9218,13.1231,12.6156,17.2876,33.2486
8,3000,200,192,288,114.00,738.00,0.9423,3.2646,0.9979,1445.12,0.6920,586.00,6.9198,13.2142,12.7247,17.4907,31.5093
8,3000,200,192,384,114.00,738.00,0.9423,3.2646,0.9979,1447.14,0.6910,574.00,6.9102,13.4002,12.8772,17.0699,33.5394
8,4000,40,4,1,124.00,743.00,0.8147,3.1597,0.3881,43558.93,0.0230,572.00,0.2296,0.3075,0.2706,0.6495,0.9147
8,4000,40,4,1,124.00,743.00,0.8147,3.1597,0.3881,46392.62,0.0216,571.00,0.2156,0.2804,0.2451,0.5798,0.8965
8,4000,40,4,3,124.00,743.00,0.8147,3.1597,0.5250,43575.71,0.0229,573.00,0.2295,0.2833,0.2458,0.5931,0.9049
8,4000,40,4,4,124.00,743.00,0.8147,3.1597,0.5468,46498.00,0.0215,573.00,0.2151,0.2790,0.2462,0.5740,0.8468
8,4000,40,4,6,124.00,743.00,0.8147,3.1597,0.5691,45321.91,0.0221,571.00,0.2206,0.2760,0.2409,0.5652,0.8243
8,4000,40,4,8,124.00,743.00,0.8147,3.1597,0.5785,47009.43,0.0213,573.00,0.2127,0.2642,0.2281,0.5485,0.8943
8,4000,40,8,1,124.00,743.00,0.8147,3.1597,0.4308,28614.49,0.0349,569.00,0.3495,0.4996,0.4515,0.9589,1.3668
8,4000,40,8,3,124.00,743.00,0.8147,3.1597,0.6140,28451.12,0.0351,574.00,0.3515,0.5172,0.4638,0.9637,1.4508
8,4000,40,8,6,124.00,743.00,0.8147,3.1597,0.6825,29554.32,0.0338,573.00,0.3384,0.5068,0.4550,0.9497,1.4529
8,4000,40,8,8,124.00,743.00,0.8147,3.1597,0.6983,30090.59,0.0332,571.00,0.3323,0.5021,0.4526,0.9327,1.4771
8,4000,40,8,12,124.00,743.00,0.8147,3.1597,0.7134,30216.06,0.0331,572.00,0.3309,0.4979,0.4517,0.9409,1.4042
8,4000,40,8,16,124.00,743.00,0.8147,3.1597,0.7189,29271.65,0.0342,573.00,0.3416,0.5093,0.4577,0.9566,1.3975
8,4000,40,16,3,124.00,743.00,0.8147,3.1597,0.6656,17443.45,0.0573,573.00,0.5733,0.9752,0.8923,1.7375,2.4690
8,4000,40,16,6,124.00,743.00,0.8147,3.1597,0.7628,17481.99,0.0572,570.00,0.5720,0.9726,0.8872,1.7174,2.5335
8,4000,40,16,12,124.00,743.00,0.8147,3.1597,0.8152,17012.18,0.0588,571.00,0.5878,1.0001,0.9153,1.7542,2.4462
8,4000,40,16,16,124.00,743.00,0.8147,3.1597,0.8257,16740.24,0.0597,569.00,0.5974,0.9988,0.9023,1.7445,2.7130
8,4000,40,16,24,124.00,743.00,0.8147,3.1597,0.8336,17079.75,0.0585,570.00,0.5855,0.9650,0.8773,1.7035,2.4975
8,4000,40,16,32,124.00,743.00,0.8147,3.1597,0.8360,17111.74,0.0584,581.00,0.5844,0.9647,0.8722,1.7240,2.5832
8,4000,40,32,6,124.00,743.00,0.8147,3.1597,0.7987,9611.33,0.1040,576.00,1.0404,1.8798,1.7346,3.0781,4.9446
8,4000,40,32,12,124.00,743.00,0.8147,3.1597,0.8748,9412.59,0.1062,582.00,1.0624,1.8903,1.7397,3.1073,4.8072
8,4000,40,32,25,124.00,743.00,0.8147,3.1597,0.9110,9472.50,0.1056,574.00,1.0557,1.8447,1.6901,2.9884,4.6374
8,4000,40,32,32,124.00,743.00,0.8147,3.1597,0.9164,9541.30,0.1048,575.00,1.0481,1.8738,1.7170,3.0692,4.5513
8,4000,40,32,48,124.00,743.00,0.8147,3.1597,0.9200,9554.62,0.1047,573.00,1.0466,1.8823,1.7247,3.0853,4.7940
8,4000,40,32,64,124.00,743.00,0.8147,3.1597,0.9208,9488.98,0.1054,579.00,1.0539,1.8880,1.7387,3.0719,4.4484
8,4000,40,64,12,124.00,743.00,0.8147,3.1597,0.8948,5019.80,0.1992,578.00,1.9921,3.6428,3.4220,5.6168,8.2420
8,4000,40,64,25,124.00,743.00,0.8147,3.1597,0.9488,4977.60,0.2009,574.00,2.0090,3.6326,3.3829,5.4735,8.9234
8,4000,40,64,51,124.00,743.00,0.8147,3.1597,0.9660,5069.43,0.1973,567.00,1.9726,3.6137,3.3640,5.4218,8.6710
8,4000,40,64,64,124.00,743.00,0.8147,3.1597,0.9678,5096.05,0.1962,570.00,1.9623,3.6758,3.4304,5.5003,9.7069
8,4000,40,64,96,124.00,743.00,0.8147,3.1597,0.9694,5000.06,0.2000,572.00,2.0000,3.7313,3.4789,5.6548,9.2468
8,4000,40,64,128,124.00,743.00,0.8147,3.1597,0.9698,4982.56,0.2007,583.00,2.0070,3.7216,3.4754,5.7280,8.6081
8,4000,40,128,25,124.00,743.00,0.8147,3.1597,0.9587,2678.33,0.3734,582.00,3.7337,7.0430,6.7005,9.8494,17.0915
8,4000,40,128,51,124.00,743.00,0.8147,3.1597,0.9836,2642.18,0.3785,586.00,3.7848,6.9909,6.6503,9.6907,18.5463
8,4000,40,128,102,124.00,743.00,0.8147,3.1597,0.9901,2719.32,0.3677,586.00,3.6774,6.9850,6.6509,9.6704,16.7389
8,4000,40,128,128,124.00,743.00,0.8147,3.1597,0.9906,2687.39,0.3721,582.00,3.7211,7.0886,6.7267,9.8920,17.1464
8,4000,40,128,192,124.00,743.00,0.8147,3.1597,0.9910,2688.90,0.3719,587.00,3.7190,7.1379,6.7941,9.9789,17.1347
8,4000,40,128,256,124.00,743.00,0.8147,3.1597,0.9911,2668.99,0.3747,574.00,3.7467,7.1354,6.7783,9.9950,15.9500
8,4000,40,256,51,124.00,743.00,0.8147,3.1597,0.9868,1488.48,0.6718,580.00,6.7183,13.1325,12.5655,17.3456,31.5234
8,4000,40,256,102,124.00,743.00,0.8147,3.1597,0.9957,1392.31,0.7182,589.00,7.1823,13.7482,13.2361,18.0411,33.3735
8,4000,40,256,204,124.00,743.00,0.8147,3.1597,0.9972,1380.14,0.7246,583.00,7.2456,13.7360,13.1859,18.6068,31.4842
8,4000,40,256,256,124.00,743.00,0.8147,3.1597,0.9973,1383.47,0.7228,585.00,7.2282,13.7620,13.2076,18.3732,32.3691
8,4000,40,256,384,124.00,743.00,0.8147,3.1597,0.9975,1355.72,0.7376,590.00,7.3761,14.0315,13.4894,19.2506,31.9666
8,4000,40,256,512,124.00,743.00,0.8147,3.1597,0.9975,1357.62,0.7366,595.00,7.3658,14.0868,13.5617,18.9887,31.9704
8,4000,100,4,1,145.00,742.00,0.9776,3.3815,0.3875,43516.34,0.0230,592.00,0.2298,0.3132,0.2753,0.6520,0.9530
8,4000,100,4,1,145.00,742.00,0.9776,3.3815,0.3875,46129.38,0.0217,595.00,0.2168,0.2809,0.2434,0.5955,0.8956
8,4000,100,4,3,145.00,742.00,0.9776,3.3815,0.5282,44928.86,0.0223,597.00,0.2226,0.2882,0.2513,0.6029,0.8900
8,4000,100,4,4,145.00,742.00,0.9776,3.3815,0.5501,47260.20,0.0212,598.00,0.2116,0.2832,0.2488,0.5796,0.8905
8,4000,100,4,6,145.00,742.00,0.9776,3.3815,0.5726,47770.98,0.0209,601.00,0.2093,0.2783,0.2444,0.5694,0.8112
8,4000,100,4,8,145.00,742.00,0.9776,3.3815,0.5828,47739.67,0.0209,598.00,0.2095,0.2719,0.2390,0.5358,0.8170
8,4000,100,8,1,145.00,742.00,0.9776,3.3815,0.4302,29112.96,0.0343,591.00,0.3435,0.5105,0.4561,0.9875,1.5238
8,4000,100,8,3,145.00,742.00,0.9776,3.3815,0.6171,28933.29,0.0346,600.00,0.3456,0.5361,0.4791,1.0159,1.4361
8,4000,100,8,6,145.00,742.00,0.9776,3.3815,0.6862,28955.18,0.0345,596.00,0.3454,0.5219,0.4660,1.0038,1.5028
8,4000,100,8,8,145.00,742.00,0.9776,3.3815,0.7037,28607.14,0.0350,601.00,0.3496,0.5255,0.4635,1.0263,1.5642
8,4000,100,8,12,145.00,742.00,0.9776,3.3815,0.7169,29497.10,0.0339,599.00,0.3390,0.5089,0.4484,0.9751,1.5689
8,4000,100,8,16,145.00,742.00,0.9776,3.3815,0.7215,28482.68,0.0351,599.00,0.3511,0.5141,0.4518,1.0092,1.5105
8,4000,100,16,3,145.00,742.00,0.9776,3.3815,0.6689,16368.57,0.0611,598.00,0.6109,0.9821,0.8864,1.7513,2.7771
8,4000,100,16,6,145.00,742.00,0.9776,3.3815,0.7661,15957.09,0.0627,595.00,0.6267,0.9998,0.8964,1.8580,2.6521
8,4000,100,16,12,145.00,742.00,0.9776,3.3815,0.8189,16793.18,0.0595,598.00,0.5955,1.0108,0.9178,1.8100,2.5459
8,4000,100,16,16,145.00,742.00,0.9776,3.3815,0.8284,16182.33,0.0618,598.00,0.6180,1.0089,0.9178,1.8049,2.4377
8,4000,100,16,24,145.00,742.00,0.9776,3.3815,0.8354,16497.22,0.0606,600.00,0.6062,0.9975,0.8941,1.8095,2.7178
8,4000,100,16,32,145.00,742.00,0.9776,3.3815,0.8376,16842.93,0.0594,598.00,0.5937,0.9773,0.8797,1.7380,2.6899
8,4000,100,32,6,145.00,742.00,0.9776,3.3815,0.8028,8920.07,0.1121,598.00,1.1211,1.9151,1.7590,3.1688,5.0503
8,4000,100,32,12,145.00,742.00,0.9776,3.3815,0.8792,8914.34,0.1122,596.00,1.1218,1.9461,1.7865,3.2713,4.9946
8,4000,100,32,25,145.00,742.00,0.9776,3.3815,0.9130,8957.69,0.1116,595.00,1.1164,1.9276,1.7511,3.2708,5.1786
8,4000,100,32,32,145.00,742.00,0.9776,3.3815,0.9174,8883.61,0.1126,597.00,1.1257,1.9315,1.7576,3.3114,5.1636
8,4000,100,32,48,145.00,742.00,0.9776,3.3815,0.9206,8953.60,0.1117,598.00,1.1169,1.9048,1.7396,3.1821,5.1164
8,4000,100,32,64,145.00,742.00,0.9776,3.3815,0.9214,9060.72,0.1104,598.00,1.1037,1.9172,1.7515,3.2030,4.8139
8,4000,100,64,12,145.00,742.00,0.9776,3.3815,0.9015,5059.62,0.1976,599.00,1.9764,3.5983,3.3641,5.4470,8.9739
8,4000,100,64,25,145.00,742.00,0.9776,3.3815,0.9521,4869.45,0.2054,596.00,2.0536,3.6609,3.4213,5.5159,9.6466
8,4000,100,64,51,145.00,742.00,0.9776,3.3815,0.9675,4946.48,0.2022,599.00,2.0216,3.6578,3.3974,5.5523,9.5042
8,4000,100,64,64,145.00,742.00,0.9776,3.3815,0.9689,4998.35,0.2001,596.00,2.0007,3.6235,3.3902,5.4434,8.6245
8,4000,100,64,96,145.00,742.00,0.9776,3.3815,0.9699,4960.85,0.2016,598.00,2.0158,3.7329,3.4876,5.7882,8.6700
8,4000,100,64,128,145.00,742.00,0.9776,3.3815,0.9700,4839.89,0.2066,600.00,2.0662,3.7287,3.4781,5.5988,9.3271
8,4000,100,128,25,145.00,742.00,0.9776,3.3815,0.9626,2682.55,0.3728,608.00,3.7278,6.9947,6.6606,10.1447,16.2995
8,4000,100,128,51,145.00,742.00,0.9776,3.3815,0.9857,2622.49,0.3813,598.00,3.8132,7.1663,6.7903,10.3207,16.8557
8,4000,100,128,102,145.00,742.00,0.9776,3.3815,0.9907,2605.51,0.3838,600.00,3.8380,7.0634,6.6976,10.0386,17.1572
8,4000,100,128,128,145.00,742.00,0.9776,3.3815,0.9912,2565.04,0.3899,599.00,3.8986,7.1769,6.8106,10.1407,16.9059
8,4000,100,128,192,145.00,742.00,0.9776,3.3815,0.9913,2584.02,0.3870,600.00,3.8699,7.1724,6.8125,10.1538,17.2149
8,4000,100,128,256,145.00,742.00,0.9776,3.3815,0.9914,2616.21,0.3822,605.00,3.8223,7.2620,6.9538,10.4441,16.2594
8,4000,100,256,51,145.00,742.00,0.9776,3.3815,0.9892,1480.22,0.6756,619.00,6.7558,13.1553,12.6207,17.1935,30.4015
8,4000,100,256,102,145.00,742.00,0.9776,3.3815,0.9967,1415.43,0.7065,610.00,7.0650,13.5597,13.0820,18.7924,29.6283
8,4000,100,256,204,145.00,742.00,0.9776,3.3815,0.9979,1400.54,0.7140,621.00,7.1401,13.7433,13.2554,18.7398,30.3808
8,4000,100,256,256,145.00,742.00,0.9776,3.3815,0.9981,1370.98,0.7294,621.00,7.2940,13.7858,13.2761,17.9986,34.5608
8,4000,100,256,384,145.00,742.00,0.9776,3.3815,0.9981,1377.79,0.7258,609.00,7.2580,13.8834,13.3789,18.6598,32.9739
8,4000,100,256,512,145.00,742.00,0.9776,3.3815,0.9982,1348.18,0.7417,624.00,7.4174,14.1242,13.6210,18.6345,34.2155
8,4000,200,4,1,168.00,745.00,1.0822,3.4413,0.3933,43125.08,0.0232,573.00,0.2319,0.3177,0.2819,0.6455,0.9526
8,4000,200,4,1,168.00,745.00,1.0822,3.4413,0.3933,44367.59,0.0225,568.00,0.2254,0.2830,0.2453,0.5886,0.8735
8,4000,200,4,3,168.00,745.00,1.0822,3.4413,0.5321,44493.33,0.0225,572.00,0.2248,0.2874,0.2413,0.6201,0.9335
8,4000,200,4,4,168.00,745.00,1.0822,3.4413,0.5531,45481.00,0.0220,574.00,0.2199,0.2797,0.2432,0.5730,0.9263
8,4000,200,4,6,168.00,745.00,1.0822,3.4413,0.5738,45588.02,0.0219,573.00,0.2194,0.2735,0.2358,0.5711,0.8384
8,4000,200,4,8,168.00,745.00,1.0822,3.4413,0.5848,45965.75,0.0218,573.00,0.2176,0.2745,0.2369,0.5620,0.8418
8,4000,200,8,1,168.00,745.00,1.0822,3.4413,0.4370,28612.75,0.0349,571.00,0.3495,0.5123,0.4554,1.0011,1.4362
8,4000,200,8,3,168.00,745.00,1.0822,3.4413,0.6225,26861.15,0.0372,574.00,0.3723,0.5404,0.4797,1.0543,1.4657
8,4000,200,8,6,168.00,745.00,1.0822,3.4413,0.6877,27821.59,0.0359,571.00,0.3594,0.5258,0.4673,1.0076,1.5714
8,4000,200,8,8,168.00,745.00,1.0822,3.4413,0.7053,28138.29,0.0355,571.00,0.3554,0.5563,0.4933,1.0806,1.5522
8,4000,200,8,12,168.00,745.00,1.0822,3.4413,0.7191,29613.35,0.0338,573.00,0.3377,0.5321,0.4682,1.0201,1.5252
8,4000,200,8,16,168.00,745.00,1.0822,3.4413,0.7241,29019.11,0.0345,572.00,0.3446,0.5157,0.4591,0.9905,1.5122
8,4000,200,16,3,168.00,745.00,1.0822,3.4413,0.6736,16483.28,0.0607,572.00,0.6067,0.9851,0.8902,1.7547,2.7446
8,4000,200,16,6,168.00,745.00,1.0822,3.4413,0.7671,17387.05,0.0575,572.00,0.5751,0.9810,0.8869,1.7968,2.6368
8,4000,200,16,12,168.00,745.00,1.0822,3.4413,0.8203,17800.28,0.0562,582.00,0.5618,0.9543,0.8576,1.7538,2.5764
8,4000,200,16,16,168.00,745.00,1.0822,3.4413,0.8317,17908.30,0.0558,576.00,0.5584,0.9607,0.8673,1.7604,2.5898
8,4000,200,16,24,168.00,745.00,1.0822,3.4413,0.8390,17649.41,0.0567,577.00,0.5666,0.9735,0.8743,1.7765,2.8322
8,4000,200,16,32,168.00,745.00,1.0822,3.4413,0.8415,17515.46,0.0571,577.00,0.5709,0.9950,0.9021,1.7808,2.6528
8,4000,200,32,6,168.00,745.00,1.0822,3.4413,0.8038,9615.71,0.1040,577.00,1.0400,1.8940,1.7364,3.1192,4.9680
8,4000,200,32,12,168.00,745.00,1.0822,3.4413,0.8799,9286.16,0.1077,581.00,1.0769,1.9034,1.7545,3.0972,4.9481
8,4000,200,32,25,168.00,745.00,1.0822,3.4413,0.9137,9441.87,0.1059,570.00,1.0591,1.9067,1.7458,3.1258,4.7812
8,4000,200,32,32,168.00,745.00,1.0822,3.4413,0.9182,9244.45,0.1082,576.00,1.0817,1.9414,1.7856,3.2328,4.4758
8,4000,200,32,48,168.00,745.00,1.0822,3.4413,0.9208,9203.37,0.1087,580.00,1.0866,1.9344,1.7793,3.2271,4.6569
8,4000,200,32,64,168.00,745.00,1.0822,3.4413,0.9215,9184.73,0.1089,574.00,1.0888,1.9491,1.7936,3.1939,4.7147
8,4000,200,64,12,168.00,745.00,1.0822,3.4413,0.9016,5008.41,0.1997,570.00,1.9966,3.7310,3.4943,5.6917,8.5263
8,4000,200,64,25,168.00,745.00,1.0822,3.4413,0.9522,4946.38,0.2022,583.00,2.0217,3.7169,3.4862,5.6612,8.7045
8,4000,200,64,51,168.00,745.00,1.0822,3.4413,0.9675,4912.24,0.2036,569.00,2.0357,3.7614,3.5250,5.7616,8.8238
8,4000,200,64,64,168.00,745.00,1.0822,3.4413,0.9688,4858.57,0.2058,576.00,2.0582,3.7630,3.5321,5.8727,8.2739
8,4000,200,64,96,168.00,745.00,1.0822,3.4413,0.9699,5113.24,0.1956,583.00,1.9557,3.7145,3.4501,5.5375,9.3001
8,4000,200,64,128,168.00,745.00,1.0822,3.4413,0.9700,5084.69,0.1967,571.00,1.9667,3.7158,3.4772,5.6350,8.6547
8,4000,200,128,25,168.00,745.00,1.0822,3.4413,0.9633,2729.18,0.3664,581.00,3.6641,6.9946,6.6603,9.7727,16.9864
8,4000,200,128,51,168.00,745.00,1.0822,3.4413,0.9865,2685.16,0.3724,577.00,3.7242,7.1135,6.7630,10.0422,16.6885
8,4000,200,128,102,168.00,745.00,1.0822,3.4413,0.9912,2654.66,0.3767,586.00,3.7670,7.1748,6.8024,10.2321,17.0950
8,4000,200,128,128,168.00,745.00,1.0822,3.4413,0.9916,2693.39,0.3713,576.00,3.7128,7.1785,6.8155,10.1262,16.8531
8,4000,200,128,192,168.00,745.00,1.0822,3.4413,0.9917,2671.30,0.3744,576.00,3.7435,7.1093,6.7967,9.8298,14.7919
8,4000,200,128,256,168.00,745.00,1.0822,3.4413,0.9917,2641.25,0.3786,588.00,3.7861,7.2906,6.9160,10.3555,16.3982
8,4000,200,256,51,168.00,745.00,1.0822,3.4413,0.9899,1450.01,0.6896,589.00,6.8965,13.2849,12.7200,18.8615,29.7733
8,4000,200,256,102,168.00,745.00,1.0822,3.4413,0.9971,1402.86,0.7128,589.00,7.1283,13.7330,13.2820,18.4187,30.4821
8,4000,200,256,204,168.00,745.00,1.0822,3.4413,0.9981,1392.68,0.7180,597.00,7.1804,13.7934,13.3203,19.1222,30.0591
8,4000,200,256,256,168.00,745.00,1.0822,3.4413,0.9982,1389.59,0.7196,601.00,7.1964,13.8813,13.3868,19.8590,29.5305
8,4000,200,256,384,168.00,745.00,1.0822,3.4413,0.9982,1376.55,0.7265,588.00,7.2645,13.9552,13.4634,19.6818,30.4613
8,4000,200,256,512,168.00,745.00,1.0822,3.4413,0.9982,1340.94,0.7457,590.00,7.4574,14.2090,13.7032,19.4152,31.3643
8,6000,40,6,1,144.00,736.00,1.0425,3.4957,0.3956,42057.03,0.0238,591.00,0.2378,0.3307,0.2959,0.6524,0.9479
8,6000,40,6,2,144.00,736.00,1.0425,3.4957,0.4983,42642.63,0.0235,592.00,0.2345,0.3135,0.2792,0.6268,0.9262
8,6000,40,6,4,144.00,736.00,1.0425,3.4957,0.5790,42475.33,0.0235,593.00,0.2354,0.3008,0.2652,0.6060,0.8927
8,6000,40,6,6,144.00,736.00,1.0425,3.4957,0.6062,44236.93,0.0226,592.00,0.2261,0.2924,0.2568,0.5838,0.8411
8,6000,40,6,9,144.00,736.00,1.0425,3.4957,0.6223,45113.43,0.0222,592.00,0.2217,0.2875,0.2558,0.5740,0.8813
8,6000,40,6,12,144.00,736.00,1.0425,3.4957,0.6294,45207.31,0.0221,592.00,0.2212,0.2864,0.2540,0.5763,0.8572
8,6000,40,12,2,144.00,736.00,1.0425,3.4957,0.5482,27918.39,0.0358,593.00,0.3582,0.5450,0.4972,1.0120,1.4819
8,6000,40,12,4,144.00,736.00,1.0425,3.4957,0.6579,28574.62,0.0350,590.00,0.3500,0.5419,0.4901,1.0144,1.4509
8,6000,40,12,9,144.00,736.00,1.0425,3.4957,0.7302,28594.07,0.0350,591.00,0.3497,0.5389,0.4936,0.9733,1.3804
8,6000,40,12,12,144.00,736.00,1.0425,3.4957,0.7425,27921.70,0.0358,591.00,0.3581,0.5508,0.5008,1.0041,1.4256
8,6000,40,12,18,144.00,736.00,1.0425,3.4957,0.7542,28409.38,0.0352,591.00,0.3520,0.5312,0.4860,0.9667,1.3539
8,6000,40,12,24,144.00,736.00,1.0425,3.4957,0.7584,28182.58,0.0355,588.00,0.3548,0.5415,0.4963,0.9808,1.3858
8,6000,40,24,4,144.00,736.00,1.0425,3.4957,0.6983,16869.31,0.0593,590.00,0.5928,1.0310,0.9540,1.8000,2.5262
8,6000,40,24,9,144.00,736.00,1.0425,3.4957,0.8033,16570.85,0.0603,593.00,0.6035,1.0393,0.9566,1.7331,2.6549
8,6000,40,24,19,144.00,736.00,1.0425,3.4957,0.8482,16904.64,0.0592,592.00,0.5916,1.0208,0.9404,1.7558,2.4866
8,6000,40,24,24,144.00,736.00,1.0425,3.4957,0.8549,16813.80,0.0595,592.00,0.5947,1.0227,0.9519,1.7388,2.4351
8,6000,40,24,36,144.00,736.00,1.0425,3.4957,0.8613,16701.70,0.0599,590.00,0.5987,1.0316,0.9543,1.7648,2.4317
8,6000,40,24,48,144.00,736.00,1.0425,3.4957,0.8634,16407.98,0.0609,591.00,0.6095,1.0638,0.9862,1.7764,2.4279
8,6000,40,48,9,144.00,736.00,1.0425,3.4957,0.8342,9350.85,0.1069,601.00,1.0694,1.9602,1.8283,3.1317,4.3485
8,6000,40,48,19,144.00,736.00,1.0425,3.4957,0.9040,9073.11,0.1102,598.00,1.1022,2.0122,1.8696,3.2225,4.5982
8,6000,40,48,38,144.00,736.00,1.0425,3.4957,0.9303,8913.22,0.1122,600.00,1.1219,2.0104,1.8700,3.2198,4.5428
8,6000,40,48,48,144.00,736.00,1.0425,3.4957,0.9333,8943.20,0.1118,593.00,1.1182,1.9797,1.8286,3.0927,4.8598
8,6000,40,48,72,144.00,736.00,1.0425,3.4957,0.9359,8939.11,0.1119,592.00,1.1187,2.0120,1.8753,3.1935,4.4975
8,6000,40,48,96,144.00,736.00,1.0425,3.4957,0.9364,8845.09,0.1131,591.00,1.1306,2.0326,1.8968,3.2240,4.5900
8,6000,40,96,19,144.00,736.00,1.0425,3.4957,0.9225,4808.25,0.2080,603.00,2.0798,3.8524,3.6696,5.6865,7.7971
8,6000,40,96,38,144.00,736.00,1.0425,3.4957,0.9625,4646.36,0.2152,590.00,2.1522,3.9126,3.7095,5.7659,8.9504
8,6000,40,96,76,144.00,736.00,1.0425,3.4957,0.9752,4701.33,0.2127,593.00,2.1271,3.8893,3.7052,5.9894,8.2117
8,6000,40,96,96,144.00,736.00,1.0425,3.4957,0.9762,4618.03,0.2165,604.00,2.1654,3.9155,3.6926,5.8350,9.3579
8,6000,40,96,144,144.00,736.00,1.0425,3.4957,0.9769,4626.55,0.2161,591.00,2.1614,3.9481,3.7346,6.0783,8.3857
8,6000,40,96,192,144.00,736.00,1.0425,3.4957,0.9771,4646.42,0.2152,592.00,2.1522,4.0171,3.8130,5.9498,8.3624
8,6000,40,192,38,144.00,736.00,1.0425,3.4957,0.9704,2492.77,0.4012,600.00,4.0116,7.5079,7.2415,10.6403,15.4906
8,6000,40,192,76,144.00,736.00,1.0425,3.4957,0.9892,2427.94,0.4119,611.00,4.1187,7.5625,7.2504,10.3632,18.2619
8,6000,40,192,153,144.00,736.00,1.0425,3.4957,0.9931,2482.19,0.4029,607.00,4.0287,7.4693,7.2134,10.3133,17.4595
8,6000,40,192,192,144.00,736.00,1.0425,3.4957,0.9933,2562.64,0.3902,609.00,3.9022,7.5082,7.1889,10.5166,16.3092
8,6000,40,192,288,144.00,736.00,1.0425,3.4957,0.9934,2513.39,0.3979,613.00,3.9787,7.6271,7.3332,10.7605,15.9227
8,6000,40,192,384,144.00,736.00,1.0425,3.4957,0.9934,2417.94,0.4136,606.00,4.1357,7.8102,7.5233,11.0648,15.2817
8,6000,40,384,76,144.00,736.00,1.0425,3.4957,0.9915,1387.38,0.7208,617.00,7.2078,13.7297,13.2418,18.9296,28.4180
8,6000,40,384,153,144.00,736.00,1.0425,3.4957,0.9973,1303.81,0.7670,626.00,7.6698,14.3425,13.9866,18.6935,35.3653
8,6000,40,384,307,144.00,736.00,1.0425,3.4957,0.9982,1322.82,0.7560,619.00,7.5596,14.5573,14.1126,20.5077,29.2090
8,6000,40,384,384,144.00,736.00,1.0425,3.4957,0.9982,1324.28,0.7551,618.00,7.5513,14.5807,14.1230,20.4540,28.9704
8,6000,40,384,576,144.00,736.00,1.0425,3.4957,0.9983,1280.77,0.7808,625.00,7.8078,14.8530,14.4043,21.1233,28.9249
8,6000,40,384,768,144.00,736.00,1.0425,3.4957,0.9984,1256.21,0.7960,632.00,7.9605,15.2467,14.8178,21.7434,29.1376
8,6000,100,6,1,176.00,735.00,1.2284,3.6330,0.3950,42549.65,0.0235,575.00,0.2350,0.3418,0.3030,0.6718,0.9600
8,6000,100,6,2,176.00,735.00,1.2284,3.6330,0.5071,42730.63,0.0234,581.00,0.2340,0.3165,0.2832,0.6259,0.8754
8,6000,100,6,4,176.00,735.00,1.2284,3.6330,0.5841,42882.23,0.0233,583.00,0.2332,0.3117,0.2808,0.6113,0.8724
8,6000,100,6,6,176.00,735.00,1.2284,3.6330,0.6128,47014.59,0.0213,582.00,0.2127,0.2788,0.2439,0.5455,0.8684
8,6000,100,6,9,176.00,735.00,1.2284,3.6330,0.6294,44682.28,0.0224,580.00,0.2238,0.2775,0.2449,0.5554,0.8669
8,6000,100,6,12,176.00,735.00,1.2284,3.6330,0.6355,46213.11,0.0216,580.00,0.2164,0.2823,0.2515,0.5513,0.8016
8,6000,100,12,2,176.00,735.00,1.2284,3.6330,0.5572,27523.88,0.0363,582.00,0.3633,0.5364,0.4886,0.9962,1.3955
8,6000,100,12,4,176.00,735.00,1.2284,3.6330,0.6628,27656.84,0.0362,582.00,0.3616,0.5318,0.4781,0.9890,1.5049
8,6000,100,12,9,176.00,735.00,1.2284,3.6330,0.7363,27854.19,0.0359,581.00,0.3590,0.5525,0.5057,0.9934,1.3600
8,6000,100,12,12,176.00,735.00,1.2284,3.6330,0.7481,27867.41,0.0359,581.00,0.3588,0.5523,0.5014,1.0158,1.4237
8,6000,100,12,18,176.00,735.00,1.2284,3.6330,0.7589,27674.66,0.0361,583.00,0.3613,0.5510,0.4905,1.0430,1.5263
8,6000,100,12,24,176.00,735.00,1.2284,3.6330,0.7623,27993.10,0.0357,578.00,0.3572,0.5330,0.4842,0.9804,1.4294
8,6000,100,24,4,176.00,735.00,1.2284,3.6330,0.7034,15979.22,0.0626,581.00,0.6258,1.0349,0.9480,1.7675,2.7854
8,6000,100,24,9,176.00,735.00,1.2284,3.6330,0.8101,16183.25,0.0618,580.00,0.6179,1.0566,0.9667,1.8301,2.6875
8,6000,100,24,19,176.00,735.00,1.2284,3.6330,0.8529,16556.51,0.0604,580.00,0.6040,1.0408,0.9559,1.8046,2.4747
8,6000,100,24,24,176.00,735.00,1.2284,3.6330,0.8593,15774.35,0.0634,579.00,0.6339,1.0467,0.9587,1.7876,2.7463
8,6000,100,24,36,176.00,735.00,1.2284,3.6330,0.8647,15712.24,0.0636,579.00,0.6364,1.0553,0.9693,1.8078,2.6465
8,6000,100,24,48,176.00,735.00,1.2284,3.6330,0.8664,16309.39,0.0613,581.00,0.6131,1.0422,0.9559,1.7647,2.6545
8,6000,100,48,9,176.00,735.00,1.2284,3.6330,0.8412,9023.63,0.1108,578.00,1.1082,1.9708,1.8261,3.0964,4.8698
8,6000,100,48,19,176.00,735.00,1.2284,3.6330,0.9092,8769.29,0.1140,577.00,1.1403,2.0097,1.8649,3.1930,4.7853
8,6000,100,48,38,176.00,735.00,1.2284,3.6330,0.9335,8694.81,0.1150,580.00,1.1501,2.0671,1.9313,3.3371,4.6106
8,6000,100,48,48,176.00,735.00,1.2284,3.6330,0.9363,8560.37,0.1168,575.00,1.1682,2.0801,1.9490,3.3437,4.4408
8,6000,100,48,72,176.00,735.00,1.2284,3.6330,0.9379,8496.81,0.1177,576.00,1.1769,2.0710,1.9180,3.3621,4.9074
8,6000,100,48,96,176.00,735.00,1.2284,3.6330,0.9385,8501.62,0.1176,580.00,1.1762,2.0397,1.8822,3.2706,5.0559
8,6000,100,96,19,176.00,735.00,1.2284,3.6330,0.9278,4662.14,0.2145,591.00,2.1449,3.8653,3.6387,5.7269,9.9236
8,6000,100,96,38,176.00,735.00,1.2284,3.6330,0.9653,4642.53,0.2154,589.00,2.1540,3.9041,3.6638,5.7935,9.4831
8,6000,100,96,76,176.00,735.00,1.2284,3.6330,0.9763,4561.00,0.2192,587.00,2.1925,3.8848,3.6575,5.8228,9.5920
8,6000,100,96,96,176.00,735.00,1.2284,3.6330,0.9774,4671.14,0.2141,585.00,2.1408,3.8906,3.6713,5.8674,9.0043
8,6000,100,96,144,176.00,735.00,1.2284,3.6330,0.9779,4758.46,0.2102,578.00,2.1015,3.9346,3.7338,5.8387,8.3984
8,6000,100,96,192,176.00,735.00,1.2284,3.6330,0.9781,4588.48,0.2179,586.00,2.1794,4.0427,3.8297,6.1067,8.5505
8,6000,100,192,38,176.00,735.00,1.2284,3.6330,0.9735,2497.63,0.4004,588.00,4.0038,7.3994,7.0910,10.3671,16.3083
8,6000,100,192,76,176.00,735.00,1.2284,3.6330,0.9898,2446.37,0.4088,592.00,4.0877,7.5840,7.3005,11.0329,14.9544
8,6000,100,192,153,176.00,735.00,1.2284,3.6330,0.9932,2513.79,0.3978,593.00,3.9781,7.5034,7.2154,10.5300,16.0806
8,6000,100,192,192,176.00,735.00,1.2284,3.6330,0.9934,2514.93,0.3976,592.00,3.9763,7.5473,7.2489,10.9103,15.4746
8,6000,100,192,288,176.00,735.00,1.2284,3.6330,0.9936,2477.86,0.4036,593.00,4.0357,7.6765,7.3802,10.7820,16.0958
8,6000,100,192,384,176.00,735.00,1.2284,3.6330,0.9936,2405.65,0.4157,586.00,4.1569,7.8700,7.5603,11.0085,16.7069
8,6000,100,384,76,176.00,735.00,1.2284,3.6330,0.9926,1415.13,0.7066,616.00,7.0665,13.7296,13.2284,18.8380,28.4103
8,6000,100,384,153,176.00,735.00,1.2284,3.6330,0.9979,1318.30,0.7586,607.00,7.5855,14.5214,14.0833,20.2917,29.7255
8,6000,100,384,307,176.00,735.00,1.2284,3.6330,0.9985,1286.45,0.7773,619.00,7.7733,14.4665,14.0720,19.0679,34.5742
8,6000,100,384,384,176.00,735.00,1.2284,3.6330,0.9985,1268.51,0.7883,615.00,7.8833,14.5732,14.0819,19.8852,31.8681
8,6000,100,384,576,176.00,735.00,1.2284,3.6330,0.9986,1292.99,0.7734,619.00,7.7340,14.8690,14.4606,20.3881,30.1044
8,6000,100,384,768,176.00,735.00,1.2284,3.6330,0.9986,1231.50,0.8120,622.00,8.1202,15.4234,15.0020,20.9084,31.7551
8,6000,200,6,1,166.00,734.00,1.3992,3.8139,0.3933,40342.76,0.0248,571.00,0.2479,0.3379,0.3006,0.6848,0.9615
8,6000,200,6,2,166.00,734.00,1.3992,3.8139,0.5070,42650.21,0.0234,575.00,0.2345,0.3191,0.2853,0.6261,0.9141
8,6000,200,6,4,166.00,734.00,1.3992,3.8139,0.5865,44052.75,0.0227,576.00,0.2270,0.3005,0.2655,0.5993,0.8775
8,6000,200,6,6,166.00,734.00,1.3992,3.8139,0.6122,43814.13,0.0228,576.00,0.2282,0.2926,0.2555,0.5992,0.8580
8,6000,200,6,9,166.00,734.00,1.3992,3.8139,0.6282,44486.62,0.0225,576.00,0.2248,0.2929,0.2574,0.5910,0.8314
8,6000,200,6,12,166.00,734.00,1.3992,3.8139,0.6355,43623.27,0.0229,575.00,0.2292,0.2863,0.2473,0.5897,0.8621
8,6000,200,12,2,166.00,734.00,1.3992,3.8139,0.5576,27413.66,0.0365,572.00,0.3648,0.5560,0.5051,1.0390,1.4089
8,6000,200,12,4,166.00,734.00,1.3992,3.8139,0.6667,26733.54,0.0374,572.00,0.3741,0.5648,0.5108,1.0438,1.4825
8,6000,200,12,9,166.00,734.00,1.3992,3.8139,0.7351,25601.65,0.0391,572.00,0.3906,0.5590,0.4934,1.1118,1.6463
8,6000,200,12,12,166.00,734.00,1.3992,3.8139,0.7487,25637.52,0.0390,575.00,0.3901,0.5775,0.5174,1.1122,1.6179
8,6000,200,12,18,166.00,734.00,1.3992,3.8139,0.7593,26723.28,0.0374,576.00,0.3742,0.5776,0.5157,1.0847,1.6293
8,6000,200,12,24,166.00,734.00,1.3992,3.8139,0.7632,27689.92,0.0361,571.00,0.3611,0.5476,0.4946,1.0282,1.5283
8,6000,200,24,4,166.00,734.00,1.3992,3.8139,0.7078,15860.48,0.0630,577.00,0.6305,1.0592,0.9756,1.8178,2.4979
8,6000,200,24,9,166.00,734.00,1.3992,3.8139,0.8074,16199.20,0.0617,572.00,0.6173,1.0340,0.9393,1.7735,2.7928
8,6000,200,24,19,166.00,734.00,1.3992,3.8139,0.8522,15496.38,0.0645,574.00,0.6453,1.0683,0.9750,1.8488,2.6667
8,6000,200,24,24,166.00,734.00,1.3992,3.8139,0.8587,15714.00,0.0636,572.00,0.6364,1.0548,0.9764,1.8225,2.4124
8,6000,200,24,36,166.00,734.00,1.3992,3.8139,0.8646,15628.08,0.0640,574.00,0.6399,1.0996,1.0151,1.8891,2.5316
8,6000,200,24,48,166.00,734.00,1.3992,3.8139,0.8659,15801.97,0.0633,572.00,0.6328,1.0752,0.9937,1.8719,2.5457
8,6000,200,48,9,166.00,734.00,1.3992,3.8139,0.8394,8588.50,0.1164,573.00,1.1643,2.0195,1.8665,3.2760,5.2227
8,6000,200,48,19,166.00,734.00,1.3992,3.8139,0.9083,8356.44,0.1197,577.00,1.1967,2.0853,1.9234,3.3858,5.0705
8,6000,200,48,38,166.00,734.00,1.3992,3.8139,0.9330,8550.89,0.1169,572.00,1.1695,2.0824,1.9538,3.3577,4.4535
8,6000,200,48,48,166.00,734.00,1.3992,3.8139,0.9357,8453.63,0.1183,574.00,1.1829,2.0584,1.8986,3.3119,5.2743
8,6000,200,48,72,166.00,734.00,1.3992,3.8139,0.9381,8610.61,0.1161,577.00,1.1614,2.0299,1.8820,3.1296,5.3046
8,6000,200,48,96,166.00,734.00,1.3992,3.8139,0.9383,8516.29,0.1174,568.00,1.1742,2.0931,1.9561,3.3591,4.6745
8,6000,200,96,19,166.00,734.00,1.3992,3.8139,0.9272,4710.52,0.2123,583.00,2.1229,3.9255,3.7112,5.8881,8.7566
8,6000,200,96,38,166.00,734.00,1.3992,3.8139,0.9659,4580.16,0.2183,587.00,2.1833,3.9218,3.6919,5.8323,10.2267
8,6000,200,96,76,166.00,734.00,1.3992,3.8139,0.9768,4691.31,0.2132,578.00,2.1316,3.8782,3.6724,5.7587,9.4077
8,6000,200,96,96,166.00,734.00,1.3992,3.8139,0.9779,4637.92,0.2156,581.00,2.1561,3.9715,3.7643,6.0137,8.5074
8,6000,200,96,144,166.00,734.00,1.3992,3.8139,0.9785,4637.50,0.2156,588.00,2.1563,3.9604,3.7389,5.8860,8.9758
8,6000,200,96,192,166.00,734.00,1.3992,3.8139,0.9785,4527.99,0.2208,580.00,2.2085,3.9846,3.7615,5.8398,9.6586
8,6000,200,192,38,166.00,734.00,1.3992,3.8139,0.9737,2540.33,0.3936,588.00,3.9365,7.4360,7.1500,10.4536,16.6152
8,6000,200,192,76,166.00,734.00,1.3992,3.8139,0.9904,2471.03,0.4047,591.00,4.0469,7.6240,7.3549,11.0484,15.6815
8,6000,200,192,153,166.00,734.00,1.3992,3.8139,0.9937,2451.05,0.4080,590.00,4.0799,7.5908,7.2830,10.3912,18.8416
8,6000,200,192,192,166.00,734.00,1.3992,3.8139,0.9939,2299.39,0.4349,596.00,4.3490,7.8475,7.5952,11.2258,19.0867
8,6000,200,192,288,166.00,734.00,1.3992,3.8139,0.9939,2276.83,0.4392,588.00,4.3921,7.8915,7.6438,11.9597,15.9528
8,6000,200,192,384,166.00,734.00,1.3992,3.8139,0.9939,2272.75,0.4400,586.00,4.3999,8.0325,7.6904,11.0696,19.8534
8,6000,200,384,76,166.00,734.00,1.3992,3.8139,0.9930,1338.54,0.7471,609.00,7.4708,13.9060,13.5123,18.7061,32.0592
8,6000,200,384,153,166.00,734.00,1.3992,3.8139,0.9979,1258.47,0.7946,617.00,7.9461,14.6635,14.1798,18.8979,37.1830
8,6000,200,384,307,166.00,734.00,1.3992,3.8139,0.9983,1235.94,0.8091,608.00,8.0910,14.9316,14.4032,19.1151,36.4857
8,6000,200,384,384,166.00,734.00,1.3992,3.8139,0.9984,1234.97,0.8097,607.00,8.0973,15.2510,14.8574,20.7822,29.6541
8,6000,200,384,576,166.00,734.00,1.3992,3.8139,0.9984,1190.97,0.8396,620.00,8.3965,15.6155,15.1386,21.7135,28.9116
8,6000,200,384,768,166.00,734.00,1.3992,3.8139,0.9985,1172.86,0.8526,608.00,8.5261,15.9592,15.5652,21.8544,29.1146
8,8000,40,8,1,156.00,731.00,1.2198,3.6638,0.3839,43419.59,0.0230,597.00,0.2303,0.3332,0.3028,0.6475,0.9099
8,8000,40,8,3,156.00,731.00,1.2198,3.6638,0.5623,41762.51,0.0239,603.00,0.2394,0.3182,0.2896,0.6172,0.8694
8,8000,40,8,6,156.00,731.00,1.2198,3.6638,0.6262,44454.80,0.0225,599.00,0.2249,0.3089,0.2826,0.5820,0.8264
8,8000,40,8,8,156.00,731.00,1.2198,3.6638,0.6423,44341.94,0.0226,604.00,0.2255,0.3051,0.2781,0.5795,0.8208
8,8000,40,8,12,156.00,731.00,1.2198,3.6638,0.6560,44950.11,0.0222,610.00,0.2225,0.2984,0.2714,0.5661,0.8115
8,8000,40,8,16,156.00,731.00,1.2198,3.6638,0.6605,44810.79,0.0223,602.00,0.2232,0.2853,0.2540,0.5418,0.8359
8,8000,40,16,3,156.00,731.00,1.2198,3.6638,0.6150,27460.29,0.0364,601.00,0.3642,0.5634,0.5165,0.9969,1.5391
8,8000,40,16,6,156.00,731.00,1.2198,3.6638,0.7078,26950.43,0.0371,604.00,0.3711,0.5739,0.5272,1.0296,1.4779
8,8000,40,16,12,156.00,731.00,1.2198,3.6638,0.7596,28426.32,0.0352,604.00,0.3518,0.5692,0.5280,0.9949,1.3991
8,8000,40,16,16,156.00,731.00,1.2198,3.6638,0.7698,28528.50,0.0351,599.00,0.3505,0.5480,0.5043,0.9729,1.4361
8,8000,40,16,24,156.00,731.00,1.2198,3.6638,0.7788,27624.88,0.0362,604.00,0.3620,0.5510,0.5056,0.9956,1.4493
8,8000,40,16,32,156.00,731.00,1.2198,3.6638,0.7823,27509.15,0.0364,603.00,0.3635,0.5518,0.5070,0.9771,1.3452
8,8000,40,32,6,156.00,731.00,1.2198,3.6638,0.7492,16092.95,0.0621,599.00,0.6214,1.0601,0.9839,1.7306,2.5454
8,8000,40,32,12,156.00,731.00,1.2198,3.6638,0.8277,16197.18,0.0617,611.00,0.6174,1.0625,0.9929,1.7494,2.3984
8,8000,40,32,25,156.00,731.00,1.2198,3.6638,0.8668,16407.65,0.0609,603.00,0.6095,1.0594,0.9898,1.7393,2.4814
8,8000,40,32,32,156.00,731.00,1.2198,3.6638,0.8731,16306.32,0.0613,601.00,0.6133,1.0693,0.9960,1.7372,2.3978
8,8000,40,32,48,156.00,731.00,1.2198,3.6638,0.8781,15726.08,0.0636,602.00,0.6359,1.0764,0.9992,1.7614,2.6837
8,8000,40,32,64,156.00,731.00,1.2198,3.6638,0.8797,15670.39,0.0638,597.00,0.6381,1.0949,1.0187,1.8077,2.4335
8,8000,40,64,12,156.00,731.00,1.2198,3.6638,0.8552,9098.30,0.1099,610.00,1.0991,2.0226,1.9011,3.1143,4.5939
8,8000,40,64,25,156.00,731.00,1.2198,3.6638,0.9160,8972.92,0.1114,603.00,1.1145,2.0521,1.9331,3.1736,4.4770
8,8000,40,64,51,156.00,731.00,1.2198,3.6638,0.9399,8965.62,0.1115,601.00,1.1154,2.0620,1.9365,3.1779,4.5361
8,8000,40,64,64,156.00,731.00,1.2198,3.6638,0.9426,8994.30,0.1112,600.00,1.1118,2.0736,1.9510,3.1365,4.5134
8,8000,40,64,96,156.00,731.00,1.2198,3.6638,0.9451,8978.65,0.1114,597.00,1.1138,2.0701,1.9504,3.1665,4.4562
8,8000,40,64,128,156.00,731.00,1.2198,3.6638,0.9455,8634.80,0.1158,608.00,1.1581,2.1016,1.9771,3.1467,4.5469
8,8000,40,128,25,156.00,731.00,1.2198,3.6638,0.9317,4830.02,0.2070,605.00,2.0704,3.9421,3.7584,5.7238,8.1451
8,8000,40,128,51,156.00,731.00,1.2198,3.6638,0.9687,4741.24,0.2109,600.00,2.1092,3.9554,3.7637,5.6441,8.1631
8,8000,40,128,102,156.00,731.00,1.2198,3.6638,0.9795,4715.51,0.2121,599.00,2.1207,3.9795,3.7816,5.7999,8.2965
8,8000,40,128,128,156.00,731.00,1.2198,3.6638,0.9805,4774.94,0.2094,610.00,2.0943,4.0182,3.8263,5.8168,8.2862
8,8000,40,128,192,156.00,731.00,1.2198,3.6638,0.9809,4657.28,0.2147,606.00,2.1472,4.0847,3.8960,5.9545,8.3179
8,8000,40,128,256,156.00,731.00,1.2198,3.6638,0.9810,4555.68,0.2195,597.00,2.1951,4.1010,3.9184,5.7590,9.1122
8,8000,40,256,51,156.00,731.00,1.2198,3.6638,0.9756,2442.83,0.4094,611.00,4.0936,7.6673,7.4035,10.9697,13.9588
8,8000,40,256,102,156.00,731.00,1.2198,3.6638,0.9914,2416.41,0.4138,613.00,4.1384,7.7294,7.4657,10.9683,15.8193
8,8000,40,256,204,156.00,731.00,1.2198,3.6638,0.9949,2468.05,0.4052,620.00,4.0518,7.7762,7.4899,11.0585,14.8356
8,8000,40,256,256,156.00,731.00,1.2198,3.6638,0.9950,2432.81,0.4110,623.00,4.1105,7.7705,7.5035,11.0786,14.8792
8,8000,40,256,384,156.00,731.00,1.2198,3.6638,0.9952,2392.61,0.4180,617.00,4.1795,8.0412,7.7879,11.1622,14.8442
8,8000,40,256,512,156.00,731.00,1.2198,3.6638,0.9952,2308.65,0.4332,614.00,4.3315,8.2953,8.0502,11.3798,15.5158
8,8000,40,512,102,156.00,731.00,1.2198,3.6638,0.9933,1342.89,0.7447,638.00,7.4466,13.9643,13.5450,19.5809,26.9192
8,8000,40,512,204,156.00,731.00,1.2198,3.6638,0.9979,1256.80,0.7957,641.00,7.9567,15.0477,14.6447,20.4721,30.2771
8,8000,40,512,409,156.00,731.00,1.2198,3.6638,0.9986,1273.44,0.7853,627.00,7.8527,14.9958,14.5857,21.2760,28.9006
8,8000,40,512,512,156.00,731.00,1.2198,3.6638,0.9988,1263.66,0.7914,631.00,7.9135,15.0894,14.6850,21.0576,26.6106
8,8000,40,512,768,156.00,731.00,1.2198,3.6638,0.9988,1213.44,0.8241,647.00,8.2411,15.5337,15.1023,20.5493,31.7277
8,8000,40,512,1024,156.00,731.00,1.2198,3.6638,0.9988,1157.67,0.8638,630.00,8.6380,16.3114,15.8742,21.8478,31.8450
8,8000,100,8,1,182.00,732.00,1.4452,3.9100,0.3983,41639.51,0.0240,587.00,0.2402,0.3595,0.3271,0.6796,0.9902
8,8000,100,8,3,182.00,732.00,1.4452,3.9100,0.5686,41527.86,0.0241,591.00,0.2408,0.3387,0.3046,0.6541,0.9454
8,8000,100,8,6,182.00,732.00,1.4452,3.9100,0.6327,42220.52,0.0237,592.00,0.2369,0.3256,0.2959,0.6223,0.9047
8,8000,100,8,8,182.00,732.00,1.4452,3.9100,0.6482,40527.14,0.0247,592.00,0.2467,0.3118,0.2806,0.6089,0.8945
8,8000,100,8,12,182.00,732.00,1.4452,3.9100,0.6621,44582.83,0.0224,593.00,0.2243,0.3068,0.2745,0.5860,0.8228
8,8000,100,8,16,182.00,732.00,1.4452,3.9100,0.6672,43905.68,0.0228,594.00,0.2278,0.2928,0.2623,0.5637,0.8614
8,8000,100,16,3,182.00,732.00,1.4452,3.9100,0.6209,26458.73,0.0378,590.00,0.3779,0.5729,0.5242,1.0368,1.4289
8,8000,100,16,6,182.00,732.00,1.4452,3.9100,0.7153,27220.93,0.0367,592.00,0.3674,0.5818,0.5352,1.0442,1.5627
8,8000,100,16,12,182.00,732.00,1.4452,3.9100,0.7657,27103.49,0.0369,588.00,0.3690,0.5476,0.5006,1.0067,1.4383
8,8000,100,16,16,182.00,732.00,1.4452,3.9100,0.7762,26595.25,0.0376,590.00,0.3760,0.5661,0.5204,1.0114,1.5027
8,8000,100,16,24,182.00,732.00,1.4452,3.9100,0.7850,27712.86,0.0361,591.00,0.3608,0.5732,0.5234,1.0285,1.4095
8,8000,100,16,32,182.00,732.00,1.4452,3.9100,0.7871,26624.12,0.0376,590.00,0.3756,0.5597,0.5134,1.0002,1.4655
8,8000,100,32,6,182.00,732.00,1.4452,3.9100,0.7571,15533.78,0.0644,592.00,0.6438,1.1110,1.0321,1.8488,2.5024
8,8000,100,32,12,182.00,732.00,1.4452,3.9100,0.8331,15086.52,0.0663,593.00,0.6628,1.1011,1.0074,1.8551,2.8162
8,8000,100,32,25,182.00,732.00,1.4452,3.9100,0.8720,15037.10,0.0665,602.00,0.6650,1.1182,1.0336,1.8850,2.7411
8,8000,100,32,32,182.00,732.00,1.4452,3.9100,0.8773,15163.03,0.0659,594.00,0.6595,1.0972,1.0111,1.8442,2.7871
8,8000,100,32,48,182.00,732.00,1.4452,3.9100,0.8817,13966.77,0.0716,589.00,0.7160,1.1501,1.0635,2.0225,2.7015
8,8000,100,32,64,182.00,732.00,1.4452,3.9100,0.8827,14642.89,0.0683,585.00,0.6829,1.1456,1.0602,1.9417,2.6545
8,8000,100,64,12,182.00,732.00,1.4452,3.9100,0.8611,7806.93,0.1281,598.00,1.2809,2.1443,2.0113,3.5922,5.1271
8,8000,100,64,25,182.00,732.00,1.4452,3.9100,0.9216,7772.71,0.1287,593.00,1.2866,2.2244,2.0754,3.5770,5.0523
8,8000,100,64,51,182.00,732.00,1.4452,3.9100,0.9436,8108.73,0.1233,590.00,1.2332,2.2073,2.0717,3.4793,4.8468
8,8000,100,64,64,182.00,732.00,1.4452,3.9100,0.9454,6698.80,0.1493,602.00,1.4928,2.5506,2.5112,4.1552,5.1810
8,8000,100,64,96,182.00,732.00,1.4452,3.9100,0.9469,7054.94,0.1417,590.00,1.4174,2.3744,2.2921,3.9624,5.2750
8,8000,100,64,128,182.00,732.00,1.4452,3.9100,0.9470,6751.25,0.1481,591.00,1.4812,2.5785,2.5498,4.1111,4.8723
8,8000,100,128,25,182.00,732.00,1.4452,3.9100,0.9378,4440.73,0.2252,596.00,2.2519,4.0700,3.8360,6.5620,9.0979
8,8000,100,128,51,182.00,732.00,1.4452,3.9100,0.9721,4326.59,0.2311,589.00,2.3113,4.2280,4.0602,6.3315,8.2643
8,8000,100,128,102,182.00,732.00,1.4452,3.9100,0.9807,4125.19,0.2424,590.00,2.4241,4.3127,4.0731,6.4847,9.7491
8,8000,100,128,128,182.00,732.00,1.4452,3.9100,0.9814,4254.18,0.2351,590.00,2.3506,4.2305,3.9971,6.3242,9.2478
8,8000,100,128,192,182.00,732.00,1.4452,3.9100,0.9817,4203.38,0.2379,593.00,2.3790,4.2734,4.0413,6.4447,9.5370
8,8000,100,128,256,182.00,732.00,1.4452,3.9100,0.9819,3927.29,0.2546,591.00,2.5463,4.4688,4.2619,6.8184,9.5238
8,8000,100,256,51,182.00,732.00,1.4452,3.9100,0.9790,2302.53,0.4343,599.00,4.3430,7.7117,7.4317,12.3497,16.5471
8,8000,100,256,102,182.00,732.00,1.4452,3.9100,0.9921,2168.82,0.4611,609.00,4.6108,8.2625,8.0353,12.0506,15.0640
8,8000,100,256,204,182.00,732.00,1.4452,3.9100,0.9949,2130.86,0.4693,610.00,4.6929,8.1373,7.9767,12.3435,16.5106
8,8000,100,256,256,182.00,732.00,1.4452,3.9100,0.9951,2151.88,0.4647,608.00,4.6471,8.2411,7.9231,12.1364,17.6941
8,8000,100,256,384,182.00,732.00,1.4452,3.9100,0.9952,2178.42,0.4590,611.00,4.5905,8.2920,7.9766,11.9505,18.4715
8,8000,100,256,512,182.00,732.00,1.4452,3.9100,0.9952,2164.47,0.4620,613.00,4.6201,8.4196,8.0762,11.4393,18.7943
8,8000,100,512,102,182.00,732.00,1.4452,3.9100,0.9942,1251.27,0.7992,634.00,7.9919,14.5269,14.0434,21.0429,29.5455
8,8000,100,512,204,182.00,732.00,1.4452,3.9100,0.9981,1220.02,0.8197,618.00,8.1966,15.3920,14.9077,22.0829,27.5385
8,8000,100,512,409,182.00,732.00,1.4452,3.9100,0.9987,1215.71,0.8226,622.00,8.2256,15.3851,14.9666,21.3668,30.3560
8,8000,100,512,512,182.00,732.00,1.4452,3.9100,0.9987,1177.23,0.8494,640.00,8.4945,15.9834,15.6002,22.3860,26.7958
8,8000,100,512,768,182.00,732.00,1.4452,3.9100,0.9988,1164.62,0.8586,632.00,8.5865,16.3037,15.9397,22.7324,27.7976
8,8000,100,512,1024,182.00,732.00,1.4452,3.9100,0.9988,1127.15,0.8872,642.00,8.8720,16.7209,16.3193,21.9076,32.9587
8,8000,200,8,1,188.00,731.00,1.6814,4.1742,0.3901,40731.33,0.0246,568.00,0.2455,0.3468,0.3144,0.6670,0.9152
8,8000,200,8,3,188.00,731.00,1.6814,4.1742,0.5659,41761.28,0.0239,578.00,0.2395,0.3351,0.3056,0.6384,0.8926
8,8000,200,8,6,188.00,731.00,1.6814,4.1742,0.6309,41927.41,0.0239,580.00,0.2385,0.3259,0.2895,0.6524,0.9517
8,8000,200,8,8,188.00,731.00,1.6814,4.1742,0.6467,40711.43,0.0246,581.00,0.2456,0.3176,0.2830,0.6323,0.8937
8,8000,200,8,12,188.00,731.00,1.6814,4.1742,0.6605,41565.02,0.0241,581.00,0.2406,0.3149,0.2810,0.6255,0.8835
8,8000,200,8,16,188.00,731.00,1.6814,4.1742,0.6661,43111.85,0.0232,580.00,0.2320,0.3206,0.2878,0.6212,0.8921
8,8000,200,16,3,188.00,731.00,1.6814,4.1742,0.6178,26909.15,0.0372,582.00,0.3716,0.5918,0.5445,1.0596,1.4484
8,8000,200,16,6,188.00,731.00,1.6814,4.1742,0.7114,25951.35,0.0385,581.00,0.3853,0.6008,0.5504,1.1000,1.5735
8,8000,200,16,12,188.00,731.00,1.6814,4.1742,0.7621,25478.46,0.0392,579.00,0.3925,0.5992,0.5426,1.1014,1.6184
8,8000,200,16,16,188.00,731.00,1.6814,4.1742,0.7735,25183.63,0.0397,582.00,0.3971,0.6040,0.5504,1.1181,1.5906
8,8000,200,16,24,188.00,731.00,1.6814,4.1742,0.7829,26539.97,0.0377,581.00,0.3768,0.5675,0.5139,1.0561,1.5135
8,8000,200,16,32,188.00,731.00,1.6814,4.1742,0.7862,26645.81,0.0375,578.00,0.3753,0.5900,0.5416,1.0584,1.4368
8,8000,200,32,6,188.00,731.00,1.6814,4.1742,0.7528,13072.72,0.0765,581.00,0.7650,1.2813,1.2457,2.2087,2.7018
8,8000,200,32,12,188.00,731.00,1.6814,4.1742,0.8298,13399.87,0.0746,590.00,0.7463,1.2248,1.1495,2.2265,2.9608
8,8000,200,32,25,188.00,731.00,1.6814,4.1742,0.8701,13885.51,0.0720,586.00,0.7202,1.2004,1.1271,2.0822,2.7382
8,8000,200,32,32,188.00,731.00,1.6814,4.1742,0.8756,12958.33,0.0772,582.00,0.7717,1.2430,1.1805,2.2150,2.9394
8,8000,200,32,48,188.00,731.00,1.6814,4.1742,0.8801,13405.58,0.0746,583.00,0.7460,1.1832,1.1043,2.1499,2.8673
8,8000,200,32,64,188.00,731.00,1.6814,4.1742,0.8816,12576.16,0.0795,576.00,0.7952,1.3211,1.2829,2.2558,2.7373
8,8000,200,64,12,188.00,731.00,1.6814,4.1742,0.8570,8100.69,0.1234,589.00,1.2345,2.1455,2.0464,3.5167,4.5133
8,8000,200,64,25,188.00,731.00,1.6814,4.1742,0.9198,7841.52,0.1275,577.00,1.2753,2.1926,2.0509,3.5447,5.0016
8,8000,200,64,51,188.00,731.00,1.6814,4.1742,0.9427,7773.70,0.1286,585.00,1.2864,2.2493,2.1400,3.5875,4.5869
8,8000,200,64,64,188.00,731.00,1.6814,4.1742,0.9453,7772.10,0.1287,580.00,1.2867,2.2485,2.0962,3.6384,5.0778
8,8000,200,64,96,188.00,731.00,1.6814,4.1742,0.9465,8012.39,0.1248,581.00,1.2481,2.2600,2.1323,3.5617,4.7923
8,8000,200,64,128,188.00,731.00,1.6814,4.1742,0.9469,7740.77,0.1292,586.00,1.2919,2.1985,2.0559,3.6972,5.2742
8,8000,200,128,25,188.00,731.00,1.6814,4.1742,0.9361,4286.34,0.2333,578.00,2.3330,4.1311,3.9879,6.3521,8.4791
8,8000,200,128,51,188.00,731.00,1.6814,4.1742,0.9714,4157.43,0.2405,589.00,2.4053,4.2721,4.1431,6.6291,8.3168
8,8000,200,128,102,188.00,731.00,1.6814,4.1742,0.9804,4153.96,0.2407,592.00,2.4073,4.3041,4.0697,6.6206,9.9456
8,8000,200,128,128,188.00,731.00,1.6814,4.1742,0.9811,4214.54,0.2373,582.00,2.3727,4.3410,4.1573,6.4732,8.4697
8,8000,200,128,192,188.00,731.00,1.6814,4.1742,0.9815,4241.61,0.2358,576.00,2.3576,4.2687,4.0288,6.3896,9.8060
8,8000,200,128,256,188.00,731.00,1.6814,4.1742,0.9816,4274.97,0.2339,579.00,2.3392,4.2554,4.0346,6.1289,9.9476
8,8000,200,256,51,188.00,731.00,1.6814,4.1742,0.9785,2333.68,0.4285,590.00,4.2851,7.8148,7.4864,10.8894,18.3297
8,8000,200,256,102,188.00,731.00,1.6814,4.1742,0.9926,2298.12,0.4351,591.00,4.3514,8.0006,7.6707,10.7564,19.5566
8,8000,200,256,204,188.00,731.00,1.6814,4.1742,0.9951,2281.13,0.4384,597.00,4.3838,8.1699,7.9302,11.3785,16.0176
8,8000,200,256,256,188.00,731.00,1.6814,4.1742,0.9952,2291.89,0.4363,591.00,4.3632,8.2089,7.9356,11.5231,15.2811
8,8000,200,256,384,188.00,731.00,1.6814,4.1742,0.9953,2039.66,0.4903,604.00,4.9028,8.6962,8.7260,12.4862,15.7816
8,8000,200,256,512,188.00,731.00,1.6814,4.1742,0.9953,1948.04,0.5133,593.00,5.1334,8.8813,8.9528,13.6187,18.4813
8,8000,200,512,102,188.00,731.00,1.6814,4.1742,0.9944,1244.30,0.8037,616.00,8.0367,14.6481,14.3738,21.5154,27.2739
8,8000,200,512,204,188.00,731.00,1.6814,4.1742,0.9982,1185.05,0.8438,621.00,8.4384,15.5316,15.1166,22.6142,28.3270
8,8000,200,512,409,188.00,731.00,1.6814,4.1742,0.9988,1212.61,0.8247,630.00,8.2467,15.3792,14.8841,20.3539,33.6722
8,8000,200,512,512,188.00,731.00,1.6814,4.1742,0.9988,1216.87,0.8218,636.00,8.2178,15.4956,15.0890,21.5287,30.1298
8,8000,200,512,768,188.00,731.00,1.6814,4.1742,0.9988,1176.01,0.8503,616.00,8.5033,15.8931,15.4664,20.6450,34.9861
8,8000,200,512,1024,188.00,731.00,1.6814,4.1742,0.9988,1127.05,0.8873,628.00,8.8727,16.6612,16.2493,21.5691,34.6493
8,10000,40,10,2,191.00,726.00,1.4615,3.9585,0.5017,39824.84,0.0251,629.00,0.2511,0.3709,0.3428,0.6780,0.9252
8,10000,40,10,4,191.00,726.00,1.4615,3.9585,0.5931,40512.76,0.0247,634.00,0.2468,0.3363,0.3115,0.6128,0.8445
8,10000,40,10,8,191.00,726.00,1.4615,3.9585,0.6501,40972.59,0.0244,628.00,0.2441,0.3223,0.2951,0.5991,0.8050
8,10000,40,10,10,191.00,726.00,1.4615,3.9585,0.6601,42389.30,0.0236,626.00,0.2359,0.3294,0.2966,0.6234,0.8660
8,10000,40,10,15,191.00,726.00,1.4615,3.9585,0.6726,40483.00,0.0247,629.00,0.2470,0.3081,0.2784,0.5862,0.8598
8,10000,40,10,20,191.00,726.00,1.4615,3.9585,0.6784,43784.51,0.0228,629.00,0.2284,0.3040,0.2754,0.5725,0.7904
8,10000,40,20,4,191.00,726.00,1.4615,3.9585,0.6441,26103.20,0.0383,629.00,0.3831,0.6044,0.5639,1.0230,1.3816
8,10000,40,20,8,191.00,726.00,1.4615,3.9585,0.7300,25933.54,0.0386,628.00,0.3856,0.5923,0.5413,1.0871,1.5863
8,10000,40,20,16,191.00,726.00,1.4615,3.9585,0.7755,25743.14,0.0388,628.00,0.3885,0.5785,0.5359,1.0093,1.5179
8,10000,40,20,20,191.00,726.00,1.4615,3.9585,0.7834,27677.73,0.0361,630.00,0.3613,0.5742,0.5393,0.9847,1.2866
8,10000,40,20,30,191.00,726.00,1.4615,3.9585,0.7930,26547.24,0.0377,630.00,0.3767,0.5843,0.5506,0.9913,1.3221
8,10000,40,20,40,191.00,726.00,1.4615,3.9585,0.7956,26470.87,0.0378,625.00,0.3778,0.5897,0.5501,1.0223,1.3685
8,10000,40,40,8,191.00,726.00,1.4615,3.9585,0.7693,14740.01,0.0678,632.00,0.6784,1.1324,1.0691,1.8393,2.4732
8,10000,40,40,16,191.00,726.00,1.4615,3.9585,0.8415,14505.52,0.0689,627.00,0.6894,1.1567,1.1003,1.8499,2.3637
8,10000,40,40,32,191.00,726.00,1.4615,3.9585,0.8777,14062.67,0.0711,627.00,0.7111,1.1552,1.1027,1.9112,2.4405
8,10000,40,40,40,191.00,726.00,1.4615,3.9585,0.8821,14021.94,0.0713,624.00,0.7132,1.1776,1.1077,1.9392,2.4382
8,10000,40,40,60,191.00,726.00,1.4615,3.9585,0.8874,13433.77,0.0744,624.00,0.7444,1.1797,1.1118,2.0444,2.7216
8,10000,40,40,80,191.00,726.00,1.4615,3.9585,0.8888,14159.17,0.0706,629.00,0.7063,1.1721,1.1022,1.9188,2.6322
8,10000,40,80,16,191.00,726.00,1.4615,3.9585,0.8675,7783.95,0.1285,625.00,1.2847,2.2561,2.1531,3.4297,4.6949
8,10000,40,80,32,191.00,726.00,1.4615,3.9585,0.9238,7871.69,0.1270,624.00,1.2704,2.2761,2.1819,3.4078,4.3433
8,10000,40,80,64,191.00,726.00,1.4615,3.9585,0.9445,7949.23,0.1258,628.00,1.2580,2.2400,2.1494,3.4132,4.3080
8,10000,40,80,80,191.00,726.00,1.4615,3.9585,0.9469,7988.66,0.1252,628.00,1.2518,2.2145,2.0976,3.3977,4.8105
8,10000,40,80,120,191.00,726.00,1.4615,3.9585,0.9493,7585.09,0.1318,630.00,1.3184,2.2769,2.1755,3.4916,4.6181
8,10000,40,80,160,191.00,726.00,1.4615,3.9585,0.9498,7953.01,0.1257,626.00,1.2574,2.2473,2.1402,3.3656,4.5444
8,10000,40,160,32,191.00,726.00,1.4615,3.9585,0.9371,4249.34,0.2353,632.00,2.3533,4.2248,4.0686,6.0484,8.7045
8,10000,40,160,64,191.00,726.00,1.4615,3.9585,0.9690,4314.77,0.2318,624.00,2.3176,4.1866,4.0313,6.0039,8.7390
8,10000,40,160,128,191.00,726.00,1.4615,3.9585,0.9792,4344.22,0.2302,627.00,2.3019,4.2420,4.0955,6.0534,8.1529
8,10000,40,160,160,191.00,726.00,1.4615,3.9585,0.9802,4361.95,0.2293,633.00,2.2926,4.2930,4.1608,6.0796,7.7066
8,10000,40,160,240,191.00,726.00,1.4615,3.9585,0.9806,4325.41,0.2312,629.00,2.3119,4.3229,4.1869,6.1059,7.6761
8,10000,40,160,320,191.00,726.00,1.4615,3.9585,0.9808,4224.34,0.2367,634.00,2.3672,4.4364,4.2943,6.2578,7.8129
8,10000,40,320,64,191.00,726.00,1.4615,3.9585,0.9749,2371.48,0.4217,637.00,4.2168,7.9002,7.6777,11.0609,14.8847
8,10000,40,320,128,191.00,726.00,1.4615,3.9585,0.9890,2270.04,0.4405,656.00,4.4052,8.2550,8.0231,11.5665,13.9737
8,10000,40,320,256,191.00,726.00,1.4615,3.9585,0.9922,2292.34,0.4362,657.00,4.3624,8.1383,7.8978,11.3940,15.2745
8,10000,40,320,320,191.00,726.00,1.4615,3.9585,0.9925,2287.30,0.4372,649.00,4.3720,8.1652,7.9440,11.3074,14.7625
8,10000,40,320,480,191.00,726.00,1.4615,3.9585,0.9928,2250.01,0.4444,658.00,4.4444,8.4638,8.2630,11.5948,13.7822
8,10000,40,320,640,191.00,726.00,1.4615,3.9585,0.9930,2160.24,0.4629,658.00,4.6291,8.6426,8.4617,11.7536,15.5001
8,10000,40,640,128,191.00,726.00,1.4615,3.9585,0.9907,1341.50,0.7454,663.00,7.4544,14.3044,14.1167,20.1474,24.7229
8,10000,40,640,256,191.00,726.00,1.4615,3.9585,0.9951,1252.68,0.7983,676.00,7.9829,15.4903,15.1257,21.2057,27.1668
8,10000,40,640,512,191.00,726.00,1.4615,3.9585,0.9961,1231.59,0.8120,659.00,8.1196,15.7251,15.3898,21.4737,25.5389
8,10000,40,640,640,191.00,726.00,1.4615,3.9585,0.9962,1220.82,0.8191,665.00,8.1912,15.6851,15.3700,21.9550,27.0941
8,10000,40,640,960,191.00,726.00,1.4615,3.9585,0.9963,1125.67,0.8884,674.00,8.8836,16.8758,16.4808,22.7672,26.4366
8,10000,40,640,1280,191.00,726.00,1.4615,3.9585,0.9964,1074.01,0.9311,663.00,9.3109,17.5903,17.2707,23.3719,27.5981
8,10000,100,10,2,200.00,729.00,1.6921,4.2673,0.5111,37418.03,0.0267,611.00,0.2673,0.3675,0.3380,0.6968,0.9778
8,10000,100,10,4,200.00,729.00,1.6921,4.2673,0.6030,40644.14,0.0246,608.00,0.2460,0.3398,0.3114,0.6381,0.9211
8,10000,100,10,8,200.00,729.00,1.6921,4.2673,0.6579,42265.30,0.0237,610.00,0.2366,0.3221,0.2956,0.6006,0.8110
8,10000,100,10,10,200.00,729.00,1.6921,4.2673,0.6685,42409.47,0.0236,609.00,0.2358,0.3135,0.2862,0.5886,0.8161
8,10000,100,10,15,200.00,729.00,1.6921,4.2673,0.6817,42036.06,0.0238,619.00,0.2379,0.3074,0.2769,0.5835,0.7938
8,10000,100,10,20,200.00,729.00,1.6921,4.2673,0.6867,44352.48,0.0225,610.00,0.2255,0.3133,0.2849,0.5818,0.7849
8,10000,100,20,4,200.00,729.00,1.6921,4.2673,0.6564,26230.83,0.0381,612.00,0.3812,0.6059,0.5645,1.0525,1.4245
8,10000,100,20,8,200.00,729.00,1.6921,4.2673,0.7388,26000.57,0.0385,607.00,0.3846,0.5942,0.5578,1.0361,1.4186
8,10000,100,20,16,200.00,729.00,1.6921,4.2673,0.7854,26302.33,0.0380,615.00,0.3802,0.5847,0.5404,1.0331,1.3919
8,10000,100,20,20,200.00,729.00,1.6921,4.2673,0.7924,26622.30,0.0376,609.00,0.3756,0.5920,0.5502,1.0204,1.4146
8,10000,100,20,30,200.00,729.00,1.6921,4.2673,0.8004,27483.77,0.0364,611.00,0.3639,0.5937,0.5511,1.0109,1.4444
8,10000,100,20,40,200.00,729.00,1.6921,4.2673,0.8026,27201.10,0.0368,609.00,0.3676,0.5782,0.5370,1.0160,1.3466
8,10000,100,40,8,200.00,729.00,1.6921,4.2673,0.7809,15541.05,0.0643,610.00,0.6435,1.1336,1.0590,1.8140,2.7640
8,10000,100,40,16,200.00,729.00,1.6921,4.2673,0.8513,15312.16,0.0653,613.00,0.6531,1.1257,1.0613,1.8574,2.4906
8,10000,100,40,32,200.00,729.00,1.6921,4.2673,0.8835,15630.29,0.0640,612.00,0.6398,1.1039,1.0365,1.8464,2.4715
8,10000,100,40,40,200.00,729.00,1.6921,4.2673,0.8877,15199.79,0.0658,608.00,0.6579,1.1264,1.0575,1.7876,2.6214
8,10000,100,40,60,200.00,729.00,1.6921,4.2673,0.8914,15487.67,0.0646,607.00,0.6457,1.1449,1.0816,1.8279,2.4362
8,10000,100,40,80,200.00,729.00,1.6921,4.2673,0.8925,15176.59,0.0659,610.00,0.6589,1.1472,1.0808,1.8437,2.5474
8,10000,100,80,16,200.00,729.00,1.6921,4.2673,0.8795,8402.91,0.1190,605.00,1.1901,2.1455,2.0284,3.2425,5.2031
8,10000,100,80,32,200.00,729.00,1.6921,4.2673,0.9319,8290.52,0.1206,610.00,1.2062,2.1655,2.0453,3.2180,5.3978
8,10000,100,80,64,200.00,729.00,1.6921,4.2673,0.9498,8350.50,0.1198,610.00,1.1975,2.1918,2.0847,3.3290,4.6189
8,10000,100,80,80,200.00,729.00,1.6921,4.2673,0.9518,8311.39,0.1203,612.00,1.2032,2.2029,2.0960,3.3305,4.3924
8,10000,100,80,120,200.00,729.00,1.6921,4.2673,0.9529,8416.71,0.1188,610.00,1.1881,2.1972,2.0826,3.2377,4.6440
8,10000,100,80,160,200.00,729.00,1.6921,4.2673,0.9532,8165.70,0.1225,612.00,1.2246,2.2740,2.1513,3.4259,4.6426
8,10000,100,160,32,200.00,729.00,1.6921,4.2673,0.9468,4555.24,0.2195,611.00,2.1953,4.0976,3.9440,5.8394,8.6800
8,10000,100,160,64,200.00,729.00,1.6921,4.2673,0.9756,4541.68,0.2202,607.00,2.2018,4.2321,4.0597,6.0766,7.9387
8,10000,100,160,128,200.00,729.00,1.6921,4.2673,0.9829,4385.81,0.2280,611.00,2.2801,4.2249,4.0469,5.9226,9.3373
8,10000,100,160,160,200.00,729.00,1.6921,4.2673,0.9836,4503.89,0.2220,617.00,2.2203,4.2393,4.0440,6.0937,8.7613
8,10000,100,160,240,200.00,729.00,1.6921,4.2673,0.9840,4338.90,0.2305,611.00,2.3047,4.3002,4.1275,6.0258,9.1274
8,10000,100,160,320,200.00,729.00,1.6921,4.2673,0.9840,4296.74,0.2327,615.00,2.3273,4.4284,4.2700,6.1822,8.6344
8,10000,100,320,64,200.00,729.00,1.6921,4.2673,0.9818,2406.28,0.4156,624.00,4.1558,7.7892,7.5200,10.9085,16.4886
8,10000,100,320,128,200.00,729.00,1.6921,4.2673,0.9931,2395.98,0.4174,626.00,4.1737,8.0669,7.7837,11.3523,16.2171
8,10000,100,320,256,200.00,729.00,1.6921,4.2673,0.9956,2230.38,0.4484,630.00,4.4835,8.5381,8.2821,11.9677,16.3333
8,10000,100,320,320,200.00,729.00,1.6921,4.2673,0.9956,2279.10,0.4388,641.00,4.3877,8.1958,7.9264,10.8525,19.0328
8,10000,100,320,480,200.00,729.00,1.6921,4.2673,0.9958,2244.98,0.4454,625.00,4.4544,8.4916,8.2692,11.8791,14.8171
8,10000,100,320,640,200.00,729.00,1.6921,4.2673,0.9958,2202.81,0.4540,628.00,4.5397,8.7738,8.5443,11.9398,15.4891
8,10000,100,640,128,200.00,729.00,1.6921,4.2673,0.9948,1284.46,0.7785,649.00,7.7854,14.5229,14.0818,20.7741,27.9989
8,10000,100,640,256,200.00,729.00,1.6921,4.2673,0.9984,1214.11,0.8236,662.00,8.2365,15.6832,15.2552,21.8543,27.4180
8,10000,100,640,512,200.00,729.00,1.6921,4.2673,0.9989,1202.08,0.8319,648.00,8.3189,15.7322,15.3503,21.7966,29.4068
8,10000,100,640,640,200.00,729.00,1.6921,4.2673,0.9989,1189.36,0.8408,647.00,8.4079,16.0988,15.7255,22.5556,27.1244
8,10000,100,640,960,200.00,729.00,1.6921,4.2673,0.9990,1126.23,0.8879,661.00,8.8792,16.7724,16.3949,22.8427,29.8189
8,10000,100,640,1280,200.00,729.00,1.6921,4.2673,0.9990,1051.66,0.9509,644.00,9.5088,18.1347,17.7825,24.1820,27.9522
8,10000,200,10,2,188.00,728.00,2.0598,4.5380,0.5160,39709.21,0.0252,621.00,0.2518,0.3808,0.3550,0.6972,0.9620
8,10000,200,10,4,188.00,728.00,2.0598,4.5380,0.6110,37824.00,0.0264,619.00,0.2644,0.3412,0.3147,0.6338,0.8485
8,10000,200,10,8,188.00,728.00,2.0598,4.5380,0.6628,41351.96,0.0242,616.00,0.2418,0.3427,0.3142,0.6346,0.8743
8,10000,200,10,10,188.00,728.00,2.0598,4.5380,0.6724,41663.80,0.0240,621.00,0.2400,0.3217,0.2947,0.5988,0.8179
8,10000,200,10,15,188.00,728.00,2.0598,4.5380,0.6852,41836.23,0.0239,622.00,0.2390,0.3182,0.2853,0.6213,0.8743
8,10000,200,10,20,188.00,728.00,2.0598,4.5380,0.6896,41811.15,0.0239,622.00,0.2392,0.3169,0.2875,0.5971,0.8395
8,10000,200,20,4,188.00,728.00,2.0598,4.5380,0.6646,25223.37,0.0396,620.00,0.3965,0.6061,0.5552,1.0826,1.6367
8,10000,200,20,8,188.00,728.00,2.0598,4.5380,0.7444,25472.04,0.0393,617.00,0.3926,0.6012,0.5576,1.0673,1.5426
8,10000,200,20,16,188.00,728.00,2.0598,4.5380,0.7874,26827.24,0.0373,619.00,0.3728,0.5970,0.5531,1.0312,1.4025
8,10000,200,20,20,188.00,728.00,2.0598,4.5380,0.7937,25907.47,0.0386,621.00,0.3860,0.5997,0.5542,1.0518,1.3855
8,10000,200,20,30,188.00,728.00,2.0598,4.5380,0.8008,27010.56,0.0370,618.00,0.3702,0.5896,0.5457,1.0312,1.3843
8,10000,200,20,40,188.00,728.00,2.0598,4.5380,0.8030,25968.99,0.0385,626.00,0.3851,0.5948,0.5486,1.0413,1.4398
8,10000,200,40,8,188.00,728.00,2.0598,4.5380,0.7863,15317.37,0.0653,624.00,0.6529,1.1550,1.0811,1.8548,2.4857
8,10000,200,40,16,188.00,728.00,2.0598,4.5380,0.8564,15181.03,0.0659,620.00,0.6587,1.1428,1.0696,1.8910,2.4846
8,10000,200,40,32,188.00,728.00,2.0598,4.5380,0.8861,14975.36,0.0668,621.00,0.6678,1.1451,1.0765,1.8654,2.4211
8,10000,200,40,40,188.00,728.00,2.0598,4.5380,0.8900,14678.36,0.0681,616.00,0.6813,1.1633,1.0916,1.9011,2.4912
8,10000,200,40,60,188.00,728.00,2.0598,4.5380,0.8931,14346.02,0.0697,622.00,0.6971,1.1475,1.0673,1.8861,2.8572
8,10000,200,40,80,188.00,728.00,2.0598,4.5380,0.8940,15233.33,0.0656,618.00,0.6565,1.1614,1.0877,1.8697,2.4451
8,10000,200,80,16,188.00,728.00,2.0598,4.5380,0.8842,8439.42,0.1185,616.00,1.1849,2.1492,2.0224,3.2361,4.9079
8,10000,200,80,32,188.00,728.00,2.0598,4.5380,0.9344,8303.81,0.1204,616.00,1.2043,2.2385,2.1148,3.4037,4.5339
8,10000,200,80,64,188.00,728.00,2.0598,4.5380,0.9507,7869.85,0.1271,616.00,1.2707,2.2299,2.0900,3.3915,5.6693
8,10000,200,80,80,188.00,728.00,2.0598,4.5380,0.9523,8117.08,0.1232,616.00,1.2320,2.2197,2.0850,3.3410,5.0449
8,10000,200,80,120,188.00,728.00,2.0598,4.5380,0.9534,8241.91,0.1213,630.00,1.2133,2.2489,2.1347,3.4049,4.4509
8,10000,200,80,160,188.00,728.00,2.0598,4.5380,0.9539,8239.16,0.1214,623.00,1.2137,2.2587,2.1417,3.4413,4.4822
8,10000,200,160,32,188.00,728.00,2.0598,4.5380,0.9493,4483.47,0.2230,621.00,2.2304,4.1552,3.9827,5.9716,8.8145
8,10000,200,160,64,188.00,728.00,2.0598,4.5380,0.9764,4512.33,0.2216,633.00,2.2162,4.2031,4.0181,5.9362,9.3419
8,10000,200,160,128,188.00,728.00,2.0598,4.5380,0.9836,4451.93,0.2246,623.00,2.2462,4.2752,4.0883,6.2355,8.7179
8,10000,200,160,160,188.00,728.00,2.0598,4.5380,0.9841,4429.63,0.2258,623.00,2.2575,4.3071,4.1414,6.2020,8.0703
8,10000,200,160,240,188.00,728.00,2.0598,4.5380,0.9844,4256.69,0.2349,621.00,2.3492,4.4365,4.2595,6.3483,8.3386
8,10000,200,160,320,188.00,728.00,2.0598,4.5380,0.9844,4163.02,0.2402,626.00,2.4021,4.4533,4.2504,6.1232,10.5242
8,10000,200,320,64,188.00,728.00,2.0598,4.5380,0.9825,2380.77,0.4200,633.00,4.2003,7.8285,7.5598,11.0285,16.2227
8,10000,200,320,128,188.00,728.00,2.0598,4.5380,0.9938,2336.08,0.4281,639.00,4.2807,8.2109,7.9653,11.6173,15.2952
8,10000,200,320,256,188.00,728.00,2.0598,4.5380,0.9958,2280.12,0.4386,639.00,4.3857,8.3233,8.0966,11.6916,14.7080
8,10000,200,320,320,188.00,728.00,2.0598,4.5380,0.9959,2205.51,0.4534,644.00,4.5341,8.4562,8.2295,11.8541,14.7187
8,10000,200,320,480,188.00,728.00,2.0598,4.5380,0.9960,2206.76,0.4532,644.00,4.5315,8.6384,8.3779,12.0610,15.2368
8,10000,200,320,640,188.00,728.00,2.0598,4.5380,0.9960,2094.20,0.4775,636.00,4.7751,8.8830,8.6315,12.0817,16.5864
8,10000,200,640,128,188.00,728.00,2.0598,4.5380,0.9954,1258.32,0.7947,653.00,7.9471,14.9303,14.5691,20.8312,25.2273
8,10000,200,640,256,188.00,728.00,2.0598,4.5380,0.9983,1182.19,0.8459,648.00,8.4588,15.9858,15.5569,22.3768,26.2308
8,10000,200,640,512,188.00,728.00,2.0598,4.5380,0.9988,1216.26,0.8222,661.00,8.2219,15.9017,15.4772,22.4742,30.6432
8,10000,200,640,640,188.00,728.00,2.0598,4.5380,0.9989,1203.17,0.8311,660.00,8.3114,16.0122,15.6546,22.5877,29.4767
8,10000,200,640,960,188.00,728.00,2.0598,4.5380,0.9989,1133.06,0.8826,652.00,8.8256,16.7485,16.3542,22.9169,32.7084
8,10000,200,640,1280,188.00,728.00,2.0598,4.5380,0.9989,1065.40,0.9386,658.00,9.3862,18.0634,17.6559,24.2025,30.3391
8,14000,40,14,2,191.00,726.00,2.4102,4.9265,0.4915,52341.97,0.0191,638.00,0.1911,0.2254,0.2093,0.3807,0.4962
8,14000,40,14,5,191.00,726.00,2.4102,4.9265,0.6260,55403.36,0.0180,646.00,0.1805,0.2121,0.1980,0.3521,0.4402
8,14000,40,14,11,191.00,726.00,2.4102,4.9265,0.6887,55338.77,0.0181,637.00,0.1807,0.2032,0.1892,0.3344,0.4353
8,14000,40,14,14,191.00,726.00,2.4102,4.9265,0.6996,56380.41,0.0177,640.00,0.1774,0.2083,0.1925,0.3498,0.4520
8,14000,40,14,21,191.00,726.00,2.4102,4.9265,0.7095,54186.93,0.0185,643.00,0.1845,0.2145,0.2011,0.3461,0.4339
8,14000,40,14,28,191.00,726.00,2.4102,4.9265,0.7147,51887.74,0.0193,639.00,0.1927,0.2135,0.2008,0.3447,0.4285
8,14000,40,28,5,191.00,726.00,2.4102,4.9265,0.6694,32417.07,0.0308,638.00,0.3085,0.3987,0.3750,0.6388,0.8050
8,14000,40,28,11,191.00,726.00,2.4102,4.9265,0.7652,37074.00,0.0270,642.00,0.2697,0.4030,0.3803,0.6352,0.7831
8,14000,40,28,22,191.00,726.00,2.4102,4.9265,0.8076,34651.25,0.0289,641.00,0.2886,0.3952,0.3729,0.6201,0.8004
8,14000,40,28,28,191.00,726.00,2.4102,4.9265,0.8161,35317.32,0.0283,642.00,0.2831,0.3914,0.3668,0.6280,0.7705
8,14000,40,28,42,191.00,726.00,2.4102,4.9265,0.8229,34111.36,0.0293,638.00,0.2932,0.4025,0.3810,0.6380,0.7995
8,14000,40,28,56,191.00,726.00,2.4102,4.9265,0.8253,36086.50,0.0277,637.00,0.2771,0.4145,0.3935,0.6276,0.7778
8,14000,40,56,11,191.00,726.00,2.4102,4.9265,0.7997,21963.12,0.0455,638.00,0.4553,0.7403,0.7002,1.1463,1.3980
8,14000,40,56,22,191.00,726.00,2.4102,4.9265,0.8677,22286.04,0.0449,642.00,0.4487,0.7423,0.7149,1.0913,1.3409
8,14000,40,56,44,191.00,726.00,2.4102,4.9265,0.8997,21667.84,0.0462,635.00,0.4615,0.7511,0.7199,1.1100,1.3534
8,14000,40,56,56,191.00,726.00,2.4102,4.9265,0.9034,21422.12,0.0467,639.00,0.4668,0.7549,0.7202,1.1355,1.4080
8,14000,40,56,84,191.00,726.00,2.4102,4.9265,0.9075,21187.47,0.0472,641.00,0.4720,0.7793,0.7447,1.1589,1.4126
8,14000,40,56,112,191.00,726.00,2.4102,4.9265,0.9084,19824.90,0.0504,641.00,0.5044,0.7978,0.7615,1.1860,1.4771
8,14000,40,112,22,191.00,726.00,2.4102,4.9265,0.8889,12546.89,0.0797,641.00,0.7970,1.4119,1.3771,1.9580,2.3093
8,14000,40,112,44,191.00,726.00,2.4102,4.9265,0.9393,12097.15,0.0827,642.00,0.8266,1.4463,1.3977,2.0692,2.5519
8,14000,40,112,89,191.00,726.00,2.4102,4.9265,0.9570,12075.78,0.0828,639.00,0.8281,1.4715,1.4211,2.0882,2.4953
8,14000,40,112,112,191.00,726.00,2.4102,4.9265,0.9590,11897.28,0.0841,638.00,0.8405,1.4670,1.4111,2.0695,2.6872
8,14000,40,112,168,191.00,726.00,2.4102,4.9265,0.9603,11749.41,0.0851,655.00,0.8511,1.5241,1.4730,2.1229,2.5654
8,14000,40,112,224,191.00,726.00,2.4102,4.9265,0.9608,11198.09,0.0893,640.00,0.8930,1.5795,1.5161,2.2878,2.7562
8,14000,40,224,44,191.00,726.00,2.4102,4.9265,0.9501,6620.36,0.1510,660.00,1.5105,2.7153,2.6450,3.8200,4.5932
8,14000,40,224,89,191.00,726.00,2.4102,4.9265,0.9779,6569.75,0.1522,655.00,1.5221,2.8034,2.7294,3.8607,4.7122
8,14000,40,224,179,191.00,726.00,2.4102,4.9265,0.9856,6537.98,0.1530,663.00,1.5295,2.8257,2.7724,3.7835,4.3842
8,14000,40,224,224,191.00,726.00,2.4102,4.9265,0.9862,6397.12,0.1563,649.00,1.5632,2.8696,2.8025,3.7943,4.6928
8,14000,40,224,336,191.00,726.00,2.4102,4.9265,0.9867,6165.40,0.1622,644.00,1.6220,2.9998,2.9363,3.9668,4.8018
8,14000,40,224,448,191.00,726.00,2.4102,4.9265,0.9868,5936.54,0.1684,645.00,1.6845,3.1637,3.1043,4.1079,4.7681
8,14000,40,448,89,191.00,726.00,2.4102,4.9265,0.9822,3692.48,0.2708,656.00,2.7082,5.1251,5.0549,6.6609,8.0350
8,14000,40,448,179,191.00,726.00,2.4102,4.9265,0.9935,3486.21,0.2868,660.00,2.8684,5.4311,5.3341,6.9412,8.6394
8,14000,40,448,358,191.00,726.00,2.4102,4.9265,0.9960,3370.59,0.2967,658.00,2.9668,5.5694,5.4728,7.2933,8.7674
8,14000,40,448,448,191.00,726.00,2.4102,4.9265,0.9962,3383.60,0.2955,658.00,2.9554,5.6445,5.5652,7.1854,8.3912
8,14000,40,448,672,191.00,726.00,2.4102,4.9265,0.9963,3133.72,0.3191,661.00,3.1911,6.0375,5.9499,7.6212,8.8690
8,14000,40,448,896,191.00,726.00,2.4102,4.9265,0.9964,2901.24,0.3447,670.00,3.4468,6.6494,6.5968,8.0722,8.9728
8,14000,40,896,179,191.00,726.00,2.4102,4.9265,0.9945,2024.87,0.4939,710.00,4.9386,9.3813,9.4464,11.9858,13.6917
8,14000,40,896,358,191.00,726.00,2.4102,4.9265,0.9979,1799.43,0.5557,703.00,5.5573,10.5180,10.3742,13.1728,16.0386
8,14000,40,896,716,191.00,726.00,2.4102,4.9265,0.9985,1747.49,0.5722,723.00,5.7225,11.0757,10.9436,13.5750,14.9594
8,14000,40,896,896,191.00,726.00,2.4102,4.9265,0.9986,1718.75,0.5818,716.00,5.8182,11.3027,11.1824,13.7123,15.0058
8,14000,40,896,1344,191.00,726.00,2.4102,4.9265,0.9988,1519.73,0.6580,720.00,6.5801,12.7149,12.5903,15.1374,17.5287
8,14000,40,896,1792,191.00,726.00,2.4102,4.9265,0.9988,1315.28,0.7603,726.00,7.6029,14.7523,14.6399,17.1484,19.3068
8,14000,100,14,2,278.00,725.00,2.5289,5.0330,0.5071,35873.86,0.0279,627.00,0.2788,0.3891,0.3639,0.7067,0.9488
8,14000,100,14,5,278.00,725.00,2.5289,5.0330,0.6390,37081.11,0.0270,616.00,0.2697,0.3662,0.3409,0.6619,0.9085
8,14000,100,14,11,278.00,725.00,2.5289,5.0330,0.6972,39464.21,0.0253,617.00,0.2534,0.3443,0.3177,0.6338,0.8959
8,14000,100,14,14,278.00,725.00,2.5289,5.0330,0.7067,41470.11,0.0241,614.00,0.2411,0.3434,0.3176,0.6193,0.8933
8,14000,100,14,21,278.00,725.00,2.5289,5.0330,0.7159,41534.77,0.0241,613.00,0.2408,0.3345,0.3102,0.5995,0.8079
8,14000,100,14,28,278.00,725.00,2.5289,5.0330,0.7198,40489.75,0.0247,615.00,0.2470,0.3278,0.2974,0.6048,0.8530
8,14000,100,28,5,278.00,725.00,2.5289,5.0330,0.6841,25135.90,0.0398,616.00,0.3978,0.6497,0.6190,1.0632,1.3804
8,14000,100,28,11,278.00,725.00,2.5289,5.0330,0.7741,24857.54,0.0402,617.00,0.4023,0.6416,0.6115,1.0865,1.4561
8,14000,100,28,22,278.00,725.00,2.5289,5.0330,0.8129,24625.97,0.0406,617.00,0.4061,0.6386,0.6060,1.0546,1.3525
8,14000,100,28,28,278.00,725.00,2.5289,5.0330,0.8207,24493.46,0.0408,610.00,0.4083,0.6211,0.5817,1.0569,1.3892
8,14000,100,28,42,278.00,725.00,2.5289,5.0330,0.8268,25074.92,0.0399,616.00,0.3988,0.6267,0.5856,1.0686,1.5231
8,14000,100,28,56,278.00,725.00,2.5289,5.0330,0.8285,25050.31,0.0399,615.00,0.3992,0.6310,0.6023,1.0325,1.3108
8,14000,100,56,11,278.00,725.00,2.5289,5.0330,0.8112,14123.00,0.0708,619.00,0.7081,1.2409,1.1862,1.9452,2.5832
8,14000,100,56,22,278.00,725.00,2.5289,5.0330,0.8744,14377.33,0.0696,621.00,0.6955,1.2145,1.1630,1.9015,2.4795
8,14000,100,56,44,278.00,725.00,2.5289,5.0330,0.9035,14600.02,0.0685,614.00,0.6849,1.2039,1.1539,1.9108,2.4008
8,14000,100,56,56,278.00,725.00,2.5289,5.0330,0.9075,14561.88,0.0687,618.00,0.6867,1.2076,1.1630,1.8675,2.3183
8,14000,100,56,84,278.00,725.00,2.5289,5.0330,0.9103,14080.01,0.0710,611.00,0.7102,1.2321,1.1806,1.9091,2.3844
8,14000,100,56,112,278.00,725.00,2.5289,5.0330,0.9110,14177.33,0.0705,619.00,0.7054,1.2283,1.1748,1.9364,2.4607
8,14000,100,112,22,278.00,725.00,2.5289,5.0330,0.8982,8136.17,0.1229,615.00,1.2291,2.2805,2.2150,3.3888,4.3300
8,14000,100,112,44,278.00,725.00,2.5289,5.0330,0.9444,7719.77,0.1295,619.00,1.2954,2.3793,2.2909,3.5042,4.4576
8,14000,100,112,89,278.00,725.00,2.5289,5.0330,0.9598,7696.37,0.1299,618.00,1.2993,2.4046,2.3153,3.5060,4.4102
8,14000,100,112,112,278.00,725.00,2.5289,5.0330,0.9612,7611.53,0.1314,616.00,1.3138,2.4369,2.3415,3.5489,4.7603
8,14000,100,112,168,278.00,725.00,2.5289,5.0330,0.9620,7604.07,0.1315,620.00,1.3151,2.4622,2.3682,3.5850,4.5991
8,14000,100,112,224,278.00,725.00,2.5289,5.0330,0.9624,7619.53,0.1312,615.00,1.3124,2.4636,2.3819,3.6519,4.6370
8,14000,100,224,44,278.00,725.00,2.5289,5.0330,0.9561,4405.82,0.2270,619.00,2.2697,4.3014,4.1442,6.2971,9.3022
8,14000,100,224,89,278.00,725.00,2.5289,5.0330,0.9807,4280.85,0.2336,633.00,2.3360,4.4605,4.2928,6.3891,9.3938
8,14000,100,224,179,278.00,725.00,2.5289,5.0330,0.9867,4213.60,0.2373,618.00,2.3733,4.5130,4.4198,6.3687,7.7913
8,14000,100,224,224,278.00,725.00,2.5289,5.0330,0.9873,4155.05,0.2407,618.00,2.4067,4.5461,4.4361,6.4222,7.9348
8,14000,100,224,336,278.00,725.00,2.5289,5.0330,0.9879,4094.85,0.2442,620.00,2.4421,4.6801,4.5297,6.6992,8.2151
8,14000,100,224,448,278.00,725.00,2.5289,5.0330,0.9880,3934.47,0.2542,622.00,2.5416,4.8756,4.7474,6.7539,8.2421
8,14000,100,448,89,278.00,725.00,2.5289,5.0330,0.9853,2325.04,0.4301,633.00,4.3010,8.2837,8.0241,11.7577,15.5352
8,14000,100,448,179,278.00,725.00,2.5289,5.0330,0.9945,2224.15,0.4496,640.00,4.4961,8.6888,8.5317,11.8083,14.4684
8,14000,100,448,358,278.00,725.00,2.5289,5.0330,0.9964,2165.77,0.4617,656.00,4.6173,8.9135,8.6781,12.3990,15.4164
8,14000,100,448,448,278.00,725.00,2.5289,5.0330,0.9966,2170.37,0.4608,640.00,4.6075,8.9028,8.7173,12.1036,15.2629
8,14000,100,448,672,278.00,725.00,2.5289,5.0330,0.9966,2053.71,0.4869,644.00,4.8692,9.3512,9.1837,12.4309,15.0435
8,14000,100,448,896,278.00,725.00,2.5289,5.0330,0.9966,1953.91,0.5118,646.00,5.1179,9.9116,9.7011,13.1038,16.0104
8,14000,100,896,179,278.00,725.00,2.5289,5.0330,0.9957,1225.18,0.8162,696.00,8.1620,15.4350,15.3081,21.3363,24.5524
8,14000,100,896,358,278.00,725.00,2.5289,5.0330,0.9984,1156.02,0.8650,689.00,8.6504,16.7747,16.3584,22.4605,26.6413
8,14000,100,896,716,278.00,725.00,2.5289,5.0330,0.9988,1115.48,0.8965,694.00,8.9648,17.2340,16.8681,22.9020,26.6789
8,14000,100,896,896,278.00,725.00,2.5289,5.0330,0.9989,1107.22,0.9032,708.00,9.0316,17.5748,17.2095,23.3587,28.5197
8,14000,100,896,1344,278.00,725.00,2.5289,5.0330,0.9989,1029.14,0.9717,690.00,9.7169,19.0153,18.6440,24.6178,28.6116
8,14000,100,896,1792,278.00,725.00,2.5289,5.0330,0.9989,897.48,1.1142,708.00,11.1423,21.3717,21.1043,26.6294,29.7383
8,14000,200,14,2,255.00,723.00,2.9481,5.5249,0.5052,36838.90,0.0271,601.00,0.2715,0.3997,0.3723,0.7184,1.0233
8,14000,200,14,5,255.00,723.00,2.9481,5.5249,0.6384,39124.09,0.0256,606.00,0.2556,0.3832,0.3597,0.6835,0.9320
8,14000,200,14,11,255.00,723.00,2.9481,5.5249,0.6966,38234.19,0.0262,604.00,0.2615,0.3573,0.3319,0.6557,0.9137
8,14000,200,14,14,255.00,723.00,2.9481,5.5249,0.7067,39421.30,0.0254,600.00,0.2537,0.3584,0.3321,0.6460,0.9007
8,14000,200,14,21,255.00,723.00,2.9481,5.5249,0.7165,40114.53,0.0249,602.00,0.2493,0.3280,0.3028,0.5978,0.8596
8,14000,200,14,28,255.00,723.00,2.9481,5.5249,0.7207,39747.30,0.0252,601.00,0.2516,0.3292,0.3002,0.5972,0.8789
8,14000,200,28,5,255.00,723.00,2.9481,5.5249,0.6832,24488.39,0.0408,601.00,0.4084,0.6637,0.6305,1.0922,1.4103
8,14000,200,28,11,255.00,723.00,2.9481,5.5249,0.7746,24383.45,0.0410,601.00,0.4101,0.6629,0.6302,1.0941,1.3789
8,14000,200,28,22,255.00,723.00,2.9481,5.5249,0.8162,24246.65,0.0412,602.00,0.4124,0.6610,0.6200,1.1140,1.5600
8,14000,200,28,28,255.00,723.00,2.9481,5.5249,0.8225,23963.85,0.0417,599.00,0.4173,0.6546,0.6149,1.1215,1.5763
8,14000,200,28,42,255.00,723.00,2.9481,5.5249,0.8283,23918.12,0.0418,600.00,0.4181,0.6591,0.6276,1.0785,1.3846
8,14000,200,28,56,255.00,723.00,2.9481,5.5249,0.8304,23693.54,0.0422,604.00,0.4221,0.6696,0.6339,1.1106,1.4192
8,14000,200,56,11,255.00,723.00,2.9481,5.5249,0.8104,12989.24,0.0770,599.00,0.7699,1.2712,1.1984,2.0869,2.7191
8,14000,200,56,22,255.00,723.00,2.9481,5.5249,0.8763,13500.20,0.0741,599.00,0.7407,1.2828,1.2303,1.9897,2.5100
8,14000,200,56,44,255.00,723.00,2.9481,5.5249,0.9047,13532.25,0.0739,604.00,0.7390,1.2579,1.1840,2.0283,2.7840
8,14000,200,56,56,255.00,723.00,2.9481,5.5249,0.9090,13879.68,0.0720,602.00,0.7205,1.2443,1.1781,1.9494,2.6739
8,14000,200,56,84,255.00,723.00,2.9481,5.5249,0.9116,13794.31,0.0725,600.00,0.7249,1.2691,1.2081,1.9695,2.4712
8,14000,200,56,112,255.00,723.00,2.9481,5.5249,0.9121,13297.89,0.0752,600.00,0.7520,1.3179,1.2647,2.0103,2.5304
8,14000,200,112,22,255.00,723.00,2.9481,5.5249,0.8994,7652.51,0.1307,601.00,1.3068,2.3934,2.3106,3.5390,4.4429
8,14000,200,112,44,255.00,723.00,2.9481,5.5249,0.9446,7320.68,0.1366,604.00,1.3660,2.4434,2.3565,3.6251,4.6382
8,14000,200,112,89,255.00,723.00,2.9481,5.5249,0.9604,7596.73,0.1316,615.00,1.3164,2.4473,2.3550,3.5736,4.6379
8,14000,200,112,112,255.00,723.00,2.9481,5.5249,0.9621,7316.89,0.1367,605.00,1.3667,2.4321,2.3230,3.6446,5.0593
8,14000,200,112,168,255.00,723.00,2.9481,5.5249,0.9631,7344.70,0.1362,615.00,1.3615,2.5031,2.4209,3.6538,4.5406
8,14000,200,112,224,255.00,723.00,2.9481,5.5249,0.9634,7228.97,0.1383,603.00,1.3833,2.5603,2.4825,3.6581,4.3979
8,14000,200,224,44,255.00,723.00,2.9481,5.5249,0.9568,4100.41,0.2439,616.00,2.4388,4.5392,4.4229,6.4187,7.6899
8,14000,200,224,89,255.00,723.00,2.9481,5.5249,0.9812,3999.38,0.2500,617.00,2.5004,4.6878,4.5562,6.6000,7.8441
8,14000,200,224,179,255.00,723.00,2.9481,5.5249,0.9871,3954.51,0.2529,614.00,2.5288,4.7384,4.6178,6.6584,8.0894
8,14000,200,224,224,255.00,723.00,2.9481,5.5249,0.9874,3961.66,0.2524,610.00,2.5242,4.6308,4.4757,6.5246,9.0592
8,14000,200,224,336,255.00,723.00,2.9481,5.5249,0.9875,3862.56,0.2589,612.00,2.5890,4.8663,4.7356,6.7849,8.0865
8,14000,200,224,448,255.00,723.00,2.9481,5.5249,0.9876,3694.71,0.2707,625.00,2.7066,5.0032,4.8341,6.9187,9.8505
8,14000,200,448,89,255.00,723.00,2.9481,5.5249,0.9860,2223.45,0.4498,632.00,4.4975,8.3485,8.2145,11.8190,14.9505
8,14000,200,448,179,255.00,723.00,2.9481,5.5249,0.9952,2203.01,0.4539,632.00,4.5392,8.7873,8.5919,12.0568,14.6949
8,14000,200,448,358,255.00,723.00,2.9481,5.5249,0.9966,2160.85,0.4628,650.00,4.6278,8.9384,8.7542,11.9977,14.6971
8,14000,200,448,448,255.00,723.00,2.9481,5.5249,0.9967,2158.28,0.4633,650.00,4.6333,8.9218,8.7545,12.0595,15.0313
8,14000,200,448,672,255.00,723.00,2.9481,5.5249,0.9968,2039.79,0.4902,635.00,4.9025,9.4562,9.2566,12.7553,15.4120
8,14000,200,448,896,255.00,723.00,2.9481,5.5249,0.9968,1927.72,0.5187,635.00,5.1875,10.0062,9.8297,13.1132,15.5357
8,14000,200,896,179,255.00,723.00,2.9481,5.5249,0.9965,1220.88,0.8191,675.00,8.1908,15.5109,15.2884,21.1967,25.5974
8,14000,200,896,358,255.00,723.00,2.9481,5.5249,0.9987,1133.15,0.8825,692.00,8.8250,16.7141,16.3482,22.4268,28.4677
8,14000,200,896,716,255.00,723.00,2.9481,5.5249,0.9991,1085.18,0.9215,694.00,9.2151,17.5786,17.2446,23.1146,26.2699
8,14000,200,896,896,255.00,723.00,2.9481,5.5249,0.9991,1086.36,0.9205,687.00,9.2050,17.5255,17.2355,23.3592,27.2281
8,14000,200,896,1344,255.00,723.00,2.9481,5.5249,0.9991,977.60,1.0229,698.00,10.2291,19.3734,19.0051,25.4129,28.5996
8,14000,200,896,1792,255.00,723.00,2.9481,5.5249,0.9991,938.52,1.0655,700.00,10.6550,20.9092,20.4536,28.7539,33.8324
8,18000,40,18,3,244.00,725.00,3.7630,6.5597,0.5576,35379.76,0.0283,727.00,0.2826,0.4087,0.3883,0.7108,0.8933
8,18000,40,18,7,244.00,725.00,3.7630,6.5597,0.6631,33983.73,0.0294,726.00,0.2943,0.4033,0.3757,0.7172,0.9075
8,18000,40,18,14,244.00,725.00,3.7630,6.5597,0.7090,33504.41,0.0298,725.00,0.2985,0.4488,0.4356,0.7582,0.9668
8,18000,40,18,18,244.00,725.00,3.7630,6.5597,0.7186,33732.74,0.0296,728.00,0.2964,0.4199,0.4081,0.7386,0.9624
8,18000,40,18,27,244.00,725.00,3.7630,6.5597,0.7274,35097.50,0.0285,726.00,0.2849,0.3861,0.3603,0.6735,0.8810
8,18000,40,18,36,244.00,725.00,3.7630,6.5597,0.7310,35424.30,0.0282,728.00,0.2823,0.3787,0.3514,0.6555,0.8382
8,18000,40,36,7,244.00,725.00,3.7630,6.5597,0.7086,23476.83,0.0426,724.00,0.4260,0.6930,0.6665,1.1146,1.3741
8,18000,40,36,14,244.00,725.00,3.7630,6.5597,0.7842,24050.83,0.0416,723.00,0.4158,0.6764,0.6530,1.0784,1.3669
8,18000,40,36,28,244.00,725.00,3.7630,6.5597,0.8232,23864.49,0.0419,723.00,0.4190,0.6762,0.6531,1.0659,1.3514
8,18000,40,36,36,244.00,725.00,3.7630,6.5597,0.8306,23091.24,0.0433,729.00,0.4331,0.6573,0.6218,1.0986,1.5023
8,18000,40,36,54,244.00,725.00,3.7630,6.5597,0.8365,23711.35,0.0422,725.00,0.4217,0.6539,0.6251,1.0566,1.5492
8,18000,40,36,72,244.00,725.00,3.7630,6.5597,0.8385,24029.08,0.0416,724.00,0.4162,0.6787,0.6585,1.0538,1.2898
8,18000,40,72,14,244.00,725.00,3.7630,6.5597,0.8161,13682.65,0.0731,728.00,0.7309,1.2780,1.2499,1.9516,2.3443
8,18000,40,72,28,244.00,725.00,3.7630,6.5597,0.8808,13769.76,0.0726,724.00,0.7262,1.2977,1.2678,1.9627,2.4119
8,18000,40,72,57,244.00,725.00,3.7630,6.5597,0.9103,13719.94,0.0729,727.00,0.7289,1.2670,1.2213,1.9076,2.6452
8,18000,40,72,72,244.00,725.00,3.7630,6.5597,0.9143,13736.04,0.0728,727.00,0.7280,1.2764,1.2492,1.8968,2.3596
8,18000,40,72,108,244.00,725.00,3.7630,6.5597,0.9176,12994.05,0.0770,727.00,0.7696,1.3114,1.2591,2.0194,2.6527
8,18000,40,72,144,244.00,725.00,3.7630,6.5597,0.9184,12935.16,0.0773,726.00,0.7731,1.3360,1.2968,1.9901,2.5196
8,18000,40,144,28,244.00,725.00,3.7630,6.5597,0.9012,7438.09,0.1344,725.00,1.3444,2.4303,2.3603,3.6304,4.7069
8,18000,40,144,57,244.00,725.00,3.7630,6.5597,0.9472,7286.72,0.1372,735.00,1.3724,2.4755,2.3976,3.6125,5.0190
8,18000,40,144,115,244.00,725.00,3.7630,6.5597,0.9631,7173.09,0.1394,726.00,1.3941,2.5388,2.4815,3.6452,4.4764
8,18000,40,144,144,244.00,725.00,3.7630,6.5597,0.9647,7142.79,0.1400,727.00,1.4000,2.5374,2.4640,3.6492,4.8011
8,18000,40,144,216,244.00,725.00,3.7630,6.5597,0.9661,6891.93,0.1451,727.00,1.4510,2.6452,2.5989,3.7140,4.5941
8,18000,40,144,288,244.00,725.00,3.7630,6.5597,0.9664,6606.59,0.1514,738.00,1.5136,2.6932,2.5985,4.0466,4.9230
8,18000,40,288,57,244.00,725.00,3.7630,6.5597,0.9577,3781.51,0.2644,740.00,2.6444,4.7168,4.5849,6.9120,8.7021
8,18000,40,288,115,244.00,725.00,3.7630,6.5597,0.9818,3631.69,0.2754,744.00,2.7535,4.9346,4.7869,7.1402,8.8199
8,18000,40,288,230,244.00,725.00,3.7630,6.5597,0.9888,3617.29,0.2764,727.00,2.7645,4.9916,4.8359,7.2165,8.9333
8,18000,40,288,288,244.00,725.00,3.7630,6.5597,0.9892,3650.89,0.2739,733.00,2.7391,4.9573,4.8198,7.1228,8.9231
8,18000,40,288,432,244.00,725.00,3.7630,6.5597,0.9897,3584.23,0.2790,734.00,2.7900,5.1209,4.9941,7.2406,8.8899
8,18000,40,288,576,244.00,725.00,3.7630,6.5597,0.9897,3470.19,0.2882,741.00,2.8817,5.2921,5.1923,7.3471,9.3278
8,18000,40,576,115,244.00,725.00,3.7630,6.5597,0.9854,2115.57,0.4727,747.00,4.7269,8.6712,8.5140,12.6296,16.2010
8,18000,40,576,230,244.00,725.00,3.7630,6.5597,0.9950,1711.81,0.5842,749.00,5.8418,10.1968,10.7943,15.3328,18.0254
8,18000,40,576,460,244.00,725.00,3.7630,6.5597,0.9970,1901.47,0.5259,748.00,5.2591,9.5842,9.2948,14.1342,16.8434
8,18000,40,576,576,244.00,725.00,3.7630,6.5597,0.9972,1803.55,0.5545,754.00,5.5446,9.9760,9.7494,13.8137,16.3781
8,18000,40,576,864,244.00,725.00,3.7630,6.5597,0.9972,1758.44,0.5687,735.00,5.6869,10.4404,10.3234,13.9064,15.8892
8,18000,40,576,1152,244.00,725.00,3.7630,6.5597,0.9973,1624.66,0.6155,736.00,6.1551,11.4588,11.3342,14.9149,16.9330
8,18000,40,1152,230,244.00,725.00,3.7630,6.5597,0.9958,1116.73,0.8955,788.00,8.9547,16.3770,16.3795,22.9326,26.7976
8,18000,40,1152,460,244.00,725.00,3.7630,6.5597,0.9984,1011.78,0.9884,795.00,9.8835,18.3116,18.0866,24.9329,29.7995
8,18000,40,1152,921,244.00,725.00,3.7630,6.5597,0.9988,992.23,1.0078,777.00,10.0783,19.0086,18.7508,24.4164,27.6081
8,18000,40,1152,1152,244.00,725.00,3.7630,6.5597,0.9989,984.58,1.0157,772.00,10.1566,19.1677,18.9472,24.4197,27.3811
8,18000,40,1152,1728,244.00,725.00,3.7630,6.5597,0.9989,850.52,1.1758,766.00,11.7575,21.9880,22.0181,27.5016,30.2761
8,18000,40,1152,2304,244.00,725.00,3.7630,6.5597,0.9989,766.77,1.3042,763.00,13.0417,24.8895,24.6704,30.2244,33.0645
8,18000,100,18,3,303.00,726.00,3.6864,6.3096,0.5639,35142.25,0.0285,694.00,0.2846,0.4217,0.4007,0.7377,0.9489
8,18000,100,18,7,303.00,726.00,3.6864,6.3096,0.6720,38030.52,0.0263,694.00,0.2629,0.3893,0.3697,0.6723,0.8721
8,18000,100,18,14,303.00,726.00,3.6864,6.3096,0.7185,38056.28,0.0263,694.00,0.2628,0.3853,0.3648,0.6619,0.8517
8,18000,100,18,18,303.00,726.00,3.6864,6.3096,0.7273,37409.61,0.0267,697.00,0.2673,0.3674,0.3446,0.6553,0.8719
8,18000,100,18,27,303.00,726.00,3.6864,6.3096,0.7359,38922.52,0.0257,692.00,0.2569,0.3656,0.3465,0.6241,0.8454
8,18000,100,18,36,303.00,726.00,3.6864,6.3096,0.7387,37403.51,0.0267,689.00,0.2674,0.3565,0.3325,0.6189,0.8176
8,18000,100,36,7,303.00,726.00,3.6864,6.3096,0.7187,23506.71,0.0425,692.00,0.4254,0.6739,0.6498,1.0857,1.4187
8,18000,100,36,14,303.00,726.00,3.6864,6.3096,0.7937,23242.16,0.0430,694.00,0.4303,0.6917,0.6652,1.1297,1.4205
8,18000,100,36,28,303.00,726.00,3.6864,6.3096,0.8325,22500.46,0.0444,691.00,0.4444,0.6894,0.6569,1.1383,1.4329
8,18000,100,36,36,303.00,726.00,3.6864,6.3096,0.8378,23586.31,0.0424,690.00,0.4240,0.6680,0.6426,1.0894,1.3318
8,18000,100,36,54,303.00,726.00,3.6864,6.3096,0.8426,23311.01,0.0429,688.00,0.4290,0.6898,0.6638,1.0995,1.3607
8,18000,100,36,72,303.00,726.00,3.6864,6.3096,0.8443,23221.57,0.0431,692.00,0.4306,0.6925,0.6576,1.1164,1.4700
8,18000,100,72,14,303.00,726.00,3.6864,6.3096,0.8271,13421.03,0.0745,692.00,0.7451,1.2967,1.2536,1.9672,2.3801
8,18000,100,72,28,303.00,726.00,3.6864,6.3096,0.8901,13013.44,0.0768,706.00,0.7684,1.3019,1.2498,2.0256,2.6171
8,18000,100,72,57,303.00,726.00,3.6864,6.3096,0.9149,13189.46,0.0758,697.00,0.7582,1.3022,1.2473,1.9960,2.6492
8,18000,100,72,72,303.00,726.00,3.6864,6.3096,0.9180,13334.06,0.0750,701.00,0.7500,1.2961,1.2496,1.9674,2.4297
8,18000,100,72,108,303.00,726.00,3.6864,6.3096,0.9205,12576.24,0.0795,694.00,0.7952,1.3490,1.3025,2.0647,2.6833
8,18000,100,72,144,303.00,726.00,3.6864,6.3096,0.9211,12304.02,0.0813,697.00,0.8127,1.3838,1.3310,2.1168,2.6063
8,18000,100,144,28,303.00,726.00,3.6864,6.3096,0.9109,7013.29,0.1426,696.00,1.4259,2.5498,2.4626,3.8466,4.9006
8,18000,100,144,57,303.00,726.00,3.6864,6.3096,0.9530,7086.24,0.1411,691.00,1.4112,2.5568,2.4957,3.6478,4.2954
8,18000,100,144,115,303.00,726.00,3.6864,6.3096,0.9658,6966.57,0.1435,694.00,1.4354,2.6040,2.5281,3.7213,4.5780
8,18000,100,144,144,303.00,726.00,3.6864,6.3096,0.9668,6852.74,0.1459,695.00,1.4593,2.5806,2.4993,3.8085,4.6241
8,18000,100,144,216,303.00,726.00,3.6864,6.3096,0.9676,6972.84,0.1434,695.00,1.4341,2.5881,2.5060,3.7257,4.8148
8,18000,100,144,288,303.00,726.00,3.6864,6.3096,0.9677,6872.64,0.1455,697.00,1.4550,2.6792,2.6289,3.7089,4.4618
8,18000,100,288,57,303.00,726.00,3.6864,6.3096,0.9638,3925.74,0.2547,701.00,2.5473,4.7320,4.6645,6.5120,7.5312
8,18000,100,288,115,303.00,726.00,3.6864,6.3096,0.9846,3727.81,0.2683,697.00,2.6825,4.9445,4.8503,6.7469,7.8129
8,18000,100,288,230,303.00,726.00,3.6864,6.3096,0.9892,3719.33,0.2689,695.00,2.6887,4.9997,4.9158,6.8471,7.9036
8,18000,100,288,288,303.00,726.00,3.6864,6.3096,0.9895,3727.80,0.2683,716.00,2.6825,4.9476,4.8576,6.8240,8.0424
8,18000,100,288,432,303.00,726.00,3.6864,6.3096,0.9897,3589.66,0.2786,714.00,2.7858,5.1379,5.0157,7.2200,8.9381
8,18000,100,288,576,303.00,726.00,3.6864,6.3096,0.9897,3339.15,0.2995,707.00,2.9948,5.5588,5.4788,7.3971,8.5384
8,18000,100,576,115,303.00,726.00,3.6864,6.3096,0.9883,2034.92,0.4914,721.00,4.9142,8.9986,8.8367,12.5693,15.2974
8,18000,100,576,230,303.00,726.00,3.6864,6.3096,0.9957,1994.83,0.5013,726.00,5.0130,9.4788,9.3423,12.6493,14.5240
8,18000,100,576,460,303.00,726.00,3.6864,6.3096,0.9971,1970.37,0.5075,729.00,5.0752,9.6981,9.5413,12.8857,15.1618
8,18000,100,576,576,303.00,726.00,3.6864,6.3096,0.9972,1917.98,0.5214,729.00,5.2138,9.7958,9.6140,13.2295,15.0714
8,18000,100,576,864,303.00,726.00,3.6864,6.3096,0.9973,1857.83,0.5383,740.00,5.3826,10.3647,10.2185,13.6094,15.6427
8,18000,100,576,1152,303.00,726.00,3.6864,6.3096,0.9973,1687.17,0.5927,732.00,5.9271,11.2797,11.1349,14.4482,16.1442
8,18000,100,1152,230,303.00,726.00,3.6864,6.3096,0.9966,1162.80,0.8600,778.00,8.5999,16.3643,16.2753,21.9220,24.7399
8,18000,100,1152,460,303.00,726.00,3.6864,6.3096,0.9986,1051.88,0.9507,757.00,9.5068,18.1107,17.7435,24.0211,28.0218
8,18000,100,1152,921,303.00,726.00,3.6864,6.3096,0.9989,988.81,1.0113,771.00,10.1132,19.0476,18.6870,24.9126,28.8743
8,18000,100,1152,1152,303.00,726.00,3.6864,6.3096,0.9990,978.36,1.0221,767.00,10.2212,19.1841,18.8063,25.1848,30.9996
8,18000,100,1152,1728,303.00,726.00,3.6864,6.3096,0.9991,880.49,1.1357,771.00,11.3573,21.5885,21.1563,27.6476,33.4527
8,18000,100,1152,2304,303.00,726.00,3.6864,6.3096,0.9991,784.83,1.2742,756.00,12.7416,24.8466,24.5103,30.2405,33.6676
8,18000,200,18,3,304.00,727.00,4.2974,6.9521,0.5669,34136.20,0.0293,670.00,0.2929,0.4145,0.3891,0.7442,1.0269
8,18000,200,18,7,304.00,727.00,4.2974,6.9521,0.6753,37004.64,0.0270,670.00,0.2702,0.3954,0.3718,0.7083,0.9186
8,18000,200,18,14,304.00,727.00,4.2974,6.9521,0.7208,37788.04,0.0265,674.00,0.2646,0.3766,0.3550,0.6592,0.8692
8,18000,200,18,18,304.00,727.00,4.2974,6.9521,0.7287,36734.83,0.0272,678.00,0.2722,0.3630,0.3385,0.6504,0.8904
8,18000,200,18,27,304.00,727.00,4.2974,6.9521,0.7371,38605.96,0.0259,675.00,0.2590,0.3763,0.3581,0.6330,0.7950
8,18000,200,18,36,304.00,727.00,4.2974,6.9521,0.7399,37993.22,0.0263,674.00,0.2632,0.3692,0.3478,0.6412,0.8747
8,18000,200,36,7,304.00,727.00,4.2974,6.9521,0.7221,23282.54,0.0430,671.00,0.4295,0.6878,0.6655,1.1127,1.3693
8,18000,200,36,14,304.00,727.00,4.2974,6.9521,0.7951,23580.72,0.0424,673.00,0.4241,0.6972,0.6685,1.1163,1.3647
8,18000,200,36,28,304.00,727.00,4.2974,6.9521,0.8319,23076.41,0.0433,672.00,0.4333,0.7004,0.6736,1.1308,1.4094
8,18000,200,36,36,304.00,727.00,4.2974,6.9521,0.8366,22918.77,0.0436,674.00,0.4363,0.6892,0.6588,1.1179,1.5213
8,18000,200,36,54,304.00,727.00,4.2974,6.9521,0.8412,22260.78,0.0449,671.00,0.4492,0.6910,0.6500,1.1463,1.4769
8,18000,200,36,72,304.00,727.00,4.2974,6.9521,0.8428,22249.35,0.0449,674.00,0.4495,0.7196,0.6878,1.1430,1.4611
8,18000,200,72,14,304.00,727.00,4.2974,6.9521,0.8301,13133.23,0.0761,673.00,0.7614,1.2960,1.2468,2.0269,2.5515
8,18000,200,72,28,304.00,727.00,4.2974,6.9521,0.8906,12455.63,0.0803,669.00,0.8028,1.3474,1.2956,2.1007,2.6189
8,18000,200,72,57,304.00,727.00,4.2974,6.9521,0.9146,12709.25,0.0787,668.00,0.7868,1.3503,1.3139,2.0251,2.4602
8,18000,200,72,72,304.00,727.00,4.2974,6.9521,0.9176,12918.64,0.0774,668.00,0.7741,1.3456,1.2891,2.0491,2.8574
8,18000,200,72,108,304.00,727.00,4.2974,6.9521,0.9200,12803.57,0.0781,673.00,0.7810,1.3584,1.3109,2.0549,2.5777
8,18000,200,72,144,304.00,727.00,4.2974,6.9521,0.9206,12692.78,0.0788,668.00,0.7878,1.4010,1.3553,2.0633,2.5000
8,18000,200,144,28,304.00,727.00,4.2974,6.9521,0.9117,7230.45,0.1383,674.00,1.3830,2.5196,2.4692,3.6184,4.3500
8,18000,200,144,57,304.00,727.00,4.2974,6.9521,0.9531,7279.06,0.1374,677.00,1.3738,2.5288,2.4404,3.6895,4.7369
8,18000,200,144,115,304.00,727.00,4.2974,6.9521,0.9664,7109.44,0.1407,687.00,1.4066,2.5715,2.5007,3.7128,4.5140
8,18000,200,144,144,304.00,727.00,4.2974,6.9521,0.9674,6893.12,0.1451,679.00,1.4507,2.5864,2.4886,3.8021,4.9723
8,18000,200,144,216,304.00,727.00,4.2974,6.9521,0.9682,6917.20,0.1446,678.00,1.4457,2.6767,2.5966,3.8303,4.6903
8,18000,200,144,288,304.00,727.00,4.2974,6.9521,0.9683,6867.75,0.1456,681.00,1.4561,2.7368,2.6705,3.8305,4.5819
8,18000,200,288,57,304.00,727.00,4.2974,6.9521,0.9638,3829.51,0.2611,687.00,2.6113,4.7877,4.6958,6.7057,8.1581
8,18000,200,288,115,304.00,727.00,4.2974,6.9521,0.9848,3693.92,0.2707,687.00,2.7072,4.9968,4.9069,6.9216,7.9299
8,18000,200,288,230,304.00,727.00,4.2974,6.9521,0.9894,3701.54,0.2702,687.00,2.7016,4.9225,4.8181,6.9657,8.7764
8,18000,200,288,288,304.00,727.00,4.2974,6.9521,0.9898,3722.66,0.2686,684.00,2.6863,5.0270,4.9207,6.8893,8.2089
8,18000,200,288,432,304.00,727.00,4.2974,6.9521,0.9899,3554.35,0.2813,677.00,2.8135,5.2864,5.1980,7.1885,8.3219
8,18000,200,288,576,304.00,727.00,4.2974,6.9521,0.9899,3430.00,0.2915,683.00,2.9155,5.4861,5.3737,7.4166,8.6809
8,18000,200,576,115,304.00,727.00,4.2974,6.9521,0.9887,2075.69,0.4818,711.00,4.8177,8.9522,8.8042,12.3625,14.6035
8,18000,200,576,230,304.00,727.00,4.2974,6.9521,0.9962,1979.60,0.5052,706.00,5.0515,9.4669,9.2961,12.7586,14.5704
8,18000,200,576,460,304.00,727.00,4.2974,6.9521,0.9976,1913.22,0.5227,707.00,5.2268,9.7122,9.5029,13.1014,16.0886
8,18000,200,576,576,304.00,727.00,4.2974,6.9521,0.9976,1919.44,0.5210,717.00,5.2098,9.8537,9.7111,12.9649,14.9891
8,18000,200,576,864,304.00,727.00,4.2974,6.9521,0.9976,1777.42,0.5626,716.00,5.6261,10.4334,10.1964,14.0662,17.3350
8,18000,200,576,1152,304.00,727.00,4.2974,6.9521,0.9976,1670.94,0.5985,724.00,5.9846,11.3555,11.1975,14.5157,16.3213
8,18000,200,1152,230,304.00,727.00,4.2974,6.9521,0.9970,1145.49,0.8730,768.00,8.7299,16.2031,16.0774,22.0017,26.2778
8,18000,200,1152,460,304.00,727.00,4.2974,6.9521,0.9989,1048.10,0.9541,756.00,9.5411,18.1556,17.9044,23.4688,26.4110
8,18000,200,1152,921,304.00,727.00,4.2974,6.9521,0.9992,1010.12,0.9900,742.00,9.8998,18.9325,18.6046,24.4404,28.1423
8,18000,200,1152,1152,304.00,727.00,4.2974,6.9521,0.9992,977.88,1.0226,763.00,10.2262,19.5367,19.3569,24.5283,27.3971
8,18000,200,1152,1728,304.00,727.00,4.2974,6.9521,0.9992,877.10,1.1401,758.00,11.4012,21.7199,21.4191,27.2901,30.8229
8,18000,200,1152,2304,304.00,727.00,4.2974,6.9521,0.9992,786.43,1.2716,761.00,12.7156,24.8237,24.3567,31.2864,35.0195
8,22000,40,22,4,304.00,727.00,5.6013,8.2318,0.5892,35143.90,0.0285,709.00,0.2845,0.4305,0.4132,0.7402,0.9328
8,22000,40,22,8,304.00,727.00,5.6013,8.2318,0.6770,36234.72,0.0276,704.00,0.2760,0.3921,0.3726,0.6850,0.8624
8,22000,40,22,17,304.00,727.00,5.6013,8.2318,0.7311,37293.56,0.0268,707.00,0.2681,0.3809,0.3638,0.6467,0.8100
8,22000,40,22,22,304.00,727.00,5.6013,8.2318,0.7412,39402.35,0.0254,707.00,0.2538,0.3666,0.3494,0.6150,0.7873
8,22000,40,22,33,304.00,727.00,5.6013,8.2318,0.7484,38196.82,0.0262,710.00,0.2618,0.3714,0.3531,0.6233,0.8096
8,22000,40,22,44,304.00,727.00,5.6013,8.2318,0.7521,38903.56,0.0257,707.00,0.2570,0.3839,0.3644,0.6353,0.8042
8,22000,40,44,8,304.00,727.00,5.6013,8.2318,0.7160,23075.94,0.0433,706.00,0.4334,0.7159,0.6987,1.1075,1.3788
8,22000,40,44,17,304.00,727.00,5.6013,8.2318,0.8003,22509.33,0.0444,707.00,0.4443,0.7106,0.6885,1.1364,1.4037
8,22000,40,44,35,304.00,727.00,5.6013,8.2318,0.8382,22753.99,0.0439,702.00,0.4395,0.7130,0.6969,1.0954,1.3406
8,22000,40,44,44,304.00,727.00,5.6013,8.2318,0.8440,23505.11,0.0425,712.00,0.4254,0.6911,0.6701,1.0777,1.5004
8,22000,40,44,66,304.00,727.00,5.6013,8.2318,0.8498,23279.53,0.0430,701.00,0.4296,0.7061,0.6883,1.0857,1.3233
8,22000,40,44,88,304.00,727.00,5.6013,8.2318,0.8519,21754.19,0.0460,707.00,0.4597,0.7209,0.6935,1.1438,1.4454
8,22000,40,88,17,304.00,727.00,5.6013,8.2318,0.8284,13208.71,0.0757,709.00,0.7571,1.3037,1.2754,1.9717,2.5305
8,22000,40,88,35,304.00,727.00,5.6013,8.2318,0.8930,13368.15,0.0748,707.00,0.7480,1.3220,1.2952,1.9527,2.3534
8,22000,40,88,70,304.00,727.00,5.6013,8.2318,0.9192,12900.77,0.0775,705.00,0.7751,1.3583,1.3327,1.9781,2.4422
8,22000,40,88,88,304.00,727.00,5.6013,8.2318,0.9226,12938.82,0.0773,700.00,0.7729,1.3579,1.3271,1.9888,2.3976
8,22000,40,88,132,304.00,727.00,5.6013,8.2318,0.9255,12176.07,0.0821,705.00,0.8213,1.4188,1.3901,2.0742,2.4705
8,22000,40,88,176,304.00,727.00,5.6013,8.2318,0.9262,11810.70,0.0847,702.00,0.8467,1.4430,1.3898,2.1925,2.9819
8,22000,40,176,35,304.00,727.00,5.6013,8.2318,0.9110,6841.73,0.1462,706.00,1.4616,2.6048,2.5716,3.7396,4.4872
8,22000,40,176,70,304.00,727.00,5.6013,8.2318,0.9530,6764.76,0.1478,708.00,1.4782,2.7044,2.6621,3.7646,4.4124
8,22000,40,176,140,304.00,727.00,5.6013,8.2318,0.9671,6898.96,0.1449,713.00,1.4495,2.6389,2.5967,3.6836,4.3854
8,22000,40,176,176,304.00,727.00,5.6013,8.2318,0.9683,6914.14,0.1446,709.00,1.4463,2.6740,2.6340,3.7255,4.3752
8,22000,40,176,264,304.00,727.00,5.6013,8.2318,0.9693,6687.45,0.1495,713.00,1.4953,2.7825,2.7359,3.7983,4.4873
8,22000,40,176,352,304.00,727.00,5.6013,8.2318,0.9695,6257.97,0.1598,714.00,1.5980,2.8686,2.7981,4.0777,4.9468
8,22000,40,352,70,304.00,727.00,5.6013,8.2318,0.9622,3750.98,0.2666,725.00,2.6660,4.8934,4.8625,6.7286,7.7477
8,22000,40,352,140,304.00,727.00,5.6013,8.2318,0.9840,3571.56,0.2800,723.00,2.7999,5.0694,4.9770,7.0819,8.8080
8,22000,40,352,281,304.00,727.00,5.6013,8.2318,0.9896,3465.94,0.2885,721.00,2.8852,5.2586,5.1475,7.3360,8.8235
8,22000,40,352,352,304.00,727.00,5.6013,8.2318,0.9902,3529.59,0.2833,719.00,2.8332,5.1683,5.0680,7.1516,8.7166
8,22000,40,352,528,304.00,727.00,5.6013,8.2318,0.9904,3344.35,0.2990,717.00,2.9901,5.4557,5.3618,7.5331,9.1757
8,22000,40,352,704,304.00,727.00,5.6013,8.2318,0.9905,3146.80,0.3178,723.00,3.1778,5.8754,5.7977,7.9368,9.2929
8,22000,40,704,140,304.00,727.00,5.6013,8.2318,0.9872,1970.64,0.5075,732.00,5.0745,9.3362,9.3554,12.9655,14.8970
8,22000,40,704,281,304.00,727.00,5.6013,8.2318,0.9955,1774.57,0.5635,740.00,5.6352,10.3121,10.2772,13.6432,15.3510
8,22000,40,704,563,304.00,727.00,5.6013,8.2318,0.9973,1752.84,0.5705,740.00,5.7050,10.4257,10.3913,13.8973,15.7588
8,22000,40,704,704,304.00,727.00,5.6013,8.2318,0.9975,1764.99,0.5666,745.00,5.6658,10.3683,10.2274,14.2311,16.1609
8,22000,40,704,1056,304.00,727.00,5.6013,8.2318,0.9976,1624.22,0.6157,729.00,6.1568,11.4521,11.2916,15.0256,17.8654
8,22000,40,704,1408,304.00,727.00,5.6013,8.2318,0.9977,1486.64,0.6727,732.00,6.7266,12.7236,12.6309,15.7875,17.4317
8,22000,40,1408,281,304.00,727.00,5.6013,8.2318,0.9961,1094.50,0.9137,763.00,9.1366,16.6864,16.8601,22.8620,27.4186
8,22000,40,1408,563,304.00,727.00,5.6013,8.2318,0.9985,974.51,1.0262,781.00,10.2615,19.0514,18.8176,25.8022,29.7204
8,22000,40,1408,1126,304.00,727.00,5.6013,8.2318,0.9990,937.22,1.0670,768.00,10.6699,20.1623,20.0864,25.8480,29.3569
8,22000,40,1408,1408,304.00,727.00,5.6013,8.2318,0.9991,744.36,1.3434,777.00,13.4343,24.6161,26.0177,30.7379,32.9885
8,22000,40,1408,2112,304.00,727.00,5.6013,8.2318,0.9991,788.49,1.2682,777.00,12.6824,24.0719,23.5703,31.9929,35.2349
8,22000,40,1408,2816,304.00,727.00,5.6013,8.2318,0.9992,649.13,1.5405,777.00,15.4052,29.6877,29.5377,35.3410,38.1685
8,22000,100,22,4,310.00,725.00,5.3070,8.0169,0.6014,33941.82,0.0295,691.00,0.2946,0.4426,0.4240,0.7396,0.9405
8,22000,100,22,8,310.00,725.00,5.3070,8.0169,0.6850,35560.94,0.0281,687.00,0.2812,0.4095,0.3849,0.7075,0.8834
8,22000,100,22,17,310.00,725.00,5.3070,8.0169,0.7356,35893.96,0.0279,692.00,0.2786,0.4005,0.3827,0.6750,0.8667
8,22000,100,22,22,310.00,725.00,5.3070,8.0169,0.7442,36232.91,0.0276,692.00,0.2760,0.3808,0.3631,0.6425,0.8123
8,22000,100,22,33,310.00,725.00,5.3070,8.0169,0.7521,37673.88,0.0265,689.00,0.2654,0.3976,0.3752,0.6662,0.8384
8,22000,100,22,44,310.00,725.00,5.3070,8.0169,0.7555,36403.89,0.0275,684.00,0.2747,0.4064,0.3888,0.6590,0.8510
8,22000,100,44,8,310.00,725.00,5.3070,8.0169,0.7254,21802.66,0.0459,692.00,0.4587,0.7019,0.6754,1.1665,1.4908
8,22000,100,44,17,310.00,725.00,5.3070,8.0169,0.8065,22326.30,0.0448,685.00,0.4479,0.7200,0.6877,1.1769,1.4797
8,22000,100,44,35,310.00,725.00,5.3070,8.0169,0.8432,21163.70,0.0473,688.00,0.4725,0.7015,0.6679,1.1782,1.5438
8,22000,100,44,44,310.00,725.00,5.3070,8.0169,0.8490,21924.33,0.0456,686.00,0.4561,0.7175,0.6925,1.1434,1.4386
8,22000,100,44,66,310.00,725.00,5.3070,8.0169,0.8531,22103.18,0.0452,693.00,0.4524,0.7358,0.7109,1.1644,1.4443
8,22000,100,44,88,310.00,725.00,5.3070,8.0169,0.8544,21182.86,0.0472,688.00,0.4721,0.7326,0.6973,1.2007,1.5424
8,22000,100,88,17,310.00,725.00,5.3070,8.0169,0.8389,12538.15,0.0798,687.00,0.7976,1.3683,1.3383,2.0807,2.5585
8,22000,100,88,35,310.00,725.00,5.3070,8.0169,0.8998,12446.40,0.0803,705.00,0.8034,1.4179,1.3807,2.0951,2.5441
8,22000,100,88,70,310.00,725.00,5.3070,8.0169,0.9231,11944.90,0.0837,696.00,0.8372,1.4659,1.4217,2.2035,2.6686
8,22000,100,88,88,310.00,725.00,5.3070,8.0169,0.9259,11914.55,0.0839,686.00,0.8393,1.4178,1.3759,2.1646,2.6238
8,22000,100,88,132,310.00,725.00,5.3070,8.0169,0.9276,11543.27,0.0866,693.00,0.8663,1.4407,1.3715,2.3296,2.9540
8,22000,100,88,176,310.00,725.00,5.3070,8.0169,0.9280,11976.93,0.0835,702.00,0.8349,1.4615,1.4206,2.1312,2.9026
8,22000,100,176,35,310.00,725.00,5.3070,8.0169,0.9202,7154.00,0.1398,702.00,1.3978,2.5475,2.5068,3.6482,4.4013
8,22000,100,176,70,310.00,725.00,5.3070,8.0169,0.9578,6892.13,0.1451,696.00,1.4509,2.6084,2.5473,3.8229,5.1801
8,22000,100,176,140,310.00,725.00,5.3070,8.0169,0.9690,6980.39,0.1433,703.00,1.4326,2.6629,2.6150,3.7773,4.6008
8,22000,100,176,176,310.00,725.00,5.3070,8.0169,0.9700,6919.14,0.1445,701.00,1.4453,2.6844,2.6375,3.7637,4.5394
8,22000,100,176,264,310.00,725.00,5.3070,8.0169,0.9707,6222.03,0.1607,698.00,1.6072,2.8555,2.7721,4.1502,5.2306
8,22000,100,176,352,310.00,725.00,5.3070,8.0169,0.9707,6302.79,0.1587,706.00,1.5866,2.9257,2.8808,4.0079,4.6733
8,22000,100,352,70,310.00,725.00,5.3070,8.0169,0.9679,3677.46,0.2719,692.00,2.7193,4.9181,4.8030,7.1375,8.9079
8,22000,100,352,140,310.00,725.00,5.3070,8.0169,0.9864,3551.75,0.2816,701.00,2.8155,5.2200,5.0975,7.2473,8.4262
8,22000,100,352,281,310.00,725.00,5.3070,8.0169,0.9905,3414.35,0.2929,701.00,2.9288,5.2759,5.1447,7.5850,9.0761
8,22000,100,352,352,310.00,725.00,5.3070,8.0169,0.9907,3452.71,0.2896,699.00,2.8963,5.3738,5.2965,7.2231,8.2494
8,22000,100,352,528,310.00,725.00,5.3070,8.0169,0.9907,3300.02,0.3030,703.00,3.0303,5.6302,5.5320,7.5393,8.8726
8,22000,100,352,704,310.00,725.00,5.3070,8.0169,0.9908,3094.17,0.3232,703.00,3.2319,6.0372,5.9622,7.8769,9.0860
8,22000,100,704,140,310.00,725.00,5.3070,8.0169,0.9897,1946.19,0.5138,713.00,5.1382,9.3830,9.2308,13.0528,15.5145
8,22000,100,704,281,310.00,725.00,5.3070,8.0169,0.9965,1849.75,0.5406,722.00,5.4061,10.0475,9.9131,13.3222,15.1721
8,22000,100,704,563,310.00,725.00,5.3070,8.0169,0.9974,1816.55,0.5505,734.00,5.5049,10.3769,10.1969,13.7045,15.6671
8,22000,100,704,704,310.00,725.00,5.3070,8.0169,0.9975,1804.10,0.5543,725.00,5.5429,10.4071,10.2673,13.5188,15.5043
8,22000,100,704,1056,310.00,725.00,5.3070,8.0169,0.9976,1677.27,0.5962,738.00,5.9621,11.3671,11.2289,14.6831,16.7869
8,22000,100,704,1408,310.00,725.00,5.3070,8.0169,0.9977,1518.26,0.6586,728.00,6.5865,12.6256,12.5073,15.8047,17.9203
8,22000,100,1408,281,310.00,725.00,5.3070,8.0169,0.9972,1099.15,0.9098,789.00,9.0979,17.1320,17.1576,23.1665,26.0537
8,22000,100,1408,563,310.00,725.00,5.3070,8.0169,0.9988,970.49,1.0304,774.00,10.3041,19.3948,19.3251,24.8043,27.4119
8,22000,100,1408,1126,310.00,725.00,5.3070,8.0169,0.9990,923.50,1.0828,782.00,10.8284,20.5788,20.4743,25.6351,27.9452
8,22000,100,1408,1408,310.00,725.00,5.3070,8.0169,0.9991,918.52,1.0887,783.00,10.8871,20.7890,20.4527,26.7862,30.2846
8,22000,100,1408,2112,310.00,725.00,5.3070,8.0169,0.9991,790.93,1.2643,778.00,12.6433,24.4908,24.3433,29.2758,31.7856
8,22000,100,1408,2816,310.00,725.00,5.3070,8.0169,0.9991,656.10,1.5242,783.00,15.2415,29.4862,29.3699,34.5808,37.1722
8,22000,200,22,4,317.00,726.00,5.8416,8.6012,0.6056,33803.59,0.0296,665.00,0.2958,0.4446,0.4249,0.7618,0.9455
8,22000,200,22,8,317.00,726.00,5.8416,8.6012,0.6898,35529.08,0.0281,672.00,0.2815,0.4064,0.3932,0.6874,0.8566
8,22000,200,22,17,317.00,726.00,5.8416,8.6012,0.7408,36571.37,0.0273,666.00,0.2734,0.3936,0.3769,0.6714,0.8387
8,22000,200,22,22,317.00,726.00,5.8416,8.6012,0.7485,38020.11,0.0263,668.00,0.2630,0.3867,0.3645,0.6685,0.9096
8,22000,200,22,33,317.00,726.00,5.8416,8.6012,0.7570,35636.43,0.0281,669.00,0.2806,0.3913,0.3744,0.6541,0.8145
8,22000,200,22,44,317.00,726.00,5.8416,8.6012,0.7595,36566.07,0.0273,670.00,0.2735,0.3989,0.3759,0.6695,0.9223
8,22000,200,44,8,317.00,726.00,5.8416,8.6012,0.7299,21449.97,0.0466,663.00,0.4662,0.7299,0.6977,1.1920,1.5310
8,22000,200,44,17,317.00,726.00,5.8416,8.6012,0.8113,21909.98,0.0456,679.00,0.4564,0.7376,0.7155,1.1779,1.6044
8,22000,200,44,35,317.00,726.00,5.8416,8.6012,0.8476,21829.74,0.0458,665.00,0.4581,0.7469,0.7213,1.1835,1.4703
8,22000,200,44,44,317.00,726.00,5.8416,8.6012,0.8524,21141.85,0.0473,667.00,0.4730,0.7538,0.7253,1.2118,1.6119
8,22000,200,44,66,317.00,726.00,5.8416,8.6012,0.8565,20317.58,0.0492,669.00,0.4922,0.7572,0.7304,1.1908,1.4210
8,22000,200,44,88,317.00,726.00,5.8416,8.6012,0.8576,20994.55,0.0476,669.00,0.4763,0.7707,0.7439,1.1995,1.4850
8,22000,200,88,17,317.00,726.00,5.8416,8.6012,0.8431,12706.05,0.0787,670.00,0.7870,1.3601,1.3257,2.0640,2.5340
8,22000,200,88,35,317.00,726.00,5.8416,8.6012,0.9029,12621.58,0.0792,667.00,0.7923,1.3851,1.3394,2.0774,2.7956
8,22000,200,88,70,317.00,726.00,5.8416,8.6012,0.9248,12790.79,0.0782,672.00,0.7818,1.4026,1.3677,2.0545,2.5211
8,22000,200,88,88,317.00,726.00,5.8416,8.6012,0.9270,12568.01,0.0796,671.00,0.7957,1.4027,1.3720,2.0941,2.5713
8,22000,200,88,132,317.00,726.00,5.8416,8.6012,0.9290,11935.22,0.0838,665.00,0.8379,1.4389,1.3937,2.1435,2.9694
8,22000,200,88,176,317.00,726.00,5.8416,8.6012,0.9292,12221.01,0.0818,671.00,0.8183,1.4761,1.4255,2.1852,2.8288
8,22000,200,176,35,317.00,726.00,5.8416,8.6012,0.9232,7198.83,0.1389,670.00,1.3891,2.5706,2.5319,3.6666,4.4764
8,22000,200,176,70,317.00,726.00,5.8416,8.6012,0.9592,6986.58,0.1431,668.00,1.4313,2.6802,2.6301,3.7505,4.4806
8,22000,200,176,140,317.00,726.00,5.8416,8.6012,0.9698,6835.90,0.1463,670.00,1.4629,2.7188,2.6774,3.7908,4.4091
8,22000,200,176,176,317.00,726.00,5.8416,8.6012,0.9706,6741.65,0.1483,673.00,1.4833,2.7291,2.6778,3.8039,4.4799
8,22000,200,176,264,317.00,726.00,5.8416,8.6012,0.9713,6537.93,0.1530,673.00,1.5295,2.7914,2.7542,3.8840,4.7878
8,22000,200,176,352,317.00,726.00,5.8416,8.6012,0.9714,6322.11,0.1582,671.00,1.5818,2.9199,2.8778,4.0180,4.6745
8,22000,200,352,70,317.00,726.00,5.8416,8.6012,0.9694,3793.81,0.2636,684.00,2.6359,4.8807,4.7959,6.8064,8.5196
8,22000,200,352,140,317.00,726.00,5.8416,8.6012,0.9873,3681.15,0.2717,669.00,2.7165,5.1334,5.0310,7.0470,8.4413
8,22000,200,352,281,317.00,726.00,5.8416,8.6012,0.9909,3571.79,0.2800,684.00,2.7997,5.2518,5.1761,7.0616,8.1521
8,22000,200,352,352,317.00,726.00,5.8416,8.6012,0.9912,3584.81,0.2790,684.00,2.7895,5.3474,5.2691,7.1364,8.2367
8,22000,200,352,528,317.00,726.00,5.8416,8.6012,0.9914,3382.54,0.2956,688.00,2.9564,5.5634,5.4886,7.4033,8.5893
8,22000,200,352,704,317.00,726.00,5.8416,8.6012,0.9915,3142.47,0.3182,689.00,3.1822,5.9889,5.9165,7.8458,8.9766
8,22000,200,704,140,317.00,726.00,5.8416,8.6012,0.9908,2037.78,0.4907,713.00,4.9073,9.3170,9.2716,12.4942,14.1250
8,22000,200,704,281,317.00,726.00,5.8416,8.6012,0.9964,1871.89,0.5342,719.00,5.3422,10.0094,9.8883,13.1106,15.0227
8,22000,200,704,563,317.00,726.00,5.8416,8.6012,0.9977,1804.64,0.5541,703.00,5.5413,10.3942,10.2665,13.5096,15.0799
8,22000,200,704,704,317.00,726.00,5.8416,8.6012,0.9978,1776.69,0.5628,707.00,5.6284,10.5823,10.4623,13.6942,15.1518
8,22000,200,704,1056,317.00,726.00,5.8416,8.6012,0.9979,1618.08,0.6180,706.00,6.1802,11.5995,11.3844,14.6547,19.8702
8,22000,200,704,1408,317.00,726.00,5.8416,8.6012,0.9979,1501.46,0.6660,719.00,6.6602,12.7326,12.6291,15.7542,17.2898
8,22000,200,1408,281,317.00,726.00,5.8416,8.6012,0.9973,1118.12,0.8944,774.00,8.9436,16.9520,17.0198,22.4027,25.4483
8,22000,200,1408,563,317.00,726.00,5.8416,8.6012,0.9990,1000.45,0.9996,762.00,9.9956,19.0684,18.8763,24.1539,27.3085
8,22000,200,1408,1126,317.00,726.00,5.8416,8.6012,0.9991,929.95,1.0753,772.00,10.7533,20.6320,20.2998,25.8675,33.2111
8,22000,200,1408,1408,317.00,726.00,5.8416,8.6012,0.9991,899.70,1.1115,755.00,11.1148,21.0038,20.8132,26.4004,30.0933
8,22000,200,1408,2112,317.00,726.00,5.8416,8.6012,0.9992,786.83,1.2709,770.00,12.7093,24.5844,24.3599,29.7688,33.5014
8,22000,200,1408,2816,317.00,726.00,5.8416,8.6012,0.9992,649.11,1.5406,767.00,15.4058,29.7824,29.5121,35.4915,38.4429
8,26000,40,26,5,313.00,727.00,7.9761,10.7083,0.6142,32300.98,0.0310,646.00,0.3096,0.4313,0.4104,0.7593,0.9641
8,26000,40,26,10,313.00,727.00,7.9761,10.7083,0.6959,34173.81,0.0293,646.00,0.2926,0.4211,0.4031,0.7148,0.9089
8,26000,40,26,20,313.00,727.00,7.9761,10.7083,0.7413,36334.53,0.0275,648.00,0.2752,0.4091,0.3919,0.6671,0.7995
8,26000,40,26,26,313.00,727.00,7.9761,10.7083,0.7495,36104.45,0.0277,652.00,0.2770,0.3913,0.3696,0.6641,0.9299
8,26000,40,26,39,313.00,727.00,7.9761,10.7083,0.7585,36485.84,0.0274,643.00,0.2741,0.3914,0.3759,0.6434,0.7728
8,26000,40,26,52,313.00,727.00,7.9761,10.7083,0.7614,35501.39,0.0282,645.00,0.2817,0.3980,0.3826,0.6457,0.7865
8,26000,40,52,10,313.00,727.00,7.9761,10.7083,0.7359,22132.39,0.0452,646.00,0.4518,0.7386,0.7174,1.1724,1.4797
8,26000,40,52,20,313.00,727.00,7.9761,10.7083,0.8104,21279.41,0.0470,646.00,0.4699,0.7249,0.7015,1.1698,1.5298
8,26000,40,52,41,313.00,727.00,7.9761,10.7083,0.8476,21916.99,0.0456,643.00,0.4563,0.7334,0.7182,1.1390,1.3794
8,26000,40,52,52,313.00,727.00,7.9761,10.7083,0.8529,21791.74,0.0459,643.00,0.4589,0.7245,0.7078,1.1308,1.4435
8,26000,40,52,78,313.00,727.00,7.9761,10.7083,0.8577,21342.84,0.0469,646.00,0.4685,0.7377,0.7123,1.1430,1.5729
8,26000,40,52,104,313.00,727.00,7.9761,10.7083,0.8590,21295.34,0.0470,638.00,0.4696,0.7740,0.7518,1.1990,1.5714
8,26000,40,104,20,313.00,727.00,7.9761,10.7083,0.8379,12851.38,0.0778,646.00,0.7781,1.3687,1.3577,2.0088,2.4010
8,26000,40,104,41,313.00,727.00,7.9761,10.7083,0.9006,12546.35,0.0797,659.00,0.7970,1.4183,1.4143,2.0211,2.3290
8,26000,40,104,83,313.00,727.00,7.9761,10.7083,0.9248,12446.31,0.0803,653.00,0.8035,1.4177,1.4016,2.0410,2.4315
8,26000,40,104,104,313.00,727.00,7.9761,10.7083,0.9275,12555.17,0.0796,643.00,0.7965,1.4165,1.4085,2.0249,2.4067
8,26000,40,104,156,313.00,727.00,7.9761,10.7083,0.9304,12068.46,0.0829,649.00,0.8286,1.4583,1.4494,2.0848,2.4405
8,26000,40,104,208,313.00,727.00,7.9761,10.7083,0.9311,11690.70,0.0855,645.00,0.8554,1.5053,1.4843,2.1358,2.5239
8,26000,40,208,41,313.00,727.00,7.9761,10.7083,0.9178,6891.83,0.1451,660.00,1.4510,2.6654,2.6361,3.7964,4.5252
8,26000,40,208,83,313.00,727.00,7.9761,10.7083,0.9580,6775.03,0.1476,644.00,1.4760,2.7355,2.7163,3.7651,4.4253
8,26000,40,208,166,313.00,727.00,7.9761,10.7083,0.9704,6694.87,0.1494,654.00,1.4937,2.7703,2.7458,3.8139,4.5241
8,26000,40,208,208,313.00,727.00,7.9761,10.7083,0.9718,6545.88,0.1528,649.00,1.5277,2.7923,2.7766,3.8091,4.3423
8,26000,40,208,312,313.00,727.00,7.9761,10.7083,0.9725,6292.82,0.1589,650.00,1.5891,2.9083,2.8869,3.9798,4.5032
8,26000,40,208,416,313.00,727.00,7.9761,10.7083,0.9728,5983.29,0.1671,650.00,1.6713,3.0559,3.0314,4.0737,4.6319
8,26000,40,416,83,313.00,727.00,7.9761,10.7083,0.9661,3649.34,0.2740,672.00,2.7402,5.0070,4.9992,6.9844,8.6280
8,26000,40,416,166,313.00,727.00,7.9761,10.7083,0.9852,3425.29,0.2919,669.00,2.9195,5.3246,5.2513,7.3412,8.9407
8,26000,40,416,332,313.00,727.00,7.9761,10.7083,0.9905,3495.98,0.2860,659.00,2.8604,5.4000,5.3417,7.1631,8.1346
8,26000,40,416,416,313.00,727.00,7.9761,10.7083,0.9910,3383.67,0.2955,660.00,2.9554,5.5048,5.4827,7.1338,7.9796
8,26000,40,416,624,313.00,727.00,7.9761,10.7083,0.9914,3186.58,0.3138,663.00,3.1382,5.8794,5.8459,7.6229,8.4840
8,26000,40,416,832,313.00,727.00,7.9761,10.7083,0.9914,2928.04,0.3415,656.00,3.4153,6.3946,6.3674,8.1686,9.1081
8,26000,40,832,166,313.00,727.00,7.9761,10.7083,0.9879,1948.51,0.5132,692.00,5.1321,9.5053,9.6117,12.9341,14.2484
8,26000,40,832,332,313.00,727.00,7.9761,10.7083,0.9954,1826.03,0.5476,706.00,5.4764,10.1543,10.0381,13.4687,16.0648
8,26000,40,832,665,313.00,727.00,7.9761,10.7083,0.9972,1765.39,0.5664,700.00,5.6645,10.7319,10.7266,13.8453,15.2119
8,26000,40,832,832,313.00,727.00,7.9761,10.7083,0.9973,1734.09,0.5767,695.00,5.7667,10.9135,10.8834,13.8420,15.3622
8,26000,40,832,1248,313.00,727.00,7.9761,10.7083,0.9975,1535.22,0.6514,703.00,6.5137,12.3406,12.2818,15.5137,17.1840
8,26000,40,832,1664,313.00,727.00,7.9761,10.7083,0.9975,1355.06,0.7380,704.00,7.3798,13.8687,13.7208,17.2776,20.3409
8,26000,40,1664,332,313.00,727.00,7.9761,10.7083,0.9960,1091.53,0.9161,789.00,9.1615,17.0302,17.3604,23.3980,25.7034
8,26000,40,1664,665,313.00,727.00,7.9761,10.7083,0.9983,943.40,1.0600,809.00,10.6000,20.0207,19.9102,25.8262,28.2673
8,26000,40,1664,1331,313.00,727.00,7.9761,10.7083,0.9987,864.58,1.1566,811.00,11.5663,21.8868,21.8658,27.0500,28.9567
8,26000,40,1664,1664,313.00,727.00,7.9761,10.7083,0.9988,839.81,1.1907,820.00,11.9075,22.6503,22.5792,27.9505,30.5143
8,26000,40,1664,2496,313.00,727.00,7.9761,10.7083,0.9988,693.06,1.4429,812.00,14.4288,27.6065,27.4980,33.0560,35.4286
8,26000,40,1664,3328,313.00,727.00,7.9761,10.7083,0.9989,559.96,1.7858,807.00,17.8584,34.4615,34.4282,39.4997,41.9425
8,26000,100,26,5,362.00,732.00,7.3760,10.1191,0.6322,33089.93,0.0302,661.00,0.3022,0.4666,0.4525,0.7800,0.9807
8,26000,100,26,10,362.00,732.00,7.3760,10.1191,0.7081,34222.44,0.0292,665.00,0.2922,0.4257,0.4137,0.7074,0.8709
8,26000,100,26,20,362.00,732.00,7.3760,10.1191,0.7495,35720.50,0.0280,659.00,0.2800,0.4101,0.3936,0.6820,0.9202
8,26000,100,26,26,362.00,732.00,7.3760,10.1191,0.7579,36448.83,0.0274,657.00,0.2744,0.4039,0.3930,0.6565,0.8043
8,26000,100,26,39,362.00,732.00,7.3760,10.1191,0.7651,36412.98,0.0275,659.00,0.2746,0.3964,0.3806,0.6480,0.8040
8,26000,100,26,52,362.00,732.00,7.3760,10.1191,0.7673,35058.39,0.0285,669.00,0.2852,0.4088,0.3911,0.6569,0.8161
8,26000,100,52,10,362.00,732.00,7.3760,10.1191,0.7492,21572.12,0.0464,678.00,0.4636,0.7593,0.7463,1.1491,1.3760
8,26000,100,52,20,362.00,732.00,7.3760,10.1191,0.8199,21316.03,0.0469,667.00,0.4691,0.7433,0.7238,1.1645,1.4079
8,26000,100,52,41,362.00,732.00,7.3760,10.1191,0.8548,21518.96,0.0465,667.00,0.4647,0.7643,0.7413,1.1776,1.4046
8,26000,100,52,52,362.00,732.00,7.3760,10.1191,0.8589,21656.25,0.0462,665.00,0.4618,0.7441,0.7295,1.1463,1.4629
8,26000,100,52,78,362.00,732.00,7.3760,10.1191,0.8631,21262.66,0.0470,664.00,0.4703,0.7671,0.7449,1.1781,1.4727
8,26000,100,52,104,362.00,732.00,7.3760,10.1191,0.8642,20961.34,0.0477,665.00,0.4771,0.7836,0.7701,1.1811,1.4141
8,26000,100,104,20,362.00,732.00,7.3760,10.1191,0.8489,12105.51,0.0826,663.00,0.8261,1.4055,1.3763,2.0799,2.5664
8,26000,100,104,41,362.00,732.00,7.3760,10.1191,0.9076,12196.45,0.0820,664.00,0.8199,1.4075,1.3739,2.0903,2.9289
8,26000,100,104,83,362.00,732.00,7.3760,10.1191,0.9293,12235.34,0.0817,664.00,0.8173,1.4294,1.4064,2.0871,2.5867
8,26000,100,104,104,362.00,732.00,7.3760,10.1191,0.9317,11935.37,0.0838,662.00,0.8378,1.4536,1.4186,2.1516,2.5637
8,26000,100,104,156,362.00,732.00,7.3760,10.1191,0.9337,12035.03,0.0831,659.00,0.8309,1.5042,1.4895,2.1450,2.5006
8,26000,100,104,208,362.00,732.00,7.3760,10.1191,0.9341,11611.83,0.0861,663.00,0.8612,1.5415,1.5215,2.1683,2.5456
8,26000,100,208,41,362.00,732.00,7.3760,10.1191,0.9260,6672.12,0.1499,665.00,1.4988,2.6433,2.6058,3.7750,4.6489
8,26000,100,208,83,362.00,732.00,7.3760,10.1191,0.9616,6626.53,0.1509,664.00,1.5091,2.7642,2.7384,3.8032,4.4339
8,26000,100,208,166,362.00,732.00,7.3760,10.1191,0.9728,6432.53,0.1555,663.00,1.5546,2.8624,2.8416,3.8838,4.4304
8,26000,100,208,208,362.00,732.00,7.3760,10.1191,0.9737,6484.63,0.1542,661.00,1.5421,2.8095,2.7929,3.8472,4.4163
8,26000,100,208,312,362.00,732.00,7.3760,10.1191,0.9745,6099.51,0.1639,661.00,1.6395,2.9419,2.9057,4.0714,4.8821
8,26000,100,208,416,362.00,732.00,7.3760,10.1191,0.9746,5938.02,0.1684,661.00,1.6841,3.0828,3.0522,4.1584,4.8240
8,26000,100,416,83,362.00,732.00,7.3760,10.1191,0.9702,3592.23,0.2784,670.00,2.7838,5.0688,5.0405,6.8820,8.1138
8,26000,100,416,166,362.00,732.00,7.3760,10.1191,0.9881,3432.99,0.2913,672.00,2.9129,5.3676,5.3486,7.1574,7.9680
8,26000,100,416,332,362.00,732.00,7.3760,10.1191,0.9916,3452.09,0.2897,672.00,2.8968,5.4349,5.4027,7.1071,7.9923
8,26000,100,416,416,362.00,732.00,7.3760,10.1191,0.9919,3311.28,0.3020,673.00,3.0200,5.4945,5.4478,7.3555,8.7685
8,26000,100,416,624,362.00,732.00,7.3760,10.1191,0.9919,3124.64,0.3200,676.00,3.2004,5.8907,5.8294,7.7661,8.8372
8,26000,100,416,832,362.00,732.00,7.3760,10.1191,0.9920,2885.54,0.3466,676.00,3.4656,6.4761,6.4347,8.2717,9.2231
8,26000,100,832,166,362.00,732.00,7.3760,10.1191,0.9910,1882.10,0.5313,710.00,5.3132,9.7555,9.7812,13.1682,14.6266
8,26000,100,832,332,362.00,732.00,7.3760,10.1191,0.9966,1815.58,0.5508,713.00,5.5079,10.3202,10.2732,13.4730,14.9055
8,26000,100,832,665,362.00,732.00,7.3760,10.1191,0.9977,1726.83,0.5791,701.00,5.7910,10.9883,10.9762,13.8888,15.1083
8,26000,100,832,832,362.00,732.00,7.3760,10.1191,0.9978,1672.58,0.5979,703.00,5.9788,11.1548,11.1137,14.1384,15.5083
8,26000,100,832,1248,362.00,732.00,7.3760,10.1191,0.9978,1552.58,0.6441,725.00,6.4409,12.3080,12.3235,15.3067,16.6969
8,26000,100,832,1664,362.00,732.00,7.3760,10.1191,0.9979,1355.34,0.7378,726.00,7.3782,14.1388,14.1071,16.9721,18.2538
8,26000,100,1664,332,362.00,732.00,7.3760,10.1191,0.9973,1051.30,0.9512,806.00,9.5120,17.6593,17.8998,23.6034,26.0233
8,26000,100,1664,665,362.00,732.00,7.3760,10.1191,0.9987,947.53,1.0554,807.00,10.5538,19.9817,19.8148,25.6781,28.3023
8,26000,100,1664,1331,362.00,732.00,7.3760,10.1191,0.9990,858.85,1.1644,807.00,11.6435,22.0535,22.0171,27.1994,29.8000
8,26000,100,1664,1664,362.00,732.00,7.3760,10.1191,0.9990,732.17,1.3658,815.00,13.6580,26.2301,26.6831,31.9385,33.8497
8,26000,100,1664,2496,362.00,732.00,7.3760,10.1191,0.9991,694.01,1.4409,805.00,14.4090,27.6229,27.6010,32.4181,34.9170
8,26000,100,1664,3328,362.00,732.00,7.3760,10.1191,0.9991,556.94,1.7955,819.00,17.9553,34.6905,34.5872,39.6138,42.0266
8,26000,200,26,5,367.00,733.00,7.8238,10.5844,0.6373,32189.42,0.0311,627.00,0.3107,0.4651,0.4440,0.8105,1.0123
8,26000,200,26,10,367.00,733.00,7.8238,10.5844,0.7144,33822.14,0.0296,622.00,0.2957,0.4327,0.4161,0.7333,0.9673
8,26000,200,26,20,367.00,733.00,7.8238,10.5844,0.7565,34894.75,0.0287,621.00,0.2866,0.4185,0.4005,0.7058,0.8728
8,26000,200,26,26,367.00,733.00,7.8238,10.5844,0.7643,34325.68,0.0291,625.00,0.2913,0.4153,0.3944,0.6980,0.8565
8,26000,200,26,39,367.00,733.00,7.8238,10.5844,0.7716,35214.20,0.0284,626.00,0.2840,0.4222,0.3999,0.6977,0.8643
8,26000,200,26,52,367.00,733.00,7.8238,10.5844,0.7736,34625.61,0.0289,624.00,0.2888,0.4220,0.4013,0.7080,0.9260
8,26000,200,52,10,367.00,733.00,7.8238,10.5844,0.7551,21546.96,0.0464,623.00,0.4641,0.7667,0.7536,1.1812,1.4356
8,26000,200,52,20,367.00,733.00,7.8238,10.5844,0.8260,20759.11,0.0482,623.00,0.4817,0.7543,0.7248,1.2327,1.6058
8,26000,200,52,41,367.00,733.00,7.8238,10.5844,0.8601,20695.12,0.0483,623.00,0.4832,0.7814,0.7600,1.2066,1.5526
8,26000,200,52,52,367.00,733.00,7.8238,10.5844,0.8642,20754.28,0.0482,624.00,0.4818,0.7896,0.7694,1.1991,1.4847
8,26000,200,52,78,367.00,733.00,7.8238,10.5844,0.8679,20501.18,0.0488,626.00,0.4878,0.8034,0.7890,1.2194,1.4624
8,26000,200,52,104,367.00,733.00,7.8238,10.5844,0.8689,19837.89,0.0504,623.00,0.5041,0.8136,0.7846,1.2544,1.5834
8,26000,200,104,20,367.00,733.00,7.8238,10.5844,0.8546,11836.90,0.0845,618.00,0.8448,1.4440,1.4099,2.1740,2.6734
8,26000,200,104,41,367.00,733.00,7.8238,10.5844,0.9113,11625.42,0.0860,638.00,0.8602,1.4779,1.4491,2.1835,2.6287
8,26000,200,104,83,367.00,733.00,7.8238,10.5844,0.9321,11375.08,0.0879,630.00,0.8791,1.5193,1.4846,2.2146,2.7366
8,26000,200,104,104,367.00,733.00,7.8238,10.5844,0.9345,11729.74,0.0853,622.00,0.8525,1.4921,1.4795,2.1492,2.5132
8,26000,200,104,156,367.00,733.00,7.8238,10.5844,0.9364,11713.24,0.0854,634.00,0.8537,1.5175,1.5034,2.1690,2.5479
8,26000,200,104,208,367.00,733.00,7.8238,10.5844,0.9369,11386.50,0.0878,620.00,0.8782,1.5676,1.5457,2.2315,2.6115
8,26000,200,208,41,367.00,733.00,7.8238,10.5844,0.9294,6729.61,0.1486,631.00,1.4860,2.7198,2.6918,3.8361,4.4697
8,26000,200,208,83,367.00,733.00,7.8238,10.5844,0.9639,6460.25,0.1548,634.00,1.5479,2.8247,2.7831,3.9618,4.6499
8,26000,200,208,166,367.00,733.00,7.8238,10.5844,0.9740,6318.04,0.1583,641.00,1.5828,2.8970,2.8634,3.9876,4.5691
8,26000,200,208,208,367.00,733.00,7.8238,10.5844,0.9748,6051.04,0.1653,632.00,1.6526,2.9678,2.9291,4.0890,4.8133
8,26000,200,208,312,367.00,733.00,7.8238,10.5844,0.9756,6113.94,0.1636,629.00,1.6356,2.9858,2.9554,4.1862,5.0602
8,26000,200,208,416,367.00,733.00,7.8238,10.5844,0.9755,5934.69,0.1685,627.00,1.6850,3.1639,3.1355,4.3172,5.0710
8,26000,200,416,83,367.00,733.00,7.8238,10.5844,0.9726,3653.99,0.2737,640.00,2.7367,5.1719,5.1477,7.0413,8.0928
8,26000,200,416,166,367.00,733.00,7.8238,10.5844,0.9890,3459.74,0.2890,651.00,2.8904,5.3539,5.2656,7.2759,10.6202
8,26000,200,416,332,367.00,733.00,7.8238,10.5844,0.9925,3394.68,0.2946,655.00,2.9458,5.5609,5.5054,7.4963,8.6445
8,26000,200,416,416,367.00,733.00,7.8238,10.5844,0.9927,3358.22,0.2978,642.00,2.9778,5.6696,5.5992,7.4946,8.6335
8,26000,200,416,624,367.00,733.00,7.8238,10.5844,0.9929,3149.79,0.3175,642.00,3.1748,5.9842,5.8524,8.1323,10.4277
8,26000,200,416,832,367.00,733.00,7.8238,10.5844,0.9929,2905.63,0.3442,640.00,3.4416,6.5512,6.5085,8.3159,9.3251
8,26000,200,832,166,367.00,733.00,7.8238,10.5844,0.9917,1930.90,0.5179,705.00,5.1789,9.6999,9.7433,12.9471,14.3824
8,26000,200,832,332,367.00,733.00,7.8238,10.5844,0.9971,1821.04,0.5491,689.00,5.4914,10.4977,10.4277,13.5400,15.1996
8,26000,200,832,665,367.00,733.00,7.8238,10.5844,0.9979,1740.94,0.5744,709.00,5.7440,11.0007,10.9215,14.0100,15.9210
8,26000,200,832,832,367.00,733.00,7.8238,10.5844,0.9980,1687.59,0.5926,701.00,5.9256,11.1543,11.0665,14.2389,16.1437
8,26000,200,832,1248,367.00,733.00,7.8238,10.5844,0.9981,1504.64,0.6646,714.00,6.6461,12.6042,12.5383,15.6315,17.0727
8,26000,200,832,1664,367.00,733.00,7.8238,10.5844,0.9981,1348.40,0.7416,710.00,7.4162,14.4251,14.3166,17.5366,19.2926
8,26000,200,1664,332,367.00,733.00,7.8238,10.5844,0.9978,1056.70,0.9463,800.00,9.4634,17.8391,18.1988,23.4443,25.8020
8,26000,200,1664,665,367.00,733.00,7.8238,10.5844,0.9990,911.25,1.0974,814.00,10.9739,20.6347,20.6397,25.8084,28.5387
8,26000,200,1664,1331,367.00,733.00,7.8238,10.5844,0.9992,853.86,1.1712,826.00,11.7115,22.1952,22.2056,27.6772,30.8201
8,26000,200,1664,1664,367.00,733.00,7.8238,10.5844,0.9992,825.46,1.2115,810.00,12.1145,23.0263,22.9909,28.2056,30.4390
8,26000,200,1664,2496,367.00,733.00,7.8238,10.5844,0.9993,677.07,1.4769,826.00,14.7694,28.3525,28.2868,33.5971,35.6974
8,26000,200,1664,3328,367.00,733.00,7.8238,10.5844,0.9993,546.87,1.8286,816.00,18.2858,35.4067,35.3585,40.6051,42.9502
8,30000,40,30,6,392.00,736.00,11.0369,13.7710,0.6337,33820.79,0.0296,607.00,0.2957,0.4676,0.4557,0.7643,0.9098
8,30000,40,30,12,392.00,736.00,11.0369,13.7710,0.7100,34450.14,0.0290,601.00,0.2903,0.4371,0.4278,0.7165,0.8654
8,30000,40,30,24,392.00,736.00,11.0369,13.7710,0.7530,35433.81,0.0282,601.00,0.2822,0.4545,0.4398,0.7179,0.8847
8,30000,40,30,30,392.00,736.00,11.0369,13.7710,0.7600,35582.64,0.0281,602.00,0.2810,0.4256,0.4147,0.6807,0.8530
8,30000,40,30,45,392.00,736.00,11.0369,13.7710,0.7678,34476.24,0.0290,603.00,0.2901,0.4070,0.3877,0.6739,0.8496
8,30000,40,30,60,392.00,736.00,11.0369,13.7710,0.7705,33670.21,0.0297,601.00,0.2970,0.4235,0.4034,0.6899,0.8241
8,30000,40,60,12,392.00,736.00,11.0369,13.7710,0.7495,20605.30,0.0485,604.00,0.4853,0.7859,0.7651,1.2211,1.4765
8,30000,40,60,24,392.00,736.00,11.0369,13.7710,0.8216,20798.81,0.0481,605.00,0.4808,0.7724,0.7587,1.1848,1.4197
8,30000,40,60,48,392.00,736.00,11.0369,13.7710,0.8550,20580.18,0.0486,608.00,0.4859,0.7668,0.7571,1.1766,1.3980
8,30000,40,60,60,392.00,736.00,11.0369,13.7710,0.8608,20392.44,0.0490,606.00,0.4904,0.7738,0.7605,1.1868,1.4174
8,30000,40,60,90,392.00,736.00,11.0369,13.7710,0.8661,19538.92,0.0512,605.00,0.5118,0.7998,0.7713,1.2428,1.4811
8,30000,40,60,120,392.00,736.00,11.0369,13.7710,0.8675,19966.28,0.0501,602.00,0.5008,0.8133,0.8037,1.2088,1.4234
8,30000,40,120,24,392.00,736.00,11.0369,13.7710,0.8489,11521.89,0.0868,607.00,0.8679,1.4834,1.4668,2.1966,2.6098
8,30000,40,120,48,392.00,736.00,11.0369,13.7710,0.9048,11439.30,0.0874,607.00,0.8742,1.5199,1.5037,2.2064,2.6361
8,30000,40,120,96,392.00,736.00,11.0369,13.7710,0.9298,11413.03,0.0876,606.00,0.8762,1.5152,1.5010,2.1933,2.6168
8,30000,40,120,120,392.00,736.00,11.0369,13.7710,0.9325,11309.48,0.0884,607.00,0.8842,1.5193,1.5097,2.1658,2.5145
8,30000,40,120,180,392.00,736.00,11.0369,13.7710,0.9352,10970.16,0.0912,605.00,0.9116,1.5539,1.5151,2.2960,2.7548
8,30000,40,120,240,392.00,736.00,11.0369,13.7710,0.9356,10882.91,0.0919,606.00,0.9189,1.6138,1.6115,2.2655,2.6156
8,30000,40,240,48,392.00,736.00,11.0369,13.7710,0.9211,6456.77,0.1549,610.00,1.5488,2.8052,2.7941,3.9149,4.5576
8,30000,40,240,96,392.00,736.00,11.0369,13.7710,0.9599,6401.08,0.1562,616.00,1.5622,2.8738,2.8723,3.9510,4.5250
8,30000,40,240,192,392.00,736.00,11.0369,13.7710,0.9725,6203.70,0.1612,616.00,1.6119,2.9350,2.9194,3.9801,4.5755
8,30000,40,240,240,392.00,736.00,11.0369,13.7710,0.9733,6201.14,0.1613,616.00,1.6126,2.8933,2.8375,4.1000,5.0840
8,30000,40,240,360,392.00,736.00,11.0369,13.7710,0.9744,6068.06,0.1648,616.00,1.6480,3.0827,3.0741,4.1022,4.5873
8,30000,40,240,480,392.00,736.00,11.0369,13.7710,0.9745,5685.90,0.1759,616.00,1.7587,3.2855,3.2539,4.3850,4.9354
8,30000,40,480,96,392.00,736.00,11.0369,13.7710,0.9676,3422.14,0.2922,638.00,2.9222,5.3335,5.3794,7.3206,8.2249
8,30000,40,480,192,392.00,736.00,11.0369,13.7710,0.9862,3323.17,0.3009,639.00,3.0092,5.5863,5.5866,7.4790,8.4535
8,30000,40,480,384,392.00,736.00,11.0369,13.7710,0.9909,3215.06,0.3110,641.00,3.1104,5.7286,5.7419,7.5053,8.2906
8,30000,40,480,480,392.00,736.00,11.0369,13.7710,0.9913,3206.03,0.3119,639.00,3.1191,5.7975,5.8076,7.5214,8.3603
8,30000,40,480,720,392.00,736.00,11.0369,13.7710,0.9915,2989.97,0.3345,649.00,3.3445,6.2730,6.2822,8.0091,8.7346
8,30000,40,480,960,392.00,736.00,11.0369,13.7710,0.9916,2765.84,0.3616,645.00,3.6155,6.8777,6.8735,8.6616,9.6260
8,30000,40,960,192,392.00,736.00,11.0369,13.7710,0.9891,1908.94,0.5239,700.00,5.2385,9.8799,10.0513,13.4014,15.0544
8,30000,40,960,384,392.00,736.00,11.0369,13.7710,0.9959,1742.20,0.5740,721.00,5.7399,10.6867,10.6137,14.0545,16.7745
8,30000,40,960,768,392.00,736.00,11.0369,13.7710,0.9971,1636.35,0.6111,723.00,6.1111,11.4308,11.4923,14.5248,15.7886
8,30000,40,960,960,392.00,736.00,11.0369,13.7710,0.9972,1587.96,0.6297,714.00,6.2974,11.8164,11.7829,15.1169,16.7261
8,30000,40,960,1440,392.00,736.00,11.0369,13.7710,0.9972,1408.78,0.7098,710.00,7.0984,13.4918,13.4897,16.5441,18.0248
8,30000,40,960,1920,392.00,736.00,11.0369,13.7710,0.9972,1192.04,0.8389,729.00,8.3890,15.8071,15.7162,19.2082,21.6590
8,30000,40,1920,384,392.00,736.00,11.0369,13.7710,0.9965,1018.13,0.9822,838.00,9.8220,17.8730,18.2134,24.8453,27.6311
8,30000,40,1920,768,392.00,736.00,11.0369,13.7710,0.9983,899.01,1.1123,839.00,11.1233,21.2590,21.3472,26.5145,29.2215
8,30000,40,1920,1536,392.00,736.00,11.0369,13.7710,0.9986,803.65,1.2443,854.00,12.4433,23.7698,23.8639,28.9962,31.3924
8,30000,40,1920,1920,392.00,736.00,11.0369,13.7710,0.9987,771.64,1.2959,854.00,12.9594,24.7118,24.6990,29.8784,32.5041
8,30000,40,1920,2880,392.00,736.00,11.0369,13.7710,0.9987,615.39,1.6250,854.00,16.2498,31.2565,31.3227,36.2111,38.1724
8,30000,40,1920,3840,392.00,736.00,11.0369,13.7710,0.9988,479.12,2.0872,854.00,20.8717,40.4968,40.5813,45.7710,47.6515
8,30000,100,30,6,408.00,740.00,9.6045,12.4056,0.6509,31473.64,0.0318,618.00,0.3177,0.4758,0.4585,0.8076,1.0270
8,30000,100,30,12,408.00,740.00,9.6045,12.4056,0.7261,33760.38,0.0296,613.00,0.2962,0.4356,0.4198,0.7216,0.8993
8,30000,100,30,24,408.00,740.00,9.6045,12.4056,0.7648,34441.67,0.0290,614.00,0.2903,0.4151,0.3864,0.7259,0.9564
8,30000,100,30,30,408.00,740.00,9.6045,12.4056,0.7703,33956.84,0.0294,618.00,0.2945,0.4172,0.3970,0.6955,0.8919
8,30000,100,30,45,408.00,740.00,9.6045,12.4056,0.7768,34253.42,0.0292,615.00,0.2919,0.4420,0.4248,0.7209,0.9241
8,30000,100,30,60,408.00,740.00,9.6045,12.4056,0.7787,33310.34,0.0300,614.00,0.3002,0.4328,0.4153,0.6952,0.8281
8,30000,100,60,12,408.00,740.00,9.6045,12.4056,0.7674,20840.86,0.0480,618.00,0.4798,0.7648,0.7396,1.2298,1.5323
8,30000,100,60,24,408.00,740.00,9.6045,12.4056,0.8338,19848.33,0.0504,616.00,0.5038,0.7827,0.7493,1.2717,1.5473
8,30000,100,60,48,408.00,740.00,9.6045,12.4056,0.8638,20337.49,0.0492,618.00,0.4917,0.7970,0.7792,1.2342,1.5086
8,30000,100,60,60,408.00,740.00,9.6045,12.4056,0.8677,20352.47,0.0491,613.00,0.4913,0.7858,0.7580,1.2504,1.5089
8,30000,100,60,90,408.00,740.00,9.6045,12.4056,0.8718,19953.14,0.0501,612.00,0.5012,0.8081,0.7886,1.2220,1.4824
8,30000,100,60,120,408.00,740.00,9.6045,12.4056,0.8726,20184.88,0.0495,617.00,0.4954,0.8339,0.8170,1.2482,1.4813
8,30000,100,120,24,408.00,740.00,9.6045,12.4056,0.8635,12266.22,0.0815,615.00,0.8152,1.4335,1.4086,2.1457,2.6606
8,30000,100,120,48,408.00,740.00,9.6045,12.4056,0.9155,11709.76,0.0854,630.00,0.8540,1.5002,1.4897,2.1813,2.5383
8,30000,100,120,96,408.00,740.00,9.6045,12.4056,0.9343,11506.31,0.0869,625.00,0.8691,1.5479,1.5209,2.2068,2.5883
8,30000,100,120,120,408.00,740.00,9.6045,12.4056,0.9357,11260.63,0.0888,617.00,0.8880,1.5068,1.4712,2.2325,2.8790
8,30000,100,120,180,408.00,740.00,9.6045,12.4056,0.9367,11103.84,0.0901,629.00,0.9006,1.5835,1.5771,2.2229,2.6172
8,30000,100,120,240,408.00,740.00,9.6045,12.4056,0.9369,10772.35,0.0928,615.00,0.9283,1.6863,1.6727,2.3030,2.6224
8,30000,100,240,48,408.00,740.00,9.6045,12.4056,0.9335,6447.56,0.1551,625.00,1.5510,2.7945,2.7743,3.9472,4.5654
8,30000,100,240,96,408.00,740.00,9.6045,12.4056,0.9665,6316.94,0.1583,622.00,1.5830,2.8935,2.8732,3.9779,4.5817
8,30000,100,240,192,408.00,740.00,9.6045,12.4056,0.9746,6176.76,0.1619,620.00,1.6190,2.9509,2.9318,4.0358,4.5466
8,30000,100,240,240,408.00,740.00,9.6045,12.4056,0.9754,6152.09,0.1625,624.00,1.6255,2.9945,2.9764,4.0346,4.5854
8,30000,100,240,360,408.00,740.00,9.6045,12.4056,0.9760,5825.86,0.1716,636.00,1.7165,3.1622,3.1368,4.2848,4.8097
8,30000,100,240,480,408.00,740.00,9.6045,12.4056,0.9760,5513.90,0.1814,636.00,1.8136,3.3443,3.3217,4.4300,4.9591
8,30000,100,480,96,408.00,740.00,9.6045,12.4056,0.9747,3403.86,0.2938,646.00,2.9378,5.3506,5.3559,7.2582,8.2099
8,30000,100,480,192,408.00,740.00,9.6045,12.4056,0.9889,3220.30,0.3105,640.00,3.1053,5.6910,5.6689,7.6186,8.4797
8,30000,100,480,384,408.00,740.00,9.6045,12.4056,0.9927,3176.45,0.3148,657.00,3.1482,5.7887,5.7353,7.7716,8.8931
8,30000,100,480,480,408.00,740.00,9.6045,12.4056,0.9930,3177.10,0.3148,659.00,3.1475,5.8360,5.8071,7.6626,8.8179
8,30000,100,480,720,408.00,740.00,9.6045,12.4056,0.9930,3002.02,0.3331,648.00,3.3311,6.2588,6.2094,8.1091,9.3776
8,30000,100,480,960,408.00,740.00,9.6045,12.4056,0.9931,2730.98,0.3662,644.00,3.6617,6.9897,6.9364,8.7214,9.6382
8,30000,100,960,192,408.00,740.00,9.6045,12.4056,0.9915,1899.29,0.5265,704.00,5.2651,9.8516,9.9038,13.2378,16.4790
8,30000,100,960,384,408.00,740.00,9.6045,12.4056,0.9969,1769.68,0.5651,707.00,5.6507,10.7215,10.7172,13.7376,15.0246
8,30000,100,960,768,408.00,740.00,9.6045,12.4056,0.9979,1672.08,0.5981,710.00,5.9806,11.3864,11.3564,14.3879,16.3904
8,30000,100,960,960,408.00,740.00,9.6045,12.4056,0.9981,1636.86,0.6109,710.00,6.1092,11.5613,11.4228,14.9380,18.7073
8,30000,100,960,1440,408.00,740.00,9.6045,12.4056,0.9981,1427.90,0.7003,719.00,7.0033,13.4599,13.4007,16.5667,18.3307
8,30000,100,960,1920,408.00,740.00,9.6045,12.4056,0.9981,1214.32,0.8235,712.00,8.2350,15.8231,15.8503,18.8618,20.0683
8,30000,100,1920,384,408.00,740.00,9.6045,12.4056,0.9975,1031.83,0.9691,837.00,9.6915,18.2436,18.6876,24.1335,26.2379
8,30000,100,1920,768,408.00,740.00,9.6045,12.4056,0.9989,909.53,1.0995,822.00,10.9946,21.0758,21.2081,25.8739,27.9113
8,30000,100,1920,1536,408.00,740.00,9.6045,12.4056,0.9991,812.79,1.2303,837.00,12.3033,23.6769,23.7667,28.4541,30.3458
8,30000,100,1920,1920,408.00,740.00,9.6045,12.4056,0.9991,787.56,1.2697,837.00,12.6974,24.4575,24.4808,29.2480,31.5730
8,30000,100,1920,2880,408.00,740.00,9.6045,12.4056,0.9992,622.03,1.6076,837.00,16.0763,31.3070,31.3253,36.4108,38.5645
8,30000,100,1920,3840,408.00,740.00,9.6045,12.4056,0.9992,473.67,2.1112,837.00,21.1119,40.9639,41.0866,46.0609,48.0225
8,30000,200,30,6,391.00,739.00,10.1398,12.9683,0.6545,32034.92,0.0312,656.00,0.3122,0.4868,0.4728,0.8259,1.0216
8,30000,200,30,12,391.00,739.00,10.1398,12.9683,0.7297,32943.11,0.0304,650.00,0.3036,0.4453,0.4301,0.7457,0.9428
8,30000,200,30,24,391.00,739.00,10.1398,12.9683,0.7696,34691.98,0.0288,650.00,0.2883,0.4381,0.4202,0.7254,0.9269
8,30000,200,30,30,391.00,739.00,10.1398,12.9683,0.7752,34312.87,0.0291,655.00,0.2914,0.4180,0.3983,0.7070,0.8963
8,30000,200,30,45,391.00,739.00,10.1398,12.9683,0.7820,33553.52,0.0298,651.00,0.2980,0.4420,0.4288,0.7057,0.8520
8,30000,200,30,60,391.00,739.00,10.1398,12.9683,0.7842,33036.38,0.0303,652.00,0.3027,0.4361,0.4142,0.7183,0.9432
8,30000,200,60,12,391.00,739.00,10.1398,12.9683,0.7711,21002.08,0.0476,644.00,0.4761,0.7959,0.7878,1.2157,1.4615
8,30000,200,60,24,391.00,739.00,10.1398,12.9683,0.8385,20209.26,0.0495,649.00,0.4948,0.7999,0.7683,1.3142,1.6841
8,30000,200,60,48,391.00,739.00,10.1398,12.9683,0.8684,20644.44,0.0484,651.00,0.4844,0.8004,0.7849,1.2325,1.4493
8,30000,200,60,60,391.00,739.00,10.1398,12.9683,0.8720,19869.39,0.0503,649.00,0.5033,0.8094,0.7871,1.2505,1.5107
8,30000,200,60,90,391.00,739.00,10.1398,12.9683,0.8760,19736.42,0.0507,651.00,0.5067,0.8348,0.8115,1.2907,1.6894
8,30000,200,60,120,391.00,739.00,10.1398,12.9683,0.8765,18851.11,0.0530,656.00,0.5305,0.8564,0.8429,1.2647,1.5289
8,30000,200,120,24,391.00,739.00,10.1398,12.9683,0.8672,11363.76,0.0880,652.00,0.8800,1.5093,1.4902,2.2127,2.6011
8,30000,200,120,48,391.00,739.00,10.1398,12.9683,0.9187,11288.77,0.0886,660.00,0.8858,1.5228,1.4815,2.3145,2.8908
8,30000,200,120,96,391.00,739.00,10.1398,12.9683,0.9380,11268.93,0.0887,656.00,0.8874,1.5652,1.5488,2.2267,2.6105
8,30000,200,120,120,391.00,739.00,10.1398,12.9683,0.9398,11053.20,0.0905,650.00,0.9047,1.5346,1.5048,2.2725,2.7605
8,30000,200,120,180,391.00,739.00,10.1398,12.9683,0.9413,10737.62,0.0931,653.00,0.9313,1.5980,1.5627,2.3463,2.8776
8,30000,200,120,240,391.00,739.00,10.1398,12.9683,0.9413,10337.38,0.0967,653.00,0.9674,1.6964,1.6753,2.3824,2.7724
8,30000,200,240,48,391.00,739.00,10.1398,12.9683,0.9362,6407.22,0.1561,662.00,1.5607,2.8306,2.8040,3.9724,4.6031
8,30000,200,240,96,391.00,739.00,10.1398,12.9683,0.9682,6068.87,0.1648,659.00,1.6478,2.9333,2.8691,4.2583,5.2489
8,30000,200,240,192,391.00,739.00,10.1398,12.9683,0.9764,5980.34,0.1672,651.00,1.6721,3.0149,2.9462,4.2871,5.2546
8,30000,200,240,240,391.00,739.00,10.1398,12.9683,0.9768,5745.77,0.1740,659.00,1.7404,3.0412,2.9806,4.3264,5.1773
8,30000,200,240,360,391.00,739.00,10.1398,12.9683,0.9774,5683.80,0.1759,670.00,1.7594,3.2078,3.1852,4.3284,4.8849
8,30000,200,240,480,391.00,739.00,10.1398,12.9683,0.9774,5360.43,0.1866,666.00,1.8655,3.4115,3.3880,4.5808,5.2286
8,30000,200,480,96,391.00,739.00,10.1398,12.9683,0.9760,3310.32,0.3021,678.00,3.0209,5.4086,5.3513,7.5383,8.8227
8,30000,200,480,192,391.00,739.00,10.1398,12.9683,0.9902,3218.59,0.3107,682.00,3.1069,5.6297,5.5522,7.7509,9.2084
8,30000,200,480,384,391.00,739.00,10.1398,12.9683,0.9933,3214.75,0.3111,696.00,3.1107,5.7969,5.7317,7.7644,9.0778
8,30000,200,480,480,391.00,739.00,10.1398,12.9683,0.9934,3200.71,0.3124,681.00,3.1243,5.8897,5.7962,7.9735,9.5367
8,30000,200,480,720,391.00,739.00,10.1398,12.9683,0.9934,2977.67,0.3358,680.00,3.3583,6.4189,6.3900,8.1940,9.0986
8,30000,200,480,960,391.00,739.00,10.1398,12.9683,0.9935,2698.67,0.3706,680.00,3.7055,7.0848,7.0516,8.8965,9.7184
8,30000,200,960,192,391.00,739.00,10.1398,12.9683,0.9926,1865.54,0.5360,733.00,5.3604,10.0536,10.0858,13.3876,14.9686
8,30000,200,960,384,391.00,739.00,10.1398,12.9683,0.9976,1673.55,0.5975,731.00,5.9753,11.1009,11.0652,14.3292,15.7200
8,30000,200,960,768,391.00,739.00,10.1398,12.9683,0.9984,1585.76,0.6306,734.00,6.3061,11.8490,11.8219,15.0573,16.6129
8,30000,200,960,960,391.00,739.00,10.1398,12.9683,0.9984,1578.13,0.6337,736.00,6.3366,11.9486,11.9255,15.0376,16.4101
8,30000,200,960,1440,391.00,739.00,10.1398,12.9683,0.9984,1397.82,0.7154,761.00,7.1540,13.5905,13.5327,16.8624,18.7651
8,30000,200,960,1920,391.00,739.00,10.1398,12.9683,0.9985,1201.00,0.8326,761.00,8.3264,16.0378,16.0436,19.2374,20.9589
8,30000,200,1920,384,391.00,739.00,10.1398,12.9683,0.9979,1011.19,0.9889,854.00,9.8893,18.4757,18.7493,24.3409,26.8740
8,30000,200,1920,768,391.00,739.00,10.1398,12.9683,0.9990,884.97,1.1300,870.00,11.2998,21.4100,21.4298,26.8088,29.1211
8,30000,200,1920,1536,391.00,739.00,10.1398,12.9683,0.9991,799.65,1.2505,885.00,12.5054,23.8767,23.8906,28.9813,31.4786
8,30000,200,1920,1920,391.00,739.00,10.1398,12.9683,0.9992,740.62,1.3502,895.00,13.5022,25.4283,25.5863,30.5391,32.4478
8,30000,200,1920,2880,391.00,739.00,10.1398,12.9683,0.9992,613.83,1.6291,895.00,16.2910,31.6320,31.7186,36.5409,38.8356
8,30000,200,1920,3840,391.00,739.00,10.1398,12.9683,0.9992,473.61,2.1114,893.00,21.1143,41.0315,41.0182,46.3066,49.4731
16,1000,40,1,1,446.00,780.00,0.5610,2.6939,0.3239,45885.81,0.0218,610.00,0.2179,0.2677,0.2251,0.6144,0.9765
16,1000,40,1,1,446.00,780.00,0.5610,2.6939,0.3239,51872.23,0.0193,619.00,0.1928,0.2362,0.1960,0.5408,0.8708
16,1000,40,1,1,446.00,780.00,0.5610,2.6939,0.3239,50483.83,0.0198,620.00,0.1981,0.2356,0.1960,0.5316,0.8277
16,1000,40,1,1,446.00,780.00,0.5610,2.6939,0.3239,50517.08,0.0198,619.00,0.1980,0.2292,0.1897,0.5179,0.8135
16,1000,40,1,1,446.00,780.00,0.5610,2.6939,0.3239,51420.35,0.0194,614.00,0.1945,0.2277,0.1870,0.5170,0.8555
16,1000,40,1,2,446.00,780.00,0.5610,2.6939,0.3664,51892.70,0.0193,620.00,0.1927,0.2205,0.1792,0.5077,0.8220
16,1000,40,2,1,446.00,780.00,0.5610,2.6939,0.4426,32350.69,0.0309,622.00,0.3091,0.4549,0.4007,0.9282,1.4846
16,1000,40,2,1,446.00,780.00,0.5610,2.6939,0.4426,33219.51,0.0301,621.00,0.3010,0.4473,0.3934,0.9217,1.4017
16,1000,40,2,1,446.00,780.00,0.5610,2.6939,0.4426,33113.87,0.0302,620.00,0.3020,0.4283,0.3769,0.8801,1.3812
16,1000,40,2,2,446.00,780.00,0.5610,2.6939,0.5036,32541.68,0.0307,621.00,0.3073,0.4316,0.3785,0.8751,1.4350
16,1000,40,2,3,446.00,780.00,0.5610,2.6939,0.5272,31981.32,0.0313,626.00,0.3127,0.4312,0.3712,0.9037,1.5112
16,1000,40,2,4,446.00,780.00,0.5610,2.6939,0.5378,31933.08,0.0313,621.00,0.3132,0.4316,0.3769,0.8748,1.4376
16,1000,40,4,1,446.00,780.00,0.5610,2.6939,0.5369,18713.77,0.0534,620.00,0.5344,0.8540,0.7603,1.6113,2.6306
16,1000,40,4,1,446.00,780.00,0.5610,2.6939,0.5369,19677.76,0.0508,622.00,0.5082,0.8436,0.7579,1.5655,2.3806
16,1000,40,4,3,446.00,780.00,0.5610,2.6939,0.6617,18326.79,0.0546,623.00,0.5456,0.8517,0.7509,1.6369,2.7387
16,1000,40,4,4,446.00,780.00,0.5610,2.6939,0.6797,16839.16,0.0594,633.00,0.5939,0.9212,0.8296,1.8418,2.8160
16,1000,40,4,6,446.00,780.00,0.5610,2.6939,0.6961,16848.80,0.0594,622.00,0.5935,0.9102,0.8096,1.8124,2.8431
16,1000,40,4,8,446.00,780.00,0.5610,2.6939,0.7033,17937.74,0.0557,620.00,0.5575,0.8803,0.7984,1.7252,2.5711
16,1000,40,8,1,446.00,780.00,0.5610,2.6939,0.5940,10209.55,0.0979,611.00,0.9795,1.6461,1.4903,2.8755,4.9713
16,1000,40,8,3,446.00,780.00,0.5610,2.6939,0.7577,10280.63,0.0973,621.00,0.9727,1.6733,1.5162,2.8706,4.6417
16,1000,40,8,6,446.00,780.00,0.5610,2.6939,0.8118,10449.37,0.0957,621.00,0.9570,1.6343,1.4760,2.7871,4.6415
16,1000,40,8,8,446.00,780.00,0.5610,2.6939,0.8238,10644.06,0.0939,626.00,0.9395,1.6357,1.4781,2.7727,4.6506
16,1000,40,8,12,446.00,780.00,0.5610,2.6939,0.8335,10487.03,0.0954,622.00,0.9536,1.6575,1.5032,2.8265,4.5898
16,1000,40,8,16,446.00,780.00,0.5610,2.6939,0.8362,10488.19,0.0953,630.00,0.9535,1.6466,1.4940,2.8032,4.8557
16,1000,40,16,3,446.00,780.00,0.5610,2.6939,0.8082,5658.26,0.1767,626.00,1.7673,3.2845,3.0619,4.9944,7.9088
16,1000,40,16,6,446.00,780.00,0.5610,2.6939,0.8826,5393.98,0.1854,629.00,1.8539,3.3326,3.1133,5.2333,8.2018
16,1000,40,16,12,446.00,780.00,0.5610,2.6939,0.9177,5417.60,0.1846,629.00,1.8458,3.2544,3.0144,5.2336,9.9633
16,1000,40,16,16,446.00,780.00,0.5610,2.6939,0.9233,5406.26,0.1850,625.00,1.8497,3.3090,3.0698,5.1557,9.8027
16,1000,40,16,24,446.00,780.00,0.5610,2.6939,0.9268,5317.06,0.1881,632.00,1.8807,3.3332,3.0900,5.1833,10.3230
16,1000,40,16,32,446.00,780.00,0.5610,2.6939,0.9277,5476.52,0.1826,628.00,1.8260,3.2909,3.0387,5.1020,10.0364
16,1000,40,32,6,446.00,780.00,0.5610,2.6939,0.9099,2867.68,0.3487,633.00,3.4871,6.3678,6.0030,8.8425,18.9205
16,1000,40,32,12,446.00,780.00,0.5610,2.6939,0.9582,2835.82,0.3526,625.00,3.5263,6.4760,6.1046,9.1211,16.7490
16,1000,40,32,25,446.00,780.00,0.5610,2.6939,0.9743,2830.63,0.3533,625.00,3.5328,6.4756,6.1072,9.1704,16.4438
16,1000,40,32,32,446.00,780.00,0.5610,2.6939,0.9758,2829.44,0.3534,632.00,3.5343,6.4169,6.0346,9.0405,19.5059
16,1000,40,32,48,446.00,780.00,0.5610,2.6939,0.9765,2850.70,0.3508,627.00,3.5079,6.4657,6.0869,9.0315,18.5487
16,1000,40,32,64,446.00,780.00,0.5610,2.6939,0.9767,2848.24,0.3511,633.00,3.5109,6.4088,6.0223,8.9266,20.7218
16,1000,40,64,12,446.00,780.00,0.5610,2.6939,0.9685,1511.51,0.6616,631.00,6.6159,12.4551,11.9836,16.5920,27.3692
16,1000,40,64,25,446.00,780.00,0.5610,2.6939,0.9908,1479.38,0.6760,619.00,6.7596,12.6474,12.1575,17.1312,25.6407
16,1000,40,64,51,446.00,780.00,0.5610,2.6939,0.9948,1511.81,0.6615,633.00,6.6146,12.2617,11.7059,15.9749,37.3985
16,1000,40,64,64,446.00,780.00,0.5610,2.6939,0.9949,1517.45,0.6590,623.00,6.5900,12.4591,11.9095,16.4849,35.3845
16,1000,40,64,96,446.00,780.00,0.5610,2.6939,0.9951,1493.25,0.6697,627.00,6.6968,12.3193,11.7092,16.3328,33.8500
16,1000,40,64,128,446.00,780.00,0.5610,2.6939,0.9951,1494.64,0.6691,620.00,6.6906,12.4862,11.9538,16.4377,38.3200
16,1000,100,1,1,174.00,782.00,0.5938,2.7399,0.3287,47385.63,0.0211,595.00,0.2110,0.2726,0.2312,0.6055,0.9689
16,1000,100,1,1,174.00,782.00,0.5938,2.7399,0.3287,48547.32,0.0206,600.00,0.2060,0.2449,0.2074,0.5553,0.8244
16,1000,100,1,1,174.00,782.00,0.5938,2.7399,0.3287,50650.66,0.0197,600.00,0.1974,0.2402,0.2049,0.5323,0.8167
16,1000,100,1,1,174.00,782.00,0.5938,2.7399,0.3287,49336.82,0.0203,599.00,0.2027,0.2392,0.2013,0.5392,0.8329
16,1000,100,1,1,174.00,782.00,0.5938,2.7399,0.3287,50608.28,0.0198,595.00,0.1976,0.2223,0.1797,0.5222,0.8076
16,1000,100,1,2,174.00,782.00,0.5938,2.7399,0.3669,46974.11,0.0213,604.00,0.2129,0.2246,0.1879,0.5051,0.7842
16,1000,100,2,1,174.00,782.00,0.5938,2.7399,0.4457,31401.83,0.0318,598.00,0.3185,0.4577,0.4029,0.9337,1.4418
16,1000,100,2,1,174.00,782.00,0.5938,2.7399,0.4457,32514.68,0.0308,598.00,0.3076,0.4513,0.3970,0.9314,1.4903
16,1000,100,2,1,174.00,782.00,0.5938,2.7399,0.4457,32357.59,0.0309,603.00,0.3090,0.4395,0.3889,0.8933,1.4142
16,1000,100,2,2,174.00,782.00,0.5938,2.7399,0.5034,31412.73,0.0318,603.00,0.3183,0.4466,0.3948,0.8975,1.3978
16,1000,100,2,3,174.00,782.00,0.5938,2.7399,0.5274,31135.51,0.0321,603.00,0.3212,0.4471,0.3966,0.9168,1.4213
16,1000,100,2,4,174.00,782.00,0.5938,2.7399,0.5391,30141.06,0.0332,598.00,0.3318,0.4519,0.4018,0.9114,1.3961
16,1000,100,4,1,174.00,782.00,0.5938,2.7399,0.5422,17948.56,0.0557,598.00,0.5571,0.8791,0.7836,1.6692,2.5686
16,1000,100,4,1,174.00,782.00,0.5938,2.7399,0.5422,18783.84,0.0532,601.00,0.5324,0.8432,0.7567,1.5902,2.5997
16,1000,100,4,3,174.00,782.00,0.5938,2.7399,0.6630,18677.76,0.0535,604.00,0.5354,0.8605,0.7695,1.6295,2.5499
16,1000,100,4,4,174.00,782.00,0.5938,2.7399,0.6816,18275.42,0.0547,603.00,0.5472,0.8633,0.7624,1.6661,2.6620
16,1000,100,4,6,174.00,782.00,0.5938,2.7399,0.6973,19323.70,0.0517,602.00,0.5175,0.8455,0.7542,1.6112,2.5024
16,1000,100,4,8,174.00,782.00,0.5938,2.7399,0.7038,19207.05,0.0521,601.00,0.5206,0.8536,0.7600,1.6094,2.5990
16,1000,100,8,1,174.00,782.00,0.5938,2.7399,0.6005,10276.59,0.0973,602.00,0.9731,1.7005,1.5586,2.9278,4.4003
16,1000,100,8,3,174.00,782.00,0.5938,2.7399,0.7632,9738.37,0.1027,602.00,1.0269,1.7314,1.5696,2.9424,5.0037
16,1000,100,8,6,174.00,782.00,0.5938,2.7399,0.8164,10017.88,0.0998,603.00,0.9982,1.6977,1.5413,2.8810,4.9337
16,1000,100,8,8,174.00,782.00,0.5938,2.7399,0.8275,9917.04,0.1008,603.00,1.0084,1.7268,1.5905,2.9282,4.2560
16,1000,100,8,12,174.00,782.00,0.5938,2.7399,0.8351,10149.55,0.0985,604.00,0.9853,1.7109,1.5711,2.8919,4.3028
16,1000,100,8,16,174.00,782.00,0.5938,2.7399,0.8379,10349.63,0.0966,605.00,0.9662,1.6399,1.4831,2.7722,4.8270
16,1000,100,16,3,174.00,782.00,0.5938,2.7399,0.8138,5507.11,0.1816,599.00,1.8158,3.2187,2.9792,4.8734,9.8100
16,1000,100,16,6,174.00,782.00,0.5938,2.7399,0.8872,5213.96,0.1918,601.00,1.9179,3.3670,3.1795,5.5326,7.8711
16,1000,100,16,12,174.00,782.00,0.5938,2.7399,0.9198,5528.67,0.1809,599.00,1.8088,3.3559,3.1048,5.1608,8.7142
16,1000,100,16,16,174.00,782.00,0.5938,2.7399,0.9251,5555.70,0.1800,611.00,1.8000,3.2268,2.9837,4.9284,9.1413
16,1000,100,16,24,174.00,782.00,0.5938,2.7399,0.9281,5581.16,0.1792,602.00,1.7917,3.2232,2.9782,4.9515,8.8083
16,1000,100,16,32,174.00,782.00,0.5938,2.7399,0.9287,5838.50,0.1713,603.00,1.7128,3.1955,2.9192,4.8631,9.6198
16,1000,100,32,6,174.00,782.00,0.5938,2.7399,0.9147,3081.51,0.3245,608.00,3.2452,6.2589,5.8605,8.4836,19.1505
16,1000,100,32,12,174.00,782.00,0.5938,2.7399,0.9606,3040.94,0.3288,607.00,3.2885,6.3386,5.9262,8.7101,18.5660
16,1000,100,32,25,174.00,782.00,0.5938,2.7399,0.9750,3036.08,0.3294,606.00,3.2937,6.3432,5.9374,8.6784,18.8122
16,1000,100,32,32,174.00,782.00,0.5938,2.7399,0.9760,3018.32,0.3313,608.00,3.3131,6.3233,5.9084,8.7132,18.8504
16,1000,100,32,48,174.00,782.00,0.5938,2.7399,0.9767,3015.19,0.3317,607.00,3.3165,6.3453,5.9527,8.7411,18.3148
16,1000,100,32,64,174.00,782.00,0.5938,2.7399,0.9768,3008.35,0.3324,603.00,3.3241,6.3306,5.9215,8.7423,18.6302
16,1000,100,64,12,174.00,782.00,0.5938,2.7399,0.9714,1564.76,0.6391,611.00,6.3908,12.2157,11.6391,15.3884,37.5090
16,1000,100,64,25,174.00,782.00,0.5938,2.7399,0.9915,1557.61,0.6420,611.00,6.4201,12.3338,11.7485,15.5815,39.5132
16,1000,100,64,51,174.00,782.00,0.5938,2.7399,0.9950,1561.94,0.6402,609.00,6.4023,12.3650,11.7938,15.6599,37.6581
16,1000,100,64,64,174.00,782.00,0.5938,2.7399,0.9952,1547.50,0.6462,602.00,6.4620,12.3601,11.7740,15.7308,37.8669
16,1000,100,64,96,174.00,782.00,0.5938,2.7399,0.9952,1529.20,0.6539,600.00,6.5394,12.2769,11.7513,15.8472,33.9715
16,1000,100,64,128,174.00,782.00,0.5938,2.7399,0.9953,1556.74,0.6424,611.00,6.4237,12.3723,11.8042,15.8162,37.9282
16,1000,200,1,1,162.00,777.00,0.6182,2.7526,0.3270,47839.14,0.0209,620.00,0.2090,0.2570,0.2159,0.5722,0.9311
16,1000,200,1,1,162.00,777.00,0.6182,2.7526,0.3270,47851.84,0.0209,620.00,0.2090,0.2473,0.2098,0.5440,0.8957
16,1000,200,1,1,162.00,777.00,0.6182,2.7526,0.3270,49475.98,0.0202,621.00,0.2021,0.2439,0.2056,0.5588,0.8811
16,1000,200,1,1,162.00,777.00,0.6182,2.7526,0.3270,52038.89,0.0192,621.00,0.1922,0.2235,0.1831,0.5064,0.8487
16,1000,200,1,1,162.00,777.00,0.6182,2.7526,0.3270,50015.53,0.0200,622.00,0.1999,0.2289,0.1854,0.5303,0.8496
16,1000,200,1,2,162.00,777.00,0.6182,2.7526,0.3698,50083.78,0.0200,623.00,0.1997,0.2318,0.1903,0.5257,0.8806
16,1000,200,2,1,162.00,777.00,0.6182,2.7526,0.4430,31484.40,0.0318,621.00,0.3176,0.4626,0.4073,0.9428,1.5001
16,1000,200,2,1,162.00,777.00,0.6182,2.7526,0.4430,31569.67,0.0317,622.00,0.3168,0.4493,0.3927,0.9442,1.5560
16,1000,200,2,1,162.00,777.00,0.6182,2.7526,0.4430,31493.17,0.0318,621.00,0.3175,0.4419,0.3881,0.8998,1.4274
16,1000,200,2,2,162.00,777.00,0.6182,2.7526,0.5072,32126.70,0.0311,622.00,0.3113,0.4538,0.3957,0.9280,1.4483
16,1000,200,2,3,162.00,777.00,0.6182,2.7526,0.5294,30739.36,0.0325,623.00,0.3253,0.4471,0.3934,0.9089,1.3766
16,1000,200,2,4,162.00,777.00,0.6182,2.7526,0.5407,31698.48,0.0315,624.00,0.3155,0.4300,0.3796,0.8713,1.3303
16,1000,200,4,1,162.00,777.00,0.6182,2.7526,0.5386,18646.41,0.0536,623.00,0.5363,0.8795,0.7923,1.6724,2.4597
16,1000,200,4,1,162.00,777.00,0.6182,2.7526,0.5386,18230.44,0.0549,620.00,0.5485,0.8624,0.7692,1.6502,2.6150
16,1000,200,4,3,162.00,777.00,0.6182,2.7526,0.6650,18535.36,0.0540,624.00,0.5395,0.8842,0.7921,1.6630,2.4588
16,1000,200,4,4,162.00,777.00,0.6182,2.7526,0.6829,18175.54,0.0550,624.00,0.5502,0.8648,0.7717,1.6570,2.6534
16,1000,200,4,6,162.00,777.00,0.6182,2.7526,0.6982,18452.42,0.0542,623.00,0.5419,0.8604,0.7591,1.6733,2.6930
16,1000,200,4,8,162.00,777.00,0.6182,2.7526,0.7041,18214.50,0.0549,625.00,0.5490,0.8724,0.7893,1.6392,2.4415
16,1000,200,8,1,162.00,777.00,0.6182,2.7526,0.5962,9473.56,0.1056,622.00,1.0556,1.7275,1.6114,3.2485,4.4010
16,1000,200,8,3,162.00,777.00,0.6182,2.7526,0.7634,10465.57,0.0956,626.00,0.9555,1.7028,1.5397,2.9899,4.4642
16,1000,200,8,6,162.00,777.00,0.6182,2.7526,0.8163,10363.85,0.0965,624.00,0.9649,1.6568,1.4916,2.8156,4.8939
16,1000,200,8,8,162.00,777.00,0.6182,2.7526,0.8268,10381.40,0.0963,626.00,0.9633,1.6408,1.4813,2.8345,4.8525
16,1000,200,8,12,162.00,777.00,0.6182,2.7526,0.8350,10761.53,0.0929,626.00,0.9292,1.6505,1.4884,2.8493,4.6230
16,1000,200,8,16,162.00,777.00,0.6182,2.7526,0.8372,10605.81,0.0943,626.00,0.9429,1.6194,1.4587,2.7819,4.8198
16,1000,200,16,3,162.00,777.00,0.6182,2.7526,0.8147,5630.46,0.1776,632.00,1.7761,3.1744,2.9466,4.8768,9.9365
16,1000,200,16,6,162.00,777.00,0.6182,2.7526,0.8885,5553.90,0.1801,628.00,1.8005,3.3058,3.0438,5.1393,9.1156
16,1000,200,16,12,162.00,777.00,0.6182,2.7526,0.9205,5568.61,0.1796,628.00,1.7958,3.2945,3.0360,5.0877,8.7794
16,1000,200,16,16,162.00,777.00,0.6182,2.7526,0.9249,5659.01,0.1767,633.00,1.7671,3.2105,2.9612,4.9056,10.2619
16,1000,200,16,24,162.00,777.00,0.6182,2.7526,0.9277,5511.50,0.1814,623.00,1.8144,3.2480,3.0000,4.9172,9.9273
16,1000,200,16,32,162.00,777.00,0.6182,2.7526,0.9283,5587.11,0.1790,621.00,1.7898,3.2985,3.0486,5.1031,8.8942
16,1000,200,32,6,162.00,777.00,0.6182,2.7526,0.9161,2879.19,0.3473,620.00,3.4732,6.3772,5.9849,8.8626,19.5858
16,1000,200,32,12,162.00,777.00,0.6182,2.7526,0.9617,2964.07,0.3374,625.00,3.3737,6.2607,5.8979,8.5939,20.3813
16,1000,200,32,25,162.00,777.00,0.6182,2.7526,0.9751,2894.17,0.3455,621.00,3.4552,6.3406,5.9786,8.8822,18.3852
16,1000,200,32,32,162.00,777.00,0.6182,2.7526,0.9763,2911.41,0.3435,622.00,3.4348,6.4848,6.1187,9.1749,15.9569
16,1000,200,32,48,162.00,777.00,0.6182,2.7526,0.9768,3010.42,0.3322,625.00,3.3218,6.3847,5.9742,8.7675,19.0426
16,1000,200,32,64,162.00,777.00,0.6182,2.7526,0.9768,3010.24,0.3322,630.00,3.3220,6.3720,5.9768,8.8411,17.9121
16,1000,200,64,12,162.00,777.00,0.6182,2.7526,0.9728,1520.48,0.6577,633.00,6.5769,12.1813,11.6848,15.8746,30.6445
16,1000,200,64,25,162.00,777.00,0.6182,2.7526,0.9921,1538.56,0.6500,630.00,6.4996,12.3969,11.8326,16.1428,35.9939
16,1000,200,64,51,162.00,777.00,0.6182,2.7526,0.9952,1540.32,0.6492,632.00,6.4921,12.3879,11.8153,16.1098,36.5641
16,1000,200,64,64,162.00,777.00,0.6182,2.7526,0.9953,1541.99,0.6485,634.00,6.4851,12.3866,11.8104,16.1834,36.6881
16,1000,200,64,96,162.00,777.00,0.6182,2.7526,0.9954,1543.19,0.6480,634.00,6.4801,12.2968,11.8146,15.9442,26.0126
16,1000,200,64,128,162.00,777.00,0.6182,2.7526,0.9954,1533.96,0.6519,627.00,6.5191,12.3041,11.8412,16.2744,22.9156
16,2000,40,2,1,179.00,774.00,0.6740,2.9400,0.3956,43770.84,0.0228,577.00,0.2285,0.2969,0.2573,0.6447,0.9521
16,2000,40,2,1,179.00,774.00,0.6740,2.9400,0.3956,46928.28,0.0213,571.00,0.2131,0.2620,0.2285,0.5371,0.8666
16,2000,40,2,1,179.00,774.00,0.6740,2.9400,0.3956,45641.94,0.0219,572.00,0.2191,0.2433,0.2045,0.5403,0.8670
16,2000,40,2,2,179.00,774.00,0.6740,2.9400,0.4536,48612.03,0.0206,577.00,0.2057,0.2545,0.2176,0.5407,0.8850
16,2000,40,2,3,179.00,774.00,0.6740,2.9400,0.4767,45488.56,0.0220,578.00,0.2198,0.2499,0.2112,0.5378,0.8363
16,2000,40,2,4,179.00,774.00,0.6740,2.9400,0.4870,47553.45,0.0210,577.00,0.2103,0.2330,0.1973,0.5074,0.8022
16,2000,40,4,1,179.00,774.00,0.6740,2.9400,0.4851,28670.57,0.0349,574.00,0.3488,0.4875,0.4344,0.9670,1.4521
16,2000,40,4,1,179.00,774.00,0.6740,2.9400,0.4851,31185.60,0.0321,578.00,0.3207,0.4729,0.4220,0.9154,1.4447
16,2000,40,4,3,179.00,774.00,0.6740,2.9400,0.6031,30417.61,0.0329,576.00,0.3288,0.4783,0.4205,0.9411,1.5375
16,2000,40,4,4,179.00,774.00,0.6740,2.9400,0.6197,30153.76,0.0332,576.00,0.3316,0.4664,0.4111,0.9365,1.4336
16,2000,40,4,6,179.00,774.00,0.6740,2.9400,0.6363,30957.10,0.0323,580.00,0.3230,0.4619,0.4103,0.8946,1.4234
16,2000,40,4,8,179.00,774.00,0.6740,2.9400,0.6435,30326.57,0.0330,579.00,0.3297,0.4664,0.4168,0.9090,1.4200
16,2000,40,8,1,179.00,774.00,0.6740,2.9400,0.5441,18586.87,0.0538,577.00,0.5380,0.8832,0.8033,1.5849,2.4227
16,2000,40,8,3,179.00,774.00,0.6740,2.9400,0.7047,18130.69,0.0552,579.00,0.5516,0.9236,0.8456,1.6678,2.4692
16,2000,40,8,6,179.00,774.00,0.6740,2.9400,0.7590,17970.21,0.0556,580.00,0.5565,0.9076,0.8204,1.6466,2.6590
16,2000,40,8,8,179.00,774.00,0.6740,2.9400,0.7714,18072.68,0.0553,578.00,0.5533,0.9386,0.8452,1.6635,2.6170
16,2000,40,8,12,179.00,774.00,0.6740,2.9400,0.7804,18781.49,0.0532,578.00,0.5324,0.9017,0.8103,1.6079,2.5527
16,2000,40,8,16,179.00,774.00,0.6740,2.9400,0.7835,18136.34,0.0551,579.00,0.5514,0.8761,0.7935,1.5591,2.4460
16,2000,40,16,3,179.00,774.00,0.6740,2.9400,0.7626,10080.06,0.0992,579.00,0.9921,1.7126,1.5778,2.7673,4.7840
16,2000,40,16,6,179.00,774.00,0.6740,2.9400,0.8393,9871.94,0.1013,577.00,1.0130,1.7379,1.5982,2.8049,5.1078
16,2000,40,16,12,179.00,774.00,0.6740,2.9400,0.8766,9829.40,0.1017,578.00,1.0174,1.7516,1.6107,2.8173,5.0947
16,2000,40,16,16,179.00,774.00,0.6740,2.9400,0.8825,9674.61,0.1034,581.00,1.0336,1.8008,1.6601,2.9990,4.6262
16,2000,40,16,24,179.00,774.00,0.6740,2.9400,0.8861,9528.89,0.1049,578.00,1.0494,1.8124,1.6764,3.0152,4.5068
16,2000,40,16,32,179.00,774.00,0.6740,2.9400,0.8873,9572.00,0.1045,581.00,1.0447,1.7899,1.6401,2.9295,5.3519
16,2000,40,32,6,179.00,774.00,0.6740,2.9400,0.8772,5340.95,0.1872,577.00,1.8723,3.4598,3.2431,5.1648,8.7576
16,2000,40,32,12,179.00,774.00,0.6740,2.9400,0.9306,5142.35,0.1945,577.00,1.9446,3.4531,3.2192,5.0965,10.4728
16,2000,40,32,25,179.00,774.00,0.6740,2.9400,0.9492,5258.33,0.1902,577.00,1.9017,3.4354,3.1961,5.0546,9.9886
16,2000,40,32,32,179.00,774.00,0.6740,2.9400,0.9512,5396.56,0.1853,576.00,1.8530,3.4295,3.2136,5.1534,8.4942
16,2000,40,32,48,179.00,774.00,0.6740,2.9400,0.9525,5382.15,0.1858,577.00,1.8580,3.4541,3.2241,5.2059,8.7385
16,2000,40,32,64,179.00,774.00,0.6740,2.9400,0.9528,5229.85,0.1912,577.00,1.9121,3.4139,3.1740,5.0586,10.2497
16,2000,40,64,12,179.00,774.00,0.6740,2.9400,0.9495,2737.35,0.3653,573.00,3.6532,6.8531,6.5586,9.5393,17.5577
16,2000,40,64,25,179.00,774.00,0.6740,2.9400,0.9779,2734.54,0.3657,580.00,3.6569,6.6458,6.2946,9.0629,20.8385
16,2000,40,64,51,179.00,774.00,0.6740,2.9400,0.9844,2798.13,0.3574,588.00,3.5738,6.6294,6.2861,9.0598,19.4589
16,2000,40,64,64,179.00,774.00,0.6740,2.9400,0.9848,2744.99,0.3643,579.00,3.6430,6.6086,6.2651,9.1000,20.2815
16,2000,40,64,96,179.00,774.00,0.6740,2.9400,0.9852,2805.99,0.3564,580.00,3.5638,6.6552,6.3058,9.4195,16.6514
16,2000,40,64,128,179.00,774.00,0.6740,2.9400,0.9853,2788.68,0.3586,580.00,3.5859,6.6925,6.3302,9.4043,18.7255
16,2000,40,128,25,179.00,774.00,0.6740,2.9400,0.9849,1485.79,0.6730,581.00,6.7304,12.5075,12.1013,15.8266,40.7969
16,2000,40,128,51,179.00,774.00,0.6740,2.9400,0.9950,1466.47,0.6819,594.00,6.8191,12.7587,12.2934,16.7206,27.5607
16,2000,40,128,102,179.00,774.00,0.6740,2.9400,0.9968,1503.84,0.6650,587.00,6.6497,12.8144,12.2912,16.3068,38.0400
16,2000,40,128,128,179.00,774.00,0.6740,2.9400,0.9968,1487.64,0.6722,587.00,6.7220,12.6652,12.2145,16.0671,38.0092
16,2000,40,128,192,179.00,774.00,0.6740,2.9400,0.9970,1459.91,0.6850,594.00,6.8497,12.7789,12.3496,16.3594,36.3236
16,2000,40,128,256,179.00,774.00,0.6740,2.9400,0.9970,1482.01,0.6748,594.00,6.7476,12.8458,12.4262,16.5440,26.5662
16,2000,100,2,1,145.00,769.00,0.7423,3.0192,0.3979,46085.73,0.0217,558.00,0.2170,0.2832,0.2449,0.6097,0.9449
16,2000,100,2,1,145.00,769.00,0.7423,3.0192,0.3979,48188.53,0.0208,558.00,0.2075,0.2636,0.2247,0.5825,0.8588
16,2000,100,2,1,145.00,769.00,0.7423,3.0192,0.3979,46268.05,0.0216,560.00,0.2161,0.2630,0.2207,0.5851,0.9292
16,2000,100,2,2,145.00,769.00,0.7423,3.0192,0.4568,47676.18,0.0210,564.00,0.2097,0.2501,0.2144,0.5278,0.8153
16,2000,100,2,3,145.00,769.00,0.7423,3.0192,0.4800,47786.59,0.0209,564.00,0.2093,0.2494,0.2141,0.5355,0.8316
16,2000,100,2,4,145.00,769.00,0.7423,3.0192,0.4911,49800.49,0.0201,564.00,0.2008,0.2508,0.2136,0.5288,0.8701
16,2000,100,4,1,145.00,769.00,0.7423,3.0192,0.4907,30066.91,0.0333,563.00,0.3326,0.4862,0.4321,0.9633,1.4959
16,2000,100,4,1,145.00,769.00,0.7423,3.0192,0.4907,30360.99,0.0329,563.00,0.3294,0.4672,0.4210,0.8941,1.4439
16,2000,100,4,3,145.00,769.00,0.7423,3.0192,0.6090,31123.57,0.0321,564.00,0.3213,0.4843,0.4327,0.9391,1.4723
16,2000,100,4,4,145.00,769.00,0.7423,3.0192,0.6260,30859.45,0.0324,567.00,0.3240,0.4726,0.4235,0.9152,1.4005
16,2000,100,4,6,145.00,769.00,0.7423,3.0192,0.6413,30542.18,0.0327,565.00,0.3274,0.4667,0.4168,0.9050,1.4331
16,2000,100,4,8,145.00,769.00,0.7423,3.0192,0.6473,31568.09,0.0317,563.00,0.3168,0.4753,0.4272,0.9119,1.4034
16,2000,100,8,1,145.00,769.00,0.7423,3.0192,0.5493,18276.70,0.0547,564.00,0.5471,0.8984,0.8163,1.5944,2.5910
16,2000,100,8,3,145.00,769.00,0.7423,3.0192,0.7098,17670.30,0.0566,560.00,0.5659,0.9249,0.8382,1.6916,2.6791
16,2000,100,8,6,145.00,769.00,0.7423,3.0192,0.7606,17753.29,0.0563,565.00,0.5633,0.9119,0.8252,1.6592,2.5445
16,2000,100,8,8,145.00,769.00,0.7423,3.0192,0.7719,18499.96,0.0541,564.00,0.5405,0.8999,0.8157,1.5797,2.5939
16,2000,100,8,12,145.00,769.00,0.7423,3.0192,0.7811,18470.47,0.0541,563.00,0.5414,0.8959,0.8086,1.6064,2.5046
16,2000,100,8,16,145.00,769.00,0.7423,3.0192,0.7837,18164.37,0.0551,565.00,0.5505,0.8962,0.8073,1.6078,2.6732
16,2000,100,16,3,145.00,769.00,0.7423,3.0192,0.7689,10024.12,0.0998,563.00,0.9976,1.7363,1.5964,2.7846,4.8684
16,2000,100,16,6,145.00,769.00,0.7423,3.0192,0.8439,9996.72,0.1000,566.00,1.0003,1.7318,1.5893,2.8196,4.7842
16,2000,100,16,12,145.00,769.00,0.7423,3.0192,0.8777,10259.90,0.0975,563.00,0.9747,1.7665,1.6152,2.9097,4.8729
16,2000,100,16,16,145.00,769.00,0.7423,3.0192,0.8833,9740.89,0.1027,564.00,1.0266,1.7848,1.6179,2.9186,5.2140
16,2000,100,16,24,145.00,769.00,0.7423,3.0192,0.8868,9984.87,0.1002,565.00,1.0015,1.7756,1.6366,2.9106,4.5638
16,2000,100,16,32,145.00,769.00,0.7423,3.0192,0.8879,9701.64,0.1031,564.00,1.0308,1.7631,1.6168,2.8977,4.9808
16,2000,100,32,6,145.00,769.00,0.7423,3.0192,0.8818,5333.57,0.1875,564.00,1.8749,3.3969,3.1685,5.0250,10.0529
16,2000,100,32,12,145.00,769.00,0.7423,3.0192,0.9324,5413.01,0.1847,565.00,1.8474,3.3721,3.1425,5.0341,9.2833
16,2000,100,32,25,145.00,769.00,0.7423,3.0192,0.9501,5469.37,0.1828,565.00,1.8284,3.3778,3.1573,5.0074,8.3457
16,2000,100,32,32,145.00,769.00,0.7423,3.0192,0.9516,5442.91,0.1837,566.00,1.8373,3.4335,3.1859,5.2307,8.9295
16,2000,100,32,48,145.00,769.00,0.7423,3.0192,0.9524,5373.13,0.1861,566.00,1.8611,3.4718,3.2388,5.2850,9.1966
16,2000,100,32,64,145.00,769.00,0.7423,3.0192,0.9525,5306.13,0.1885,567.00,1.8846,3.4281,3.1944,5.0342,10.1798
16,2000,100,64,12,145.00,769.00,0.7423,3.0192,0.9523,2846.40,0.3513,574.00,3.5132,6.6627,6.2982,9.2047,18.1920
16,2000,100,64,25,145.00,769.00,0.7423,3.0192,0.9794,2847.03,0.3512,571.00,3.5124,6.6891,6.3196,9.0703,18.9996
16,2000,100,64,51,145.00,769.00,0.7423,3.0192,0.9850,2831.91,0.3531,574.00,3.5312,6.6602,6.2785,9.2685,17.8494
16,2000,100,64,64,145.00,769.00,0.7423,3.0192,0.9853,2797.61,0.3574,571.00,3.5745,6.6278,6.2877,9.0855,19.4935
16,2000,100,64,96,145.00,769.00,0.7423,3.0192,0.9857,2825.92,0.3539,565.00,3.5387,6.5808,6.2529,9.0609,17.8550
16,2000,100,64,128,145.00,769.00,0.7423,3.0192,0.9857,2878.57,0.3474,575.00,3.4739,6.7065,6.3189,9.0096,19.2812
16,2000,100,128,25,145.00,769.00,0.7423,3.0192,0.9870,1452.90,0.6883,568.00,6.8828,12.7847,12.2998,16.2206,39.6975
16,2000,100,128,51,145.00,769.00,0.7423,3.0192,0.9956,1471.75,0.6795,573.00,6.7946,12.7910,12.3153,16.4992,35.8059
16,2000,100,128,102,145.00,769.00,0.7423,3.0192,0.9970,1483.60,0.6740,575.00,6.7404,12.7639,12.3088,16.3372,31.7753
16,2000,100,128,128,145.00,769.00,0.7423,3.0192,0.9970,1481.53,0.6750,570.00,6.7498,12.7792,12.3486,16.4214,28.4750
16,2000,100,128,192,145.00,769.00,0.7423,3.0192,0.9970,1444.80,0.6921,580.00,6.9214,13.0762,12.5509,17.1620,36.9643
16,2000,100,128,256,145.00,769.00,0.7423,3.0192,0.9970,1466.49,0.6819,565.00,6.8190,13.1160,12.5569,16.8510,36.7979
16,2000,200,2,1,121.00,773.00,0.8074,3.0835,0.4011,45962.40,0.0218,588.00,0.2176,0.2952,0.2624,0.6148,0.9216
16,2000,200,2,1,121.00,773.00,0.8074,3.0835,0.4011,46427.69,0.0215,595.00,0.2154,0.2702,0.2314,0.5764,0.8969
16,2000,200,2,1,121.00,773.00,0.8074,3.0835,0.4011,48459.72,0.0206,594.00,0.2064,0.2656,0.2304,0.5520,0.8574
16,2000,200,2,2,121.00,773.00,0.8074,3.0835,0.4588,47881.06,0.0209,595.00,0.2089,0.2599,0.2229,0.5465,0.8636
16,2000,200,2,3,121.00,773.00,0.8074,3.0835,0.4794,46643.18,0.0214,597.00,0.2144,0.2463,0.2114,0.5260,0.8034
16,2000,200,2,4,121.00,773.00,0.8074,3.0835,0.4899,48424.70,0.0207,597.00,0.2065,0.2505,0.2154,0.5337,0.8169
16,2000,200,4,1,121.00,773.00,0.8074,3.0835,0.4910,30954.17,0.0323,596.00,0.3231,0.4813,0.4322,0.9207,1.4434
16,2000,200,4,1,121.00,773.00,0.8074,3.0835,0.4910,31087.71,0.0322,597.00,0.3217,0.4702,0.4211,0.9181,1.3727
16,2000,200,4,3,121.00,773.00,0.8074,3.0835,0.6074,30510.98,0.0328,599.00,0.3278,0.4767,0.4238,0.9273,1.4373
16,2000,200,4,4,121.00,773.00,0.8074,3.0835,0.6239,30151.73,0.0332,598.00,0.3317,0.4641,0.4121,0.8971,1.5178
16,2000,200,4,6,121.00,773.00,0.8074,3.0835,0.6396,31069.42,0.0322,601.00,0.3219,0.4637,0.4114,0.8893,1.4536
16,2000,200,4,8,121.00,773.00,0.8074,3.0835,0.6461,31452.55,0.0318,599.00,0.3179,0.4493,0.3980,0.8766,1.3961
16,2000,200,8,1,121.00,773.00,0.8074,3.0835,0.5506,18701.64,0.0535,596.00,0.5347,0.8701,0.8031,1.5291,2.2354
16,2000,200,8,3,121.00,773.00,0.8074,3.0835,0.7097,17862.63,0.0560,600.00,0.5598,0.8831,0.8021,1.5493,2.5626
16,2000,200,8,6,121.00,773.00,0.8074,3.0835,0.7611,18265.89,0.0547,600.00,0.5475,0.9004,0.8171,1.6045,2.4624
16,2000,200,8,8,121.00,773.00,0.8074,3.0835,0.7721,17935.26,0.0558,600.00,0.5576,0.8854,0.8038,1.5857,2.5885
16,2000,200,8,12,121.00,773.00,0.8074,3.0835,0.7811,17869.44,0.0560,599.00,0.5596,0.9107,0.8303,1.6193,2.3800
16,2000,200,8,16,121.00,773.00,0.8074,3.0835,0.7840,17674.24,0.0566,600.00,0.5658,0.9062,0.8182,1.6279,2.6849
16,2000,200,16,3,121.00,773.00,0.8074,3.0835,0.7692,9912.31,0.1009,598.00,1.0088,1.7492,1.6017,2.8112,5.2196
16,2000,200,16,6,121.00,773.00,0.8074,3.0835,0.8422,9325.64,0.1072,600.00,1.0723,1.7907,1.6481,2.9253,5.2111
16,2000,200,16,12,121.00,773.00,0.8074,3.0835,0.8764,9808.87,0.1019,599.00,1.0195,1.7922,1.6518,2.9065,4.4526
16,2000,200,16,16,121.00,773.00,0.8074,3.0835,0.8829,9373.72,0.1067,598.00,1.0668,1.8187,1.6698,2.9767,5.2043
16,2000,200,16,24,121.00,773.00,0.8074,3.0835,0.8860,9789.96,0.1021,597.00,1.0215,1.8249,1.6811,2.9627,4.7400
16,2000,200,16,32,121.00,773.00,0.8074,3.0835,0.8870,9919.34,0.1008,600.00,1.0081,1.7924,1.6575,2.9456,4.5816
16,2000,200,32,6,121.00,773.00,0.8074,3.0835,0.8815,5127.03,0.1950,595.00,1.9504,3.4763,3.2280,5.2623,10.1753
16,2000,200,32,12,121.00,773.00,0.8074,3.0835,0.9332,5240.54,0.1908,600.00,1.9082,3.4020,3.1601,5.0663,10.4075
16,2000,200,32,25,121.00,773.00,0.8074,3.0835,0.9504,5313.29,0.1882,600.00,1.8821,3.4399,3.1993,5.2135,9.2193
16,2000,200,32,32,121.00,773.00,0.8074,3.0835,0.9522,5374.53,0.1861,598.00,1.8606,3.4455,3.2125,5.2836,8.7433
16,2000,200,32,48,121.00,773.00,0.8074,3.0835,0.9529,5234.53,0.1910,608.00,1.9104,3.4453,3.2013,5.1246,10.0555
16,2000,200,32,64,121.00,773.00,0.8074,3.0835,0.9532,5209.23,0.1920,600.00,1.9197,3.4553,3.2234,5.1862,9.4315
16,2000,200,64,12,121.00,773.00,0.8074,3.0835,0.9528,2830.58,0.3533,609.00,3.5328,6.6462,6.2987,9.4306,16.8219
16,2000,200,64,25,121.00,773.00,0.8074,3.0835,0.9794,2879.02,0.3473,604.00,3.4734,6.6232,6.2571,9.0435,19.3281
16,2000,200,64,51,121.00,773.00,0.8074,3.0835,0.9849,2843.27,0.3517,606.00,3.5171,6.6176,6.2578,9.1353,18.5025
16,2000,200,64,64,121.00,773.00,0.8074,3.0835,0.9852,2832.37,0.3531,608.00,3.5306,6.6447,6.2735,9.2486,18.1216
16,2000,200,64,96,121.00,773.00,0.8074,3.0835,0.9854,2791.91,0.3582,598.00,3.5818,6.5926,6.2415,9.0790,16.8582
16,2000,200,64,128,121.00,773.00,0.8074,3.0835,0.9855,2775.08,0.3603,609.00,3.6035,6.6577,6.3097,9.1445,18.7489
16,2000,200,128,25,121.00,773.00,0.8074,3.0835,0.9869,1494.77,0.6690,610.00,6.6900,12.5749,12.1522,16.1578,38.6149
16,2000,200,128,51,121.00,773.00,0.8074,3.0835,0.9958,1495.93,0.6685,605.00,6.6848,12.7135,12.3035,16.5173,28.4823
16,2000,200,128,102,121.00,773.00,0.8074,3.0835,0.9970,1508.55,0.6629,612.00,6.6289,12.7253,12.2460,16.6116,29.7511
16,2000,200,128,128,121.00,773.00,0.8074,3.0835,0.9970,1482.42,0.6746,600.00,6.7457,12.7363,12.2759,16.5213,32.1333
16,2000,200,128,192,121.00,773.00,0.8074,3.0835,0.9971,1490.87,0.6707,611.00,6.7075,12.8826,12.3582,16.6221,35.2508
16,2000,200,128,256,121.00,773.00,0.8074,3.0835,0.9971,1477.54,0.6768,615.00,6.7680,13.0196,12.5043,16.8111,36.6696
16,3000,40,3,1,166.00,759.00,0.7984,3.1204,0.4175,43947.84,0.0228,573.00,0.2275,0.3088,0.2696,0.6450,0.9781
16,3000,40,3,1,166.00,759.00,0.7984,3.1204,0.4175,44991.70,0.0222,573.00,0.2223,0.2722,0.2362,0.5651,0.8913
16,3000,40,3,2,166.00,759.00,0.7984,3.1204,0.4906,46443.82,0.0215,576.00,0.2153,0.2826,0.2478,0.5878,0.8490
16,3000,40,3,3,166.00,759.00,0.7984,3.1204,0.5184,46879.55,0.0213,575.00,0.2133,0.2629,0.2239,0.5747,0.8702
16,3000,40,3,4,166.00,759.00,0.7984,3.1204,0.5333,47421.48,0.0211,578.00,0.2109,0.2577,0.2217,0.5455,0.8381
16,3000,40,3,6,166.00,759.00,0.7984,3.1204,0.5449,44922.37,0.0223,577.00,0.2226,0.2595,0.2240,0.5340,0.8454
16,3000,40,6,1,166.00,759.00,0.7984,3.1204,0.4875,29677.87,0.0337,576.00,0.3370,0.4976,0.4455,0.9380,1.4750
16,3000,40,6,2,166.00,759.00,0.7984,3.1204,0.5902,29789.59,0.0336,575.00,0.3357,0.5070,0.4491,1.0049,1.4651
16,3000,40,6,4,166.00,759.00,0.7984,3.1204,0.6548,28595.89,0.0350,576.00,0.3497,0.4968,0.4425,0.9760,1.5660
16,3000,40,6,6,166.00,759.00,0.7984,3.1204,0.6762,29605.09,0.0338,579.00,0.3378,0.4911,0.4340,0.9649,1.4789
16,3000,40,6,9,166.00,759.00,0.7984,3.1204,0.6888,29283.95,0.0341,577.00,0.3415,0.5014,0.4438,0.9860,1.5540
16,3000,40,6,12,166.00,759.00,0.7984,3.1204,0.6936,29851.70,0.0335,576.00,0.3350,0.4847,0.4277,0.9581,1.5256
16,3000,40,12,2,166.00,759.00,0.7984,3.1204,0.6520,16920.52,0.0591,576.00,0.5910,0.9685,0.8738,1.7589,2.9287
16,3000,40,12,4,166.00,759.00,0.7984,3.1204,0.7418,16384.76,0.0610,575.00,0.6103,1.0103,0.9101,1.8651,2.7765
16,3000,40,12,9,166.00,759.00,0.7984,3.1204,0.7998,16841.53,0.0594,576.00,0.5938,0.9760,0.8793,1.7920,2.8857
16,3000,40,12,12,166.00,759.00,0.7984,3.1204,0.8092,16374.76,0.0611,578.00,0.6107,0.9791,0.8845,1.7625,2.7209
16,3000,40,12,18,166.00,759.00,0.7984,3.1204,0.8160,17073.94,0.0586,577.00,0.5857,0.9555,0.8478,1.7634,2.9159
16,3000,40,12,24,166.00,759.00,0.7984,3.1204,0.8183,16833.17,0.0594,578.00,0.5941,0.9464,0.8464,1.7614,2.8190
16,3000,40,24,4,166.00,759.00,0.7984,3.1204,0.7886,9468.13,0.1056,573.00,1.0562,1.8193,1.6494,3.0550,5.2458
16,3000,40,24,9,166.00,759.00,0.7984,3.1204,0.8715,9369.75,0.1067,577.00,1.0673,1.8798,1.7153,3.1863,4.6466
16,3000,40,24,19,166.00,759.00,0.7984,3.1204,0.9028,9131.65,0.1095,579.00,1.0951,1.8848,1.7101,3.1097,5.4622
16,3000,40,24,24,166.00,759.00,0.7984,3.1204,0.9065,9431.15,0.1060,579.00,1.0603,1.8391,1.6745,3.0870,5.1800
16,3000,40,24,36,166.00,759.00,0.7984,3.1204,0.9089,9533.01,0.1049,582.00,1.0490,1.8185,1.6697,3.0201,4.9556
16,3000,40,24,48,166.00,759.00,0.7984,3.1204,0.9094,10041.76,0.0996,580.00,0.9958,1.8210,1.6604,3.0554,4.7703
16,3000,40,48,9,166.00,759.00,0.7984,3.1204,0.9026,5389.30,0.1856,584.00,1.8555,3.5464,3.2826,5.3027,9.3210
16,3000,40,48,19,166.00,759.00,0.7984,3.1204,0.9494,5345.03,0.1871,576.00,1.8709,3.5237,3.2695,5.3655,9.3672
16,3000,40,48,38,166.00,759.00,0.7984,3.1204,0.9622,5310.51,0.1883,587.00,1.8831,3.5828,3.3154,5.3464,10.2566
16,3000,40,48,48,166.00,759.00,0.7984,3.1204,0.9636,5235.52,0.1910,576.00,1.9100,3.5220,3.3011,5.2244,8.4337
16,3000,40,48,72,166.00,759.00,0.7984,3.1204,0.9645,5216.53,0.1917,581.00,1.9170,3.5883,3.3389,5.4575,8.9031
16,3000,40,48,96,166.00,759.00,0.7984,3.1204,0.9645,5188.74,0.1927,584.00,1.9273,3.5843,3.3163,5.4835,8.8595
16,3000,40,96,19,166.00,759.00,0.7984,3.1204,0.9649,2752.16,0.3634,585.00,3.6335,6.7710,6.4415,9.4339,17.7716
16,3000,40,96,38,166.00,759.00,0.7984,3.1204,0.9848,2736.93,0.3654,580.00,3.6537,6.8647,6.4987,9.7270,15.9221
16,3000,40,96,76,166.00,759.00,0.7984,3.1204,0.9898,2785.93,0.3589,579.00,3.5895,6.8892,6.4869,9.7273,16.7818
16,3000,40,96,96,166.00,759.00,0.7984,3.1204,0.9901,2768.92,0.3612,582.00,3.6115,6.8245,6.4696,9.4520,17.8499
16,3000,40,96,144,166.00,759.00,0.7984,3.1204,0.9903,2705.12,0.3697,588.00,3.6967,6.8990,6.5499,9.6143,17.3137
16,3000,40,96,192,166.00,759.00,0.7984,3.1204,0.9903,2679.12,0.3733,586.00,3.7326,7.0187,6.6446,10.0004,15.9656
16,3000,40,192,38,166.00,759.00,0.7984,3.1204,0.9898,1394.13,0.7173,600.00,7.1729,13.2564,12.7068,17.4624,34.0314
16,3000,40,192,76,166.00,759.00,0.7984,3.1204,0.9968,1421.69,0.7034,601.00,7.0339,13.4149,12.8525,18.1938,31.2249
16,3000,40,192,153,166.00,759.00,0.7984,3.1204,0.9978,1384.71,0.7222,602.00,7.2217,13.4294,12.8710,17.6700,35.5478
16,3000,40,192,192,166.00,759.00,0.7984,3.1204,0.9979,1385.85,0.7216,593.00,7.2158,13.5811,13.0202,18.2985,30.9379
16,3000,40,192,288,166.00,759.00,0.7984,3.1204,0.9979,1382.76,0.7232,595.00,7.2319,13.6976,13.1585,18.4845,29.2391
16,3000,40,192,384,166.00,759.00,0.7984,3.1204,0.9979,1371.70,0.7290,598.00,7.2902,13.5953,13.0475,18.1391,33.3535
16,3000,100,3,1,151.00,757.00,0.8965,3.2709,0.4247,43601.35,0.0229,596.00,0.2294,0.3069,0.2712,0.6309,0.9342
16,3000,100,3,1,151.00,757.00,0.8965,3.2709,0.4247,46603.52,0.0215,600.00,0.2146,0.2788,0.2433,0.5698,0.8798
16,3000,100,3,2,151.00,757.00,0.8965,3.2709,0.4944,45837.48,0.0218,603.00,0.2182,0.2741,0.2384,0.5685,0.8878
16,3000,100,3,3,151.00,757.00,0.8965,3.2709,0.5217,45529.43,0.0220,605.00,0.2196,0.2793,0.2404,0.5938,0.9267
16,3000,100,3,4,151.00,757.00,0.8965,3.2709,0.5350,45426.64,0.0220,609.00,0.2201,0.2728,0.2349,0.5757,0.9084
16,3000,100,3,6,151.00,757.00,0.8965,3.2709,0.5479,46646.40,0.0214,603.00,0.2144,0.2590,0.2238,0.5433,0.8362
16,3000,100,6,1,151.00,757.00,0.8965,3.2709,0.4970,28745.86,0.0348,602.00,0.3479,0.4994,0.4417,0.9875,1.5250
16,3000,100,6,2,151.00,757.00,0.8965,3.2709,0.5936,28598.93,0.0350,605.00,0.3497,0.5038,0.4433,0.9983,1.5313
16,3000,100,6,4,151.00,757.00,0.8965,3.2709,0.6575,29734.22,0.0336,607.00,0.3363,0.5011,0.4397,0.9899,1.5269
16,3000,100,6,6,151.00,757.00,0.8965,3.2709,0.6787,30333.70,0.0330,606.00,0.3297,0.4950,0.4440,0.9565,1.4507
16,3000,100,6,9,151.00,757.00,0.8965,3.2709,0.6903,30202.11,0.0331,607.00,0.3311,0.4830,0.4285,0.9515,1.4090
16,3000,100,6,12,151.00,757.00,0.8965,3.2709,0.6947,29675.29,0.0337,604.00,0.3370,0.4879,0.4375,0.9469,1.4090
16,3000,100,12,2,151.00,757.00,0.8965,3.2709,0.6579,17861.10,0.0560,605.00,0.5599,0.9607,0.8721,1.7262,2.5726
16,3000,100,12,4,151.00,757.00,0.8965,3.2709,0.7467,17675.52,0.0566,614.00,0.5658,0.9617,0.8710,1.7246,2.5326
16,3000,100,12,9,151.00,757.00,0.8965,3.2709,0.8018,17286.27,0.0578,605.00,0.5785,0.9397,0.8457,1.7163,2.7556
16,3000,100,12,12,151.00,757.00,0.8965,3.2709,0.8105,17466.06,0.0573,605.00,0.5725,0.9308,0.8363,1.6679,2.6387
16,3000,100,12,18,151.00,757.00,0.8965,3.2709,0.8165,17636.82,0.0567,605.00,0.5670,0.9436,0.8460,1.6826,2.7257
16,3000,100,12,24,151.00,757.00,0.8965,3.2709,0.8188,17790.60,0.0562,606.00,0.5621,0.9614,0.8645,1.7477,2.6286
16,3000,100,24,4,151.00,757.00,0.8965,3.2709,0.7942,9667.58,0.1034,604.00,1.0344,1.7994,1.6586,2.9078,4.8872
16,3000,100,24,9,151.00,757.00,0.8965,3.2709,0.8754,9577.62,0.1044,600.00,1.0441,1.8317,1.6704,3.0368,4.9566
16,3000,100,24,19,151.00,757.00,0.8965,3.2709,0.9045,9425.95,0.1061,607.00,1.0609,1.8602,1.6928,3.0969,5.1161
16,3000,100,24,24,151.00,757.00,0.8965,3.2709,0.9074,9757.31,0.1025,604.00,1.0249,1.8557,1.7008,3.0784,4.5433
16,3000,100,24,36,151.00,757.00,0.8965,3.2709,0.9093,9348.87,0.1070,607.00,1.0696,1.8885,1.7519,3.1273,4.5588
16,3000,100,24,48,151.00,757.00,0.8965,3.2709,0.9096,9684.34,0.1033,604.00,1.0326,1.8508,1.7015,3.0938,4.5117
16,3000,100,48,9,151.00,757.00,0.8965,3.2709,0.9078,5013.44,0.1995,604.00,1.9946,3.5793,3.3177,5.4062,10.2305
16,3000,100,48,19,151.00,757.00,0.8965,3.2709,0.9526,5016.29,0.1994,605.00,1.9935,3.6727,3.4342,5.6180,8.4140
16,3000,100,48,38,151.00,757.00,0.8965,3.2709,0.9634,5103.91,0.1959,610.00,1.9593,3.5742,3.3232,5.3940,9.5325
16,3000,100,48,48,151.00,757.00,0.8965,3.2709,0.9643,5398.94,0.1852,611.00,1.8522,3.5036,3.2133,5.3088,9.6508
16,3000,100,48,72,151.00,757.00,0.8965,3.2709,0.9647,5397.75,0.1853,614.00,1.8526,3.5239,3.2491,5.3588,9.5500
16,3000,100,48,96,151.00,757.00,0.8965,3.2709,0.9649,5368.15,0.1863,607.00,1.8628,3.5567,3.2778,5.3759,9.7563
16,3000,100,96,19,151.00,757.00,0.8965,3.2709,0.9687,2851.31,0.3507,617.00,3.5072,6.7565,6.3814,9.2176,17.4490
16,3000,100,96,38,151.00,757.00,0.8965,3.2709,0.9862,2806.75,0.3563,617.00,3.5628,6.8511,6.4523,9.2806,18.1633
16,3000,100,96,76,151.00,757.00,0.8965,3.2709,0.9893,2746.76,0.3641,616.00,3.6407,6.8249,6.4677,9.4821,17.9230
16,3000,100,96,96,151.00,757.00,0.8965,3.2709,0.9896,2733.91,0.3658,615.00,3.6578,6.8623,6.5090,9.5461,17.2933
16,3000,100,96,144,151.00,757.00,0.8965,3.2709,0.9897,2750.02,0.3636,608.00,3.6363,6.9488,6.5594,9.7063,17.3122
16,3000,100,96,192,151.00,757.00,0.8965,3.2709,0.9897,2739.58,0.3650,611.00,3.6502,6.9879,6.5830,9.6146,17.9903
16,3000,100,192,38,151.00,757.00,0.8965,3.2709,0.9918,1436.16,0.6963,625.00,6.9630,13.2144,12.6806,18.0779,30.1179
16,3000,100,192,76,151.00,757.00,0.8965,3.2709,0.9971,1419.52,0.7045,613.00,7.0446,13.2498,12.7064,17.6344,32.6021
16,3000,100,192,153,151.00,757.00,0.8965,3.2709,0.9979,1394.77,0.7170,625.00,7.1696,13.4052,12.8854,18.1303,29.6637
16,3000,100,192,192,151.00,757.00,0.8965,3.2709,0.9979,1428.88,0.6999,624.00,6.9985,13.1845,12.6867,17.2767,36.3817
16,3000,100,192,288,151.00,757.00,0.8965,3.2709,0.9979,1434.75,0.6970,617.00,6.9699,13.3100,12.8029,17.1798,31.2674
16,3000,100,192,384,151.00,757.00,0.8965,3.2709,0.9979,1436.53,0.6961,613.00,6.9612,13.5468,12.9586,17.2333,36.6066
16,3000,200,3,1,165.00,758.00,1.0005,3.4187,0.4256,43620.60,0.0229,563.00,0.2292,0.3120,0.2772,0.6304,0.9620
16,3000,200,3,1,165.00,758.00,1.0005,3.4187,0.4256,46931.48,0.0213,564.00,0.2131,0.2767,0.2435,0.5725,0.8933
16,3000,200,3,2,165.00,758.00,1.0005,3.4187,0.4983,45675.44,0.0219,565.00,0.2189,0.2755,0.2406,0.5791,0.8895
16,3000,200,3,3,165.00,758.00,1.0005,3.4187,0.5248,45416.65,0.0220,565.00,0.2202,0.2692,0.2293,0.5801,0.9031
16,3000,200,3,4,165.00,758.00,1.0005,3.4187,0.5383,47492.93,0.0211,564.00,0.2106,0.2602,0.2234,0.5433,0.9142
16,3000,200,3,6,165.00,758.00,1.0005,3.4187,0.5494,46647.58,0.0214,564.00,0.2144,0.2518,0.2165,0.5256,0.8093
16,3000,200,6,1,165.00,758.00,1.0005,3.4187,0.4988,29379.17,0.0340,563.00,0.3404,0.5084,0.4498,0.9870,1.5781
16,3000,200,6,2,165.00,758.00,1.0005,3.4187,0.5989,29304.64,0.0341,565.00,0.3412,0.5152,0.4620,0.9862,1.4994
16,3000,200,6,4,165.00,758.00,1.0005,3.4187,0.6605,30284.13,0.0330,564.00,0.3302,0.4945,0.4418,0.9734,1.4573
16,3000,200,6,6,165.00,758.00,1.0005,3.4187,0.6801,31007.43,0.0323,567.00,0.3225,0.4965,0.4409,0.9714,1.4765
16,3000,200,6,9,165.00,758.00,1.0005,3.4187,0.6912,29391.50,0.0340,561.00,0.3402,0.4879,0.4310,0.9670,1.4905
16,3000,200,6,12,165.00,758.00,1.0005,3.4187,0.6953,30245.51,0.0331,562.00,0.3306,0.4969,0.4447,0.9624,1.3897
16,3000,200,12,2,165.00,758.00,1.0005,3.4187,0.6630,16904.61,0.0592,564.00,0.5916,0.9566,0.8586,1.7074,2.6991
16,3000,200,12,4,165.00,758.00,1.0005,3.4187,0.7522,16940.46,0.0590,560.00,0.5903,0.9599,0.8625,1.7718,2.7360
16,3000,200,12,9,165.00,758.00,1.0005,3.4187,0.8050,17037.40,0.0587,570.00,0.5869,0.9481,0.8415,1.7831,2.8491
16,3000,200,12,12,165.00,758.00,1.0005,3.4187,0.8126,16349.31,0.0612,565.00,0.6116,0.9778,0.8919,1.7882,2.5093
16,3000,200,12,18,165.00,758.00,1.0005,3.4187,0.8178,15314.24,0.0653,568.00,0.6530,1.0175,0.9149,1.9724,3.0172
16,3000,200,12,24,165.00,758.00,1.0005,3.4187,0.8190,15889.03,0.0629,566.00,0.6294,0.9843,0.8784,1.9063,2.8906
16,3000,200,24,4,165.00,758.00,1.0005,3.4187,0.8010,9585.02,0.1043,565.00,1.0433,1.8733,1.7077,3.0062,5.1116
16,3000,200,24,9,165.00,758.00,1.0005,3.4187,0.8787,9483.38,0.1054,565.00,1.0545,1.8283,1.6730,3.0226,5.2174
16,3000,200,24,19,165.00,758.00,1.0005,3.4187,0.9051,9638.42,0.1038,566.00,1.0375,1.8066,1.6496,2.9705,5.0751
16,3000,200,24,24,165.00,758.00,1.0005,3.4187,0.9079,9874.80,0.1013,561.00,1.0127,1.8415,1.6966,2.9928,4.6316
16,3000,200,24,36,165.00,758.00,1.0005,3.4187,0.9099,9566.03,0.1045,563.00,1.0454,1.8859,1.7423,3.1320,4.7451
16,3000,200,24,48,165.00,758.00,1.0005,3.4187,0.9100,9523.09,0.1050,565.00,1.0501,1.8468,1.6890,3.0194,5.0627
16,3000,200,48,9,165.00,758.00,1.0005,3.4187,0.9118,5180.98,0.1930,563.00,1.9301,3.4962,3.2684,5.2259,9.1367
16,3000,200,48,19,165.00,758.00,1.0005,3.4187,0.9539,5212.34,0.1919,565.00,1.9185,3.4909,3.2481,5.1915,9.9347
16,3000,200,48,38,165.00,758.00,1.0005,3.4187,0.9638,5077.70,0.1969,563.00,1.9694,3.5614,3.3116,5.4296,9.7108
16,3000,200,48,48,165.00,758.00,1.0005,3.4187,0.9644,5100.94,0.1960,564.00,1.9604,3.5468,3.2986,5.4309,9.4631
16,3000,200,48,72,165.00,758.00,1.0005,3.4187,0.9648,5094.05,0.1963,567.00,1.9631,3.5611,3.3203,5.3546,9.9364
16,3000,200,48,96,165.00,758.00,1.0005,3.4187,0.9650,4925.04,0.2030,567.00,2.0304,3.6148,3.3621,5.5124,10.3245
16,3000,200,96,19,165.00,758.00,1.0005,3.4187,0.9703,2676.59,0.3736,565.00,3.7361,6.8698,6.5200,9.5767,19.1996
16,3000,200,96,38,165.00,758.00,1.0005,3.4187,0.9865,2688.86,0.3719,568.00,3.7191,6.8494,6.4785,9.5005,20.4348
16,3000,200,96,76,165.00,758.00,1.0005,3.4187,0.9895,2579.07,0.3877,567.00,3.8774,7.1856,6.8531,10.3546,16.5442
16,3000,200,96,96,165.00,758.00,1.0005,3.4187,0.9898,2520.16,0.3968,572.00,3.9680,7.1623,6.7794,10.3383,20.5388
16,3000,200,96,144,165.00,758.00,1.0005,3.4187,0.9899,2643.86,0.3782,568.00,3.7823,6.9670,6.6008,9.7075,19.7005
16,3000,200,96,192,165.00,758.00,1.0005,3.4187,0.9899,2610.69,0.3830,577.00,3.8304,7.0832,6.7282,9.8000,20.0391
16,3000,200,192,38,165.00,758.00,1.0005,3.4187,0.9924,1369.09,0.7304,590.00,7.3041,13.3574,12.7687,17.5774,38.2719
16,3000,200,192,76,165.00,758.00,1.0005,3.4187,0.9971,1385.43,0.7218,583.00,7.2180,13.5830,13.1084,18.5038,28.6175
16,3000,200,192,153,165.00,758.00,1.0005,3.4187,0.9979,1357.99,0.7364,593.00,7.3638,13.6517,13.1321,17.8150,37.5077
16,3000,200,192,192,165.00,758.00,1.0005,3.4187,0.9980,1383.56,0.7228,593.00,7.2277,13.4557,12.9300,17.6158,36.4872
16,3000,200,192,288,165.00,758.00,1.0005,3.4187,0.9980,1372.93,0.7284,586.00,7.2837,13.6489,13.1565,18.2782,33.3292
16,3000,200,192,384,165.00,758.00,1.0005,3.4187,0.9980,1376.83,0.7263,596.00,7.2630,13.5615,13.0015,17.6300,39.4886
16,4000,40,4,1,147.00,765.00,0.8998,3.3548,0.4289,42735.41,0.0234,583.00,0.2340,0.3133,0.2749,0.6346,0.9868
16,4000,40,4,1,147.00,765.00,0.8998,3.3548,0.4289,44497.23,0.0225,590.00,0.2247,0.2873,0.2486,0.5966,0.8808
16,4000,40,4,3,147.00,765.00,0.8998,3.3548,0.5437,45232.14,0.0221,595.00,0.2211,0.2827,0.2459,0.5763,0.8878
16,4000,40,4,4,147.00,765.00,0.8998,3.3548,0.5599,44887.69,0.0223,595.00,0.2228,0.2757,0.2416,0.5596,0.8879
16,4000,40,4,6,147.00,765.00,0.8998,3.3548,0.5770,46561.24,0.0215,597.00,0.2148,0.2779,0.2419,0.5744,0.8677
16,4000,40,4,8,147.00,765.00,0.8998,3.3548,0.5841,45503.32,0.0220,596.00,0.2198,0.2767,0.2412,0.5596,0.8508
16,4000,40,8,1,147.00,765.00,0.8998,3.3548,0.4860,28297.00,0.0353,590.00,0.3534,0.5288,0.4713,1.0146,1.5647
16,4000,40,8,3,147.00,765.00,0.8998,3.3548,0.6448,28267.88,0.0354,597.00,0.3538,0.5177,0.4618,1.0128,1.5169
16,4000,40,8,6,147.00,765.00,0.8998,3.3548,0.6965,28423.27,0.0352,596.00,0.3518,0.5031,0.4455,0.9710,1.5382
16,4000,40,8,8,147.00,765.00,0.8998,3.3548,0.7089,27442.60,0.0364,597.00,0.3644,0.5032,0.4460,0.9851,1.5212
16,4000,40,8,12,147.00,765.00,0.8998,3.3548,0.7195,28150.17,0.0355,596.00,0.3552,0.5323,0.4798,1.0254,1.4378
16,4000,40,8,16,147.00,765.00,0.8998,3.3548,0.7236,28763.65,0.0348,594.00,0.3477,0.5100,0.4567,0.9676,1.4591
16,4000,40,16,3,147.00,765.00,0.8998,3.3548,0.7066,17341.57,0.0577,595.00,0.5766,0.9891,0.8999,1.7677,2.6466
16,4000,40,16,6,147.00,765.00,0.8998,3.3548,0.7843,17176.23,0.0582,594.00,0.5822,0.9763,0.8846,1.7090,2.6948
16,4000,40,16,12,147.00,765.00,0.8998,3.3548,0.8236,16901.37,0.0592,594.00,0.5917,0.9936,0.9000,1.7947,2.6355
16,4000,40,16,16,147.00,765.00,0.8998,3.3548,0.8311,16314.04,0.0613,595.00,0.6130,0.9827,0.8828,1.7495,2.8080
16,4000,40,16,24,147.00,765.00,0.8998,3.3548,0.8355,16400.34,0.0610,595.00,0.6097,0.9917,0.8952,1.7667,2.6772
16,4000,40,16,32,147.00,765.00,0.8998,3.3548,0.8370,16552.68,0.0604,596.00,0.6041,0.9985,0.9032,1.7668,2.6212
16,4000,40,32,6,147.00,765.00,0.8998,3.3548,0.8292,8892.73,0.1125,596.00,1.1245,1.9261,1.7708,3.1425,5.3652
16,4000,40,32,12,147.00,765.00,0.8998,3.3548,0.8895,9284.60,0.1077,594.00,1.0771,1.9012,1.7374,3.1036,5.1252
16,4000,40,32,25,147.00,765.00,0.8998,3.3548,0.9154,9026.58,0.1108,596.00,1.1078,1.9226,1.7541,3.1324,5.3596
16,4000,40,32,32,147.00,765.00,0.8998,3.3548,0.9178,8897.71,0.1124,595.00,1.1239,1.9794,1.8281,3.3096,4.6339
16,4000,40,32,48,147.00,765.00,0.8998,3.3548,0.9199,9216.81,0.1085,595.00,1.0850,1.9155,1.7509,3.1143,5.0341
16,4000,40,32,64,147.00,765.00,0.8998,3.3548,0.9203,9188.52,0.1088,596.00,1.0883,1.9093,1.7504,3.1167,5.3508
16,4000,40,64,12,147.00,765.00,0.8998,3.3548,0.9171,5045.28,0.1982,592.00,1.9821,3.6333,3.3998,5.4079,9.5585
16,4000,40,64,25,147.00,765.00,0.8998,3.3548,0.9569,5019.51,0.1992,595.00,1.9922,3.6494,3.4207,5.4807,9.1119
16,4000,40,64,51,147.00,765.00,0.8998,3.3548,0.9673,4930.12,0.2028,600.00,2.0283,3.6471,3.4005,5.4907,10.1506
16,4000,40,64,64,147.00,765.00,0.8998,3.3548,0.9683,4968.28,0.2013,604.00,2.0128,3.7546,3.5072,5.7491,8.5855
16,4000,40,64,96,147.00,765.00,0.8998,3.3548,0.9689,4834.39,0.2069,605.00,2.0685,3.7477,3.4892,5.6430,9.7568
16,4000,40,64,128,147.00,765.00,0.8998,3.3548,0.9690,4916.54,0.2034,596.00,2.0340,3.6987,3.4688,5.5530,8.6824
16,4000,40,128,25,147.00,765.00,0.8998,3.3548,0.9704,2621.91,0.3814,600.00,3.8140,7.0456,6.7043,9.8354,17.8113
16,4000,40,128,51,147.00,765.00,0.8998,3.3548,0.9867,2618.07,0.3820,596.00,3.8196,7.0809,6.7263,9.9168,18.1938
16,4000,40,128,102,147.00,765.00,0.8998,3.3548,0.9902,2581.78,0.3873,602.00,3.8733,7.1620,6.8306,10.0585,18.0520
16,4000,40,128,128,147.00,765.00,0.8998,3.3548,0.9906,2574.97,0.3884,596.00,3.8835,7.2768,6.9553,10.6461,15.2536
16,4000,40,128,192,147.00,765.00,0.8998,3.3548,0.9909,2599.08,0.3848,600.00,3.8475,7.2970,6.9408,10.3325,16.8481
16,4000,40,128,256,147.00,765.00,0.8998,3.3548,0.9910,2527.08,0.3957,602.00,3.9571,7.2249,6.8589,10.1442,18.3519
16,4000,40,256,51,147.00,765.00,0.8998,3.3548,0.9909,1377.64,0.7259,621.00,7.2588,13.6114,13.0451,19.8940,27.7848
16,4000,40,256,102,147.00,765.00,0.8998,3.3548,0.9965,1410.39,0.7090,623.00,7.0903,13.5455,13.1053,18.3437,31.6022
16,4000,40,256,204,147.00,765.00,0.8998,3.3548,0.9974,1394.75,0.7170,613.00,7.1697,13.6308,13.2029,18.1555,30.2845
16,4000,40,256,256,147.00,765.00,0.8998,3.3548,0.9974,1390.27,0.7193,616.00,7.1929,13.7517,13.2285,19.3170,30.2986
16,4000,40,256,384,147.00,765.00,0.8998,3.3548,0.9974,1363.33,0.7335,627.00,7.3350,13.8915,13.3994,18.5041,31.7942
16,4000,40,256,512,147.00,765.00,0.8998,3.3548,0.9975,1355.29,0.7379,618.00,7.3785,13.9530,13.5383,18.9939,30.0797
16,4000,100,4,1,170.00,762.00,1.0271,3.4471,0.4411,42678.33,0.0234,581.00,0.2343,0.3324,0.2939,0.6772,0.9826
16,4000,100,4,1,170.00,762.00,1.0271,3.4471,0.4411,44267.23,0.0226,584.00,0.2259,0.2911,0.2552,0.6094,0.8989
16,4000,100,4,3,170.00,762.00,1.0271,3.4471,0.5522,46004.08,0.0217,587.00,0.2174,0.2973,0.2605,0.6037,0.8736
16,4000,100,4,4,170.00,762.00,1.0271,3.4471,0.5690,44396.70,0.0225,590.00,0.2252,0.2926,0.2556,0.6120,0.9244
16,4000,100,4,6,170.00,762.00,1.0271,3.4471,0.5844,47461.26,0.0211,589.00,0.2107,0.2795,0.2426,0.5794,0.8550
16,4000,100,4,8,170.00,762.00,1.0271,3.4471,0.5907,47423.76,0.0211,592.00,0.2109,0.2684,0.2331,0.5449,0.8705
16,4000,100,8,1,170.00,762.00,1.0271,3.4471,0.4985,27923.07,0.0358,586.00,0.3581,0.5135,0.4613,1.0080,1.4876
16,4000,100,8,3,170.00,762.00,1.0271,3.4471,0.6519,27507.82,0.0364,588.00,0.3635,0.5395,0.4813,1.0398,1.6488
16,4000,100,8,6,170.00,762.00,1.0271,3.4471,0.7030,27678.03,0.0361,587.00,0.3613,0.5269,0.4610,1.0569,1.6212
16,4000,100,8,8,170.00,762.00,1.0271,3.4471,0.7144,28545.71,0.0350,589.00,0.3503,0.5394,0.4779,1.0324,1.5428
16,4000,100,8,12,170.00,762.00,1.0271,3.4471,0.7247,28615.87,0.0349,592.00,0.3495,0.5238,0.4680,1.0066,1.5137
16,4000,100,8,16,170.00,762.00,1.0271,3.4471,0.7274,27960.90,0.0358,590.00,0.3576,0.5083,0.4518,0.9770,1.5142
16,4000,100,16,3,170.00,762.00,1.0271,3.4471,0.7160,15759.05,0.0635,587.00,0.6346,1.0061,0.9013,1.8375,2.8632
16,4000,100,16,6,170.00,762.00,1.0271,3.4471,0.7923,16847.15,0.0594,588.00,0.5936,0.9927,0.8978,1.7756,2.6630
16,4000,100,16,12,170.00,762.00,1.0271,3.4471,0.8299,16569.21,0.0604,585.00,0.6035,1.0119,0.9244,1.8109,2.4657
16,4000,100,16,16,170.00,762.00,1.0271,3.4471,0.8359,17300.88,0.0578,590.00,0.5780,0.9816,0.8897,1.7823,2.6402
16,4000,100,16,24,170.00,762.00,1.0271,3.4471,0.8394,17164.85,0.0583,597.00,0.5826,0.9843,0.8996,1.7480,2.4510
16,4000,100,16,32,170.00,762.00,1.0271,3.4471,0.8402,16790.77,0.0596,590.00,0.5956,0.9928,0.9008,1.7582,2.4986
16,4000,100,32,6,170.00,762.00,1.0271,3.4471,0.8400,9445.21,0.1059,591.00,1.0587,1.9197,1.7721,3.1713,4.6881
16,4000,100,32,12,170.00,762.00,1.0271,3.4471,0.8974,9385.26,0.1066,596.00,1.0655,1.9057,1.7648,3.0315,4.8267
16,4000,100,32,25,170.00,762.00,1.0271,3.4471,0.9189,9503.29,0.1052,594.00,1.0523,1.8848,1.7382,3.0310,5.0119
16,4000,100,32,32,170.00,762.00,1.0271,3.4471,0.9213,9659.20,0.1035,590.00,1.0353,1.9047,1.7492,3.1598,4.7083
16,4000,100,32,48,170.00,762.00,1.0271,3.4471,0.9226,9325.27,0.1072,589.00,1.0724,1.8805,1.7261,3.0217,5.1648
16,4000,100,32,64,170.00,762.00,1.0271,3.4471,0.9230,9300.55,0.1075,587.00,1.0752,1.9146,1.7658,3.0445,5.4396
16,4000,100,64,12,170.00,762.00,1.0271,3.4471,0.9266,5116.37,0.1955,596.00,1.9545,3.6922,3.4496,5.5853,8.9348
16,4000,100,64,25,170.00,762.00,1.0271,3.4471,0.9606,4981.19,0.2008,595.00,2.0076,3.6486,3.4016,5.5331,8.8351
16,4000,100,64,51,170.00,762.00,1.0271,3.4471,0.9693,5133.87,0.1948,587.00,1.9478,3.6872,3.4486,5.6998,8.2934
16,4000,100,64,64,170.00,762.00,1.0271,3.4471,0.9699,4989.51,0.2004,589.00,2.0042,3.7109,3.4595,5.6390,9.4036
16,4000,100,64,96,170.00,762.00,1.0271,3.4471,0.9702,5100.65,0.1961,595.00,1.9605,3.7374,3.4744,5.6448,8.7999
16,4000,100,64,128,170.00,762.00,1.0271,3.4471,0.9701,5045.92,0.1982,589.00,1.9818,3.7474,3.5053,5.6908,8.8052
16,4000,100,128,25,170.00,762.00,1.0271,3.4471,0.9748,2613.15,0.3827,593.00,3.8268,7.2021,6.8841,10.1361,16.6826
16,4000,100,128,51,170.00,762.00,1.0271,3.4471,0.9891,2641.52,0.3786,591.00,3.7857,7.0940,6.7737,9.8904,16.1040
16,4000,100,128,102,170.00,762.00,1.0271,3.4471,0.9915,2620.51,0.3816,592.00,3.8160,7.1381,6.7981,10.0206,16.2838
16,4000,100,128,128,170.00,762.00,1.0271,3.4471,0.9916,2632.33,0.3799,595.00,3.7989,7.1236,6.8174,10.1163,15.8295
16,4000,100,128,192,170.00,762.00,1.0271,3.4471,0.9918,2603.35,0.3841,600.00,3.8412,7.1829,6.8713,10.1137,15.6328
16,4000,100,128,256,170.00,762.00,1.0271,3.4471,0.9918,2592.18,0.3858,604.00,3.8578,7.2428,6.9274,9.9937,17.6833
16,4000,100,256,51,170.00,762.00,1.0271,3.4471,0.9938,1438.16,0.6953,605.00,6.9533,13.4421,12.9874,18.5858,29.9979
16,4000,100,256,102,170.00,762.00,1.0271,3.4471,0.9976,1414.87,0.7068,616.00,7.0678,13.7361,13.2149,19.8637,29.9290
16,4000,100,256,204,170.00,762.00,1.0271,3.4471,0.9982,1411.97,0.7082,607.00,7.0823,13.8044,13.3084,17.7339,32.0160
16,4000,100,256,256,170.00,762.00,1.0271,3.4471,0.9983,1410.98,0.7087,604.00,7.0873,13.8317,13.3874,18.4092,31.2756
16,4000,100,256,384,170.00,762.00,1.0271,3.4471,0.9983,1395.96,0.7164,617.00,7.1635,13.9766,13.4731,18.2633,32.2727
16,4000,100,256,512,170.00,762.00,1.0271,3.4471,0.9983,1362.15,0.7341,603.00,7.3414,14.1824,13.6971,18.7184,32.3959
16,4000,200,4,1,168.00,765.00,1.1888,3.6865,0.4358,44415.79,0.0225,583.00,0.2251,0.3196,0.2825,0.6375,0.9777
16,4000,200,4,1,168.00,765.00,1.1888,3.6865,0.4358,47035.94,0.0213,581.00,0.2126,0.2877,0.2575,0.5684,0.8561
16,4000,200,4,3,168.00,765.00,1.1888,3.6865,0.5538,45672.23,0.0219,587.00,0.2190,0.2869,0.2501,0.5917,0.8665
16,4000,200,4,4,168.00,765.00,1.1888,3.6865,0.5700,45510.17,0.0220,587.00,0.2197,0.2766,0.2408,0.5711,0.8808
16,4000,200,4,6,168.00,765.00,1.1888,3.6865,0.5835,45447.28,0.0220,586.00,0.2200,0.2867,0.2511,0.5911,0.8814
16,4000,200,4,8,168.00,765.00,1.1888,3.6865,0.5895,46418.42,0.0215,586.00,0.2154,0.2878,0.2502,0.5886,0.9011
16,4000,200,8,1,168.00,765.00,1.1888,3.6865,0.4934,29336.63,0.0341,585.00,0.3409,0.5121,0.4628,0.9776,1.4447
16,4000,200,8,3,168.00,765.00,1.1888,3.6865,0.6555,28113.42,0.0356,585.00,0.3557,0.5244,0.4749,1.0069,1.4982
16,4000,200,8,6,168.00,765.00,1.1888,3.6865,0.7041,30996.89,0.0323,588.00,0.3226,0.5051,0.4491,0.9891,1.5149
16,4000,200,8,8,168.00,765.00,1.1888,3.6865,0.7141,30140.62,0.0332,588.00,0.3318,0.5072,0.4501,1.0072,1.4717
16,4000,200,8,12,168.00,765.00,1.1888,3.6865,0.7217,30242.96,0.0331,587.00,0.3307,0.5200,0.4599,1.0222,1.5738
16,4000,200,8,16,168.00,765.00,1.1888,3.6865,0.7244,29318.35,0.0341,584.00,0.3411,0.5054,0.4554,0.9595,1.4220
16,4000,200,16,3,168.00,765.00,1.1888,3.6865,0.7194,17229.78,0.0580,585.00,0.5804,0.9930,0.8935,1.8307,2.7084
16,4000,200,16,6,168.00,765.00,1.1888,3.6865,0.7932,16918.73,0.0591,581.00,0.5911,0.9771,0.8896,1.7064,2.6705
16,4000,200,16,12,168.00,765.00,1.1888,3.6865,0.8294,17305.41,0.0578,583.00,0.5779,0.9886,0.8968,1.7434,2.6006
16,4000,200,16,16,168.00,765.00,1.1888,3.6865,0.8361,17319.19,0.0577,586.00,0.5774,0.9590,0.8729,1.6943,2.5173
16,4000,200,16,24,168.00,765.00,1.1888,3.6865,0.8398,17282.28,0.0579,584.00,0.5786,0.9576,0.8711,1.6890,2.6451
16,4000,200,16,32,168.00,765.00,1.1888,3.6865,0.8408,16924.44,0.0591,580.00,0.5909,0.9780,0.8888,1.7165,2.5804
16,4000,200,32,6,168.00,765.00,1.1888,3.6865,0.8411,9557.71,0.1046,590.00,1.0463,1.8696,1.7249,3.0051,4.5364
16,4000,200,32,12,168.00,765.00,1.1888,3.6865,0.8978,9474.10,0.1056,589.00,1.0555,1.9145,1.7506,3.1444,4.8466
16,4000,200,32,25,168.00,765.00,1.1888,3.6865,0.9188,9362.37,0.1068,590.00,1.0681,1.8723,1.7200,3.0156,5.0408
16,4000,200,32,32,168.00,765.00,1.1888,3.6865,0.9212,9606.56,0.1041,585.00,1.0410,1.8865,1.7347,3.0919,4.5910
16,4000,200,32,48,168.00,765.00,1.1888,3.6865,0.9219,9287.89,0.1077,586.00,1.0767,1.8842,1.7311,3.0183,5.0066
16,4000,200,32,64,168.00,765.00,1.1888,3.6865,0.9220,9353.20,0.1069,586.00,1.0692,1.9407,1.7923,3.1600,4.5112
16,4000,200,64,12,168.00,765.00,1.1888,3.6865,0.9266,5031.09,0.1988,582.00,1.9876,3.6970,3.4698,5.6064,8.5603
16,4000,200,64,25,168.00,765.00,1.1888,3.6865,0.9619,4850.71,0.2062,585.00,2.0616,3.8094,3.5816,5.8817,8.2141
16,4000,200,64,51,168.00,765.00,1.1888,3.6865,0.9693,4895.21,0.2043,584.00,2.0428,3.6770,3.4316,5.4825,9.8463
16,4000,200,64,64,168.00,765.00,1.1888,3.6865,0.9697,4939.64,0.2024,585.00,2.0244,3.6594,3.4243,5.4577,9.5418
16,4000,200,64,96,168.00,765.00,1.1888,3.6865,0.9701,5061.01,0.1976,586.00,1.9759,3.7071,3.4725,5.5782,8.5508
16,4000,200,64,128,168.00,765.00,1.1888,3.6865,0.9701,4893.89,0.2043,585.00,2.0434,3.7676,3.5462,5.7156,8.2372
16,4000,200,128,25,168.00,765.00,1.1888,3.6865,0.9764,2611.50,0.3829,585.00,3.8292,7.1730,6.8256,10.5074,15.2989
16,4000,200,128,51,168.00,765.00,1.1888,3.6865,0.9896,2572.65,0.3887,587.00,3.8870,7.3139,6.9722,10.7793,15.6247
16,4000,200,128,102,168.00,765.00,1.1888,3.6865,0.9917,2574.15,0.3885,588.00,3.8848,7.2722,6.9335,10.4461,16.3372
16,4000,200,128,128,168.00,765.00,1.1888,3.6865,0.9917,2610.95,0.3830,599.00,3.8300,7.2518,6.9144,10.4772,16.1577
16,4000,200,128,192,168.00,765.00,1.1888,3.6865,0.9919,2656.13,0.3765,600.00,3.7649,7.1323,6.8096,9.9744,15.8293
16,4000,200,128,256,168.00,765.00,1.1888,3.6865,0.9919,2654.09,0.3768,600.00,3.7678,7.2269,6.8600,10.0905,17.0388
16,4000,200,256,51,168.00,765.00,1.1888,3.6865,0.9942,1398.75,0.7149,614.00,7.1492,13.3663,12.8963,18.3202,30.1524
16,4000,200,256,102,168.00,765.00,1.1888,3.6865,0.9978,1396.52,0.7161,610.00,7.1607,13.5611,13.0940,17.6459,34.2702
16,4000,200,256,204,168.00,765.00,1.1888,3.6865,0.9982,1399.67,0.7145,614.00,7.1445,13.6259,13.1706,18.6637,29.7941
16,4000,200,256,256,168.00,765.00,1.1888,3.6865,0.9983,1393.01,0.7179,614.00,7.1787,13.6191,13.1865,18.5016,28.4889
16,4000,200,256,384,168.00,765.00,1.1888,3.6865,0.9983,1389.07,0.7199,604.00,7.1991,13.8535,13.3481,18.5542,32.2742
16,4000,200,256,512,168.00,765.00,1.1888,3.6865,0.9983,1367.97,0.7310,608.00,7.3101,13.9127,13.4936,18.0315,34.5878
16,6000,40,6,1,168.00,755.00,1.0513,3.5385,0.4452,42089.66,0.0238,596.00,0.2376,0.3466,0.3142,0.6618,0.9489
16,6000,40,6,2,168.00,755.00,1.0513,3.5385,0.5394,43496.69,0.0230,603.00,0.2299,0.3136,0.2805,0.6220,0.8840
16,6000,40,6,4,168.00,755.00,1.0513,3.5385,0.6031,41620.68,0.0240,600.00,0.2403,0.3094,0.2728,0.6250,0.9393
16,6000,40,6,6,168.00,755.00,1.0513,3.5385,0.6238,42825.32,0.0234,605.00,0.2335,0.3040,0.2667,0.6092,0.8724
16,6000,40,6,9,168.00,755.00,1.0513,3.5385,0.6350,43536.24,0.0230,605.00,0.2297,0.3063,0.2736,0.6013,0.8535
16,6000,40,6,12,168.00,755.00,1.0513,3.5385,0.6390,43263.46,0.0231,599.00,0.2311,0.2898,0.2529,0.5820,0.8774
16,6000,40,12,2,168.00,755.00,1.0513,3.5385,0.6041,26881.03,0.0372,604.00,0.3720,0.5636,0.5086,1.0581,1.5061
16,6000,40,12,4,168.00,755.00,1.0513,3.5385,0.6928,27720.28,0.0361,605.00,0.3607,0.5694,0.5155,1.0653,1.5001
16,6000,40,12,9,168.00,755.00,1.0513,3.5385,0.7473,27823.92,0.0359,602.00,0.3594,0.5527,0.5020,1.0285,1.4254
16,6000,40,12,12,168.00,755.00,1.0513,3.5385,0.7558,28128.47,0.0356,605.00,0.3555,0.5480,0.4991,1.0146,1.4456
16,6000,40,12,18,168.00,755.00,1.0513,3.5385,0.7625,26790.97,0.0373,606.00,0.3733,0.5227,0.4686,0.9631,1.5710
16,6000,40,12,24,168.00,755.00,1.0513,3.5385,0.7651,27826.30,0.0359,606.00,0.3594,0.5452,0.4913,1.0059,1.4383
16,6000,40,24,4,168.00,755.00,1.0513,3.5385,0.7462,16081.16,0.0622,603.00,0.6218,1.0438,0.9565,1.7840,2.7073
16,6000,40,24,9,168.00,755.00,1.0513,3.5385,0.8270,16016.78,0.0624,604.00,0.6243,1.0415,0.9548,1.7733,2.7773
16,6000,40,24,19,168.00,755.00,1.0513,3.5385,0.8580,15864.94,0.0630,607.00,0.6303,1.0415,0.9540,1.7896,2.7212
16,6000,40,24,24,168.00,755.00,1.0513,3.5385,0.8619,16054.93,0.0623,605.00,0.6229,1.0361,0.9476,1.7786,2.7182
16,6000,40,24,36,168.00,755.00,1.0513,3.5385,0.8654,15902.95,0.0629,603.00,0.6288,1.0468,0.9644,1.7600,2.5317
16,6000,40,24,48,168.00,755.00,1.0513,3.5385,0.8663,15906.86,0.0629,605.00,0.6287,1.0514,0.9612,1.7831,2.7511
16,6000,40,48,9,168.00,755.00,1.0513,3.5385,0.8666,8709.92,0.1148,605.00,1.1481,2.0097,1.8638,3.1424,5.4994
16,6000,40,48,19,168.00,755.00,1.0513,3.5385,0.9178,8802.86,0.1136,613.00,1.1360,2.0258,1.8711,3.1243,5.5813
16,6000,40,48,38,168.00,755.00,1.0513,3.5385,0.9350,8997.52,0.1111,611.00,1.1114,2.0428,1.8929,3.2447,4.7512
16,6000,40,48,48,168.00,755.00,1.0513,3.5385,0.9372,8759.95,0.1142,599.00,1.1416,2.0773,1.9339,3.2967,4.5942
16,6000,40,48,72,168.00,755.00,1.0513,3.5385,0.9387,8694.84,0.1150,610.00,1.1501,2.0461,1.8945,3.1594,5.2906
16,6000,40,48,96,168.00,755.00,1.0513,3.5385,0.9390,8733.17,0.1145,604.00,1.1451,2.0582,1.9237,3.2831,4.5692
16,6000,40,96,19,168.00,755.00,1.0513,3.5385,0.9414,4718.86,0.2119,605.00,2.1192,3.9350,3.7283,5.9429,8.1603
16,6000,40,96,38,168.00,755.00,1.0513,3.5385,0.9692,4660.25,0.2146,604.00,2.1458,3.9301,3.7128,5.8297,9.1039
16,6000,40,96,76,168.00,755.00,1.0513,3.5385,0.9770,4534.98,0.2205,601.00,2.2051,3.9812,3.7418,5.8806,10.0206
16,6000,40,96,96,168.00,755.00,1.0513,3.5385,0.9776,4714.42,0.2121,602.00,2.1212,3.9237,3.7104,5.7104,9.0950
16,6000,40,96,144,168.00,755.00,1.0513,3.5385,0.9778,4667.06,0.2143,612.00,2.1427,4.0132,3.7888,6.0587,8.5263
16,6000,40,96,192,168.00,755.00,1.0513,3.5385,0.9778,4570.16,0.2188,610.00,2.1881,4.0529,3.8268,5.8738,9.3278
16,6000,40,192,38,168.00,755.00,1.0513,3.5385,0.9790,2512.02,0.3981,606.00,3.9809,7.5613,7.2534,10.7787,16.3773
16,6000,40,192,76,168.00,755.00,1.0513,3.5385,0.9914,2472.67,0.4044,622.00,4.0442,7.5430,7.2404,10.7418,16.1300
16,6000,40,192,153,168.00,755.00,1.0513,3.5385,0.9935,2478.14,0.4035,614.00,4.0353,7.5448,7.2547,10.5217,16.1074
16,6000,40,192,192,168.00,755.00,1.0513,3.5385,0.9937,2455.89,0.4072,624.00,4.0718,7.7282,7.4376,11.1080,15.4029
16,6000,40,192,288,168.00,755.00,1.0513,3.5385,0.9938,2421.27,0.4130,619.00,4.1301,7.7096,7.4116,10.6606,17.5908
16,6000,40,192,384,168.00,755.00,1.0513,3.5385,0.9938,2419.64,0.4133,612.00,4.1328,7.8137,7.5035,11.0076,15.5362
16,6000,40,384,76,168.00,755.00,1.0513,3.5385,0.9942,1342.29,0.7450,634.00,7.4499,14.0274,13.5585,19.9619,27.3495
16,6000,40,384,153,168.00,755.00,1.0513,3.5385,0.9977,1329.17,0.7523,633.00,7.5235,14.4752,14.0691,20.0729,30.5283
16,6000,40,384,307,168.00,755.00,1.0513,3.5385,0.9983,1317.48,0.7590,644.00,7.5902,14.6109,14.1669,20.8357,29.7808
16,6000,40,384,384,168.00,755.00,1.0513,3.5385,0.9983,1280.83,0.7807,631.00,7.8074,14.6487,14.2456,20.5864,28.7770
16,6000,40,384,576,168.00,755.00,1.0513,3.5385,0.9984,1254.56,0.7971,634.00,7.9709,15.0501,14.6319,21.6333,28.2200
16,6000,40,384,768,168.00,755.00,1.0513,3.5385,0.9984,1226.19,0.8155,644.00,8.1553,15.3962,15.0055,21.8271,28.3505
16,6000,100,6,1,201.00,757.00,1.2643,3.7577,0.4557,42897.79,0.0233,618.00,0.2331,0.3482,0.3156,0.6682,0.9573
16,6000,100,6,2,201.00,757.00,1.2643,3.7577,0.5484,43570.78,0.0230,622.00,0.2295,0.3199,0.2869,0.6437,0.9212
16,6000,100,6,4,201.00,757.00,1.2643,3.7577,0.6086,42359.04,0.0236,623.00,0.2361,0.3045,0.2650,0.6230,0.9467
16,6000,100,6,6,201.00,757.00,1.2643,3.7577,0.6273,44780.42,0.0223,624.00,0.2233,0.2992,0.2639,0.6031,0.8885
16,6000,100,6,9,201.00,757.00,1.2643,3.7577,0.6376,44123.92,0.0227,624.00,0.2266,0.2983,0.2624,0.5889,0.9070
16,6000,100,6,12,201.00,757.00,1.2643,3.7577,0.6424,44776.94,0.0223,623.00,0.2233,0.2930,0.2596,0.5762,0.8568
16,6000,100,12,2,201.00,757.00,1.2643,3.7577,0.6132,26329.02,0.0380,622.00,0.3798,0.5694,0.5168,1.0722,1.5160
16,6000,100,12,4,201.00,757.00,1.2643,3.7577,0.6992,27151.67,0.0368,623.00,0.3683,0.5638,0.5101,1.0475,1.5358
16,6000,100,12,9,201.00,757.00,1.2643,3.7577,0.7490,26098.95,0.0383,623.00,0.3832,0.5574,0.5044,1.0498,1.4491
16,6000,100,12,12,201.00,757.00,1.2643,3.7577,0.7581,26520.32,0.0377,622.00,0.3771,0.5549,0.4974,1.0584,1.4986
16,6000,100,12,18,201.00,757.00,1.2643,3.7577,0.7642,27172.95,0.0368,625.00,0.3680,0.5449,0.4899,1.0376,1.4204
16,6000,100,12,24,201.00,757.00,1.2643,3.7577,0.7661,27382.29,0.0365,622.00,0.3652,0.5514,0.4948,1.0198,1.5000
16,6000,100,24,4,201.00,757.00,1.2643,3.7577,0.7543,15690.31,0.0637,619.00,0.6373,1.0831,0.9969,1.8506,2.5576
16,6000,100,24,9,201.00,757.00,1.2643,3.7577,0.8315,15485.55,0.0646,623.00,0.6458,1.0711,0.9859,1.8473,2.5709
16,6000,100,24,19,201.00,757.00,1.2643,3.7577,0.8615,15334.64,0.0652,620.00,0.6521,1.0966,1.0136,1.8646,2.3899
16,6000,100,24,24,201.00,757.00,1.2643,3.7577,0.8654,15442.61,0.0648,621.00,0.6476,1.0876,1.0025,1.8769,2.5396
16,6000,100,24,36,201.00,757.00,1.2643,3.7577,0.8684,15073.40,0.0663,621.00,0.6634,1.0778,0.9770,1.9627,2.8413
16,6000,100,24,48,201.00,757.00,1.2643,3.7577,0.8690,15699.77,0.0637,621.00,0.6370,1.0686,0.9806,1.8721,2.6288
16,6000,100,48,9,201.00,757.00,1.2643,3.7577,0.8726,8473.94,0.1180,627.00,1.1801,2.0539,1.8927,3.3089,5.3690
16,6000,100,48,19,201.00,757.00,1.2643,3.7577,0.9222,8709.71,0.1148,623.00,1.1481,2.0336,1.8894,3.2414,4.9117
16,6000,100,48,38,201.00,757.00,1.2643,3.7577,0.9361,8804.71,0.1136,625.00,1.1358,2.0271,1.8736,3.2090,5.3052
16,6000,100,48,48,201.00,757.00,1.2643,3.7577,0.9375,9021.48,0.1108,623.00,1.1085,2.0462,1.9019,3.2660,4.5130
16,6000,100,48,72,201.00,757.00,1.2643,3.7577,0.9384,8730.36,0.1145,625.00,1.1454,2.0347,1.8912,3.2333,4.9291
16,6000,100,48,96,201.00,757.00,1.2643,3.7577,0.9385,8467.68,0.1181,626.00,1.1810,2.0550,1.9082,3.2237,4.7274
16,6000,100,96,19,201.00,757.00,1.2643,3.7577,0.9475,4696.08,0.2129,622.00,2.1294,3.8494,3.6294,5.7708,8.9316
16,6000,100,96,38,201.00,757.00,1.2643,3.7577,0.9720,4814.83,0.2077,625.00,2.0769,3.8743,3.6654,5.5884,9.1277
16,6000,100,96,76,201.00,757.00,1.2643,3.7577,0.9776,4661.55,0.2145,624.00,2.1452,3.8861,3.6605,5.6916,9.6266
16,6000,100,96,96,201.00,757.00,1.2643,3.7577,0.9777,4678.09,0.2138,622.00,2.1376,3.8966,3.6609,5.7481,9.3344
16,6000,100,96,144,201.00,757.00,1.2643,3.7577,0.9780,4678.62,0.2137,624.00,2.1374,3.9446,3.7198,5.7372,9.5633
16,6000,100,96,192,201.00,757.00,1.2643,3.7577,0.9780,4565.88,0.2190,622.00,2.1902,4.0621,3.8594,6.0782,8.2324
16,6000,100,192,38,201.00,757.00,1.2643,3.7577,0.9828,2519.51,0.3969,623.00,3.9690,7.3717,7.0657,10.2489,18.1822
16,6000,100,192,76,201.00,757.00,1.2643,3.7577,0.9923,2478.60,0.4035,624.00,4.0345,7.6498,7.3476,10.9713,15.9267
16,6000,100,192,153,201.00,757.00,1.2643,3.7577,0.9937,2479.35,0.4033,627.00,4.0333,7.5013,7.2109,10.3828,16.3736
16,6000,100,192,192,201.00,757.00,1.2643,3.7577,0.9938,2477.87,0.4036,628.00,4.0357,7.6347,7.3427,10.6898,16.4078
16,6000,100,192,288,201.00,757.00,1.2643,3.7577,0.9938,2444.55,0.4091,630.00,4.0907,7.6451,7.3820,10.5463,17.3563
16,6000,100,192,384,201.00,757.00,1.2643,3.7577,0.9938,2414.59,0.4141,630.00,4.1415,7.7598,7.4878,10.8141,15.9796
16,6000,100,384,76,201.00,757.00,1.2643,3.7577,0.9957,1338.21,0.7473,651.00,7.4727,14.1524,13.6534,20.5302,28.5488
16,6000,100,384,153,201.00,757.00,1.2643,3.7577,0.9980,1315.36,0.7602,649.00,7.6025,14.3366,13.9388,20.0571,28.3022
16,6000,100,384,307,201.00,757.00,1.2643,3.7577,0.9983,1287.45,0.7767,654.00,7.7673,14.7604,14.3350,20.6010,29.7149
16,6000,100,384,384,201.00,757.00,1.2643,3.7577,0.9983,1294.23,0.7727,657.00,7.7266,14.6164,14.1380,20.5285,28.9962
16,6000,100,384,576,201.00,757.00,1.2643,3.7577,0.9983,1236.72,0.8086,646.00,8.0859,15.1495,14.6492,21.7647,28.8921
16,6000,100,384,768,201.00,757.00,1.2643,3.7577,0.9983,1212.74,0.8246,656.00,8.2458,15.5105,15.0400,22.0134,28.1359
16,6000,200,6,1,210.00,752.00,1.4848,4.0536,0.4561,42628.73,0.0235,617.00,0.2346,0.3348,0.2974,0.6797,0.9678
16,6000,200,6,2,210.00,752.00,1.4848,4.0536,0.5488,43971.76,0.0227,610.00,0.2274,0.3042,0.2702,0.6119,0.9014
16,6000,200,6,4,210.00,752.00,1.4848,4.0536,0.6080,45606.32,0.0219,612.00,0.2193,0.2850,0.2492,0.5969,0.8782
16,6000,200,6,6,210.00,752.00,1.4848,4.0536,0.6272,46187.26,0.0217,613.00,0.2165,0.2851,0.2507,0.5761,0.8302
16,6000,200,6,9,210.00,752.00,1.4848,4.0536,0.6378,44533.55,0.0225,610.00,0.2245,0.3053,0.2705,0.6051,0.8808
16,6000,200,6,12,210.00,752.00,1.4848,4.0536,0.6414,44227.69,0.0226,611.00,0.2261,0.3121,0.2767,0.6074,0.8741
16,6000,200,12,2,210.00,752.00,1.4848,4.0536,0.6147,26589.92,0.0376,609.00,0.3761,0.5814,0.5300,1.0818,1.5377
16,6000,200,12,4,210.00,752.00,1.4848,4.0536,0.6992,26954.92,0.0371,609.00,0.3710,0.5753,0.5230,1.0713,1.4976
16,6000,200,12,9,210.00,752.00,1.4848,4.0536,0.7503,26426.39,0.0378,609.00,0.3784,0.5652,0.5066,1.0690,1.5094
16,6000,200,12,12,210.00,752.00,1.4848,4.0536,0.7577,27437.17,0.0364,609.00,0.3645,0.5670,0.5106,1.0594,1.4862
16,6000,200,12,18,210.00,752.00,1.4848,4.0536,0.7642,27689.72,0.0361,610.00,0.3611,0.5627,0.5076,1.0353,1.5230
16,6000,200,12,24,210.00,752.00,1.4848,4.0536,0.7662,26850.51,0.0372,611.00,0.3724,0.5702,0.5184,1.0610,1.5070
16,6000,200,24,4,210.00,752.00,1.4848,4.0536,0.7538,15614.53,0.0640,609.00,0.6404,1.0779,0.9874,1.8860,2.6403
16,6000,200,24,9,210.00,752.00,1.4848,4.0536,0.8330,15710.27,0.0637,615.00,0.6365,1.0652,0.9702,1.8500,2.7804
16,6000,200,24,19,210.00,752.00,1.4848,4.0536,0.8621,15647.22,0.0639,611.00,0.6391,1.0804,0.9781,1.8780,2.8799
16,6000,200,24,24,210.00,752.00,1.4848,4.0536,0.8659,16092.64,0.0621,608.00,0.6214,1.0751,0.9816,1.8816,2.6767
16,6000,200,24,36,210.00,752.00,1.4848,4.0536,0.8679,16313.25,0.0613,612.00,0.6130,1.0728,0.9741,1.8797,2.7487
16,6000,200,24,48,210.00,752.00,1.4848,4.0536,0.8684,16191.66,0.0618,611.00,0.6176,1.0763,0.9820,1.8871,2.6727
16,6000,200,48,9,210.00,752.00,1.4848,4.0536,0.8752,8979.63,0.1114,618.00,1.1136,2.0629,1.8956,3.3386,5.1087
16,6000,200,48,19,210.00,752.00,1.4848,4.0536,0.9238,8906.14,0.1123,611.00,1.1228,2.0681,1.9149,3.3300,4.8875
16,6000,200,48,38,210.00,752.00,1.4848,4.0536,0.9371,8886.05,0.1125,613.00,1.1254,2.0630,1.9165,3.3319,4.6227
16,6000,200,48,48,210.00,752.00,1.4848,4.0536,0.9384,8774.45,0.1140,611.00,1.1397,2.0478,1.8987,3.3065,4.8049
16,6000,200,48,72,210.00,752.00,1.4848,4.0536,0.9392,8726.38,0.1146,618.00,1.1460,2.0879,1.9254,3.3584,5.0793
16,6000,200,48,96,210.00,752.00,1.4848,4.0536,0.9393,8773.00,0.1140,610.00,1.1399,2.0919,1.9464,3.3242,4.6126
16,6000,200,96,19,210.00,752.00,1.4848,4.0536,0.9494,4785.59,0.2090,613.00,2.0896,3.9347,3.7024,5.9431,9.0152
16,6000,200,96,38,210.00,752.00,1.4848,4.0536,0.9729,4733.88,0.2112,617.00,2.1124,3.9891,3.7582,5.9813,8.9718
16,6000,200,96,76,210.00,752.00,1.4848,4.0536,0.9779,4711.85,0.2122,610.00,2.1223,4.0087,3.7838,5.9802,8.8803
16,6000,200,96,96,210.00,752.00,1.4848,4.0536,0.9782,4627.41,0.2161,611.00,2.1610,3.9434,3.7172,5.8446,10.0630
16,6000,200,96,144,210.00,752.00,1.4848,4.0536,0.9784,4646.28,0.2152,612.00,2.1523,4.0370,3.8041,6.0296,8.3935
16,6000,200,96,192,210.00,752.00,1.4848,4.0536,0.9784,4685.83,0.2134,609.00,2.1341,4.0888,3.8580,6.0139,8.8954
16,6000,200,192,38,210.00,752.00,1.4848,4.0536,0.9840,2470.07,0.4048,624.00,4.0485,7.6163,7.3142,10.9785,15.7983
16,6000,200,192,76,210.00,752.00,1.4848,4.0536,0.9928,2388.73,0.4186,615.00,4.1863,7.6390,7.3203,10.8299,17.0498
16,6000,200,192,153,210.00,752.00,1.4848,4.0536,0.9941,2406.80,0.4155,623.00,4.1549,7.7785,7.4680,11.1329,16.6678
16,6000,200,192,192,210.00,752.00,1.4848,4.0536,0.9941,2408.72,0.4152,620.00,4.1516,7.6890,7.4030,11.0591,16.0052
16,6000,200,192,288,210.00,752.00,1.4848,4.0536,0.9942,2393.27,0.4178,612.00,4.1784,7.8801,7.5777,11.2861,15.9067
16,6000,200,192,384,210.00,752.00,1.4848,4.0536,0.9942,2373.51,0.4213,626.00,4.2132,7.8781,7.5668,11.0606,17.8607
16,6000,200,384,76,210.00,752.00,1.4848,4.0536,0.9961,1303.29,0.7673,629.00,7.6729,14.4523,13.9882,20.6981,28.1492
16,6000,200,384,153,210.00,752.00,1.4848,4.0536,0.9984,1290.14,0.7751,630.00,7.7511,14.4945,14.1223,20.0775,29.4256
16,6000,200,384,307,210.00,752.00,1.4848,4.0536,0.9988,1288.56,0.7761,645.00,7.7606,14.7376,14.3158,21.1641,28.5597
16,6000,200,384,384,210.00,752.00,1.4848,4.0536,0.9988,1302.76,0.7676,633.00,7.6760,14.7449,14.3896,21.1191,28.4621
16,6000,200,384,576,210.00,752.00,1.4848,4.0536,0.9988,1249.31,0.8004,647.00,8.0044,15.2433,14.8430,21.1326,29.3677
16,6000,200,384,768,210.00,752.00,1.4848,4.0536,0.9988,1220.19,0.8195,639.00,8.1954,15.5645,15.1245,21.7196,29.4475
16,8000,40,8,1,192.00,752.00,1.2123,3.7620,0.4447,40274.93,0.0248,604.00,0.2483,0.3544,0.3215,0.6886,0.9573
16,8000,40,8,3,192.00,752.00,1.2123,3.7620,0.5950,40319.10,0.0248,604.00,0.2480,0.3415,0.3061,0.6622,0.9548
16,8000,40,8,6,192.00,752.00,1.2123,3.7620,0.6448,41010.20,0.0244,600.00,0.2438,0.3239,0.2875,0.6266,0.9487
16,8000,40,8,8,192.00,752.00,1.2123,3.7620,0.6556,42067.14,0.0238,608.00,0.2377,0.3155,0.2820,0.6221,0.8977
16,8000,40,8,12,192.00,752.00,1.2123,3.7620,0.6646,43488.88,0.0230,604.00,0.2299,0.2901,0.2569,0.5753,0.8202
16,8000,40,8,16,192.00,752.00,1.2123,3.7620,0.6692,42943.09,0.0233,605.00,0.2329,0.3016,0.2694,0.5795,0.8642
16,8000,40,16,3,192.00,752.00,1.2123,3.7620,0.6591,25764.45,0.0388,602.00,0.3881,0.5832,0.5288,1.0733,1.5717
16,8000,40,16,6,192.00,752.00,1.2123,3.7620,0.7350,27003.47,0.0370,608.00,0.3703,0.5926,0.5427,1.0636,1.4612
16,8000,40,16,12,192.00,752.00,1.2123,3.7620,0.7735,26054.94,0.0384,606.00,0.3838,0.5868,0.5371,1.0480,1.4724
16,8000,40,16,16,192.00,752.00,1.2123,3.7620,0.7814,26556.75,0.0377,607.00,0.3766,0.5867,0.5391,1.0462,1.4351
16,8000,40,16,24,192.00,752.00,1.2123,3.7620,0.7876,25691.01,0.0389,608.00,0.3892,0.5738,0.5240,1.0640,1.5134
16,8000,40,16,32,192.00,752.00,1.2123,3.7620,0.7892,27410.30,0.0365,607.00,0.3648,0.5779,0.5298,1.0424,1.4927
16,8000,40,32,6,192.00,752.00,1.2123,3.7620,0.7854,15012.39,0.0666,609.00,0.6661,1.1068,1.0235,1.8549,2.7907
16,8000,40,32,12,192.00,752.00,1.2123,3.7620,0.8479,15685.50,0.0638,604.00,0.6375,1.1175,1.0408,1.8621,2.4891
16,8000,40,32,25,192.00,752.00,1.2123,3.7620,0.8770,14949.83,0.0669,604.00,0.6689,1.1406,1.0617,1.9049,2.5174
16,8000,40,32,32,192.00,752.00,1.2123,3.7620,0.8807,14860.61,0.0673,603.00,0.6729,1.1357,1.0586,1.8931,2.5168
16,8000,40,32,48,192.00,752.00,1.2123,3.7620,0.8837,14381.82,0.0695,605.00,0.6953,1.1303,1.0459,1.9405,2.7224
16,8000,40,32,64,192.00,752.00,1.2123,3.7620,0.8845,14848.29,0.0673,616.00,0.6735,1.1493,1.0769,1.9278,2.4796
16,8000,40,64,12,192.00,752.00,1.2123,3.7620,0.8822,8269.27,0.1209,614.00,1.2093,2.1369,1.9952,3.3590,4.9829
16,8000,40,64,25,192.00,752.00,1.2123,3.7620,0.9307,8058.47,0.1241,607.00,1.2409,2.1607,2.0143,3.4857,5.0442
16,8000,40,64,51,192.00,752.00,1.2123,3.7620,0.9454,8091.94,0.1236,616.00,1.2358,2.1458,1.9974,3.4126,4.8562
16,8000,40,64,64,192.00,752.00,1.2123,3.7620,0.9470,8253.48,0.1212,610.00,1.2116,2.1523,2.0142,3.3950,4.8975
16,8000,40,64,96,192.00,752.00,1.2123,3.7620,0.9478,8107.80,0.1233,602.00,1.2334,2.1537,2.0071,3.3797,5.0441
16,8000,40,64,128,192.00,752.00,1.2123,3.7620,0.9481,8130.27,0.1230,610.00,1.2300,2.1905,2.0499,3.4315,4.9606
16,8000,40,128,25,192.00,752.00,1.2123,3.7620,0.9505,4549.01,0.2198,615.00,2.1983,4.1160,3.9182,6.0827,8.1783
16,8000,40,128,51,192.00,752.00,1.2123,3.7620,0.9751,4535.87,0.2205,608.00,2.2046,4.1670,3.9815,6.0955,8.4619
16,8000,40,128,102,192.00,752.00,1.2123,3.7620,0.9814,4407.98,0.2269,608.00,2.2686,4.1211,3.9040,6.0621,9.5051
16,8000,40,128,128,192.00,752.00,1.2123,3.7620,0.9817,4462.93,0.2241,614.00,2.2407,4.1839,3.9649,6.1913,8.5844
16,8000,40,128,192,192.00,752.00,1.2123,3.7620,0.9819,4502.74,0.2221,607.00,2.2209,4.2126,4.0228,6.1684,8.2596
16,8000,40,128,256,192.00,752.00,1.2123,3.7620,0.9819,4400.52,0.2272,605.00,2.2725,4.2280,4.0297,6.0839,8.9304
16,8000,40,256,51,192.00,752.00,1.2123,3.7620,0.9832,2444.70,0.4090,629.00,4.0905,7.7731,7.4787,11.0002,15.8318
16,8000,40,256,102,192.00,752.00,1.2123,3.7620,0.9933,2361.63,0.4234,616.00,4.2344,7.8555,7.5578,11.0398,17.3158
16,8000,40,256,204,192.00,752.00,1.2123,3.7620,0.9953,2403.57,0.4160,615.00,4.1605,7.9758,7.6967,11.3335,15.9349
16,8000,40,256,256,192.00,752.00,1.2123,3.7620,0.9953,2336.30,0.4280,623.00,4.2803,8.0715,7.7914,11.1374,17.0249
16,8000,40,256,384,192.00,752.00,1.2123,3.7620,0.9954,2364.04,0.4230,633.00,4.2300,8.0782,7.8101,11.0970,16.5667
16,8000,40,256,512,192.00,752.00,1.2123,3.7620,0.9955,2308.60,0.4332,624.00,4.3316,8.3526,8.0702,11.8004,15.6372
16,8000,40,512,102,192.00,752.00,1.2123,3.7620,0.9956,1326.79,0.7537,649.00,7.5370,14.5684,14.0588,21.3152,28.8834
16,8000,40,512,204,192.00,752.00,1.2123,3.7620,0.9983,1248.24,0.8011,654.00,8.0113,15.2154,14.8217,21.7953,27.1045
16,8000,40,512,409,192.00,752.00,1.2123,3.7620,0.9988,1269.07,0.7880,661.00,7.8798,15.2125,14.8358,21.3774,30.1740
16,8000,40,512,512,192.00,752.00,1.2123,3.7620,0.9988,1243.69,0.8041,649.00,8.0406,15.3696,14.9933,22.6024,28.4453
16,8000,40,512,768,192.00,752.00,1.2123,3.7620,0.9989,1188.65,0.8413,645.00,8.4129,16.0675,15.6695,22.2877,30.1823
16,8000,40,512,1024,192.00,752.00,1.2123,3.7620,0.9989,1143.61,0.8744,650.00,8.7442,16.5534,16.1942,21.6502,34.0049
16,8000,100,8,1,204.00,751.00,1.4266,4.0040,0.4480,38675.94,0.0259,610.00,0.2586,0.3679,0.3355,0.6942,0.9992
16,8000,100,8,3,204.00,751.00,1.4266,4.0040,0.5994,40794.78,0.0245,616.00,0.2451,0.3391,0.3093,0.6471,0.9145
16,8000,100,8,6,204.00,751.00,1.4266,4.0040,0.6496,40507.00,0.0247,615.00,0.2469,0.3193,0.2832,0.6269,0.9345
16,8000,100,8,8,204.00,751.00,1.4266,4.0040,0.6604,42342.08,0.0236,614.00,0.2362,0.3140,0.2812,0.6019,0.9286
16,8000,100,8,12,204.00,751.00,1.4266,4.0040,0.6685,42628.61,0.0235,616.00,0.2346,0.3081,0.2759,0.5925,0.8658
16,8000,100,8,16,204.00,751.00,1.4266,4.0040,0.6712,42845.92,0.0233,612.00,0.2334,0.3060,0.2715,0.6034,0.8816
16,8000,100,16,3,204.00,751.00,1.4266,4.0040,0.6663,26134.48,0.0383,616.00,0.3826,0.6060,0.5536,1.0751,1.4945
16,8000,100,16,6,204.00,751.00,1.4266,4.0040,0.7424,25771.12,0.0388,616.00,0.3880,0.6083,0.5610,1.0937,1.4632
16,8000,100,16,12,204.00,751.00,1.4266,4.0040,0.7770,25593.03,0.0391,615.00,0.3907,0.6175,0.5665,1.1061,1.5039
16,8000,100,16,16,204.00,751.00,1.4266,4.0040,0.7839,24354.61,0.0411,615.00,0.4106,0.6003,0.5521,1.0952,1.4824
16,8000,100,16,24,204.00,751.00,1.4266,4.0040,0.7889,26069.17,0.0384,614.00,0.3836,0.6149,0.5620,1.1106,1.5689
16,8000,100,16,32,204.00,751.00,1.4266,4.0040,0.7902,26199.44,0.0382,614.00,0.3817,0.5957,0.5479,1.0561,1.4771
16,8000,100,32,6,204.00,751.00,1.4266,4.0040,0.7961,15611.83,0.0641,626.00,0.6405,1.1201,1.0324,1.9046,2.6311
16,8000,100,32,12,204.00,751.00,1.4266,4.0040,0.8536,15444.00,0.0648,617.00,0.6475,1.1201,1.0331,1.9138,2.5994
16,8000,100,32,25,204.00,751.00,1.4266,4.0040,0.8796,15156.69,0.0660,623.00,0.6598,1.1129,1.0301,1.8846,2.5915
16,8000,100,32,32,204.00,751.00,1.4266,4.0040,0.8819,15312.22,0.0653,615.00,0.6531,1.1152,1.0332,1.9196,2.5461
16,8000,100,32,48,204.00,751.00,1.4266,4.0040,0.8833,15381.30,0.0650,616.00,0.6501,1.1271,1.0425,1.9063,2.6002
16,8000,100,32,64,204.00,751.00,1.4266,4.0040,0.8838,15360.77,0.0651,615.00,0.6510,1.1305,1.0498,1.8775,2.4552
16,8000,100,64,12,204.00,751.00,1.4266,4.0040,0.8910,8549.11,0.1170,613.00,1.1697,2.1436,2.0045,3.4332,4.7688
16,8000,100,64,25,204.00,751.00,1.4266,4.0040,0.9347,8449.41,0.1184,617.00,1.1835,2.1750,2.0358,3.4535,4.6190
16,8000,100,64,51,204.00,751.00,1.4266,4.0040,0.9462,8328.36,0.1201,613.00,1.2007,2.1364,1.9979,3.3017,5.1274
16,8000,100,64,64,204.00,751.00,1.4266,4.0040,0.9471,8489.39,0.1178,625.00,1.1779,2.1639,2.0362,3.3993,4.6367
16,8000,100,64,96,204.00,751.00,1.4266,4.0040,0.9477,8336.72,0.1200,617.00,1.1995,2.1940,2.0512,3.4884,4.8549
16,8000,100,64,128,204.00,751.00,1.4266,4.0040,0.9478,8356.73,0.1197,615.00,1.1966,2.1757,2.0270,3.3542,4.9945
16,8000,100,128,25,204.00,751.00,1.4266,4.0040,0.9570,4477.83,0.2233,626.00,2.2332,4.1390,3.9590,6.1358,8.1943
16,8000,100,128,51,204.00,751.00,1.4266,4.0040,0.9770,4462.68,0.2241,621.00,2.2408,4.1910,3.9948,6.3002,8.3700
16,8000,100,128,102,204.00,751.00,1.4266,4.0040,0.9816,4461.67,0.2241,620.00,2.2413,4.1807,3.9899,6.1967,8.0150
16,8000,100,128,128,204.00,751.00,1.4266,4.0040,0.9820,4503.78,0.2220,619.00,2.2204,4.2250,4.0230,6.2658,8.7347
16,8000,100,128,192,204.00,751.00,1.4266,4.0040,0.9820,4405.78,0.2270,618.00,2.2697,4.2702,4.0728,6.2832,8.3905
16,8000,100,128,256,204.00,751.00,1.4266,4.0040,0.9821,4406.51,0.2269,619.00,2.2694,4.2901,4.1014,6.3229,8.4662
16,8000,100,256,51,204.00,751.00,1.4266,4.0040,0.9861,2440.39,0.4098,619.00,4.0977,7.8379,7.5769,11.1954,14.7292
16,8000,100,256,102,204.00,751.00,1.4266,4.0040,0.9937,2386.24,0.4191,622.00,4.1907,7.8912,7.6379,11.3708,14.2110
16,8000,100,256,204,204.00,751.00,1.4266,4.0040,0.9951,2373.10,0.4214,629.00,4.2139,7.9902,7.7349,11.5230,15.5549
16,8000,100,256,256,204.00,751.00,1.4266,4.0040,0.9952,2351.95,0.4252,626.00,4.2518,8.1073,7.8455,11.5633,15.4357
16,8000,100,256,384,204.00,751.00,1.4266,4.0040,0.9952,2374.03,0.4212,627.00,4.2123,8.1834,7.9126,11.5209,15.8114
16,8000,100,256,512,204.00,751.00,1.4266,4.0040,0.9952,2226.04,0.4492,624.00,4.4923,8.5004,8.2325,11.7865,15.7032
16,8000,100,512,102,204.00,751.00,1.4266,4.0040,0.9963,1284.58,0.7785,653.00,7.7846,14.7418,14.3070,21.0212,29.1173
16,8000,100,512,204,204.00,751.00,1.4266,4.0040,0.9986,1265.31,0.7903,658.00,7.9032,15.1925,14.8155,21.2266,27.2226
16,8000,100,512,409,204.00,751.00,1.4266,4.0040,0.9989,1241.33,0.8056,659.00,8.0559,15.4292,15.0577,21.5614,27.9490
16,8000,100,512,512,204.00,751.00,1.4266,4.0040,0.9989,1227.57,0.8146,647.00,8.1462,15.5315,15.1920,21.7560,26.9613
16,8000,100,512,768,204.00,751.00,1.4266,4.0040,0.9989,1175.27,0.8509,659.00,8.5087,16.0413,15.6273,22.6499,27.2031
16,8000,100,512,1024,204.00,751.00,1.4266,4.0040,0.9989,1161.87,0.8607,658.00,8.6068,16.6844,16.3706,22.9353,28.3489
16,8000,200,8,1,209.00,753.00,1.8117,4.4370,0.4498,40223.86,0.0249,621.00,0.2486,0.3564,0.3210,0.7077,0.9718
16,8000,200,8,3,209.00,753.00,1.8117,4.4370,0.6053,41500.41,0.0241,615.00,0.2410,0.3416,0.3115,0.6486,0.9101
16,8000,200,8,6,209.00,753.00,1.8117,4.4370,0.6517,40238.77,0.0249,616.00,0.2485,0.3303,0.2981,0.6463,0.9280
16,8000,200,8,8,209.00,753.00,1.8117,4.4370,0.6614,42649.72,0.0234,610.00,0.2345,0.3189,0.2847,0.6103,0.9110
16,8000,200,8,12,209.00,753.00,1.8117,4.4370,0.6697,42216.49,0.0237,612.00,0.2369,0.3123,0.2792,0.6061,0.8704
16,8000,200,8,16,209.00,753.00,1.8117,4.4370,0.6725,41365.13,0.0242,615.00,0.2417,0.3188,0.2863,0.6121,0.8650
16,8000,200,16,3,209.00,753.00,1.8117,4.4370,0.6728,26511.23,0.0377,613.00,0.3772,0.5969,0.5465,1.0950,1.5287
16,8000,200,16,6,209.00,753.00,1.8117,4.4370,0.7459,26900.04,0.0372,614.00,0.3717,0.5857,0.5326,1.0699,1.4807
16,8000,200,16,12,209.00,753.00,1.8117,4.4370,0.7794,27065.01,0.0369,613.00,0.3695,0.5788,0.5277,1.0579,1.4803
16,8000,200,16,16,209.00,753.00,1.8117,4.4370,0.7864,26875.16,0.0372,610.00,0.3721,0.5740,0.5227,1.0584,1.4814
16,8000,200,16,24,209.00,753.00,1.8117,4.4370,0.7911,25532.91,0.0392,612.00,0.3917,0.6029,0.5533,1.0968,1.4845
16,8000,200,16,32,209.00,753.00,1.8117,4.4370,0.7927,27100.11,0.0369,609.00,0.3690,0.5903,0.5388,1.0770,1.4868
16,8000,200,32,6,209.00,753.00,1.8117,4.4370,0.7994,15620.03,0.0640,613.00,0.6402,1.1179,1.0339,1.9060,2.6389
16,8000,200,32,12,209.00,753.00,1.8117,4.4370,0.8572,15364.98,0.0651,622.00,0.6508,1.1308,1.0457,1.9281,2.7602
16,8000,200,32,25,209.00,753.00,1.8117,4.4370,0.8809,15526.90,0.0644,616.00,0.6440,1.1210,1.0333,1.9289,2.6975
16,8000,200,32,32,209.00,753.00,1.8117,4.4370,0.8837,15371.81,0.0651,611.00,0.6505,1.1125,1.0264,1.9070,2.5875
16,8000,200,32,48,209.00,753.00,1.8117,4.4370,0.8855,15174.11,0.0659,619.00,0.6590,1.1321,1.0448,1.9071,2.5957
16,8000,200,32,64,209.00,753.00,1.8117,4.4370,0.8859,15009.00,0.0666,613.00,0.6663,1.1611,1.0777,1.9508,2.6173
16,8000,200,64,12,209.00,753.00,1.8117,4.4370,0.8941,8213.99,0.1217,612.00,1.2174,2.1279,1.9757,3.3823,5.0966
16,8000,200,64,25,209.00,753.00,1.8117,4.4370,0.9360,8437.63,0.1185,620.00,1.1852,2.1710,2.0347,3.4396,4.7465
16,8000,200,64,51,209.00,753.00,1.8117,4.4370,0.9469,8374.87,0.1194,609.00,1.1940,2.1371,1.9930,3.3237,5.0606
16,8000,200,64,64,209.00,753.00,1.8117,4.4370,0.9478,8220.37,0.1216,617.00,1.2165,2.1591,2.0077,3.4024,5.0839
16,8000,200,64,96,209.00,753.00,1.8117,4.4370,0.9483,8202.35,0.1219,615.00,1.2192,2.2299,2.0831,3.5187,4.8562
16,8000,200,64,128,209.00,753.00,1.8117,4.4370,0.9483,8095.01,0.1235,614.00,1.2353,2.2700,2.1288,3.5561,4.6449
16,8000,200,128,25,209.00,753.00,1.8117,4.4370,0.9576,4552.13,0.2197,613.00,2.1968,4.1454,3.9296,6.1780,8.6939
16,8000,200,128,51,209.00,753.00,1.8117,4.4370,0.9778,4493.16,0.2226,612.00,2.2256,4.1555,3.9365,6.2233,8.8004
16,8000,200,128,102,209.00,753.00,1.8117,4.4370,0.9818,4372.84,0.2287,613.00,2.2868,4.1348,3.9184,6.1227,9.5322
16,8000,200,128,128,209.00,753.00,1.8117,4.4370,0.9820,4343.84,0.2302,611.00,2.3021,4.1548,3.9165,6.1510,10.2203
16,8000,200,128,192,209.00,753.00,1.8117,4.4370,0.9821,4441.16,0.2252,611.00,2.2517,4.2463,4.0433,6.2866,8.4959
16,8000,200,128,256,209.00,753.00,1.8117,4.4370,0.9821,4322.42,0.2314,612.00,2.3135,4.3612,4.1632,6.3930,8.4915
16,8000,200,256,51,209.00,753.00,1.8117,4.4370,0.9877,2381.96,0.4198,615.00,4.1982,7.8974,7.6242,11.2983,15.5792
16,8000,200,256,102,209.00,753.00,1.8117,4.4370,0.9946,2361.65,0.4234,623.00,4.2343,7.8795,7.6037,11.1121,16.4860
16,8000,200,256,204,209.00,753.00,1.8117,4.4370,0.9955,2321.99,0.4307,621.00,4.3066,8.1359,7.8857,11.5424,15.3222
16,8000,200,256,256,209.00,753.00,1.8117,4.4370,0.9955,2278.33,0.4389,621.00,4.3892,8.0822,7.7473,11.1800,18.4044
16,8000,200,256,384,209.00,753.00,1.8117,4.4370,0.9955,2283.81,0.4379,617.00,4.3786,8.3187,8.0292,11.6095,16.6526
16,8000,200,256,512,209.00,753.00,1.8117,4.4370,0.9955,2228.81,0.4487,617.00,4.4867,8.4817,8.2015,11.8268,16.4387
16,8000,200,512,102,209.00,753.00,1.8117,4.4370,0.9970,1250.64,0.7996,648.00,7.9959,14.7031,14.1673,19.1878,34.6832
16,8000,200,512,204,209.00,753.00,1.8117,4.4370,0.9987,1227.06,0.8150,651.00,8.1495,15.1668,14.7455,20.2743,32.6392
16,8000,200,512,409,209.00,753.00,1.8117,4.4370,0.9989,1225.88,0.8157,658.00,8.1574,15.5168,15.1158,22.0294,29.1054
16,8000,200,512,512,209.00,753.00,1.8117,4.4370,0.9989,1250.33,0.7998,661.00,7.9979,15.4878,15.1306,21.8722,29.0108
16,8000,200,512,768,209.00,753.00,1.8117,4.4370,0.9989,1214.22,0.8236,661.00,8.2357,15.8718,15.5503,22.3717,29.3555
16,8000,200,512,1024,209.00,753.00,1.8117,4.4370,0.9989,1130.68,0.8844,665.00,8.8442,16.8370,16.4646,22.7032,28.8971
16,10000,40,10,2,216.00,746.00,1.4065,3.9728,0.5451,38327.61,0.0261,611.00,0.2609,0.3890,0.3567,0.7364,1.0317
16,10000,40,10,4,216.00,746.00,1.4065,3.9728,0.6268,39974.44,0.0250,609.00,0.2502,0.3556,0.3267,0.6688,0.9285
16,10000,40,10,8,216.00,746.00,1.4065,3.9728,0.6694,38648.44,0.0259,609.00,0.2587,0.3375,0.3062,0.6433,0.9415
16,10000,40,10,10,216.00,746.00,1.4065,3.9728,0.6777,39396.18,0.0254,612.00,0.2538,0.3374,0.3086,0.6397,0.8872
16,10000,40,10,15,216.00,746.00,1.4065,3.9728,0.6856,41381.52,0.0242,611.00,0.2417,0.3235,0.2934,0.6094,0.8340
16,10000,40,10,20,216.00,746.00,1.4065,3.9728,0.6895,40904.32,0.0244,611.00,0.2445,0.3217,0.2883,0.5979,0.8926
16,10000,40,20,4,216.00,746.00,1.4065,3.9728,0.6906,24559.25,0.0407,611.00,0.4072,0.6215,0.5747,1.0968,1.5688
16,10000,40,20,8,216.00,746.00,1.4065,3.9728,0.7577,25979.25,0.0385,607.00,0.3849,0.6154,0.5725,1.0954,1.5065
16,10000,40,20,16,216.00,746.00,1.4065,3.9728,0.7918,25078.79,0.0399,612.00,0.3987,0.6124,0.5682,1.0721,1.5255
16,10000,40,20,20,216.00,746.00,1.4065,3.9728,0.7972,25897.54,0.0386,606.00,0.3861,0.6245,0.5789,1.0968,1.4615
16,10000,40,20,30,216.00,746.00,1.4065,3.9728,0.8019,25348.76,0.0394,608.00,0.3945,0.6149,0.5715,1.0625,1.4437
16,10000,40,20,40,216.00,746.00,1.4065,3.9728,0.8032,24344.88,0.0411,612.00,0.4108,0.6291,0.5827,1.1124,1.5735
16,10000,40,40,8,216.00,746.00,1.4065,3.9728,0.8084,14448.85,0.0692,611.00,0.6921,1.1590,1.0830,1.9303,2.7777
16,10000,40,40,16,216.00,746.00,1.4065,3.9728,0.8642,14224.44,0.0703,606.00,0.7030,1.1702,1.0873,1.9219,2.8340
16,10000,40,40,32,216.00,746.00,1.4065,3.9728,0.8860,14640.14,0.0683,605.00,0.6831,1.1895,1.1144,1.9435,2.5416
16,10000,40,40,40,216.00,746.00,1.4065,3.9728,0.8892,14263.99,0.0701,608.00,0.7011,1.1762,1.0974,1.9677,2.8004
16,10000,40,40,60,216.00,746.00,1.4065,3.9728,0.8911,14229.95,0.0703,605.00,0.7027,1.2081,1.1274,1.9959,2.6716
16,10000,40,40,80,216.00,746.00,1.4065,3.9728,0.8915,13732.11,0.0728,610.00,0.7282,1.2442,1.1667,2.0587,2.6044
16,10000,40,80,16,216.00,746.00,1.4065,3.9728,0.8981,7613.97,0.1313,608.00,1.3134,2.3564,2.2301,3.6602,5.0083
16,10000,40,80,32,216.00,746.00,1.4065,3.9728,0.9366,7568.08,0.1321,606.00,1.3213,2.3400,2.2283,3.6146,4.5957
16,10000,40,80,64,216.00,746.00,1.4065,3.9728,0.9488,7455.68,0.1341,608.00,1.3413,2.3291,2.1905,3.6460,5.0014
16,10000,40,80,80,216.00,746.00,1.4065,3.9728,0.9500,7947.03,0.1258,621.00,1.2583,2.2897,2.1787,3.5003,4.5423
16,10000,40,80,120,216.00,746.00,1.4065,3.9728,0.9509,7709.51,0.1297,606.00,1.2971,2.3073,2.1690,3.5685,4.9478
16,10000,40,80,160,216.00,746.00,1.4065,3.9728,0.9514,7764.31,0.1288,619.00,1.2879,2.3431,2.2261,3.5676,4.6149
16,10000,40,160,32,216.00,746.00,1.4065,3.9728,0.9560,4308.84,0.2321,621.00,2.3208,4.3550,4.1702,6.3555,8.7531
16,10000,40,160,64,216.00,746.00,1.4065,3.9728,0.9762,4334.32,0.2307,621.00,2.3072,4.3499,4.1631,6.3712,8.4971
16,10000,40,160,128,216.00,746.00,1.4065,3.9728,0.9815,4296.89,0.2327,623.00,2.3273,4.3953,4.2259,6.3472,8.2826
16,10000,40,160,160,216.00,746.00,1.4065,3.9728,0.9823,4372.73,0.2287,607.00,2.2869,4.3628,4.1741,6.3018,8.8683
16,10000,40,160,240,216.00,746.00,1.4065,3.9728,0.9826,4284.10,0.2334,625.00,2.3342,4.4615,4.2602,6.3749,8.8650
16,10000,40,160,320,216.00,746.00,1.4065,3.9728,0.9827,4096.34,0.2441,619.00,2.4412,4.5652,4.3670,6.5838,8.8750
16,10000,40,320,64,216.00,746.00,1.4065,3.9728,0.9838,2245.82,0.4453,628.00,4.4527,8.2042,7.9217,11.4535,17.3704
16,10000,40,320,128,216.00,746.00,1.4065,3.9728,0.9926,2232.08,0.4480,630.00,4.4801,8.4168,8.1932,11.8353,15.1005
16,10000,40,320,256,216.00,746.00,1.4065,3.9728,0.9946,2240.33,0.4464,642.00,4.4636,8.4393,8.2026,11.8039,15.4609
16,10000,40,320,320,216.00,746.00,1.4065,3.9728,0.9948,2204.83,0.4535,634.00,4.5355,8.5683,8.3453,11.9391,14.5399
16,10000,40,320,480,216.00,746.00,1.4065,3.9728,0.9948,2143.39,0.4666,628.00,4.6655,8.8175,8.6041,12.1418,15.6527
16,10000,40,320,640,216.00,746.00,1.4065,3.9728,0.9949,2052.68,0.4872,643.00,4.8717,9.1440,8.9234,12.4781,15.5395
16,10000,40,640,128,216.00,746.00,1.4065,3.9728,0.9944,1228.79,0.8138,660.00,8.1381,15.3267,14.9358,21.3423,26.6009
16,10000,40,640,256,216.00,746.00,1.4065,3.9728,0.9974,1195.20,0.8367,678.00,8.3668,15.9701,15.6501,22.1010,27.2394
16,10000,40,640,512,216.00,746.00,1.4065,3.9728,0.9978,1172.46,0.8529,664.00,8.5290,16.1977,15.8652,22.3593,26.4761
16,10000,40,640,640,216.00,746.00,1.4065,3.9728,0.9979,1157.12,0.8642,670.00,8.6421,16.2872,15.9784,22.5610,26.2913
16,10000,40,640,960,216.00,746.00,1.4065,3.9728,0.9981,1120.99,0.8921,683.00,8.9207,17.1799,16.8765,23.5111,27.5011
16,10000,40,640,1280,216.00,746.00,1.4065,3.9728,0.9981,1053.97,0.9488,664.00,9.4879,18.2455,17.9306,24.2323,28.6747
16,10000,100,10,2,224.00,750.00,1.7104,4.3534,0.5628,38699.56,0.0258,601.00,0.2584,0.3857,0.3589,0.7102,0.9675
16,10000,100,10,4,224.00,750.00,1.7104,4.3534,0.6376,40817.65,0.0245,604.00,0.2450,0.3488,0.3175,0.6585,0.9072
16,10000,100,10,8,224.00,750.00,1.7104,4.3534,0.6757,38912.51,0.0257,603.00,0.2570,0.3463,0.3150,0.6533,0.8969
16,10000,100,10,10,224.00,750.00,1.7104,4.3534,0.6829,40019.50,0.0250,601.00,0.2499,0.3272,0.2945,0.6146,0.8887
16,10000,100,10,15,224.00,750.00,1.7104,4.3534,0.6910,40511.55,0.0247,602.00,0.2468,0.3348,0.3038,0.6371,0.8972
16,10000,100,10,20,224.00,750.00,1.7104,4.3534,0.6938,37879.86,0.0264,599.00,0.2640,0.3341,0.2950,0.6522,0.9256
16,10000,100,20,4,224.00,750.00,1.7104,4.3534,0.7053,24523.95,0.0408,600.00,0.4078,0.6371,0.5906,1.1410,1.5075
16,10000,100,20,8,224.00,750.00,1.7104,4.3534,0.7664,24243.20,0.0412,604.00,0.4125,0.6256,0.5755,1.1198,1.5766
16,10000,100,20,16,224.00,750.00,1.7104,4.3534,0.7970,23839.25,0.0419,606.00,0.4195,0.6473,0.6013,1.1516,1.5387
16,10000,100,20,20,224.00,750.00,1.7104,4.3534,0.8025,25677.75,0.0389,603.00,0.3894,0.6269,0.5831,1.0883,1.4948
16,10000,100,20,30,224.00,750.00,1.7104,4.3534,0.8068,25025.32,0.0400,611.00,0.3996,0.6093,0.5558,1.0847,1.4831
16,10000,100,20,40,224.00,750.00,1.7104,4.3534,0.8074,23442.31,0.0427,603.00,0.4266,0.6262,0.5762,1.1098,1.4782
16,10000,100,40,8,224.00,750.00,1.7104,4.3534,0.8214,14783.07,0.0676,601.00,0.6764,1.1821,1.1095,1.9170,2.4788
16,10000,100,40,16,224.00,750.00,1.7104,4.3534,0.8718,14325.89,0.0698,605.00,0.6980,1.1814,1.1039,1.9524,2.5446
16,10000,100,40,32,224.00,750.00,1.7104,4.3534,0.8916,14734.44,0.0679,605.00,0.6787,1.1529,1.0728,1.9010,2.7298
16,10000,100,40,40,224.00,750.00,1.7104,4.3534,0.8937,15197.49,0.0658,599.00,0.6580,1.1785,1.1041,1.9376,2.5060
16,10000,100,40,60,224.00,750.00,1.7104,4.3534,0.8951,15064.13,0.0664,601.00,0.6638,1.1700,1.0993,1.9126,2.5511
16,10000,100,40,80,224.00,750.00,1.7104,4.3534,0.8955,14488.68,0.0690,602.00,0.6902,1.1929,1.1161,1.9356,2.5350
16,10000,100,80,16,224.00,750.00,1.7104,4.3534,0.9094,8103.93,0.1234,615.00,1.2340,2.2076,2.0820,3.3991,4.7817
16,10000,100,80,32,224.00,750.00,1.7104,4.3534,0.9445,8200.34,0.1219,606.00,1.2195,2.2490,2.1146,3.4682,4.6338
16,10000,100,80,64,224.00,750.00,1.7104,4.3534,0.9534,8065.71,0.1240,605.00,1.2398,2.2449,2.1066,3.4405,4.9532
16,10000,100,80,80,224.00,750.00,1.7104,4.3534,0.9542,8236.86,0.1214,615.00,1.2141,2.2441,2.1129,3.4817,4.8735
16,10000,100,80,120,224.00,750.00,1.7104,4.3534,0.9549,8244.96,0.1213,609.00,1.2129,2.2678,2.1311,3.4582,4.8642
16,10000,100,80,160,224.00,750.00,1.7104,4.3534,0.9549,8035.12,0.1245,608.00,1.2445,2.3312,2.2006,3.5737,4.6710
16,10000,100,160,32,224.00,750.00,1.7104,4.3534,0.9645,4441.23,0.2252,617.00,2.2516,4.2806,4.0906,6.2315,8.9068
16,10000,100,160,64,224.00,750.00,1.7104,4.3534,0.9811,4455.52,0.2244,609.00,2.2444,4.2910,4.1036,6.2778,8.4539
16,10000,100,160,128,224.00,750.00,1.7104,4.3534,0.9847,4265.31,0.2344,613.00,2.3445,4.3776,4.1886,6.3613,8.8041
16,10000,100,160,160,224.00,750.00,1.7104,4.3534,0.9848,4211.16,0.2375,606.00,2.3746,4.3338,4.1290,6.2845,9.4561
16,10000,100,160,240,224.00,750.00,1.7104,4.3534,0.9850,4163.19,0.2402,620.00,2.4020,4.3949,4.1958,6.3265,9.2264
16,10000,100,160,320,224.00,750.00,1.7104,4.3534,0.9850,4145.63,0.2412,612.00,2.4122,4.5425,4.3590,6.5400,8.4318
16,10000,100,320,64,224.00,750.00,1.7104,4.3534,0.9891,2357.73,0.4241,626.00,4.2414,8.0910,7.8698,11.4580,14.7945
16,10000,100,320,128,224.00,750.00,1.7104,4.3534,0.9954,2295.29,0.4357,634.00,4.3567,8.2949,8.0756,11.6187,15.3667
16,10000,100,320,256,224.00,750.00,1.7104,4.3534,0.9961,2253.27,0.4438,629.00,4.4380,8.4055,8.1906,11.8657,14.9236
16,10000,100,320,320,224.00,750.00,1.7104,4.3534,0.9961,2255.52,0.4434,634.00,4.4336,8.3253,8.0678,11.6157,16.9310
16,10000,100,320,480,224.00,750.00,1.7104,4.3534,0.9961,2185.81,0.4575,632.00,4.5750,8.7086,8.4626,12.0616,15.2453
16,10000,100,320,640,224.00,750.00,1.7104,4.3534,0.9962,2089.93,0.4785,638.00,4.7848,9.0386,8.8114,12.4737,16.1239
16,10000,100,640,128,224.00,750.00,1.7104,4.3534,0.9973,1207.92,0.8279,664.00,8.2787,15.4343,15.0586,21.3901,26.2027
16,10000,100,640,256,224.00,750.00,1.7104,4.3534,0.9987,1223.40,0.8174,675.00,8.1739,15.7564,15.4650,21.6687,26.0573
16,10000,100,640,512,224.00,750.00,1.7104,4.3534,0.9989,1185.12,0.8438,665.00,8.4380,16.1371,15.8347,21.8529,27.2772
16,10000,100,640,640,224.00,750.00,1.7104,4.3534,0.9989,1164.83,0.8585,673.00,8.5850,16.2536,15.9323,21.9725,27.6700
16,10000,100,640,960,224.00,750.00,1.7104,4.3534,0.9990,1103.94,0.9058,686.00,9.0585,17.1243,16.7922,23.0766,26.5915
16,10000,100,640,1280,224.00,750.00,1.7104,4.3534,0.9990,1046.64,0.9554,677.00,9.5544,18.1938,17.8681,24.3906,29.0410
16,10000,200,10,2,236.00,749.00,2.0880,4.8229,0.5605,37580.99,0.0266,608.00,0.2661,0.4009,0.3665,0.7553,1.0373
16,10000,200,10,4,236.00,749.00,2.0880,4.8229,0.6386,39459.00,0.0253,614.00,0.2534,0.3527,0.3217,0.6591,0.9622
16,10000,200,10,8,236.00,749.00,2.0880,4.8229,0.6767,40938.57,0.0244,615.00,0.2443,0.3389,0.3069,0.6469,0.9217
16,10000,200,10,10,236.00,749.00,2.0880,4.8229,0.6826,41286.91,0.0242,619.00,0.2422,0.3276,0.2971,0.6215,0.8882
16,10000,200,10,15,236.00,749.00,2.0880,4.8229,0.6901,41215.54,0.0243,615.00,0.2426,0.3252,0.2923,0.6222,0.8736
16,10000,200,10,20,236.00,749.00,2.0880,4.8229,0.6931,40218.64,0.0249,616.00,0.2486,0.3306,0.3009,0.6183,0.8770
16,10000,200,20,4,236.00,749.00,2.0880,4.8229,0.7076,26287.12,0.0380,626.00,0.3804,0.6000,0.5545,1.0606,1.4062
16,10000,200,20,8,236.00,749.00,2.0880,4.8229,0.7692,26364.60,0.0379,617.00,0.3793,0.6029,0.5576,1.0746,1.4825
16,10000,200,20,16,236.00,749.00,2.0880,4.8229,0.7974,26345.42,0.0380,618.00,0.3796,0.6139,0.5668,1.0956,1.5498
16,10000,200,20,20,236.00,749.00,2.0880,4.8229,0.8020,25884.39,0.0386,612.00,0.3863,0.6161,0.5697,1.0794,1.4639
16,10000,200,20,30,236.00,749.00,2.0880,4.8229,0.8057,25576.95,0.0391,618.00,0.3910,0.6151,0.5669,1.0945,1.4749
16,10000,200,20,40,236.00,749.00,2.0880,4.8229,0.8066,24647.06,0.0406,620.00,0.4057,0.6358,0.5899,1.1070,1.4147
16,10000,200,40,8,236.00,749.00,2.0880,4.8229,0.8244,15317.07,0.0653,618.00,0.6529,1.1460,1.0662,1.9528,2.5650
16,10000,200,40,16,236.00,749.00,2.0880,4.8229,0.8739,14916.61,0.0670,626.00,0.6704,1.1654,1.0813,1.9442,2.6417
16,10000,200,40,32,236.00,749.00,2.0880,4.8229,0.8924,15106.83,0.0662,615.00,0.6620,1.1656,1.0796,1.9534,2.6248
16,10000,200,40,40,236.00,749.00,2.0880,4.8229,0.8940,15218.01,0.0657,618.00,0.6571,1.1703,1.0889,1.9425,2.6084
16,10000,200,40,60,236.00,749.00,2.0880,4.8229,0.8955,14149.90,0.0707,614.00,0.7067,1.1987,1.1122,1.9836,2.7260
16,10000,200,40,80,236.00,749.00,2.0880,4.8229,0.8959,14509.78,0.0689,616.00,0.6892,1.1988,1.1195,1.9644,2.6018
16,10000,200,80,16,236.00,749.00,2.0880,4.8229,0.9117,8031.50,0.1245,615.00,1.2451,2.2681,2.1379,3.5273,4.5980
16,10000,200,80,32,236.00,749.00,2.0880,4.8229,0.9444,7836.10,0.1276,615.00,1.2761,2.3237,2.2071,3.5970,4.5388
16,10000,200,80,64,236.00,749.00,2.0880,4.8229,0.9534,7918.49,0.1263,614.00,1.2629,2.2906,2.1565,3.5622,4.6263
16,10000,200,80,80,236.00,749.00,2.0880,4.8229,0.9543,8116.81,0.1232,614.00,1.2320,2.2734,2.1448,3.5215,4.5828
16,10000,200,80,120,236.00,749.00,2.0880,4.8229,0.9547,8108.63,0.1233,617.00,1.2333,2.3159,2.1811,3.5480,4.7740
16,10000,200,80,160,236.00,749.00,2.0880,4.8229,0.9548,7967.00,0.1255,613.00,1.2552,2.3444,2.2126,3.6213,4.8191
16,10000,200,160,32,236.00,749.00,2.0880,4.8229,0.9656,4414.36,0.2265,616.00,2.2653,4.3040,4.1099,6.3603,8.6706
16,10000,200,160,64,236.00,749.00,2.0880,4.8229,0.9809,4332.85,0.2308,617.00,2.3080,4.3524,4.1663,6.3259,8.5349
16,10000,200,160,128,236.00,749.00,2.0880,4.8229,0.9843,4213.32,0.2373,623.00,2.3734,4.4305,4.2463,6.4697,8.3833
16,10000,200,160,160,236.00,749.00,2.0880,4.8229,0.9847,4249.41,0.2353,630.00,2.3533,4.4112,4.2126,6.4184,8.6842
16,10000,200,160,240,236.00,749.00,2.0880,4.8229,0.9847,4144.74,0.2413,618.00,2.4127,4.4349,4.2211,6.3491,10.3202
16,10000,200,160,320,236.00,749.00,2.0880,4.8229,0.9847,3969.06,0.2519,629.00,2.5195,4.5481,4.3203,6.6127,10.3378
16,10000,200,320,64,236.00,749.00,2.0880,4.8229,0.9891,2316.00,0.4318,636.00,4.3178,8.1650,7.9381,11.5345,14.3194
16,10000,200,320,128,236.00,749.00,2.0880,4.8229,0.9948,2285.03,0.4376,640.00,4.3763,8.3227,8.0879,11.7184,15.1050
16,10000,200,320,256,236.00,749.00,2.0880,4.8229,0.9958,2236.74,0.4471,630.00,4.4708,8.3481,8.0948,11.6131,16.2402
16,10000,200,320,320,236.00,749.00,2.0880,4.8229,0.9958,2226.41,0.4492,640.00,4.4915,8.4764,8.2791,11.8602,14.3798
16,10000,200,320,480,236.00,749.00,2.0880,4.8229,0.9959,2112.60,0.4734,633.00,4.7335,8.7586,8.4787,12.2269,17.0199
16,10000,200,320,640,236.00,749.00,2.0880,4.8229,0.9959,2077.87,0.4813,626.00,4.8126,9.0548,8.8275,12.5769,15.7155
16,10000,200,640,128,236.00,749.00,2.0880,4.8229,0.9972,1208.62,0.8274,672.00,8.2739,15.4620,15.0348,21.5323,25.6655
16,10000,200,640,256,236.00,749.00,2.0880,4.8229,0.9988,1185.80,0.8433,674.00,8.4331,15.8652,15.5670,22.3430,26.0761
16,10000,200,640,512,236.00,749.00,2.0880,4.8229,0.9990,1162.09,0.8605,667.00,8.6052,16.1651,15.8330,21.9614,27.5875
16,10000,200,640,640,236.00,749.00,2.0880,4.8229,0.9990,1162.94,0.8599,667.00,8.5989,16.3146,16.0065,22.4365,26.4541
16,10000,200,640,960,236.00,749.00,2.0880,4.8229,0.9990,1123.65,0.8900,679.00,8.8996,17.2069,16.9151,23.3519,27.6738
16,10000,200,640,1280,236.00,749.00,2.0880,4.8229,0.9990,1036.06,0.9652,669.00,9.6519,18.3808,18.0395,24.6277,28.8417
16,14000,40,14,2,232.00,746.00,1.8648,4.5427,0.5430,35939.23,0.0278,634.00,0.2782,0.4179,0.3881,0.7580,0.9938
16,14000,40,14,5,232.00,746.00,1.8648,4.5427,0.6605,37441.22,0.0267,623.00,0.2671,0.3794,0.3508,0.6921,0.9812
16,14000,40,14,11,232.00,746.00,1.8648,4.5427,0.7071,38347.19,0.0261,629.00,0.2608,0.3649,0.3385,0.6608,0.9100
16,14000,40,14,14,232.00,746.00,1.8648,4.5427,0.7147,39032.01,0.0256,626.00,0.2562,0.3585,0.3327,0.6483,0.8605
16,14000,40,14,21,232.00,746.00,1.8648,4.5427,0.7224,39488.34,0.0253,625.00,0.2532,0.3552,0.3259,0.6401,0.8799
16,14000,40,14,28,232.00,746.00,1.8648,4.5427,0.7256,39040.93,0.0256,625.00,0.2561,0.3604,0.3347,0.6510,0.8707
16,14000,40,28,5,232.00,746.00,1.8648,4.5427,0.7153,23747.42,0.0421,624.00,0.4211,0.6851,0.6463,1.1331,1.4341
16,14000,40,28,11,232.00,746.00,1.8648,4.5427,0.7901,23405.95,0.0427,627.00,0.4272,0.6762,0.6416,1.1280,1.4829
16,14000,40,28,22,232.00,746.00,1.8648,4.5427,0.8212,24161.44,0.0414,621.00,0.4139,0.6595,0.6182,1.1305,1.5614
16,14000,40,28,28,232.00,746.00,1.8648,4.5427,0.8267,23623.83,0.0423,620.00,0.4233,0.6569,0.6085,1.1286,1.5802
16,14000,40,28,42,232.00,746.00,1.8648,4.5427,0.8307,23062.59,0.0434,621.00,0.4336,0.6650,0.6162,1.1659,1.5740
16,14000,40,28,56,232.00,746.00,1.8648,4.5427,0.8319,23900.38,0.0418,621.00,0.4184,0.6740,0.6322,1.1283,1.5855
16,14000,40,56,11,232.00,746.00,1.8648,4.5427,0.8339,12990.48,0.0770,621.00,0.7698,1.3022,1.2327,2.1032,3.0204
16,14000,40,56,22,232.00,746.00,1.8648,4.5427,0.8870,13313.88,0.0751,635.00,0.7511,1.2809,1.2195,2.0471,2.5454
16,14000,40,56,44,232.00,746.00,1.8648,4.5427,0.9076,13577.30,0.0737,626.00,0.7365,1.2813,1.2099,2.0722,2.7199
16,14000,40,56,56,232.00,746.00,1.8648,4.5427,0.9102,13556.72,0.0738,624.00,0.7376,1.2686,1.1961,2.0284,2.7472
16,14000,40,56,84,232.00,746.00,1.8648,4.5427,0.9121,13119.79,0.0762,619.00,0.7622,1.2883,1.2071,2.0640,3.0021
16,14000,40,56,112,232.00,746.00,1.8648,4.5427,0.9125,13244.51,0.0755,619.00,0.7550,1.3034,1.2285,2.0684,2.7922
16,14000,40,112,22,232.00,746.00,1.8648,4.5427,0.9148,7470.36,0.1339,636.00,1.3386,2.4792,2.3754,3.6869,4.5300
16,14000,40,112,44,232.00,746.00,1.8648,4.5427,0.9504,7353.94,0.1360,632.00,1.3598,2.4496,2.3262,3.7041,5.2736
16,14000,40,112,89,232.00,746.00,1.8648,4.5427,0.9610,7662.80,0.1305,626.00,1.3050,2.3993,2.2959,3.6583,4.7576
16,14000,40,112,112,232.00,746.00,1.8648,4.5427,0.9620,7669.91,0.1304,622.00,1.3038,2.4530,2.3434,3.6885,4.6522
16,14000,40,112,168,232.00,746.00,1.8648,4.5427,0.9627,7489.18,0.1335,624.00,1.3353,2.4837,2.3819,3.6909,4.7376
16,14000,40,112,224,232.00,746.00,1.8648,4.5427,0.9628,7389.63,0.1353,629.00,1.3532,2.5290,2.4267,3.7237,4.6533
16,14000,40,224,44,232.00,746.00,1.8648,4.5427,0.9651,4120.51,0.2427,638.00,2.4269,4.5986,4.4284,6.6625,8.9176
16,14000,40,224,89,232.00,746.00,1.8648,4.5427,0.9832,4021.10,0.2487,636.00,2.4869,4.6230,4.4510,6.6709,9.7596
16,14000,40,224,179,232.00,746.00,1.8648,4.5427,0.9874,3989.84,0.2506,628.00,2.5064,4.6834,4.5166,6.5082,10.5601
16,14000,40,224,224,232.00,746.00,1.8648,4.5427,0.9876,3930.74,0.2544,626.00,2.5440,4.8010,4.6458,6.8330,8.7791
16,14000,40,224,336,232.00,746.00,1.8648,4.5427,0.9876,3845.18,0.2601,632.00,2.6007,4.9184,4.7875,6.8836,8.4042
16,14000,40,224,448,232.00,746.00,1.8648,4.5427,0.9877,3748.89,0.2667,643.00,2.6675,5.0227,4.8468,6.8691,10.4229
16,14000,40,448,89,232.00,746.00,1.8648,4.5427,0.9883,2169.57,0.4609,659.00,4.6092,8.7751,8.5729,12.0207,14.8101
16,14000,40,448,179,232.00,746.00,1.8648,4.5427,0.9950,2147.52,0.4657,662.00,4.6565,8.9686,8.7797,12.4431,14.8381
16,14000,40,448,358,232.00,746.00,1.8648,4.5427,0.9962,2127.66,0.4700,656.00,4.7000,9.1519,8.9609,12.4853,15.5650
16,14000,40,448,448,232.00,746.00,1.8648,4.5427,0.9964,2067.37,0.4837,664.00,4.8371,9.2040,9.0178,12.6025,15.0272
16,14000,40,448,672,232.00,746.00,1.8648,4.5427,0.9964,1965.34,0.5088,654.00,5.0882,9.6071,9.4584,12.9610,15.5471
16,14000,40,448,896,232.00,746.00,1.8648,4.5427,0.9966,1863.53,0.5366,652.00,5.3662,10.2462,10.0885,13.4723,15.5938
16,14000,40,896,179,232.00,746.00,1.8648,4.5427,0.9964,1142.18,0.8755,708.00,8.7552,16.4018,16.2177,22.3227,25.3743
16,14000,40,896,358,232.00,746.00,1.8648,4.5427,0.9982,1085.66,0.9211,702.00,9.2110,17.2925,16.9371,23.4925,27.2643
16,14000,40,896,716,232.00,746.00,1.8648,4.5427,0.9987,1060.36,0.9431,719.00,9.4308,17.9739,17.6214,24.0363,28.3981
16,14000,40,896,896,232.00,746.00,1.8648,4.5427,0.9988,1054.25,0.9485,719.00,9.4854,18.0998,17.7825,24.2569,28.4390
16,14000,40,896,1344,232.00,746.00,1.8648,4.5427,0.9990,1008.40,0.9917,727.00,9.9167,19.2256,18.8650,25.9550,32.3754
16,14000,40,896,1792,232.00,746.00,1.8648,4.5427,0.9990,891.40,1.1218,712.00,11.2183,21.5720,21.2767,27.6692,31.1894
16,14000,100,14,2,277.00,747.00,2.2031,4.9332,0.5628,35692.32,0.0280,612.00,0.2802,0.4070,0.3758,0.7367,1.0834
16,14000,100,14,5,277.00,747.00,2.2031,4.9332,0.6722,36913.35,0.0271,615.00,0.2709,0.3731,0.3459,0.6765,0.9980
16,14000,100,14,11,277.00,747.00,2.2031,4.9332,0.7133,39117.41,0.0256,611.00,0.2556,0.3659,0.3415,0.6504,0.8999
16,14000,100,14,14,277.00,747.00,2.2031,4.9332,0.7199,37631.07,0.0266,617.00,0.2657,0.3566,0.3293,0.6549,0.8941
16,14000,100,14,21,277.00,747.00,2.2031,4.9332,0.7254,38863.67,0.0257,616.00,0.2573,0.3604,0.3325,0.6503,0.9169
16,14000,100,14,28,277.00,747.00,2.2031,4.9332,0.7266,38731.49,0.0258,617.00,0.2582,0.3513,0.3234,0.6403,0.9050
16,14000,100,28,5,277.00,747.00,2.2031,4.9332,0.7310,23948.73,0.0418,616.00,0.4176,0.6608,0.6180,1.1398,1.5796
16,14000,100,28,11,277.00,747.00,2.2031,4.9332,0.7994,23778.55,0.0421,614.00,0.4205,0.6702,0.6313,1.1467,1.4825
16,14000,100,28,22,277.00,747.00,2.2031,4.9332,0.8256,24245.62,0.0412,613.00,0.4124,0.6665,0.6232,1.1459,1.5084
16,14000,100,28,28,277.00,747.00,2.2031,4.9332,0.8289,24026.43,0.0416,612.00,0.4162,0.6688,0.6214,1.1517,1.5568
16,14000,100,28,42,277.00,747.00,2.2031,4.9332,0.8325,22950.16,0.0436,616.00,0.4357,0.6850,0.6455,1.1550,1.5317
16,14000,100,28,56,277.00,747.00,2.2031,4.9332,0.8333,22990.18,0.0435,614.00,0.4350,0.6807,0.6393,1.1362,1.5383
16,14000,100,56,11,277.00,747.00,2.2031,4.9332,0.8473,13692.68,0.0730,611.00,0.7303,1.2515,1.1793,2.0307,2.8319
16,14000,100,56,22,277.00,747.00,2.2031,4.9332,0.8944,13191.84,0.0758,613.00,0.7580,1.2446,1.1692,2.0378,2.9053
16,14000,100,56,44,277.00,747.00,2.2031,4.9332,0.9111,13129.09,0.0762,618.00,0.7617,1.2693,1.1896,2.0899,3.0332
16,14000,100,56,56,277.00,747.00,2.2031,4.9332,0.9129,13306.61,0.0752,611.00,0.7515,1.3233,1.2535,2.0935,2.6874
16,14000,100,56,84,277.00,747.00,2.2031,4.9332,0.9138,13082.74,0.0764,614.00,0.7644,1.3225,1.2448,2.1377,2.7908
16,14000,100,56,112,277.00,747.00,2.2031,4.9332,0.9141,12953.47,0.0772,616.00,0.7720,1.3424,1.2773,2.0986,2.6510
16,14000,100,112,22,277.00,747.00,2.2031,4.9332,0.9255,7516.87,0.1330,614.00,1.3303,2.3876,2.2659,3.5803,5.6397
16,14000,100,112,44,277.00,747.00,2.2031,4.9332,0.9556,7486.29,0.1336,619.00,1.3358,2.4333,2.3393,3.6461,4.6454
16,14000,100,112,89,277.00,747.00,2.2031,4.9332,0.9627,7366.90,0.1357,618.00,1.3574,2.5031,2.3942,3.7152,4.6408
16,14000,100,112,112,277.00,747.00,2.2031,4.9332,0.9633,7075.77,0.1413,617.00,1.4133,2.4792,2.3440,3.8099,5.5102
16,14000,100,112,168,277.00,747.00,2.2031,4.9332,0.9635,7312.72,0.1367,616.00,1.3675,2.5431,2.4302,3.7841,4.9758
16,14000,100,112,224,277.00,747.00,2.2031,4.9332,0.9636,6900.28,0.1449,620.00,1.4492,2.5390,2.4111,3.8329,5.5745
16,14000,100,224,44,277.00,747.00,2.2031,4.9332,0.9718,3972.76,0.2517,639.00,2.5171,4.5514,4.3825,6.6700,9.7979
16,14000,100,224,89,277.00,747.00,2.2031,4.9332,0.9852,3901.15,0.2563,635.00,2.5633,4.6555,4.5082,6.7117,8.5049
16,14000,100,224,179,277.00,747.00,2.2031,4.9332,0.9876,3902.45,0.2562,629.00,2.5625,4.6682,4.5228,6.7662,8.9298
16,14000,100,224,224,277.00,747.00,2.2031,4.9332,0.9878,3925.53,0.2547,644.00,2.5474,4.7468,4.6289,6.7288,8.2161
16,14000,100,224,336,277.00,747.00,2.2031,4.9332,0.9879,3938.21,0.2539,639.00,2.5392,4.8849,4.7572,6.8171,8.2328
16,14000,100,224,448,277.00,747.00,2.2031,4.9332,0.9879,3765.14,0.2656,628.00,2.6559,5.0755,4.9332,7.0165,8.7923
16,14000,100,448,89,277.00,747.00,2.2031,4.9332,0.9912,2173.12,0.4602,651.00,4.6017,8.6809,8.4899,11.9414,14.5404
16,14000,100,448,179,277.00,747.00,2.2031,4.9332,0.9959,2119.20,0.4719,653.00,4.7188,9.0013,8.8135,12.2679,14.7235
16,14000,100,448,358,277.00,747.00,2.2031,4.9332,0.9966,2048.11,0.4883,643.00,4.8826,9.1491,8.9921,12.5559,14.5681
16,14000,100,448,448,277.00,747.00,2.2031,4.9332,0.9967,2073.82,0.4822,648.00,4.8220,9.2082,9.0335,12.5117,14.7497
16,14000,100,448,672,277.00,747.00,2.2031,4.9332,0.9967,1963.40,0.5093,643.00,5.0932,9.6287,9.4842,13.0193,14.9777
16,14000,100,448,896,277.00,747.00,2.2031,4.9332,0.9967,1866.94,0.5356,662.00,5.3564,10.1737,9.9877,13.5950,15.7904
16,14000,100,896,179,277.00,747.00,2.2031,4.9332,0.9975,1163.74,0.8593,701.00,8.5930,16.3235,16.0125,21.9778,25.6144
16,14000,100,896,358,277.00,747.00,2.2031,4.9332,0.9984,1134.89,0.8811,709.00,8.8114,16.8774,16.6009,23.1542,28.9627
16,14000,100,896,716,277.00,747.00,2.2031,4.9332,0.9986,1068.33,0.9360,688.00,9.3604,17.7808,17.5079,23.1203,26.9569
16,14000,100,896,896,277.00,747.00,2.2031,4.9332,0.9986,1054.98,0.9479,694.00,9.4788,17.9597,17.6172,23.8514,27.0093
16,14000,100,896,1344,277.00,747.00,2.2031,4.9332,0.9986,981.89,1.0184,702.00,10.1845,19.3190,19.0943,24.9324,28.3168
16,14000,100,896,1792,277.00,747.00,2.2031,4.9332,0.9986,887.52,1.1267,699.00,11.2674,21.5264,21.2537,27.5334,30.7709
16,14000,200,14,2,266.00,747.00,2.9391,5.7183,0.5699,35818.17,0.0279,620.00,0.2792,0.4335,0.4019,0.7709,1.0705
16,14000,200,14,5,266.00,747.00,2.9391,5.7183,0.6747,37823.56,0.0264,622.00,0.2644,0.3741,0.3462,0.6915,0.9273
16,14000,200,14,11,266.00,747.00,2.9391,5.7183,0.7173,37655.81,0.0266,623.00,0.2656,0.3755,0.3488,0.6907,0.9327
16,14000,200,14,14,266.00,747.00,2.9391,5.7183,0.7232,38065.46,0.0263,621.00,0.2627,0.3650,0.3389,0.6699,0.9349
16,14000,200,14,21,266.00,747.00,2.9391,5.7183,0.7286,39080.78,0.0256,623.00,0.2559,0.3621,0.3330,0.6472,0.9209
16,14000,200,14,28,266.00,747.00,2.9391,5.7183,0.7300,38812.40,0.0258,622.00,0.2576,0.3584,0.3281,0.6553,0.8769
16,14000,200,28,5,266.00,747.00,2.9391,5.7183,0.7337,23403.01,0.0427,624.00,0.4273,0.6764,0.6324,1.1691,1.5284
16,14000,200,28,11,266.00,747.00,2.9391,5.7183,0.8040,23492.93,0.0426,620.00,0.4257,0.6854,0.6446,1.1480,1.5201
16,14000,200,28,22,266.00,747.00,2.9391,5.7183,0.8291,23281.94,0.0430,619.00,0.4295,0.6646,0.6121,1.1654,1.6176
16,14000,200,28,28,266.00,747.00,2.9391,5.7183,0.8330,23619.86,0.0423,623.00,0.4234,0.6580,0.6133,1.1471,1.5856
16,14000,200,28,42,266.00,747.00,2.9391,5.7183,0.8354,23324.18,0.0429,620.00,0.4287,0.6715,0.6243,1.1471,1.6103
16,14000,200,28,56,266.00,747.00,2.9391,5.7183,0.8362,23312.98,0.0429,620.00,0.4289,0.6908,0.6489,1.1549,1.5440
16,14000,200,56,11,266.00,747.00,2.9391,5.7183,0.8525,13340.35,0.0750,620.00,0.7496,1.2976,1.2280,2.0823,2.6640
16,14000,200,56,22,266.00,747.00,2.9391,5.7183,0.8968,13097.03,0.0764,622.00,0.7635,1.2959,1.2150,2.1342,2.7712
16,14000,200,56,44,266.00,747.00,2.9391,5.7183,0.9123,13432.31,0.0744,622.00,0.7445,1.2882,1.2201,2.0449,2.6441
16,14000,200,56,56,266.00,747.00,2.9391,5.7183,0.9136,13636.06,0.0733,622.00,0.7333,1.3039,1.2332,2.0540,2.6067
16,14000,200,56,84,266.00,747.00,2.9391,5.7183,0.9147,13139.78,0.0761,622.00,0.7610,1.3054,1.2331,2.1085,2.7936
16,14000,200,56,112,266.00,747.00,2.9391,5.7183,0.9148,12902.53,0.0775,617.00,0.7750,1.3539,1.2850,2.1121,2.6706
16,14000,200,112,22,266.00,747.00,2.9391,5.7183,0.9282,7505.88,0.1332,622.00,1.3323,2.4590,2.3634,3.6911,4.5652
16,14000,200,112,44,266.00,747.00,2.9391,5.7183,0.9567,7171.77,0.1394,619.00,1.3944,2.4670,2.3371,3.8747,5.0822
16,14000,200,112,89,266.00,747.00,2.9391,5.7183,0.9638,7212.10,0.1387,625.00,1.3866,2.5172,2.4269,3.7714,4.5923
16,14000,200,112,112,266.00,747.00,2.9391,5.7183,0.9644,7226.92,0.1384,618.00,1.3837,2.4986,2.3705,3.7731,5.4002
16,14000,200,112,168,266.00,747.00,2.9391,5.7183,0.9646,7132.53,0.1402,624.00,1.4020,2.5179,2.3959,3.7747,5.3738
16,14000,200,112,224,266.00,747.00,2.9391,5.7183,0.9647,6892.57,0.1451,621.00,1.4508,2.6465,2.5408,3.9249,4.8329
16,14000,200,224,44,266.00,747.00,2.9391,5.7183,0.9734,3947.42,0.2533,629.00,2.5333,4.6784,4.5611,6.6727,8.0421
16,14000,200,224,89,266.00,747.00,2.9391,5.7183,0.9863,3937.48,0.2540,620.00,2.5397,4.7850,4.6299,6.8316,8.5380
16,14000,200,224,179,266.00,747.00,2.9391,5.7183,0.9889,3785.13,0.2642,627.00,2.6419,4.8654,4.7314,6.9642,8.2578
16,14000,200,224,224,266.00,747.00,2.9391,5.7183,0.9889,3825.88,0.2614,636.00,2.6138,4.8343,4.6992,6.8749,8.1656
16,14000,200,224,336,266.00,747.00,2.9391,5.7183,0.9889,3662.35,0.2730,633.00,2.7305,5.0814,4.9270,7.2292,8.7868
16,14000,200,224,448,266.00,747.00,2.9391,5.7183,0.9889,3641.20,0.2746,642.00,2.7464,5.1531,5.0082,7.2080,8.7723
16,14000,200,448,89,266.00,747.00,2.9391,5.7183,0.9921,2122.02,0.4712,656.00,4.7125,8.9258,8.7262,12.3375,15.0610
16,14000,200,448,179,266.00,747.00,2.9391,5.7183,0.9963,2081.08,0.4805,644.00,4.8052,8.9486,8.7329,12.6164,16.2768
16,14000,200,448,358,266.00,747.00,2.9391,5.7183,0.9969,2047.14,0.4885,657.00,4.8849,9.2694,9.0844,12.7527,15.9016
16,14000,200,448,448,266.00,747.00,2.9391,5.7183,0.9969,2009.55,0.4976,651.00,4.9762,9.4232,9.2341,12.8702,15.3292
16,14000,200,448,672,266.00,747.00,2.9391,5.7183,0.9969,1924.25,0.5197,641.00,5.1968,9.8817,9.6821,13.3595,16.0202
16,14000,200,448,896,266.00,747.00,2.9391,5.7183,0.9969,1820.38,0.5493,639.00,5.4934,10.3335,10.1337,13.8889,16.1922
16,14000,200,896,179,266.00,747.00,2.9391,5.7183,0.9979,1134.05,0.8818,702.00,8.8180,16.5790,16.2087,22.8171,26.7225
16,14000,200,896,358,266.00,747.00,2.9391,5.7183,0.9988,1093.80,0.9142,708.00,9.1424,17.2837,16.9373,23.1368,26.6633
16,14000,200,896,716,266.00,747.00,2.9391,5.7183,0.9989,1055.52,0.9474,713.00,9.4740,17.9081,17.6387,23.7659,26.9912
16,14000,200,896,896,266.00,747.00,2.9391,5.7183,0.9989,1058.83,0.9444,717.00,9.4444,18.0445,17.7169,24.0251,28.4367
16,14000,200,896,1344,266.00,747.00,2.9391,5.7183,0.9989,971.62,1.0292,709.00,10.2921,19.6640,19.4135,25.3410,30.5733
16,14000,200,896,1792,266.00,747.00,2.9391,5.7183,0.9989,891.70,1.1214,722.00,11.2145,21.5357,21.2782,27.6995,31.2685
16,18000,40,18,3,279.00,746.00,2.4430,5.2194,0.6046,33464.72,0.0299,652.00,0.2988,0.4412,0.4126,0.7910,1.0542
16,18000,40,18,7,279.00,746.00,2.4430,5.2194,0.6946,36281.54,0.0276,660.00,0.2756,0.3973,0.3726,0.7077,0.9397
16,18000,40,18,14,279.00,746.00,2.4430,5.2194,0.7293,37214.54,0.0269,652.00,0.2687,0.3902,0.3636,0.6865,0.9087
16,18000,40,18,18,279.00,746.00,2.4430,5.2194,0.7357,36037.42,0.0277,654.00,0.2775,0.3774,0.3509,0.6769,0.9321
16,18000,40,18,27,279.00,746.00,2.4430,5.2194,0.7417,37577.33,0.0266,654.00,0.2661,0.3793,0.3539,0.6656,0.8761
16,18000,40,18,36,279.00,746.00,2.4430,5.2194,0.7444,37568.18,0.0266,648.00,0.2662,0.3793,0.3556,0.6499,0.8717
16,18000,40,36,7,279.00,746.00,2.4430,5.2194,0.7508,22918.32,0.0436,653.00,0.4363,0.7078,0.6747,1.1758,1.5454
16,18000,40,36,14,279.00,746.00,2.4430,5.2194,0.8100,22125.30,0.0452,651.00,0.4520,0.7318,0.6943,1.2080,1.5469
16,18000,40,36,28,279.00,746.00,2.4430,5.2194,0.8375,22858.96,0.0437,654.00,0.4375,0.7232,0.6808,1.2017,1.5141
16,18000,40,36,36,279.00,746.00,2.4430,5.2194,0.8418,22348.75,0.0447,652.00,0.4475,0.7209,0.6877,1.1733,1.5102
16,18000,40,36,54,279.00,746.00,2.4430,5.2194,0.8455,22853.25,0.0438,653.00,0.4376,0.7142,0.6821,1.1506,1.4260
16,18000,40,36,72,279.00,746.00,2.4430,5.2194,0.8465,22460.76,0.0445,651.00,0.4452,0.7286,0.6927,1.1728,1.5189
16,18000,40,72,14,279.00,746.00,2.4430,5.2194,0.8515,12890.78,0.0776,652.00,0.7757,1.3402,1.2717,2.1241,2.6983
16,18000,40,72,28,279.00,746.00,2.4430,5.2194,0.8997,13040.14,0.0767,655.00,0.7669,1.3635,1.3120,2.0497,2.6264
16,18000,40,72,57,279.00,746.00,2.4430,5.2194,0.9189,13017.67,0.0768,658.00,0.7682,1.3656,1.3061,2.1147,2.6872
16,18000,40,72,72,279.00,746.00,2.4430,5.2194,0.9211,12519.00,0.0799,654.00,0.7988,1.4036,1.3366,2.1763,2.6724
16,18000,40,72,108,279.00,746.00,2.4430,5.2194,0.9231,12467.86,0.0802,656.00,0.8021,1.3823,1.3338,2.1035,2.5876
16,18000,40,72,144,279.00,746.00,2.4430,5.2194,0.9233,12165.63,0.0822,656.00,0.8220,1.4257,1.3596,2.2173,2.8446
16,18000,40,144,28,279.00,746.00,2.4430,5.2194,0.9257,6841.16,0.1462,669.00,1.4617,2.5662,2.4601,3.8795,5.0799
16,18000,40,144,57,279.00,746.00,2.4430,5.2194,0.9584,6963.57,0.1436,653.00,1.4360,2.6212,2.5295,3.8846,4.8932
16,18000,40,144,115,279.00,746.00,2.4430,5.2194,0.9677,6816.66,0.1467,647.00,1.4670,2.6653,2.5770,3.8632,4.7184
16,18000,40,144,144,279.00,746.00,2.4430,5.2194,0.9682,6614.22,0.1512,661.00,1.5119,2.6645,2.5538,4.0483,5.3286
16,18000,40,144,216,279.00,746.00,2.4430,5.2194,0.9687,6763.67,0.1478,670.00,1.4785,2.7353,2.6466,3.9389,4.8983
16,18000,40,144,288,279.00,746.00,2.4430,5.2194,0.9688,6533.80,0.1531,660.00,1.5305,2.7994,2.7256,3.9933,4.7683
16,18000,40,288,57,279.00,746.00,2.4430,5.2194,0.9707,3790.86,0.2638,666.00,2.6379,4.9512,4.8314,6.9633,8.2813
16,18000,40,288,115,279.00,746.00,2.4430,5.2194,0.9863,3760.61,0.2659,660.00,2.6591,5.0130,4.9116,6.9457,8.2042
16,18000,40,288,230,279.00,746.00,2.4430,5.2194,0.9896,3730.60,0.2681,670.00,2.6805,5.0713,4.9691,7.0500,8.4660
16,18000,40,288,288,279.00,746.00,2.4430,5.2194,0.9899,3720.89,0.2688,668.00,2.6875,5.1555,5.0622,7.1318,8.4451
16,18000,40,288,432,279.00,746.00,2.4430,5.2194,0.9901,3594.36,0.2782,666.00,2.7821,5.2948,5.1975,7.1893,8.3309
16,18000,40,288,576,279.00,746.00,2.4430,5.2194,0.9901,3388.81,0.2951,671.00,2.9509,5.4955,5.3442,7.5889,10.0167
16,18000,40,576,115,279.00,746.00,2.4430,5.2194,0.9906,2036.90,0.4909,687.00,4.9094,9.3115,9.1504,12.4793,14.3394
16,18000,40,576,230,279.00,746.00,2.4430,5.2194,0.9960,1937.34,0.5162,699.00,5.1617,9.6700,9.5100,13.0130,14.7260
16,18000,40,576,460,279.00,746.00,2.4430,5.2194,0.9971,1898.91,0.5266,694.00,5.2662,9.8960,9.7573,13.3169,15.0886
16,18000,40,576,576,279.00,746.00,2.4430,5.2194,0.9971,1883.89,0.5308,694.00,5.3082,9.8900,9.6579,13.5450,16.8412
16,18000,40,576,864,279.00,746.00,2.4430,5.2194,0.9972,1758.19,0.5688,697.00,5.6877,10.7220,10.5748,13.9750,16.0918
16,18000,40,576,1152,279.00,746.00,2.4430,5.2194,0.9972,1651.26,0.6056,695.00,6.0560,11.5427,11.4197,14.8317,16.6672
16,18000,40,1152,230,279.00,746.00,2.4430,5.2194,0.9970,1103.76,0.9060,769.00,9.0600,17.0797,16.9039,22.8012,26.9192
16,18000,40,1152,460,279.00,746.00,2.4430,5.2194,0.9986,1061.84,0.9418,779.00,9.4176,18.2369,17.9012,23.9925,29.2902
16,18000,40,1152,921,279.00,746.00,2.4430,5.2194,0.9988,976.16,1.0244,789.00,10.2442,19.4716,19.2998,24.8742,27.3612
16,18000,40,1152,1152,279.00,746.00,2.4430,5.2194,0.9988,999.76,1.0002,790.00,10.0024,19.3792,19.0196,25.0503,33.3034
16,18000,40,1152,1728,279.00,746.00,2.4430,5.2194,0.9989,864.88,1.1562,790.00,11.5623,22.1150,21.8810,27.3821,30.5454
16,18000,40,1152,2304,279.00,746.00,2.4430,5.2194,0.9990,756.28,1.3223,786.00,13.2227,25.4670,25.2419,30.8847,33.9462
16,18000,100,18,3,343.00,748.00,2.7146,5.5827,0.6269,35019.22,0.0286,619.00,0.2856,0.4414,0.4183,0.7754,1.0031
16,18000,100,18,7,343.00,748.00,2.7146,5.5827,0.7048,35126.50,0.0285,622.00,0.2847,0.4003,0.3732,0.7228,0.9581
16,18000,100,18,14,343.00,748.00,2.7146,5.5827,0.7371,37003.16,0.0270,615.00,0.2702,0.3881,0.3571,0.7073,0.9211
16,18000,100,18,18,343.00,748.00,2.7146,5.5827,0.7427,37713.05,0.0265,615.00,0.2652,0.3821,0.3546,0.6680,0.8845
16,18000,100,18,27,343.00,748.00,2.7146,5.5827,0.7471,33115.57,0.0302,616.00,0.3020,0.4004,0.3698,0.7132,0.9343
16,18000,100,18,36,343.00,748.00,2.7146,5.5827,0.7481,32929.54,0.0304,615.00,0.3037,0.4166,0.3839,0.7631,1.0042
16,18000,100,36,7,343.00,748.00,2.7146,5.5827,0.7650,22240.98,0.0450,618.00,0.4496,0.7347,0.7006,1.1990,1.5066
16,18000,100,36,14,343.00,748.00,2.7146,5.5827,0.8203,21925.24,0.0456,618.00,0.4561,0.7101,0.6592,1.2141,1.7309
16,18000,100,36,28,343.00,748.00,2.7146,5.5827,0.8441,21478.85,0.0466,621.00,0.4656,0.7141,0.6695,1.2237,1.6662
16,18000,100,36,36,343.00,748.00,2.7146,5.5827,0.8471,21969.52,0.0455,621.00,0.4552,0.7182,0.6756,1.2077,1.5749
16,18000,100,36,54,343.00,748.00,2.7146,5.5827,0.8495,21476.03,0.0466,615.00,0.4656,0.7142,0.6661,1.2241,1.7398
16,18000,100,36,72,343.00,748.00,2.7146,5.5827,0.8498,21818.59,0.0458,619.00,0.4583,0.7258,0.6848,1.1998,1.5323
16,18000,100,72,14,343.00,748.00,2.7146,5.5827,0.8661,13281.78,0.0753,617.00,0.7529,1.3159,1.2547,2.0864,2.8679
16,18000,100,72,28,343.00,748.00,2.7146,5.5827,0.9095,12881.74,0.0776,618.00,0.7763,1.3328,1.2613,2.0944,3.0621
16,18000,100,72,57,343.00,748.00,2.7146,5.5827,0.9237,13069.16,0.0765,629.00,0.7652,1.3680,1.3148,2.1281,2.7017
16,18000,100,72,72,343.00,748.00,2.7146,5.5827,0.9249,13025.44,0.0768,618.00,0.7677,1.3542,1.3006,2.0765,2.5667
16,18000,100,72,108,343.00,748.00,2.7146,5.5827,0.9255,12582.88,0.0795,613.00,0.7947,1.3997,1.3507,2.1349,2.5838
16,18000,100,72,144,343.00,748.00,2.7146,5.5827,0.9258,11981.38,0.0835,621.00,0.8346,1.4067,1.3446,2.1534,3.0637
16,18000,100,144,28,343.00,748.00,2.7146,5.5827,0.9377,7320.35,0.1366,617.00,1.3661,2.5438,2.4599,3.7549,4.6143
16,18000,100,144,57,343.00,748.00,2.7146,5.5827,0.9632,7111.90,0.1406,619.00,1.4061,2.6190,2.5379,3.8144,4.6214
16,18000,100,144,115,343.00,748.00,2.7146,5.5827,0.9690,7027.87,0.1423,633.00,1.4229,2.6442,2.5563,3.8777,4.7833
16,18000,100,144,144,343.00,748.00,2.7146,5.5827,0.9695,6969.10,0.1435,623.00,1.4349,2.6649,2.5775,3.8480,4.7443
16,18000,100,144,216,343.00,748.00,2.7146,5.5827,0.9697,6725.11,0.1487,623.00,1.4870,2.7263,2.6359,3.9405,4.7840
16,18000,100,144,288,343.00,748.00,2.7146,5.5827,0.9697,6409.09,0.1560,621.00,1.5603,2.8141,2.7013,4.0824,5.3704
16,18000,100,288,57,343.00,748.00,2.7146,5.5827,0.9775,3831.26,0.2610,626.00,2.6101,4.8843,4.7705,6.7947,8.3425
16,18000,100,288,115,343.00,748.00,2.7146,5.5827,0.9882,3741.82,0.2672,628.00,2.6725,4.9942,4.9008,6.9372,8.0400
16,18000,100,288,230,343.00,748.00,2.7146,5.5827,0.9903,3667.61,0.2727,633.00,2.7266,5.1012,4.9967,7.0539,8.2667
16,18000,100,288,288,343.00,748.00,2.7146,5.5827,0.9903,3619.44,0.2763,634.00,2.7629,5.1622,5.0464,7.1167,8.3224
16,18000,100,288,432,343.00,748.00,2.7146,5.5827,0.9904,3524.91,0.2837,635.00,2.8369,5.3341,5.2188,7.3178,8.6253
16,18000,100,288,576,343.00,748.00,2.7146,5.5827,0.9904,3324.30,0.3008,634.00,3.0082,5.6200,5.5214,7.5779,8.6565
16,18000,100,576,115,343.00,748.00,2.7146,5.5827,0.9933,2042.61,0.4896,654.00,4.8957,9.2597,9.1208,12.3564,14.5743
16,18000,100,576,230,343.00,748.00,2.7146,5.5827,0.9970,1996.82,0.5008,665.00,5.0080,9.5152,9.3795,12.6841,14.2602
16,18000,100,576,460,343.00,748.00,2.7146,5.5827,0.9975,1957.35,0.5109,663.00,5.1090,9.6754,9.5202,12.9999,15.9081
16,18000,100,576,576,343.00,748.00,2.7146,5.5827,0.9975,1891.93,0.5286,680.00,5.2856,9.9940,9.8614,13.2414,15.1375
16,18000,100,576,864,343.00,748.00,2.7146,5.5827,0.9976,1775.46,0.5632,687.00,5.6324,10.6426,10.4862,13.8921,16.0693
16,18000,100,576,1152,343.00,748.00,2.7146,5.5827,0.9976,1679.27,0.5955,684.00,5.9550,11.4304,11.2432,14.8702,17.9275
16,18000,100,1152,230,343.00,748.00,2.7146,5.5827,0.9983,1088.50,0.9187,740.00,9.1869,17.2029,17.0053,22.6656,25.4207
16,18000,100,1152,460,343.00,748.00,2.7146,5.5827,0.9992,1056.98,0.9461,745.00,9.4610,18.1922,17.9630,23.3975,26.7946
16,18000,100,1152,921,343.00,748.00,2.7146,5.5827,0.9992,993.13,1.0069,739.00,10.0692,19.2170,19.0103,24.5386,26.6178
16,18000,100,1152,1152,343.00,748.00,2.7146,5.5827,0.9992,958.03,1.0438,756.00,10.4381,19.6833,19.6126,25.1552,27.7223
16,18000,100,1152,1728,343.00,748.00,2.7146,5.5827,0.9992,840.41,1.1899,751.00,11.8989,22.3295,21.9502,30.1323,36.4369
16,18000,100,1152,2304,343.00,748.00,2.7146,5.5827,0.9993,747.89,1.3371,751.00,13.3709,25.6233,25.2812,31.5081,35.2006
16,18000,200,18,3,309.00,748.00,3.5363,6.5110,0.6285,33332.13,0.0300,636.00,0.3000,0.4537,0.4252,0.8123,1.0355
16,18000,200,18,7,309.00,748.00,3.5363,6.5110,0.7106,35785.45,0.0279,635.00,0.2794,0.4158,0.3937,0.7264,0.9517
16,18000,200,18,14,309.00,748.00,3.5363,6.5110,0.7420,34601.08,0.0289,630.00,0.2890,0.3950,0.3671,0.7109,0.9458
16,18000,200,18,18,309.00,748.00,3.5363,6.5110,0.7471,36886.58,0.0271,636.00,0.2711,0.3937,0.3649,0.7042,0.9614
16,18000,200,18,27,309.00,748.00,3.5363,6.5110,0.7510,37088.53,0.0270,636.00,0.2696,0.3910,0.3660,0.6772,0.8982
16,18000,200,18,36,309.00,748.00,3.5363,6.5110,0.7522,36593.15,0.0273,637.00,0.2733,0.3820,0.3549,0.6728,0.8922
16,18000,200,36,7,309.00,748.00,3.5363,6.5110,0.7701,22437.89,0.0446,631.00,0.4457,0.7380,0.6958,1.2332,1.5697
16,18000,200,36,14,309.00,748.00,3.5363,6.5110,0.8243,22207.81,0.0450,635.00,0.4503,0.7301,0.6893,1.2384,1.6561
16,18000,200,36,28,309.00,748.00,3.5363,6.5110,0.8465,23126.41,0.0432,634.00,0.4324,0.7200,0.6834,1.1809,1.5567
16,18000,200,36,36,309.00,748.00,3.5363,6.5110,0.8490,21996.96,0.0455,635.00,0.4546,0.7211,0.6766,1.2348,1.7230
16,18000,200,36,54,309.00,748.00,3.5363,6.5110,0.8511,22635.33,0.0442,633.00,0.4418,0.7307,0.6908,1.2265,1.5896
16,18000,200,36,72,309.00,748.00,3.5363,6.5110,0.8517,21717.95,0.0460,637.00,0.4604,0.7488,0.7077,1.2381,1.6751
16,18000,200,72,14,309.00,748.00,3.5363,6.5110,0.8692,12715.59,0.0786,633.00,0.7864,1.3916,1.3141,2.2107,2.9924
16,18000,200,72,28,309.00,748.00,3.5363,6.5110,0.9107,12791.83,0.0782,632.00,0.7817,1.3860,1.3254,2.1408,2.6493
16,18000,200,72,57,309.00,748.00,3.5363,6.5110,0.9237,12677.85,0.0789,637.00,0.7888,1.4071,1.3431,2.1891,2.7407
16,18000,200,72,72,309.00,748.00,3.5363,6.5110,0.9249,12669.30,0.0789,634.00,0.7893,1.3972,1.3250,2.1819,2.9581
16,18000,200,72,108,309.00,748.00,3.5363,6.5110,0.9256,12586.87,0.0794,633.00,0.7945,1.4326,1.3668,2.2036,2.8405
16,18000,200,72,144,309.00,748.00,3.5363,6.5110,0.9259,12241.16,0.0817,634.00,0.8169,1.4745,1.4152,2.2304,2.7472
16,18000,200,144,28,309.00,748.00,3.5363,6.5110,0.9388,7058.18,0.1417,632.00,1.4168,2.5952,2.5033,3.8639,4.7818
16,18000,200,144,57,309.00,748.00,3.5363,6.5110,0.9635,7028.54,0.1423,639.00,1.4228,2.6451,2.5556,3.8805,4.7899
16,18000,200,144,115,309.00,748.00,3.5363,6.5110,0.9691,6802.30,0.1470,635.00,1.4701,2.6598,2.5430,3.9468,5.7842
16,18000,200,144,144,309.00,748.00,3.5363,6.5110,0.9696,6768.42,0.1477,637.00,1.4774,2.7164,2.6211,3.9493,5.0900
16,18000,200,144,216,309.00,748.00,3.5363,6.5110,0.9698,6598.39,0.1516,638.00,1.5155,2.8231,2.7347,4.0656,4.9542
16,18000,200,144,288,309.00,748.00,3.5363,6.5110,0.9698,6306.93,0.1586,641.00,1.5856,2.8525,2.7329,4.1942,5.7889
16,18000,200,288,57,309.00,748.00,3.5363,6.5110,0.9780,3804.25,0.2629,641.00,2.6286,4.9663,4.8234,7.0511,8.5535
16,18000,200,288,115,309.00,748.00,3.5363,6.5110,0.9887,3725.01,0.2685,645.00,2.6846,5.0264,4.8694,7.2246,9.3933
16,18000,200,288,230,309.00,748.00,3.5363,6.5110,0.9906,3662.79,0.2730,638.00,2.7302,5.1697,5.0412,7.2210,8.8612
16,18000,200,288,288,309.00,748.00,3.5363,6.5110,0.9907,3595.91,0.2781,640.00,2.7809,5.1593,5.0023,7.3018,10.2327
16,18000,200,288,432,309.00,748.00,3.5363,6.5110,0.9907,3458.11,0.2892,645.00,2.8918,5.3870,5.2243,7.5870,9.9194
16,18000,200,288,576,309.00,748.00,3.5363,6.5110,0.9907,3320.84,0.3011,651.00,3.0113,5.7019,5.5702,7.7559,9.4525
16,18000,200,576,115,309.00,748.00,3.5363,6.5110,0.9940,2039.24,0.4904,668.00,4.9038,9.3415,9.1350,12.6308,15.2827
16,18000,200,576,230,309.00,748.00,3.5363,6.5110,0.9973,1951.87,0.5123,676.00,5.1233,9.7230,9.5279,13.2857,15.8175
16,18000,200,576,460,309.00,748.00,3.5363,6.5110,0.9977,1878.22,0.5324,672.00,5.3242,9.9923,9.7988,13.4616,15.7982
16,18000,200,576,576,309.00,748.00,3.5363,6.5110,0.9977,1839.70,0.5436,680.00,5.4357,10.1696,9.9542,13.7703,16.0248
16,18000,200,576,864,309.00,748.00,3.5363,6.5110,0.9977,1751.49,0.5709,681.00,5.7094,10.6722,10.4258,14.0596,20.9813
16,18000,200,576,1152,309.00,748.00,3.5363,6.5110,0.9977,1610.46,0.6209,692.00,6.2094,11.7459,11.5822,15.1185,17.1487
16,18000,200,1152,230,309.00,748.00,3.5363,6.5110,0.9985,1067.97,0.9364,738.00,9.3636,17.4406,17.1114,23.4090,27.8867
16,18000,200,1152,460,309.00,748.00,3.5363,6.5110,0.9991,1020.08,0.9803,751.00,9.8032,18.3126,18.0415,24.3567,28.6166
16,18000,200,1152,921,309.00,748.00,3.5363,6.5110,0.9992,976.41,1.0242,762.00,10.2416,19.4660,19.2334,25.0434,28.2582
16,18000,200,1152,1152,309.00,748.00,3.5363,6.5110,0.9992,983.26,1.0170,764.00,10.1702,19.7060,19.4431,25.1755,28.6433
16,18000,200,1152,1728,309.00,748.00,3.5363,6.5110,0.9992,813.49,1.2293,783.00,12.2928,23.1902,23.1049,29.0281,31.8120
16,18000,200,1152,2304,309.00,748.00,3.5363,6.5110,0.9992,715.22,1.3982,770.00,13.9818,26.2698,25.9950,33.1049,36.3457
16,22000,40,22,4,331.00,747.00,3.3133,6.1291,0.6434,34153.07,0.0293,621.00,0.2928,0.4432,0.4232,0.7514,0.9644
16,22000,40,22,8,331.00,747.00,3.3133,6.1291,0.7113,34985.92,0.0286,623.00,0.2858,0.4117,0.3865,0.7221,1.0389
16,22000,40,22,17,331.00,747.00,3.3133,6.1291,0.7493,36706.10,0.0272,619.00,0.2724,0.3879,0.3613,0.6812,0.9421
16,22000,40,22,22,331.00,747.00,3.3133,6.1291,0.7554,36355.87,0.0275,618.00,0.2751,0.4008,0.3842,0.6837,0.8795
16,22000,40,22,33,331.00,747.00,3.3133,6.1291,0.7609,36815.33,0.0272,615.00,0.2716,0.4110,0.3920,0.6888,0.8710
16,22000,40,22,44,331.00,747.00,3.3133,6.1291,0.7620,34626.96,0.0289,618.00,0.2888,0.4036,0.3786,0.6843,0.8872
16,22000,40,44,8,331.00,747.00,3.3133,6.1291,0.7609,21646.76,0.0462,621.00,0.4620,0.7364,0.7028,1.2004,1.6210
16,22000,40,44,17,331.00,747.00,3.3133,6.1291,0.8246,21884.64,0.0457,619.00,0.4569,0.7504,0.7140,1.2025,1.5623
16,22000,40,44,35,331.00,747.00,3.3133,6.1291,0.8522,21408.25,0.0467,618.00,0.4671,0.7545,0.7225,1.2102,1.5876
16,22000,40,44,44,331.00,747.00,3.3133,6.1291,0.8560,21624.09,0.0462,617.00,0.4624,0.7515,0.7150,1.2187,1.5864
16,22000,40,44,66,331.00,747.00,3.3133,6.1291,0.8588,21312.58,0.0469,616.00,0.4692,0.7451,0.7114,1.2032,1.5758
16,22000,40,44,88,331.00,747.00,3.3133,6.1291,0.8599,21779.52,0.0459,620.00,0.4591,0.7668,0.7382,1.2016,1.5352
16,22000,40,88,17,331.00,747.00,3.3133,6.1291,0.8627,12603.92,0.0793,613.00,0.7934,1.4224,1.3814,2.1307,2.5919
16,22000,40,88,35,331.00,747.00,3.3133,6.1291,0.9102,12215.38,0.0819,618.00,0.8186,1.4287,1.3677,2.1717,2.9992
16,22000,40,88,70,331.00,747.00,3.3133,6.1291,0.9266,12757.46,0.0784,633.00,0.7839,1.3927,1.3277,2.1576,2.8969
16,22000,40,88,88,331.00,747.00,3.3133,6.1291,0.9288,12734.26,0.0785,624.00,0.7853,1.3914,1.3497,2.0945,2.5865
16,22000,40,88,132,331.00,747.00,3.3133,6.1291,0.9304,12520.20,0.0799,622.00,0.7987,1.4173,1.3785,2.1333,2.6278
16,22000,40,88,176,331.00,747.00,3.3133,6.1291,0.9306,12132.29,0.0824,618.00,0.8242,1.4815,1.4235,2.2506,2.8995
16,22000,40,176,35,331.00,747.00,3.3133,6.1291,0.9348,6977.95,0.1433,626.00,1.4331,2.7041,2.6367,3.8498,4.6208
16,22000,40,176,70,331.00,747.00,3.3133,6.1291,0.9627,6615.67,0.1512,623.00,1.5116,2.7668,2.7125,3.9733,4.9346
16,22000,40,176,140,331.00,747.00,3.3133,6.1291,0.9716,6719.23,0.1488,625.00,1.4883,2.7502,2.6410,4.0231,5.5332
16,22000,40,176,176,331.00,747.00,3.3133,6.1291,0.9721,6622.83,0.1510,624.00,1.5099,2.7660,2.7044,3.9322,4.6803
16,22000,40,176,264,331.00,747.00,3.3133,6.1291,0.9724,6543.49,0.1528,627.00,1.5282,2.8017,2.7362,4.0310,4.9972
16,22000,40,176,352,331.00,747.00,3.3133,6.1291,0.9725,6212.37,0.1610,628.00,1.6097,2.9422,2.8573,4.1158,5.7553
16,22000,40,352,70,331.00,747.00,3.3133,6.1291,0.9740,3730.08,0.2681,652.00,2.6809,5.0284,4.9120,7.0780,8.5842
16,22000,40,352,140,331.00,747.00,3.3133,6.1291,0.9885,3656.80,0.2735,651.00,2.7346,5.1596,5.0184,7.2114,9.3984
16,22000,40,352,281,331.00,747.00,3.3133,6.1291,0.9913,3598.14,0.2779,642.00,2.7792,5.3260,5.2173,7.2825,8.7084
16,22000,40,352,352,331.00,747.00,3.3133,6.1291,0.9915,3487.99,0.2867,641.00,2.8670,5.4025,5.3111,7.3508,8.7856
16,22000,40,352,528,331.00,747.00,3.3133,6.1291,0.9918,3278.40,0.3050,643.00,3.0503,5.6356,5.5255,7.7761,9.4480
16,22000,40,352,704,331.00,747.00,3.3133,6.1291,0.9918,3063.86,0.3264,655.00,3.2639,6.0676,5.9224,8.2030,10.3109
16,22000,40,704,140,331.00,747.00,3.3133,6.1291,0.9921,1937.36,0.5162,676.00,5.1617,9.6054,9.4411,13.2695,16.0775
16,22000,40,704,281,331.00,747.00,3.3133,6.1291,0.9969,1860.25,0.5376,696.00,5.3756,10.0168,9.8307,13.6943,17.0817
16,22000,40,704,563,331.00,747.00,3.3133,6.1291,0.9978,1755.82,0.5695,695.00,5.6954,10.7863,10.6962,14.1970,16.0786
16,22000,40,704,704,331.00,747.00,3.3133,6.1291,0.9978,1846.21,0.5416,708.00,5.4165,10.3919,10.2130,13.7047,16.1208
16,22000,40,704,1056,331.00,747.00,3.3133,6.1291,0.9978,1693.70,0.5904,691.00,5.9042,11.4047,11.2609,14.5016,16.5522
16,22000,40,704,1408,331.00,747.00,3.3133,6.1291,0.9978,1483.80,0.6739,697.00,6.7394,12.7976,12.6946,15.7947,17.3080
16,22000,40,1408,281,331.00,747.00,3.3133,6.1291,0.9977,1093.75,0.9143,767.00,9.1429,17.4544,17.3942,23.1761,28.0348
16,22000,40,1408,563,331.00,747.00,3.3133,6.1291,0.9989,986.09,1.0141,795.00,10.1410,19.5188,19.3369,24.9776,28.7701
16,22000,40,1408,1126,331.00,747.00,3.3133,6.1291,0.9991,916.18,1.0915,775.00,10.9149,20.7750,20.5961,26.7049,29.9438
16,22000,40,1408,1408,331.00,747.00,3.3133,6.1291,0.9991,915.14,1.0927,788.00,10.9272,21.0174,20.8599,25.9739,28.5590
16,22000,40,1408,2112,331.00,747.00,3.3133,6.1291,0.9991,790.13,1.2656,788.00,12.6561,24.4655,24.1737,30.0956,34.9456
16,22000,40,1408,2816,331.00,747.00,3.3133,6.1291,0.9991,661.15,1.5125,805.00,15.1251,29.5512,29.2343,35.2553,40.8624
16,22000,100,22,4,359.00,749.00,3.3721,6.2896,0.6603,33344.91,0.0300,612.00,0.2999,0.4621,0.4423,0.7886,1.0034
16,22000,100,22,8,359.00,749.00,3.3721,6.2896,0.7231,35102.78,0.0285,623.00,0.2849,0.4154,0.3894,0.7328,0.9819
16,22000,100,22,17,359.00,749.00,3.3721,6.2896,0.7576,33807.17,0.0296,625.00,0.2958,0.4140,0.3873,0.7164,0.9056
16,22000,100,22,22,359.00,749.00,3.3721,6.2896,0.7627,35925.93,0.0278,618.00,0.2784,0.4098,0.3854,0.7013,0.9271
16,22000,100,22,33,359.00,749.00,3.3721,6.2896,0.7663,35580.35,0.0281,621.00,0.2811,0.4004,0.3772,0.6818,0.8790
16,22000,100,22,44,359.00,749.00,3.3721,6.2896,0.7676,36262.14,0.0276,620.00,0.2758,0.4127,0.3871,0.6904,0.8742
16,22000,100,44,8,359.00,749.00,3.3721,6.2896,0.7773,22294.73,0.0449,621.00,0.4485,0.7284,0.6955,1.1841,1.5062
16,22000,100,44,17,359.00,749.00,3.3721,6.2896,0.8370,22343.15,0.0448,613.00,0.4476,0.7388,0.7077,1.1966,1.5112
16,22000,100,44,35,359.00,749.00,3.3721,6.2896,0.8584,21466.05,0.0466,618.00,0.4659,0.7469,0.7097,1.2134,1.6147
16,22000,100,44,44,359.00,749.00,3.3721,6.2896,0.8610,21714.93,0.0461,618.00,0.4605,0.7442,0.7091,1.2051,1.6316
16,22000,100,44,66,359.00,749.00,3.3721,6.2896,0.8631,21561.18,0.0464,611.00,0.4638,0.7742,0.7375,1.2378,1.6147
16,22000,100,44,88,359.00,749.00,3.3721,6.2896,0.8633,21362.04,0.0468,613.00,0.4681,0.7809,0.7488,1.2411,1.5819
16,22000,100,88,17,359.00,749.00,3.3721,6.2896,0.8783,12891.10,0.0776,615.00,0.7757,1.3777,1.3405,2.0784,2.5375
16,22000,100,88,35,359.00,749.00,3.3721,6.2896,0.9183,12546.44,0.0797,620.00,0.7970,1.3919,1.3343,2.0933,3.0192
16,22000,100,88,70,359.00,749.00,3.3721,6.2896,0.9308,12334.47,0.0811,623.00,0.8107,1.4241,1.3670,2.1956,2.9064
16,22000,100,88,88,359.00,749.00,3.3721,6.2896,0.9318,12324.67,0.0811,614.00,0.8114,1.4305,1.3726,2.1891,2.8438
16,22000,100,88,132,359.00,749.00,3.3721,6.2896,0.9323,12043.80,0.0830,618.00,0.8303,1.4640,1.4122,2.2110,2.8271
16,22000,100,88,176,359.00,749.00,3.3721,6.2896,0.9324,11619.55,0.0861,614.00,0.8606,1.5121,1.4519,2.2654,3.0638
16,22000,100,176,35,359.00,749.00,3.3721,6.2896,0.9451,6911.31,0.1447,621.00,1.4469,2.6340,2.5455,3.8708,5.5498
16,22000,100,176,70,359.00,749.00,3.3721,6.2896,0.9678,6843.55,0.1461,623.00,1.4612,2.7146,2.6371,3.9471,4.7935
16,22000,100,176,140,359.00,749.00,3.3721,6.2896,0.9722,6746.22,0.1482,626.00,1.4823,2.7774,2.7006,3.9399,4.7408
16,22000,100,176,176,359.00,749.00,3.3721,6.2896,0.9725,6594.27,0.1516,622.00,1.5165,2.7771,2.6710,4.1067,5.3349
16,22000,100,176,264,359.00,749.00,3.3721,6.2896,0.9728,6466.82,0.1546,624.00,1.5464,2.8656,2.7879,4.1103,5.0396
16,22000,100,176,352,359.00,749.00,3.3721,6.2896,0.9728,6132.28,0.1631,623.00,1.6307,3.0536,2.9739,4.2814,5.1974
16,22000,100,352,70,359.00,749.00,3.3721,6.2896,0.9807,3564.75,0.2805,631.00,2.8052,5.2244,5.1073,7.2868,8.5844
16,22000,100,352,140,359.00,749.00,3.3721,6.2896,0.9898,3503.51,0.2854,632.00,2.8543,5.3559,5.2351,7.4254,8.8419
16,22000,100,352,281,359.00,749.00,3.3721,6.2896,0.9913,3449.91,0.2899,643.00,2.8986,5.4501,5.3482,7.4302,8.7906
16,22000,100,352,352,359.00,749.00,3.3721,6.2896,0.9915,3506.77,0.2852,656.00,2.8516,5.4543,5.3349,7.4988,8.8017
16,22000,100,352,528,359.00,749.00,3.3721,6.2896,0.9916,3410.88,0.2932,658.00,2.9318,5.6088,5.4932,7.5729,9.0379
16,22000,100,352,704,359.00,749.00,3.3721,6.2896,0.9917,3173.16,0.3151,659.00,3.1514,6.0322,5.9124,8.1252,9.6486
16,22000,100,704,140,359.00,749.00,3.3721,6.2896,0.9943,2000.16,0.5000,691.00,4.9996,9.6140,9.4573,12.9142,14.9705
16,22000,100,704,281,359.00,749.00,3.3721,6.2896,0.9972,1896.52,0.5273,698.00,5.2728,9.9207,9.6838,13.3057,18.2969
16,22000,100,704,563,359.00,749.00,3.3721,6.2896,0.9977,1844.63,0.5421,703.00,5.4211,10.3323,10.1695,13.6370,16.4132
16,22000,100,704,704,359.00,749.00,3.3721,6.2896,0.9978,1788.87,0.5590,686.00,5.5901,10.5365,10.3022,13.9786,18.8835
16,22000,100,704,1056,359.00,749.00,3.3721,6.2896,0.9978,1678.11,0.5959,694.00,5.9591,11.4449,11.2691,14.7581,17.6945
16,22000,100,704,1408,359.00,749.00,3.3721,6.2896,0.9979,1491.37,0.6705,702.00,6.7052,12.8418,12.6776,16.1759,18.9475
16,22000,100,1408,281,359.00,749.00,3.3721,6.2896,0.9983,1059.87,0.9435,782.00,9.4352,18.1127,17.9459,23.5428,26.5263
16,22000,100,1408,563,359.00,749.00,3.3721,6.2896,0.9991,974.66,1.0260,792.00,10.2600,19.4110,19.2557,25.0458,28.5313
16,22000,100,1408,1126,359.00,749.00,3.3721,6.2896,0.9992,948.54,1.0543,794.00,10.5425,20.4049,20.0990,26.0288,30.0220
16,22000,100,1408,1408,359.00,749.00,3.3721,6.2896,0.9993,934.66,1.0699,805.00,10.6991,20.8996,20.5687,26.5123,30.0027
16,22000,100,1408,2112,359.00,749.00,3.3721,6.2896,0.9993,786.49,1.2715,816.00,12.7147,24.9067,24.6599,30.1835,33.4647
16,22000,100,1408,2816,359.00,749.00,3.3721,6.2896,0.9993,653.53,1.5301,816.00,15.3014,29.7698,29.6587,35.7252,40.2572
16,22000,200,22,4,370.00,749.00,4.2902,7.2683,0.6683,33130.37,0.0302,630.00,0.3018,0.4587,0.4311,0.7950,1.1079
16,22000,200,22,8,370.00,749.00,4.2902,7.2683,0.7315,36099.16,0.0277,630.00,0.2770,0.4148,0.3905,0.7181,0.9361
16,22000,200,22,17,370.00,749.00,4.2902,7.2683,0.7625,35203.77,0.0284,627.00,0.2841,0.4074,0.3826,0.7133,0.9342
16,22000,200,22,22,370.00,749.00,4.2902,7.2683,0.7673,35897.75,0.0279,629.00,0.2786,0.3987,0.3714,0.6954,0.8939
16,22000,200,22,33,370.00,749.00,4.2902,7.2683,0.7704,35652.55,0.0280,628.00,0.2805,0.4136,0.3899,0.6974,0.9703
16,22000,200,22,44,370.00,749.00,4.2902,7.2683,0.7714,35232.13,0.0284,629.00,0.2838,0.4039,0.3779,0.7048,0.9347
16,22000,200,44,8,370.00,749.00,4.2902,7.2683,0.7871,22019.93,0.0454,629.00,0.4541,0.7556,0.7231,1.2263,1.5971
16,22000,200,44,17,370.00,749.00,4.2902,7.2683,0.8424,21594.27,0.0463,624.00,0.4631,0.7623,0.7252,1.2388,1.5692
16,22000,200,44,35,370.00,749.00,4.2902,7.2683,0.8617,21451.17,0.0466,624.00,0.4662,0.7661,0.7304,1.2302,1.5627
16,22000,200,44,44,370.00,749.00,4.2902,7.2683,0.8638,21552.99,0.0464,629.00,0.4640,0.7494,0.7081,1.2333,1.6662
16,22000,200,44,66,370.00,749.00,4.2902,7.2683,0.8649,21549.09,0.0464,633.00,0.4641,0.7660,0.7336,1.2319,1.5349
16,22000,200,44,88,370.00,749.00,4.2902,7.2683,0.8652,20882.43,0.0479,629.00,0.4789,0.7867,0.7514,1.2631,1.5892
16,22000,200,88,17,370.00,749.00,4.2902,7.2683,0.8848,12627.62,0.0792,624.00,0.7919,1.3949,1.3541,2.1200,2.5943
16,22000,200,88,35,370.00,749.00,4.2902,7.2683,0.9219,12552.20,0.0797,632.00,0.7967,1.4116,1.3560,2.1883,2.7437
16,22000,200,88,70,370.00,749.00,4.2902,7.2683,0.9321,12146.76,0.0823,631.00,0.8233,1.4310,1.3655,2.2380,3.0938
16,22000,200,88,88,370.00,749.00,4.2902,7.2683,0.9333,12194.38,0.0820,634.00,0.8200,1.4710,1.4154,2.2292,2.7694
16,22000,200,88,132,370.00,749.00,4.2902,7.2683,0.9338,11899.69,0.0840,630.00,0.8404,1.5208,1.4678,2.2550,2.8116
16,22000,200,88,176,370.00,749.00,4.2902,7.2683,0.9340,11466.05,0.0872,629.00,0.8721,1.5525,1.5007,2.3117,2.8622
16,22000,200,176,35,370.00,749.00,4.2902,7.2683,0.9497,6731.33,0.1486,634.00,1.4856,2.6693,2.5706,3.9440,5.4629
16,22000,200,176,70,370.00,749.00,4.2902,7.2683,0.9692,6612.55,0.1512,635.00,1.5123,2.8019,2.7214,4.0278,4.7462
16,22000,200,176,140,370.00,749.00,4.2902,7.2683,0.9733,6532.17,0.1531,629.00,1.5309,2.7846,2.6727,4.1676,5.5181
16,22000,200,176,176,370.00,749.00,4.2902,7.2683,0.9736,6445.21,0.1552,633.00,1.5515,2.8707,2.8014,4.0898,4.8297
16,22000,200,176,264,370.00,749.00,4.2902,7.2683,0.9738,6056.85,0.1651,634.00,1.6510,3.0014,2.9166,4.2611,5.2451
16,22000,200,176,352,370.00,749.00,4.2902,7.2683,0.9738,5932.07,0.1686,632.00,1.6858,3.0849,2.9904,4.3701,5.3953
16,22000,200,352,70,370.00,749.00,4.2902,7.2683,0.9827,3580.64,0.2793,641.00,2.7928,5.1995,5.0927,7.2295,8.4754
16,22000,200,352,140,370.00,749.00,4.2902,7.2683,0.9909,3523.60,0.2838,643.00,2.8380,5.3114,5.2193,7.3005,8.4710
16,22000,200,352,281,370.00,749.00,4.2902,7.2683,0.9922,3440.33,0.2907,655.00,2.9067,5.4203,5.3130,7.4831,9.0943
16,22000,200,352,352,370.00,749.00,4.2902,7.2683,0.9923,3412.80,0.2930,656.00,2.9301,5.5720,5.4711,7.6069,8.8585
16,22000,200,352,528,370.00,749.00,4.2902,7.2683,0.9923,3340.92,0.2993,661.00,2.9932,5.6820,5.5723,7.6602,9.2668
16,22000,200,352,704,370.00,749.00,4.2902,7.2683,0.9924,3132.41,0.3192,650.00,3.1924,6.0911,5.9237,8.2546,10.9311
16,22000,200,704,140,370.00,749.00,4.2902,7.2683,0.9951,2018.28,0.4955,696.00,4.9547,9.5305,9.3709,12.8502,15.3213
16,22000,200,704,281,370.00,749.00,4.2902,7.2683,0.9976,1937.64,0.5161,687.00,5.1609,9.8928,9.7394,13.3877,16.4855
16,22000,200,704,563,370.00,749.00,4.2902,7.2683,0.9979,1846.47,0.5416,689.00,5.4157,10.4055,10.2976,13.4946,15.3941
16,22000,200,704,704,370.00,749.00,4.2902,7.2683,0.9980,1813.80,0.5513,696.00,5.5133,10.6356,10.5078,13.8191,15.8272
16,22000,200,704,1056,370.00,749.00,4.2902,7.2683,0.9979,1679.34,0.5955,711.00,5.9547,11.5523,11.3943,15.0079,17.7821
16,22000,200,704,1408,370.00,749.00,4.2902,7.2683,0.9980,1505.49,0.6642,694.00,6.6424,12.8661,12.6820,16.3025,19.4410
16,22000,200,1408,281,370.00,749.00,4.2902,7.2683,0.9986,1086.58,0.9203,775.00,9.2032,17.7292,17.4947,23.2481,27.0124
16,22000,200,1408,563,370.00,749.00,4.2902,7.2683,0.9992,1023.62,0.9769,781.00,9.7692,19.0051,18.5293,27.2221,31.5857
16,22000,200,1408,1126,370.00,749.00,4.2902,7.2683,0.9992,957.32,1.0446,784.00,10.4458,20.3450,20.0054,26.3581,30.2617
16,22000,200,1408,1408,370.00,749.00,4.2902,7.2683,0.9992,918.11,1.0892,795.00,10.8920,21.0627,20.6054,28.4765,34.6122
16,22000,200,1408,2112,370.00,749.00,4.2902,7.2683,0.9992,766.21,1.3051,775.00,13.0513,25.2007,25.0150,30.5180,33.6809
16,22000,200,1408,2816,370.00,749.00,4.2902,7.2683,0.9992,639.02,1.5649,795.00,15.6490,30.3175,30.0940,36.2551,39.9930
16,26000,40,26,5,351.00,750.00,4.1275,7.0149,0.6694,32781.57,0.0305,642.00,0.3050,0.4842,0.4606,0.8266,1.0645
16,26000,40,26,10,351.00,750.00,4.1275,7.0149,0.7334,33804.15,0.0296,639.00,0.2958,0.4428,0.4243,0.7569,0.9882
16,26000,40,26,20,351.00,750.00,4.1275,7.0149,0.7656,34649.78,0.0289,643.00,0.2886,0.4174,0.3939,0.7082,0.9142
16,26000,40,26,26,351.00,750.00,4.1275,7.0149,0.7707,35412.11,0.0282,636.00,0.2824,0.4154,0.3992,0.6899,0.8478
16,26000,40,26,39,351.00,750.00,4.1275,7.0149,0.7755,34139.36,0.0293,647.00,0.2929,0.4284,0.4109,0.6931,0.8517
16,26000,40,26,52,351.00,750.00,4.1275,7.0149,0.7770,34549.83,0.0289,645.00,0.2894,0.4224,0.4024,0.6943,0.8681
16,26000,40,52,10,351.00,750.00,4.1275,7.0149,0.7821,21219.02,0.0471,638.00,0.4713,0.7880,0.7682,1.2194,1.5037
16,26000,40,52,20,351.00,750.00,4.1275,7.0149,0.8385,20079.26,0.0498,637.00,0.4980,0.8041,0.7866,1.2335,1.4882
16,26000,40,52,41,351.00,750.00,4.1275,7.0149,0.8633,20190.04,0.0495,640.00,0.4953,0.8092,0.7811,1.2802,1.6146
16,26000,40,52,52,351.00,750.00,4.1275,7.0149,0.8668,20859.77,0.0479,641.00,0.4794,0.8007,0.7725,1.2575,1.5692
16,26000,40,52,78,351.00,750.00,4.1275,7.0149,0.8692,20415.38,0.0490,642.00,0.4898,0.8049,0.7764,1.2639,1.6726
16,26000,40,52,104,351.00,750.00,4.1275,7.0149,0.8696,20123.92,0.0497,639.00,0.4969,0.8325,0.8116,1.2703,1.5548
16,26000,40,104,20,351.00,750.00,4.1275,7.0149,0.8737,11890.70,0.0841,639.00,0.8410,1.4530,1.4056,2.2183,3.0708
16,26000,40,104,41,351.00,750.00,4.1275,7.0149,0.9180,11840.21,0.0845,641.00,0.8446,1.4921,1.4617,2.2075,2.6915
16,26000,40,104,83,351.00,750.00,4.1275,7.0149,0.9323,11698.61,0.0855,643.00,0.8548,1.5043,1.4759,2.1722,2.6511
16,26000,40,104,104,351.00,750.00,4.1275,7.0149,0.9339,11584.65,0.0863,638.00,0.8632,1.5038,1.4626,2.2499,2.8476
16,26000,40,104,156,351.00,750.00,4.1275,7.0149,0.9351,11433.33,0.0875,640.00,0.8746,1.5604,1.5081,2.2995,2.9448
16,26000,40,104,208,351.00,750.00,4.1275,7.0149,0.9350,11031.53,0.0906,651.00,0.9065,1.6084,1.5864,2.2913,2.7301
16,26000,40,208,41,351.00,750.00,4.1275,7.0149,0.9398,6532.06,0.1531,641.00,1.5309,2.8223,2.7807,3.9629,4.5934
16,26000,40,208,83,351.00,750.00,4.1275,7.0149,0.9653,6557.82,0.1525,655.00,1.5249,2.8009,2.7203,4.0354,5.4300
16,26000,40,208,166,351.00,750.00,4.1275,7.0149,0.9724,6317.84,0.1583,642.00,1.5828,2.9028,2.8538,4.0405,4.7791
16,26000,40,208,208,351.00,750.00,4.1275,7.0149,0.9730,6447.26,0.1551,645.00,1.5510,2.8839,2.7985,4.0766,5.2799
16,26000,40,208,312,351.00,750.00,4.1275,7.0149,0.9734,6156.82,0.1624,657.00,1.6242,3.0054,2.9657,4.0817,4.7274
16,26000,40,208,416,351.00,750.00,4.1275,7.0149,0.9736,5883.41,0.1700,643.00,1.6997,3.1941,3.1237,4.3635,5.1114
16,26000,40,416,83,351.00,750.00,4.1275,7.0149,0.9762,3584.45,0.2790,653.00,2.7898,5.2875,5.2151,7.1836,8.3273
16,26000,40,416,166,351.00,750.00,4.1275,7.0149,0.9885,3474.18,0.2878,654.00,2.8784,5.4428,5.3802,7.2537,8.4052
16,26000,40,416,332,351.00,750.00,4.1275,7.0149,0.9910,3313.32,0.3018,660.00,3.0181,5.5647,5.4661,7.5788,9.2086
16,26000,40,416,416,351.00,750.00,4.1275,7.0149,0.9914,3283.94,0.3045,656.00,3.0451,5.6495,5.5414,7.6267,9.3573
16,26000,40,416,624,351.00,750.00,4.1275,7.0149,0.9917,3123.10,0.3202,658.00,3.2019,6.0343,5.9648,7.8765,9.0081
16,26000,40,416,832,351.00,750.00,4.1275,7.0149,0.9917,2932.47,0.3410,667.00,3.4101,6.5174,6.4324,8.3474,9.7561
16,26000,40,832,166,351.00,750.00,4.1275,7.0149,0.9920,1915.07,0.5222,713.00,5.2217,9.9107,9.8290,12.9920,14.6179
16,26000,40,832,332,351.00,750.00,4.1275,7.0149,0.9963,1803.54,0.5545,709.00,5.5447,10.5034,10.4097,13.4942,15.3034
16,26000,40,832,665,351.00,750.00,4.1275,7.0149,0.9976,1720.81,0.5811,713.00,5.8112,10.9538,10.8582,14.1435,16.1816
16,26000,40,832,832,351.00,750.00,4.1275,7.0149,0.9976,1663.92,0.6010,713.00,6.0099,11.2889,11.1799,14.5127,16.4552
16,26000,40,832,1248,351.00,750.00,4.1275,7.0149,0.9976,1538.06,0.6502,724.00,6.5017,12.5130,12.4255,15.7681,17.6122
16,26000,40,832,1664,351.00,750.00,4.1275,7.0149,0.9976,1362.37,0.7340,713.00,7.3401,14.1980,14.0723,17.3571,19.2243
16,26000,40,1664,332,351.00,750.00,4.1275,7.0149,0.9971,1039.70,0.9618,811.00,9.6182,18.2074,18.3439,23.8451,26.2185
16,26000,40,1664,665,351.00,750.00,4.1275,7.0149,0.9986,956.97,1.0450,840.00,10.4497,20.1965,20.0523,25.0586,27.5398
16,26000,40,1664,1331,351.00,750.00,4.1275,7.0149,0.9987,865.30,1.1557,826.00,11.5567,22.1531,21.9408,27.4450,31.9919
16,26000,40,1664,1664,351.00,750.00,4.1275,7.0149,0.9988,836.86,1.1949,840.00,11.9495,22.7449,22.6391,27.9283,31.1188
16,26000,40,1664,2496,351.00,750.00,4.1275,7.0149,0.9989,682.03,1.4662,852.00,14.6621,28.3344,28.0264,34.5848,38.5610
16,26000,40,1664,3328,351.00,750.00,4.1275,7.0149,0.9990,562.00,1.7794,852.00,17.7938,34.9333,34.7266,40.0112,42.5943
16,26000,100,26,5,403.00,751.00,4.0822,7.0946,0.6882,33156.50,0.0302,627.00,0.3016,0.4626,0.4462,0.7844,0.9951
16,26000,100,26,10,403.00,751.00,4.0822,7.0946,0.7443,34013.68,0.0294,630.00,0.2940,0.4312,0.4078,0.7543,1.0276
16,26000,100,26,20,403.00,751.00,4.0822,7.0946,0.7725,33877.19,0.0295,628.00,0.2952,0.4299,0.4048,0.7468,1.0042
16,26000,100,26,26,403.00,751.00,4.0822,7.0946,0.7770,34345.01,0.0291,647.00,0.2912,0.4235,0.3994,0.7136,0.9576
16,26000,100,26,39,403.00,751.00,4.0822,7.0946,0.7809,33732.46,0.0296,632.00,0.2965,0.4236,0.4015,0.7181,0.9202
16,26000,100,26,52,403.00,751.00,4.0822,7.0946,0.7818,33671.92,0.0297,637.00,0.2970,0.4280,0.4084,0.6978,0.8673
16,26000,100,52,10,403.00,751.00,4.0822,7.0946,0.7982,21176.95,0.0472,634.00,0.4722,0.7944,0.7676,1.2475,1.5594
16,26000,100,52,20,403.00,751.00,4.0822,7.0946,0.8492,20903.53,0.0478,638.00,0.4784,0.7941,0.7641,1.2438,1.5602
16,26000,100,52,41,403.00,751.00,4.0822,7.0946,0.8689,21443.76,0.0466,634.00,0.4663,0.7712,0.7439,1.2146,1.5029
16,26000,100,52,52,403.00,751.00,4.0822,7.0946,0.8710,21444.36,0.0466,639.00,0.4663,0.7925,0.7710,1.2273,1.5305
16,26000,100,52,78,403.00,751.00,4.0822,7.0946,0.8724,20610.83,0.0485,630.00,0.4852,0.8103,0.7836,1.2642,1.5568
16,26000,100,52,104,403.00,751.00,4.0822,7.0946,0.8727,20383.58,0.0491,634.00,0.4906,0.8216,0.7926,1.2806,1.5696
16,26000,100,104,20,403.00,751.00,4.0822,7.0946,0.8891,12248.30,0.0816,647.00,0.8164,1.4539,1.4239,2.1410,2.5943
16,26000,100,104,41,403.00,751.00,4.0822,7.0946,0.9271,12122.39,0.0825,638.00,0.8249,1.4703,1.4347,2.1784,2.6491
16,26000,100,104,83,403.00,751.00,4.0822,7.0946,0.9377,11840.84,0.0845,635.00,0.8445,1.4876,1.4577,2.1732,2.6220
16,26000,100,104,104,403.00,751.00,4.0822,7.0946,0.9385,11491.17,0.0870,633.00,0.8702,1.5092,1.4570,2.2470,2.9062
16,26000,100,104,156,403.00,751.00,4.0822,7.0946,0.9392,11491.96,0.0870,634.00,0.8702,1.5499,1.5192,2.2734,2.7073
16,26000,100,104,208,403.00,751.00,4.0822,7.0946,0.9392,10893.46,0.0918,633.00,0.9180,1.6420,1.5830,2.3822,3.1343
16,26000,100,208,41,403.00,751.00,4.0822,7.0946,0.9514,6548.38,0.1527,649.00,1.5271,2.7535,2.6741,4.0090,5.4174
16,26000,100,208,83,403.00,751.00,4.0822,7.0946,0.9712,6492.45,0.1540,643.00,1.5403,2.8364,2.7938,3.9963,4.7304
16,26000,100,208,166,403.00,751.00,4.0822,7.0946,0.9756,6429.37,0.1555,639.00,1.5554,2.8564,2.7864,4.0598,4.9693
16,26000,100,208,208,403.00,751.00,4.0822,7.0946,0.9759,6413.64,0.1559,648.00,1.5592,2.9103,2.8525,4.0751,4.7991
16,26000,100,208,312,403.00,751.00,4.0822,7.0946,0.9761,6129.49,0.1631,645.00,1.6315,3.0420,2.9953,4.1960,4.9578
16,26000,100,208,416,403.00,751.00,4.0822,7.0946,0.9760,5873.03,0.1703,654.00,1.7027,3.1802,3.1258,4.3686,5.2718
16,26000,100,416,83,403.00,751.00,4.0822,7.0946,0.9827,3605.80,0.2773,658.00,2.7733,5.2339,5.1633,7.1273,8.4268
16,26000,100,416,166,403.00,751.00,4.0822,7.0946,0.9912,3513.55,0.2846,655.00,2.8461,5.4146,5.3252,7.3849,8.8156
16,26000,100,416,332,403.00,751.00,4.0822,7.0946,0.9924,3327.18,0.3006,645.00,3.0055,5.6578,5.6000,7.4693,8.5545
16,26000,100,416,416,403.00,751.00,4.0822,7.0946,0.9925,3357.14,0.2979,647.00,2.9787,5.6158,5.5233,7.6048,9.3186
16,26000,100,416,624,403.00,751.00,4.0822,7.0946,0.9926,3142.82,0.3182,651.00,3.1819,6.0777,6.0064,7.9884,9.1751
16,26000,100,416,832,403.00,751.00,4.0822,7.0946,0.9926,2910.61,0.3436,654.00,3.4357,6.5635,6.4807,8.4192,10.2052
16,26000,100,832,166,403.00,751.00,4.0822,7.0946,0.9950,1891.59,0.5287,693.00,5.2865,9.9458,9.8949,13.0612,14.9388
16,26000,100,832,332,403.00,751.00,4.0822,7.0946,0.9973,1829.11,0.5467,707.00,5.4671,10.3189,10.1937,13.6450,16.0492
16,26000,100,832,665,403.00,751.00,4.0822,7.0946,0.9976,1706.03,0.5862,714.00,5.8616,11.1597,11.1163,14.2006,15.6896
16,26000,100,832,832,403.00,751.00,4.0822,7.0946,0.9976,1712.43,0.5840,709.00,5.8397,11.1177,10.9908,14.3127,16.3419
16,26000,100,832,1248,403.00,751.00,4.0822,7.0946,0.9977,1561.92,0.6402,722.00,6.4024,12.4873,12.3919,15.4824,17.2608
16,26000,100,832,1664,403.00,751.00,4.0822,7.0946,0.9977,1355.06,0.7380,707.00,7.3797,14.4236,14.3081,17.3998,19.4121
16,26000,100,1664,332,403.00,751.00,4.0822,7.0946,0.9983,1020.16,0.9802,804.00,9.8023,18.6874,18.7255,23.7775,26.1734
16,26000,100,1664,665,403.00,751.00,4.0822,7.0946,0.9989,917.11,1.0904,815.00,10.9038,20.5467,20.3670,26.4111,29.0406
16,26000,100,1664,1331,403.00,751.00,4.0822,7.0946,0.9990,857.77,1.1658,831.00,11.6581,22.4212,22.5082,27.4566,29.7589
16,26000,100,1664,1664,403.00,751.00,4.0822,7.0946,0.9991,850.01,1.1765,842.00,11.7646,22.7916,22.5782,28.3891,31.2309
16,26000,100,1664,2496,403.00,751.00,4.0822,7.0946,0.9992,687.87,1.4538,843.00,14.5376,28.0453,27.8535,33.3429,36.6017
16,26000,100,1664,3328,403.00,751.00,4.0822,7.0946,0.9992,562.66,1.7773,843.00,17.7727,35.0412,34.7629,40.3251,43.8388
16,26000,200,26,5,394.00,757.00,5.3466,8.4392,0.6942,31903.91,0.0313,656.00,0.3134,0.4833,0.4583,0.8352,1.0613
16,26000,200,26,10,394.00,757.00,5.3466,8.4392,0.7515,32556.55,0.0307,645.00,0.3072,0.4666,0.4391,0.8019,1.0273
16,26000,200,26,20,394.00,757.00,5.3466,8.4392,0.7780,32534.90,0.0307,643.00,0.3074,0.4606,0.4315,0.7787,0.9988
16,26000,200,26,26,394.00,757.00,5.3466,8.4392,0.7820,31748.62,0.0315,648.00,0.3150,0.4442,0.4130,0.7888,0.9897
16,26000,200,26,39,394.00,757.00,5.3466,8.4392,0.7857,32361.72,0.0309,642.00,0.3090,0.4633,0.4386,0.7626,0.9918
16,26000,200,26,52,394.00,757.00,5.3466,8.4392,0.7870,30174.53,0.0331,643.00,0.3314,0.4563,0.4254,0.7755,1.0062
16,26000,200,52,10,394.00,757.00,5.3466,8.4392,0.8069,18756.65,0.0533,649.00,0.5331,0.8287,0.7936,1.3821,1.7462
16,26000,200,52,20,394.00,757.00,5.3466,8.4392,0.8547,19123.15,0.0523,644.00,0.5229,0.8503,0.8099,1.4136,1.7564
16,26000,200,52,41,394.00,757.00,5.3466,8.4392,0.8732,18955.66,0.0528,644.00,0.5275,0.8920,0.8472,1.4321,1.7982
16,26000,200,52,52,394.00,757.00,5.3466,8.4392,0.8749,19659.30,0.0509,643.00,0.5087,0.8753,0.8402,1.3610,1.7145
16,26000,200,52,78,394.00,757.00,5.3466,8.4392,0.8766,18480.65,0.0541,639.00,0.5411,0.8572,0.8178,1.3783,1.7413
16,26000,200,52,104,394.00,757.00,5.3466,8.4392,0.8769,18329.35,0.0546,658.00,0.5456,0.9042,0.8682,1.4097,1.7377
16,26000,200,104,20,394.00,757.00,5.3466,8.4392,0.8937,10815.55,0.0925,655.00,0.9246,1.5212,1.4580,2.3875,2.9890
16,26000,200,104,41,394.00,757.00,5.3466,8.4392,0.9294,11090.26,0.0902,645.00,0.9017,1.5505,1.4913,2.3836,2.9078
16,26000,200,104,83,394.00,757.00,5.3466,8.4392,0.9394,10885.63,0.0919,645.00,0.9186,1.5915,1.5386,2.3911,2.9891
16,26000,200,104,104,394.00,757.00,5.3466,8.4392,0.9401,10291.69,0.0972,644.00,0.9717,1.6307,1.5930,2.4895,3.0841
16,26000,200,104,156,394.00,757.00,5.3466,8.4392,0.9401,9657.25,0.1035,644.00,1.0355,1.7412,1.7140,2.6764,3.2418
16,26000,200,104,208,394.00,757.00,5.3466,8.4392,0.9401,9175.06,0.1090,643.00,1.0899,1.8342,1.8540,2.7491,3.2601
16,26000,200,208,41,394.00,757.00,5.3466,8.4392,0.9545,6055.45,0.1651,661.00,1.6514,2.8069,2.6815,4.6437,5.6628
16,26000,200,208,83,394.00,757.00,5.3466,8.4392,0.9732,6080.07,0.1645,656.00,1.6447,2.9787,2.9155,4.2592,5.1109
16,26000,200,208,166,394.00,757.00,5.3466,8.4392,0.9765,5862.75,0.1706,643.00,1.7057,3.0646,2.9980,4.3760,5.1472
16,26000,200,208,208,394.00,757.00,5.3466,8.4392,0.9767,5958.13,0.1678,653.00,1.6784,2.9971,2.8969,4.4632,5.5567
16,26000,200,208,312,394.00,757.00,5.3466,8.4392,0.9768,5584.94,0.1791,657.00,1.7905,3.2226,3.1753,4.4912,5.1795
16,26000,200,208,416,394.00,757.00,5.3466,8.4392,0.9767,5426.88,0.1843,662.00,1.8427,3.3632,3.2890,4.6817,5.5242
16,26000,200,416,83,394.00,757.00,5.3466,8.4392,0.9851,3281.15,0.3048,666.00,3.0477,5.5344,5.4876,7.7112,8.8887
16,26000,200,416,166,394.00,757.00,5.3466,8.4392,0.9921,3351.62,0.2984,663.00,2.9836,5.5784,5.5071,7.4935,8.6099
16,26000,200,416,332,394.00,757.00,5.3466,8.4392,0.9932,3274.50,0.3054,668.00,3.0539,5.8082,5.7289,7.7043,8.7701
16,26000,200,416,416,394.00,757.00,5.3466,8.4392,0.9932,3159.54,0.3165,677.00,3.1650,5.7929,5.6766,7.9422,9.3402
16,26000,200,416,624,394.00,757.00,5.3466,8.4392,0.9932,3004.63,0.3328,681.00,3.3282,6.2481,6.1771,8.1889,9.2556
16,26000,200,416,832,394.00,757.00,5.3466,8.4392,0.9933,2782.41,0.3594,671.00,3.5940,6.7121,6.5784,8.8778,10.4238
16,26000,200,832,166,394.00,757.00,5.3466,8.4392,0.9958,1821.69,0.5489,709.00,5.4894,10.2254,10.1770,13.6516,15.1697
16,26000,200,832,332,394.00,757.00,5.3466,8.4392,0.9978,1736.87,0.5757,728.00,5.7575,10.7768,10.7039,14.0289,15.8250
16,26000,200,832,665,394.00,757.00,5.3466,8.4392,0.9981,1676.59,0.5964,728.00,5.9645,11.0413,10.8858,14.5677,16.9904
16,26000,200,832,832,394.00,757.00,5.3466,8.4392,0.9981,1643.13,0.6086,725.00,6.0860,11.4537,11.3514,14.7414,16.5164
16,26000,200,832,1248,394.00,757.00,5.3466,8.4392,0.9981,1485.11,0.6734,718.00,6.7335,12.7820,12.6918,16.0408,17.7454
16,26000,200,832,1664,394.00,757.00,5.3466,8.4392,0.9981,1300.82,0.7687,740.00,7.6875,14.6163,14.5156,17.9410,19.7423
16,26000,200,1664,332,394.00,757.00,5.3466,8.4392,0.9988,1000.32,0.9997,819.00,9.9968,18.7443,18.7282,24.1293,26.4838
16,26000,200,1664,665,394.00,757.00,5.3466,8.4392,0.9992,922.90,1.0835,847.00,10.8354,20.4562,20.3335,26.0374,28.5563
16,26000,200,1664,1331,394.00,757.00,5.3466,8.4392,0.9993,843.37,1.1857,843.00,11.8572,22.4918,22.2875,28.2110,30.7385
16,26000,200,1664,1664,394.00,757.00,5.3466,8.4392,0.9993,835.12,1.1974,859.00,11.9743,22.9777,23.0387,28.5395,31.4234
16,26000,200,1664,2496,394.00,757.00,5.3466,8.4392,0.9993,668.75,1.4953,859.00,14.9533,28.6199,28.6529,33.7214,36.2817
16,26000,200,1664,3328,394.00,757.00,5.3466,8.4392,0.9993,540.01,1.8518,848.00,18.5183,35.8869,35.8606,41.0642,43.5707
16,30000,40,30,6,412.00,758.00,5.2607,8.1894,0.6858,31478.41,0.0318,667.00,0.3177,0.4991,0.4841,0.8140,1.0148
16,30000,40,30,12,412.00,758.00,5.2607,8.1894,0.7463,32726.26,0.0306,670.00,0.3056,0.4590,0.4412,0.7615,0.9317
16,30000,40,30,24,412.00,758.00,5.2607,8.1894,0.7759,32591.46,0.0307,669.00,0.3068,0.4640,0.4483,0.7352,0.9246
16,30000,40,30,30,412.00,758.00,5.2607,8.1894,0.7802,32645.83,0.0306,666.00,0.3063,0.4314,0.4063,0.7274,0.9054
16,30000,40,30,45,412.00,758.00,5.2607,8.1894,0.7853,33089.19,0.0302,661.00,0.3022,0.4512,0.4362,0.7202,0.8726
16,30000,40,30,60,412.00,758.00,5.2607,8.1894,0.7870,31143.40,0.0321,674.00,0.3211,0.4409,0.4183,0.7268,0.9087
16,30000,40,60,12,412.00,758.00,5.2607,8.1894,0.7966,19726.58,0.0507,673.00,0.5069,0.7987,0.7683,1.2854,1.5499
16,30000,40,60,24,412.00,758.00,5.2607,8.1894,0.8486,20086.67,0.0498,674.00,0.4978,0.8118,0.7845,1.2859,1.5737
16,30000,40,60,48,412.00,758.00,5.2607,8.1894,0.8712,19890.37,0.0503,669.00,0.5028,0.8440,0.8268,1.2825,1.5674
16,30000,40,60,60,412.00,758.00,5.2607,8.1894,0.8742,19271.70,0.0519,665.00,0.5189,0.8292,0.8101,1.2838,1.5810
16,30000,40,60,90,412.00,758.00,5.2607,8.1894,0.8766,19209.85,0.0521,672.00,0.5206,0.8290,0.8046,1.2891,1.5785
16,30000,40,60,120,412.00,758.00,5.2607,8.1894,0.8767,18514.11,0.0540,664.00,0.5401,0.8684,0.8441,1.3065,1.6029
16,30000,40,120,24,412.00,758.00,5.2607,8.1894,0.8841,11435.16,0.0874,669.00,0.8745,1.5034,1.4769,2.2219,2.6847
16,30000,40,120,48,412.00,758.00,5.2607,8.1894,0.9252,11227.08,0.0891,673.00,0.8907,1.5651,1.5350,2.2841,2.6714
16,30000,40,120,96,412.00,758.00,5.2607,8.1894,0.9393,11287.63,0.0886,669.00,0.8859,1.5658,1.5230,2.3381,2.9014
16,30000,40,120,120,412.00,758.00,5.2607,8.1894,0.9406,11089.83,0.0902,667.00,0.9017,1.5963,1.5761,2.2708,2.6629
16,30000,40,120,180,412.00,758.00,5.2607,8.1894,0.9415,10793.28,0.0927,666.00,0.9265,1.6393,1.6183,2.3190,2.7383
16,30000,40,120,240,412.00,758.00,5.2607,8.1894,0.9419,10313.80,0.0970,670.00,0.9696,1.7060,1.6675,2.4322,2.9145
16,30000,40,240,48,412.00,758.00,5.2607,8.1894,0.9460,6150.29,0.1626,678.00,1.6259,2.9067,2.8591,4.1437,4.8875
16,30000,40,240,96,412.00,758.00,5.2607,8.1894,0.9697,6112.69,0.1636,679.00,1.6359,2.9897,2.9659,4.1358,4.7065
16,30000,40,240,192,412.00,758.00,5.2607,8.1894,0.9762,5830.48,0.1715,682.00,1.7151,3.0519,3.0237,4.2715,4.9911
16,30000,40,240,240,412.00,758.00,5.2607,8.1894,0.9771,5911.59,0.1692,684.00,1.6916,3.0813,3.0624,4.2305,4.8330
16,30000,40,240,360,412.00,758.00,5.2607,8.1894,0.9773,5713.83,0.1750,682.00,1.7501,3.2291,3.1890,4.3664,5.0752
16,30000,40,240,480,412.00,758.00,5.2607,8.1894,0.9774,5153.51,0.1940,676.00,1.9404,3.4649,3.4349,4.6740,5.3987
16,30000,40,480,96,412.00,758.00,5.2607,8.1894,0.9794,3252.70,0.3074,712.00,3.0744,5.5212,5.4191,7.8414,9.2484
16,30000,40,480,192,412.00,758.00,5.2607,8.1894,0.9902,3167.06,0.3158,707.00,3.1575,5.7741,5.7476,7.6646,8.6609
16,30000,40,480,384,412.00,758.00,5.2607,8.1894,0.9927,3060.64,0.3267,715.00,3.2673,5.9665,5.8755,8.1464,9.6627
16,30000,40,480,480,412.00,758.00,5.2607,8.1894,0.9929,3052.29,0.3276,716.00,3.2762,5.9566,5.8632,8.1402,9.6164
16,30000,40,480,720,412.00,758.00,5.2607,8.1894,0.9930,2885.30,0.3466,717.00,3.4658,6.4850,6.4585,8.3665,9.4200
16,30000,40,480,960,412.00,758.00,5.2607,8.1894,0.9930,2636.62,0.3793,706.00,3.7927,7.1724,7.1194,9.0331,10.0709
16,30000,40,960,192,412.00,758.00,5.2607,8.1894,0.9934,1795.37,0.5570,752.00,5.5699,10.4206,10.3899,13.7765,15.3840
16,30000,40,960,384,412.00,758.00,5.2607,8.1894,0.9975,1703.02,0.5872,746.00,5.8719,11.0265,10.9727,14.1390,15.6309
16,30000,40,960,768,412.00,758.00,5.2607,8.1894,0.9981,1580.35,0.6328,749.00,6.3277,11.8793,11.8261,14.9219,16.3777
16,30000,40,960,960,412.00,758.00,5.2607,8.1894,0.9981,1571.60,0.6363,768.00,6.3629,11.9748,11.8460,15.4037,17.2886
16,30000,40,960,1440,412.00,758.00,5.2607,8.1894,0.9983,1360.28,0.7351,763.00,7.3514,13.9370,13.9187,17.0902,18.5049
16,30000,40,960,1920,412.00,758.00,5.2607,8.1894,0.9983,1212.36,0.8248,772.00,8.2484,16.1672,16.0358,19.4367,21.1395
16,30000,40,1920,384,412.00,758.00,5.2607,8.1894,0.9980,1008.43,0.9916,884.00,9.9164,18.9694,19.1741,24.6494,27.4460
16,30000,40,1920,768,412.00,758.00,5.2607,8.1894,0.9990,894.42,1.1180,900.00,11.1804,21.2383,21.1106,26.5295,30.5134
16,30000,40,1920,1536,412.00,758.00,5.2607,8.1894,0.9992,811.37,1.2325,900.00,12.3249,23.7608,23.6653,28.6556,31.6130
16,30000,40,1920,1920,412.00,758.00,5.2607,8.1894,0.9992,779.04,1.2836,912.00,12.8364,24.5662,24.5156,29.5670,32.0888
16,30000,40,1920,2880,412.00,758.00,5.2607,8.1894,0.9992,600.86,1.6643,913.00,16.6428,32.1038,32.2359,37.0225,39.0139
16,30000,40,1920,3840,412.00,758.00,5.2607,8.1894,0.9993,468.38,2.1350,900.00,21.3504,41.5910,41.6491,46.7105,48.7354
16,30000,100,30,6,465.00,761.00,4.9569,8.0058,0.7098,30416.87,0.0329,674.00,0.3288,0.5126,0.4956,0.8463,1.0583
16,30000,100,30,12,465.00,761.00,4.9569,8.0058,0.7615,32964.42,0.0303,674.00,0.3034,0.4761,0.4613,0.7727,0.9751
16,30000,100,30,24,465.00,761.00,4.9569,8.0058,0.7862,32438.46,0.0308,676.00,0.3083,0.4637,0.4481,0.7548,0.9379
16,30000,100,30,30,465.00,761.00,4.9569,8.0058,0.7898,31335.34,0.0319,675.00,0.3191,0.4565,0.4351,0.7525,0.9546
16,30000,100,30,45,465.00,761.00,4.9569,8.0058,0.7930,32364.00,0.0309,674.00,0.3090,0.4662,0.4497,0.7421,0.9201
16,30000,100,30,60,465.00,761.00,4.9569,8.0058,0.7942,32036.37,0.0312,676.00,0.3121,0.4663,0.4427,0.7578,0.9538
16,30000,100,60,12,465.00,761.00,4.9569,8.0058,0.8153,20100.13,0.0498,679.00,0.4975,0.8242,0.8046,1.3019,1.5838
16,30000,100,60,24,465.00,761.00,4.9569,8.0058,0.8611,19807.87,0.0505,689.00,0.5048,0.8347,0.8147,1.2842,1.5525
16,30000,100,60,48,465.00,761.00,4.9569,8.0058,0.8785,19768.39,0.0506,676.00,0.5059,0.8338,0.8164,1.2840,1.5514
16,30000,100,60,60,465.00,761.00,4.9569,8.0058,0.8809,19865.99,0.0503,682.00,0.5034,0.8460,0.8277,1.2834,1.5520
16,30000,100,60,90,465.00,761.00,4.9569,8.0058,0.8821,19326.01,0.0517,682.00,0.5174,0.8696,0.8530,1.3074,1.5818
16,30000,100,60,120,465.00,761.00,4.9569,8.0058,0.8823,18415.58,0.0543,672.00,0.5430,0.9044,0.8901,1.3653,1.6303
16,30000,100,120,24,465.00,761.00,4.9569,8.0058,0.9001,10917.41,0.0916,679.00,0.9160,1.5972,1.5557,2.4378,2.9202
16,30000,100,120,48,465.00,761.00,4.9569,8.0058,0.9335,11438.53,0.0874,677.00,0.8742,1.5791,1.5550,2.3002,2.7048
16,30000,100,120,96,465.00,761.00,4.9569,8.0058,0.9433,11168.62,0.0895,676.00,0.8954,1.6064,1.5579,2.3942,3.1569
16,30000,100,120,120,465.00,761.00,4.9569,8.0058,0.9437,11034.81,0.0906,676.00,0.9062,1.6095,1.5687,2.4090,3.0020
16,30000,100,120,180,465.00,761.00,4.9569,8.0058,0.9445,10528.79,0.0950,673.00,0.9498,1.6983,1.6730,2.4893,2.9648
16,30000,100,120,240,465.00,761.00,4.9569,8.0058,0.9444,10260.31,0.0975,676.00,0.9746,1.7777,1.7515,2.5168,2.9691
16,30000,100,240,48,465.00,761.00,4.9569,8.0058,0.9557,6299.53,0.1587,677.00,1.5874,2.9494,2.9092,4.1178,4.7844
16,30000,100,240,96,465.00,761.00,4.9569,8.0058,0.9742,5955.80,0.1679,692.00,1.6790,3.0693,3.0315,4.2518,4.9323
16,30000,100,240,192,465.00,761.00,4.9569,8.0058,0.9778,5906.18,0.1693,680.00,1.6931,3.1495,3.0882,4.4009,5.2045
16,30000,100,240,240,465.00,761.00,4.9569,8.0058,0.9781,5725.62,0.1747,695.00,1.7465,3.1313,3.0560,4.4658,5.4085
16,30000,100,240,360,465.00,761.00,4.9569,8.0058,0.9782,5431.24,0.1841,676.00,1.8412,3.3580,3.3142,4.6153,5.3433
16,30000,100,240,480,465.00,761.00,4.9569,8.0058,0.9782,5256.19,0.1903,681.00,1.9025,3.5418,3.4838,4.7862,5.5310
16,30000,100,480,96,465.00,761.00,4.9569,8.0058,0.9848,3273.43,0.3055,700.00,3.0549,5.5666,5.4381,8.0168,10.0875
16,30000,100,480,192,465.00,761.00,4.9569,8.0058,0.9925,3190.38,0.3134,705.00,3.1344,5.8273,5.7472,7.8307,9.0093
16,30000,100,480,384,465.00,761.00,4.9569,8.0058,0.9938,3074.90,0.3252,702.00,3.2521,6.1106,6.0523,8.1084,9.2586
16,30000,100,480,480,465.00,761.00,4.9569,8.0058,0.9938,3009.71,0.3323,701.00,3.3226,6.1188,5.9856,8.5089,10.2477
16,30000,100,480,720,465.00,761.00,4.9569,8.0058,0.9938,2800.07,0.3571,701.00,3.5713,6.7070,6.6719,8.6510,9.6204
16,30000,100,480,960,465.00,761.00,4.9569,8.0058,0.9938,2525.33,0.3960,698.00,3.9599,7.4540,7.3998,9.4617,10.4922
16,30000,100,960,192,465.00,761.00,4.9569,8.0058,0.9956,1716.71,0.5825,755.00,5.8251,10.7923,10.6900,14.3797,16.1564
16,30000,100,960,384,465.00,761.00,4.9569,8.0058,0.9980,1644.29,0.6082,762.00,6.0817,11.3264,11.3056,14.5506,16.0951
16,30000,100,960,768,465.00,761.00,4.9569,8.0058,0.9983,1562.42,0.6400,760.00,6.4003,12.1255,12.0548,15.4277,17.1916
16,30000,100,960,960,465.00,761.00,4.9569,8.0058,0.9983,1512.07,0.6613,771.00,6.6134,12.3517,12.1198,17.1396,20.0318
16,30000,100,960,1440,465.00,761.00,4.9569,8.0058,0.9983,1363.64,0.7333,781.00,7.3333,14.0613,13.9769,17.2333,18.8261
16,30000,100,960,1920,465.00,761.00,4.9569,8.0058,0.9983,1145.09,0.8733,770.00,8.7329,16.6304,16.6004,19.9182,21.4903
16,30000,100,1920,384,465.00,761.00,4.9569,8.0058,0.9987,951.73,1.0507,889.00,10.5072,19.6492,19.7496,25.1798,27.4969
16,30000,100,1920,768,465.00,761.00,4.9569,8.0058,0.9992,853.94,1.1710,891.00,11.7104,22.1201,21.9841,28.0002,30.8710
16,30000,100,1920,1536,465.00,761.00,4.9569,8.0058,0.9992,783.48,1.2764,893.00,12.7636,24.3057,24.2345,29.6033,32.3295
16,30000,100,1920,1920,465.00,761.00,4.9569,8.0058,0.9992,742.61,1.3466,915.00,13.4660,25.4877,25.4900,31.2243,34.1805
16,30000,100,1920,2880,465.00,761.00,4.9569,8.0058,0.9992,597.00,1.6750,916.00,16.7504,32.1634,32.0186,38.3933,41.4081
16,30000,100,1920,3840,465.00,761.00,4.9569,8.0058,0.9992,455.87,2.1936,916.00,21.9359,42.4952,42.4753,48.0151,51.2164
16,30000,200,30,6,468.00,762.00,6.0599,9.1347,0.7134,30521.76,0.0328,669.00,0.3276,0.5095,0.4911,0.8572,1.0871
16,30000,200,30,12,468.00,762.00,6.0599,9.1347,0.7657,32337.71,0.0309,669.00,0.3092,0.4689,0.4499,0.7828,0.9772
16,30000,200,30,24,468.00,762.00,6.0599,9.1347,0.7889,33639.57,0.0297,666.00,0.2973,0.4595,0.4394,0.7584,0.9737
16,30000,200,30,30,468.00,762.00,6.0599,9.1347,0.7922,33363.00,0.0300,671.00,0.2997,0.4513,0.4286,0.7490,0.9235
16,30000,200,30,45,468.00,762.00,6.0599,9.1347,0.7947,32609.66,0.0307,668.00,0.3067,0.4506,0.4326,0.7237,0.9079
16,30000,200,30,60,468.00,762.00,6.0599,9.1347,0.7954,32676.03,0.0306,670.00,0.3060,0.4661,0.4476,0.7372,0.9156
16,30000,200,60,12,468.00,762.00,6.0599,9.1347,0.8199,20245.15,0.0494,674.00,0.4939,0.8177,0.7951,1.2809,1.5705
16,30000,200,60,24,468.00,762.00,6.0599,9.1347,0.8653,19668.91,0.0508,667.00,0.5084,0.8348,0.8013,1.3363,1.7765
16,30000,200,60,48,468.00,762.00,6.0599,9.1347,0.8815,19410.68,0.0515,664.00,0.5152,0.8445,0.8227,1.3122,1.6177
16,30000,200,60,60,468.00,762.00,6.0599,9.1347,0.8833,19784.65,0.0505,673.00,0.5054,0.8499,0.8275,1.2953,1.5550
16,30000,200,60,90,468.00,762.00,6.0599,9.1347,0.8841,18838.26,0.0531,666.00,0.5308,0.8889,0.8666,1.3303,1.5964
16,30000,200,60,120,468.00,762.00,6.0599,9.1347,0.8840,18796.65,0.0532,665.00,0.5320,0.9184,0.8922,1.3912,1.6482
16,30000,200,120,24,468.00,762.00,6.0599,9.1347,0.9040,11631.66,0.0860,669.00,0.8597,1.5092,1.4897,2.2339,2.6395
16,30000,200,120,48,468.00,762.00,6.0599,9.1347,0.9364,11371.14,0.0879,665.00,0.8794,1.5767,1.5394,2.3140,2.7316
16,30000,200,120,96,468.00,762.00,6.0599,9.1347,0.9446,10987.92,0.0910,667.00,0.9101,1.6171,1.5844,2.3576,2.7863
16,30000,200,120,120,468.00,762.00,6.0599,9.1347,0.9449,11060.55,0.0904,665.00,0.9041,1.6018,1.5580,2.3559,2.9648
16,30000,200,120,180,468.00,762.00,6.0599,9.1347,0.9452,10515.47,0.0951,666.00,0.9510,1.6704,1.6406,2.3989,2.8745
16,30000,200,120,240,468.00,762.00,6.0599,9.1347,0.9453,10220.69,0.0978,673.00,0.9784,1.7357,1.6988,2.5036,3.0770
16,30000,200,240,48,468.00,762.00,6.0599,9.1347,0.9590,6339.84,0.1577,673.00,1.5773,2.9233,2.8855,4.1243,4.8326
16,30000,200,240,96,468.00,762.00,6.0599,9.1347,0.9755,6199.75,0.1613,677.00,1.6130,3.0097,2.9612,4.2131,4.9356
16,30000,200,240,192,468.00,762.00,6.0599,9.1347,0.9784,6001.11,0.1666,678.00,1.6664,3.0540,2.9931,4.3021,5.1774
16,30000,200,240,240,468.00,762.00,6.0599,9.1347,0.9786,5983.35,0.1671,676.00,1.6713,3.1233,3.0671,4.3941,5.2126
16,30000,200,240,360,468.00,762.00,6.0599,9.1347,0.9788,5677.78,0.1761,674.00,1.7613,3.2941,3.2451,4.5291,5.2794
16,30000,200,240,480,468.00,762.00,6.0599,9.1347,0.9788,5298.64,0.1887,677.00,1.8873,3.5677,3.5079,4.7810,5.5682
16,30000,200,480,96,468.00,762.00,6.0599,9.1347,0.9866,3381.42,0.2957,697.00,2.9573,5.5195,5.4551,7.6208,8.8343
16,30000,200,480,192,468.00,762.00,6.0599,9.1347,0.9928,3224.37,0.3101,710.00,3.1014,5.8152,5.7435,7.8056,9.0389
16,30000,200,480,384,468.00,762.00,6.0599,9.1347,0.9939,3147.66,0.3177,710.00,3.1770,5.9363,5.8842,7.9408,9.1758
16,30000,200,480,480,468.00,762.00,6.0599,9.1347,0.9939,3143.91,0.3181,718.00,3.1808,6.0314,5.9648,8.0178,9.1881
16,30000,200,480,720,468.00,762.00,6.0599,9.1347,0.9939,2811.48,0.3557,713.00,3.5568,6.6778,6.6421,8.6284,9.6997
16,30000,200,480,960,468.00,762.00,6.0599,9.1347,0.9939,2535.82,0.3944,718.00,3.9435,7.3596,7.2736,9.5218,10.8844
16,30000,200,960,192,468.00,762.00,6.0599,9.1347,0.9962,1824.49,0.5481,761.00,5.4810,10.3353,10.2384,13.5421,15.4790
16,30000,200,960,384,468.00,762.00,6.0599,9.1347,0.9982,1713.58,0.5836,769.00,5.8357,11.0615,10.9682,14.5023,16.1752
16,30000,200,960,768,468.00,762.00,6.0599,9.1347,0.9983,1624.22,0.6157,753.00,6.1568,11.6430,11.4568,15.5270,18.6599
16,30000,200,960,960,468.00,762.00,6.0599,9.1347,0.9983,1591.45,0.6284,768.00,6.2836,12.0432,11.9771,15.1437,16.7291
16,30000,200,960,1440,468.00,762.00,6.0599,9.1347,0.9983,1399.58,0.7145,764.00,7.1450,13.7826,13.6634,17.0162,19.0402
16,30000,200,960,1920,468.00,762.00,6.0599,9.1347,0.9983,1164.14,0.8590,773.00,8.5900,16.4490,16.3880,19.7701,21.7233
16,30000,200,1920,384,468.00,762.00,6.0599,9.1347,0.9988,967.61,1.0335,867.00,10.3347,19.5855,19.6830,24.9423,27.5156
16,30000,200,1920,768,468.00,762.00,6.0599,9.1347,0.9991,883.38,1.1320,875.00,11.3202,21.5476,21.5825,26.9319,29.6532
16,30000,200,1920,1536,468.00,762.00,6.0599,9.1347,0.9992,807.22,1.2388,884.00,12.3883,23.8533,23.7508,28.8116,32.3319
16,30000,200,1920,1920,468.00,762.00,6.0599,9.1347,0.9992,794.47,1.2587,897.00,12.5871,24.6235,24.3059,30.4327,34.2868
16,30000,200,1920,2880,468.00,762.00,6.0599,9.1347,0.9992,611.53,1.6352,890.00,16.3523,32.0606,31.8870,37.2212,39.6565
16,30000,200,1920,3840,468.00,762.00,6.0599,9.1347,0.9992,459.57,2.1760,897.00,21.7595,42.3103,42.3022,47.6933,50.2987
32,1000,40,1,1,448.00,810.00,0.8211,3.1573,0.3792,44794.58,0.0223,616.00,0.2232,0.2777,0.2377,0.6124,0.9303
32,1000,40,1,1,448.00,810.00,0.8211,3.1573,0.3792,48469.76,0.0206,620.00,0.2063,0.2549,0.2135,0.5631,0.8874
32,1000,40,1,1,448.00,810.00,0.8211,3.1573,0.3792,48716.91,0.0205,619.00,0.2053,0.2415,0.2010,0.5422,0.8660
32,1000,40,1,1,448.00,810.00,0.8211,3.1573,0.3792,48253.01,0.0207,622.00,0.2072,0.2321,0.1903,0.5333,0.8343
32,1000,40,1,1,448.00,810.00,0.8211,3.1573,0.3792,48817.71,0.0205,621.00,0.2048,0.2294,0.1941,0.5066,0.8497
32,1000,40,1,2,448.00,810.00,0.8211,3.1573,0.3950,49955.33,0.0200,623.00,0.2002,0.2298,0.1922,0.5094,0.8141
32,1000,40,2,1,448.00,810.00,0.8211,3.1573,0.5256,29986.93,0.0333,621.00,0.3335,0.4542,0.3954,0.9367,1.5404
32,1000,40,2,1,448.00,810.00,0.8211,3.1573,0.5256,31820.20,0.0314,623.00,0.3143,0.4472,0.3943,0.8890,1.3835
32,1000,40,2,1,448.00,810.00,0.8211,3.1573,0.5256,32294.38,0.0310,623.00,0.3097,0.4305,0.3795,0.8676,1.2947
32,1000,40,2,2,448.00,810.00,0.8211,3.1573,0.5496,32222.62,0.0310,621.00,0.3103,0.4378,0.3841,0.9113,1.3751
32,1000,40,2,3,448.00,810.00,0.8211,3.1573,0.5550,31293.75,0.0320,623.00,0.3196,0.4414,0.3906,0.8945,1.3594
32,1000,40,2,4,448.00,810.00,0.8211,3.1573,0.5571,32213.38,0.0310,622.00,0.3104,0.4443,0.3875,0.9013,1.3579
32,1000,40,4,1,448.00,810.00,0.8211,3.1573,0.6616,18779.32,0.0533,623.00,0.5325,0.8561,0.7606,1.6467,2.5888
32,1000,40,4,1,448.00,810.00,0.8211,3.1573,0.6616,18811.39,0.0532,622.00,0.5316,0.8615,0.7671,1.5786,2.5584
32,1000,40,4,3,448.00,810.00,0.8211,3.1573,0.7058,19329.57,0.0517,621.00,0.5173,0.8394,0.7494,1.5313,2.4533
32,1000,40,4,4,448.00,810.00,0.8211,3.1573,0.7095,19682.34,0.0508,621.00,0.5081,0.8440,0.7511,1.5937,2.4433
32,1000,40,4,6,448.00,810.00,0.8211,3.1573,0.7108,19786.22,0.0505,619.00,0.5054,0.8302,0.7417,1.5743,2.4287
32,1000,40,4,8,448.00,810.00,0.8211,3.1573,0.7114,19675.19,0.0508,621.00,0.5083,0.8394,0.7466,1.5876,2.4374
32,1000,40,8,1,448.00,810.00,0.8211,3.1573,0.7628,10647.69,0.0939,624.00,0.9392,1.6048,1.4583,2.6961,4.5304
32,1000,40,8,3,448.00,810.00,0.8211,3.1573,0.8286,10861.78,0.0921,620.00,0.9207,1.6403,1.4818,2.8207,4.5369
32,1000,40,8,6,448.00,810.00,0.8211,3.1573,0.8381,10815.70,0.0925,623.00,0.9246,1.6405,1.4910,2.7792,4.5234
32,1000,40,8,8,448.00,810.00,0.8211,3.1573,0.8390,10646.10,0.0939,619.00,0.9393,1.6674,1.5238,2.8390,4.3097
32,1000,40,8,12,448.00,810.00,0.8211,3.1573,0.8395,10561.58,0.0947,621.00,0.9468,1.6204,1.4709,2.7397,4.7298
32,1000,40,8,16,448.00,810.00,0.8211,3.1573,0.8397,10483.82,0.0954,620.00,0.9539,1.6300,1.4766,2.8048,4.8081
32,1000,40,16,3,448.00,810.00,0.8211,3.1573,0.9095,5678.90,0.1761,622.00,1.7609,3.2045,2.9579,5.0290,8.5515
32,1000,40,16,6,448.00,810.00,0.8211,3.1573,0.9258,5618.46,0.1780,623.00,1.7798,3.3211,3.0830,5.1236,8.0325
32,1000,40,16,12,448.00,810.00,0.8211,3.1573,0.9290,5631.56,0.1776,621.00,1.7757,3.3104,3.0606,5.0878,8.7119
32,1000,40,16,16,448.00,810.00,0.8211,3.1573,0.9294,5509.81,0.1815,619.00,1.8149,3.2591,3.0034,5.0295,9.5794
32,1000,40,16,24,448.00,810.00,0.8211,3.1573,0.9295,5513.58,0.1814,622.00,1.8137,3.3236,3.0809,5.1616,8.4225
32,1000,40,16,32,448.00,810.00,0.8211,3.1573,0.9295,5418.80,0.1845,620.00,1.8454,3.3226,3.0743,5.0918,9.9748
32,1000,40,32,6,448.00,810.00,0.8211,3.1573,0.9698,2822.28,0.3543,623.00,3.5432,6.5351,6.1386,9.2967,17.4776
32,1000,40,32,12,448.00,810.00,0.8211,3.1573,0.9761,2890.87,0.3459,622.00,3.4592,6.3425,5.9702,8.8959,18.6245
32,1000,40,32,25,448.00,810.00,0.8211,3.1573,0.9773,2981.63,0.3354,621.00,3.3539,6.2417,5.8757,8.7072,17.4530
32,1000,40,32,32,448.00,810.00,0.8211,3.1573,0.9773,2993.00,0.3341,620.00,3.3411,6.2297,5.8775,8.6863,16.1724
32,1000,40,32,48,448.00,810.00,0.8211,3.1573,0.9774,2982.61,0.3353,630.00,3.3528,6.3375,5.9329,8.8682,19.1045
32,1000,40,32,64,448.00,810.00,0.8211,3.1573,0.9774,2958.63,0.3380,628.00,3.3799,6.3055,5.8859,8.8877,17.7079
32,1000,40,64,12,448.00,810.00,0.8211,3.1573,0.9930,1527.70,0.6546,629.00,6.5458,12.2052,11.6402,15.8693,34.9133
32,1000,40,64,25,448.00,810.00,0.8211,3.1573,0.9950,1556.77,0.6424,631.00,6.4236,12.3256,11.7438,15.8425,37.2043
32,1000,40,64,51,448.00,810.00,0.8211,3.1573,0.9953,1538.19,0.6501,627.00,6.5011,12.4477,11.8539,16.1822,37.0260
32,1000,40,64,64,448.00,810.00,0.8211,3.1573,0.9953,1578.69,0.6334,631.00,6.3344,12.1172,11.5904,15.6908,31.0011
32,1000,40,64,96,448.00,810.00,0.8211,3.1573,0.9953,1578.46,0.6335,625.00,6.3353,12.1010,11.6352,16.0485,21.7313
32,1000,40,64,128,448.00,810.00,0.8211,3.1573,0.9953,1554.97,0.6431,621.00,6.4310,12.2201,11.7135,16.3798,25.2122
32,1000,100,1,1,174.00,798.00,0.6398,2.8267,0.3335,45333.61,0.0221,593.00,0.2206,0.2636,0.2225,0.5919,0.9299
32,1000,100,1,1,174.00,798.00,0.6398,2.8267,0.3335,50405.08,0.0198,599.00,0.1984,0.2439,0.2086,0.5397,0.8325
32,1000,100,1,1,174.00,798.00,0.6398,2.8267,0.3335,47208.61,0.0212,603.00,0.2118,0.2267,0.1884,0.5000,0.8169
32,1000,100,1,1,174.00,798.00,0.6398,2.8267,0.3335,47734.84,0.0209,601.00,0.2095,0.2216,0.1846,0.4994,0.8114
32,1000,100,1,1,174.00,798.00,0.6398,2.8267,0.3335,50457.18,0.0198,602.00,0.1982,0.2273,0.1886,0.5153,0.8239
32,1000,100,1,2,174.00,798.00,0.6398,2.8267,0.3698,52455.06,0.0191,604.00,0.1906,0.2180,0.1779,0.4982,0.7761
32,1000,100,2,1,174.00,798.00,0.6398,2.8267,0.4533,31977.45,0.0313,606.00,0.3127,0.4468,0.3942,0.9153,1.3723
32,1000,100,2,1,174.00,798.00,0.6398,2.8267,0.4533,32053.38,0.0312,606.00,0.3120,0.4500,0.3935,0.9380,1.4196
32,1000,100,2,1,174.00,798.00,0.6398,2.8267,0.4533,32487.11,0.0308,604.00,0.3078,0.4377,0.3870,0.8605,1.3912
32,1000,100,2,2,174.00,798.00,0.6398,2.8267,0.5086,31674.52,0.0316,606.00,0.3157,0.4462,0.3856,0.9240,1.5451
32,1000,100,2,3,174.00,798.00,0.6398,2.8267,0.5318,33321.11,0.0300,604.00,0.3001,0.4488,0.3975,0.9317,1.3339
32,1000,100,2,4,174.00,798.00,0.6398,2.8267,0.5399,32271.88,0.0310,607.00,0.3099,0.4356,0.3848,0.8752,1.3693
32,1000,100,4,1,174.00,798.00,0.6398,2.8267,0.5543,18135.05,0.0551,606.00,0.5514,0.9017,0.8164,1.7006,2.4568
32,1000,100,4,1,174.00,798.00,0.6398,2.8267,0.5543,18496.86,0.0541,601.00,0.5406,0.8843,0.7955,1.6278,2.3062
32,1000,100,4,3,174.00,798.00,0.6398,2.8267,0.6705,18259.19,0.0548,605.00,0.5477,0.8667,0.7733,1.6235,2.5892
32,1000,100,4,4,174.00,798.00,0.6398,2.8267,0.6840,18843.50,0.0531,606.00,0.5307,0.8548,0.7592,1.5646,2.6535
32,1000,100,4,6,174.00,798.00,0.6398,2.8267,0.6991,19382.29,0.0516,607.00,0.5159,0.8467,0.7564,1.6249,2.4447
32,1000,100,4,8,174.00,798.00,0.6398,2.8267,0.7056,18920.38,0.0529,601.00,0.5285,0.8673,0.7803,1.6269,2.4052
32,1000,100,8,1,174.00,798.00,0.6398,2.8267,0.6139,10005.88,0.0999,604.00,0.9994,1.6922,1.5339,2.9247,4.8560
32,1000,100,8,3,174.00,798.00,0.6398,2.8267,0.7690,9979.05,0.1002,607.00,1.0021,1.6957,1.5434,2.9001,5.0077
32,1000,100,8,6,174.00,798.00,0.6398,2.8267,0.8165,10271.91,0.0974,605.00,0.9735,1.6868,1.5238,2.9162,4.7539
32,1000,100,8,8,174.00,798.00,0.6398,2.8267,0.8279,10335.64,0.0968,604.00,0.9675,1.6712,1.5029,2.8764,4.9839
32,1000,100,8,12,174.00,798.00,0.6398,2.8267,0.8358,10370.60,0.0964,606.00,0.9643,1.6969,1.5393,2.8592,4.5402
32,1000,100,8,16,174.00,798.00,0.6398,2.8267,0.8383,10581.46,0.0945,610.00,0.9450,1.6531,1.5043,2.8424,4.4409
32,1000,100,16,3,174.00,798.00,0.6398,2.8267,0.8209,5740.00,0.1742,604.00,1.7422,3.2327,2.9840,5.0364,8.6512
32,1000,100,16,6,174.00,798.00,0.6398,2.8267,0.8879,5736.43,0.1743,607.00,1.7432,3.2188,2.9764,4.9323,8.4844
32,1000,100,16,12,174.00,798.00,0.6398,2.8267,0.9214,5847.42,0.1710,605.00,1.7102,3.2294,2.9644,4.9622,9.3181
32,1000,100,16,16,174.00,798.00,0.6398,2.8267,0.9261,5728.95,0.1746,607.00,1.7455,3.1996,2.9548,4.9061,8.0026
32,1000,100,16,24,174.00,798.00,0.6398,2.8267,0.9288,5780.73,0.1730,606.00,1.7299,3.1912,2.9429,4.9172,8.5209
32,1000,100,16,32,174.00,798.00,0.6398,2.8267,0.9294,5766.76,0.1734,613.00,1.7341,3.2054,2.9613,4.9307,7.7445
32,1000,100,32,6,174.00,798.00,0.6398,2.8267,0.9161,3032.57,0.3298,607.00,3.2975,6.2082,5.8512,8.8014,15.5380
32,1000,100,32,12,174.00,798.00,0.6398,2.8267,0.9618,3004.90,0.3328,601.00,3.3279,6.2395,5.8985,8.6617,14.3082
32,1000,100,32,25,174.00,798.00,0.6398,2.8267,0.9761,3029.90,0.3300,605.00,3.3004,6.2902,5.9222,8.6923,17.7205
32,1000,100,32,32,174.00,798.00,0.6398,2.8267,0.9769,3065.80,0.3262,603.00,3.2618,6.2834,5.8914,8.6370,18.5896
32,1000,100,32,48,174.00,798.00,0.6398,2.8267,0.9774,2935.63,0.3406,602.00,3.4064,6.2982,5.9598,8.7435,13.0165
32,1000,100,32,64,174.00,798.00,0.6398,2.8267,0.9774,2957.33,0.3381,604.00,3.3814,6.2501,5.8938,8.7312,17.6861
32,1000,100,64,12,174.00,798.00,0.6398,2.8267,0.9727,1534.50,0.6517,614.00,6.5168,12.1386,11.6408,15.6163,39.3509
32,1000,100,64,25,174.00,798.00,0.6398,2.8267,0.9923,1529.54,0.6538,613.00,6.5379,12.3817,11.8045,16.0329,33.5722
32,1000,100,64,51,174.00,798.00,0.6398,2.8267,0.9951,1515.62,0.6598,614.00,6.5980,12.2638,11.7489,15.7816,41.6170
32,1000,100,64,64,174.00,798.00,0.6398,2.8267,0.9952,1540.79,0.6490,605.00,6.4902,12.3523,11.8035,16.0156,37.4891
32,1000,100,64,96,174.00,798.00,0.6398,2.8267,0.9953,1535.35,0.6513,607.00,6.5132,12.2166,11.7027,16.1280,26.1714
32,1000,100,64,128,174.00,798.00,0.6398,2.8267,0.9953,1541.97,0.6485,608.00,6.4852,12.1928,11.6365,15.7527,32.3764
32,1000,200,1,1,160.00,793.00,0.6682,2.8374,0.3289,47036.81,0.0213,636.00,0.2126,0.2695,0.2302,0.5962,0.8882
32,1000,200,1,1,160.00,793.00,0.6682,2.8374,0.3289,48583.55,0.0206,636.00,0.2058,0.2473,0.2089,0.5519,0.8402
32,1000,200,1,1,160.00,793.00,0.6682,2.8374,0.3289,50840.61,0.0197,637.00,0.1967,0.2351,0.1985,0.5220,0.8640
32,1000,200,1,1,160.00,793.00,0.6682,2.8374,0.3289,50435.70,0.0198,631.00,0.1983,0.2250,0.1855,0.5099,0.8085
32,1000,200,1,1,160.00,793.00,0.6682,2.8374,0.3289,51356.61,0.0195,637.00,0.1947,0.2248,0.1890,0.4951,0.7966
32,1000,200,1,2,160.00,793.00,0.6682,2.8374,0.3680,50856.94,0.0197,638.00,0.1966,0.2219,0.1859,0.4903,0.7643
32,1000,200,2,1,160.00,793.00,0.6682,2.8374,0.4489,31609.84,0.0316,637.00,0.3164,0.4603,0.4055,0.9378,1.4242
32,1000,200,2,1,160.00,793.00,0.6682,2.8374,0.4489,32398.56,0.0309,637.00,0.3087,0.4418,0.3910,0.8943,1.3873
32,1000,200,2,1,160.00,793.00,0.6682,2.8374,0.4489,32282.87,0.0310,631.00,0.3098,0.4399,0.3833,0.9064,1.4353
32,1000,200,2,2,160.00,793.00,0.6682,2.8374,0.5075,31142.52,0.0321,641.00,0.3211,0.4305,0.3780,0.8785,1.4369
32,1000,200,2,3,160.00,793.00,0.6682,2.8374,0.5298,32580.03,0.0307,640.00,0.3069,0.4358,0.3782,0.9122,1.5064
32,1000,200,2,4,160.00,793.00,0.6682,2.8374,0.5412,31069.56,0.0322,642.00,0.3219,0.4329,0.3774,0.8916,1.4629
32,1000,200,4,1,160.00,793.00,0.6682,2.8374,0.5479,19567.50,0.0511,636.00,0.5111,0.8474,0.7556,1.6004,2.4785
32,1000,200,4,1,160.00,793.00,0.6682,2.8374,0.5479,19196.54,0.0521,638.00,0.5209,0.8291,0.7384,1.5407,2.4822
32,1000,200,4,3,160.00,793.00,0.6682,2.8374,0.6664,19220.95,0.0520,648.00,0.5203,0.8544,0.7603,1.6337,2.4678
32,1000,200,4,4,160.00,793.00,0.6682,2.8374,0.6843,19115.76,0.0523,638.00,0.5231,0.8426,0.7504,1.5511,2.5481
32,1000,200,4,6,160.00,793.00,0.6682,2.8374,0.6989,19275.71,0.0519,639.00,0.5188,0.8437,0.7510,1.6023,2.5799
32,1000,200,4,8,160.00,793.00,0.6682,2.8374,0.7056,18945.14,0.0528,641.00,0.5278,0.8206,0.7265,1.5528,2.4432
32,1000,200,8,1,160.00,793.00,0.6682,2.8374,0.6077,10723.78,0.0933,635.00,0.9325,1.6175,1.4765,2.6993,4.8726
32,1000,200,8,3,160.00,793.00,0.6682,2.8374,0.7644,10622.00,0.0941,637.00,0.9414,1.6348,1.4806,2.7915,4.6161
32,1000,200,8,6,160.00,793.00,0.6682,2.8374,0.8158,10608.77,0.0943,641.00,0.9426,1.6321,1.4801,2.7813,4.8607
32,1000,200,8,8,160.00,793.00,0.6682,2.8374,0.8280,10828.56,0.0923,639.00,0.9235,1.6486,1.4957,2.8017,4.6128
32,1000,200,8,12,160.00,793.00,0.6682,2.8374,0.8361,10596.99,0.0944,638.00,0.9437,1.6331,1.4882,2.7569,4.6587
32,1000,200,8,16,160.00,793.00,0.6682,2.8374,0.8380,10546.63,0.0948,643.00,0.9482,1.6567,1.5038,2.8474,4.7329
32,1000,200,16,3,160.00,793.00,0.6682,2.8374,0.8165,5906.87,0.1693,638.00,1.6929,3.1767,2.9283,4.8863,8.9889
32,1000,200,16,6,160.00,793.00,0.6682,2.8374,0.8878,5802.16,0.1723,642.00,1.7235,3.1704,2.9410,4.8865,7.4602
32,1000,200,16,12,160.00,793.00,0.6682,2.8374,0.9216,5777.34,0.1731,641.00,1.7309,3.1878,2.9531,4.9246,7.3927
32,1000,200,16,16,160.00,793.00,0.6682,2.8374,0.9262,5790.23,0.1727,648.00,1.7270,3.1732,2.9314,4.8681,8.2115
32,1000,200,16,24,160.00,793.00,0.6682,2.8374,0.9285,5767.08,0.1734,642.00,1.7340,3.1938,2.9430,4.9470,7.6949
32,1000,200,16,32,160.00,793.00,0.6682,2.8374,0.9291,5842.22,0.1712,640.00,1.7117,3.2245,2.9550,4.9669,9.0975
32,1000,200,32,6,160.00,793.00,0.6682,2.8374,0.9155,3062.11,0.3266,637.00,3.2657,6.2729,5.8761,8.5793,19.2882
32,1000,200,32,12,160.00,793.00,0.6682,2.8374,0.9624,3064.92,0.3263,635.00,3.2627,6.2783,5.8861,8.5849,18.7938
32,1000,200,32,25,160.00,793.00,0.6682,2.8374,0.9755,2985.82,0.3349,647.00,3.3492,6.3162,5.9125,8.8959,17.9860
32,1000,200,32,32,160.00,793.00,0.6682,2.8374,0.9766,2974.05,0.3362,636.00,3.3624,6.2456,5.8608,8.8290,14.9551
32,1000,200,32,48,160.00,793.00,0.6682,2.8374,0.9770,2957.90,0.3381,639.00,3.3808,6.2530,5.8822,8.6578,17.7324
32,1000,200,32,64,160.00,793.00,0.6682,2.8374,0.9771,2991.32,0.3343,639.00,3.3430,6.3131,5.8968,8.8944,18.1222
32,1000,200,64,12,160.00,793.00,0.6682,2.8374,0.9737,1564.96,0.6390,638.00,6.3899,12.2196,11.6593,15.6634,37.3985
32,1000,200,64,25,160.00,793.00,0.6682,2.8374,0.9923,1562.58,0.6400,637.00,6.3997,12.1134,11.5726,15.8504,26.2963
32,1000,200,64,51,160.00,793.00,0.6682,2.8374,0.9953,1520.76,0.6576,640.00,6.5756,12.2233,11.6556,15.7613,39.2467
32,1000,200,64,64,160.00,793.00,0.6682,2.8374,0.9954,1565.44,0.6388,642.00,6.3880,12.2851,11.7141,15.6403,37.7541
32,1000,200,64,96,160.00,793.00,0.6682,2.8374,0.9956,1546.94,0.6464,643.00,6.4644,12.1689,11.6403,16.0981,25.2528
32,1000,200,64,128,160.00,793.00,0.6682,2.8374,0.9956,1592.53,0.6279,648.00,6.2793,12.1763,11.5973,15.1322,36.0717
32,2000,40,2,1,199.00,792.00,0.9926,3.5311,0.4647,46677.44,0.0214,622.00,0.2142,0.2917,0.2544,0.6126,0.9268
32,2000,40,2,1,199.00,792.00,0.9926,3.5311,0.4647,48025.37,0.0208,622.00,0.2082,0.2797,0.2450,0.5831,0.9089
32,2000,40,2,1,199.00,792.00,0.9926,3.5311,0.4647,47005.29,0.0213,625.00,0.2127,0.2628,0.2284,0.5436,0.8709
32,2000,40,2,2,199.00,792.00,0.9926,3.5311,0.4931,46556.47,0.0215,622.00,0.2148,0.2564,0.2250,0.5253,0.8196
32,2000,40,2,3,199.00,792.00,0.9926,3.5311,0.4999,46267.26,0.0216,621.00,0.2161,0.2543,0.2212,0.5307,0.8282
32,2000,40,2,4,199.00,792.00,0.9926,3.5311,0.5017,47675.68,0.0210,622.00,0.2098,0.2461,0.2127,0.5108,0.7788
32,2000,40,4,1,199.00,792.00,0.9926,3.5311,0.5902,30227.14,0.0331,621.00,0.3308,0.4968,0.4477,0.9636,1.4006
32,2000,40,4,1,199.00,792.00,0.9926,3.5311,0.5902,29933.60,0.0334,623.00,0.3341,0.4726,0.4244,0.9136,1.3766
32,2000,40,4,3,199.00,792.00,0.9926,3.5311,0.6459,30852.81,0.0324,626.00,0.3241,0.4754,0.4246,0.9154,1.4323
32,2000,40,4,4,199.00,792.00,0.9926,3.5311,0.6492,30847.25,0.0324,623.00,0.3242,0.4729,0.4231,0.9046,1.3666
32,2000,40,4,6,199.00,792.00,0.9926,3.5311,0.6525,31650.06,0.0316,621.00,0.3160,0.4587,0.4094,0.8740,1.3919
32,2000,40,4,8,199.00,792.00,0.9926,3.5311,0.6535,31858.67,0.0314,623.00,0.3139,0.4610,0.4072,0.9029,1.4246
32,2000,40,8,1,199.00,792.00,0.9926,3.5311,0.6873,19043.37,0.0525,623.00,0.5251,0.8824,0.8006,1.5598,2.5083
32,2000,40,8,3,199.00,792.00,0.9926,3.5311,0.7682,19205.61,0.0521,623.00,0.5207,0.8894,0.8071,1.6301,2.4838
32,2000,40,8,6,199.00,792.00,0.9926,3.5311,0.7800,18851.27,0.0530,625.00,0.5305,0.8739,0.7873,1.6058,2.3770
32,2000,40,8,8,199.00,792.00,0.9926,3.5311,0.7818,19043.84,0.0525,625.00,0.5251,0.8894,0.8033,1.6055,2.5408
32,2000,40,8,12,199.00,792.00,0.9926,3.5311,0.7829,18590.94,0.0538,626.00,0.5379,0.8903,0.8075,1.6069,2.3963
32,2000,40,8,16,199.00,792.00,0.9926,3.5311,0.7831,19362.78,0.0516,625.00,0.5165,0.8836,0.7982,1.5861,2.4464
32,2000,40,16,3,199.00,792.00,0.9926,3.5311,0.8592,10445.12,0.0957,625.00,0.9574,1.7064,1.5708,2.8071,4.3170
32,2000,40,16,6,199.00,792.00,0.9926,3.5311,0.8804,10620.07,0.0942,623.00,0.9416,1.6847,1.5558,2.7871,4.1319
32,2000,40,16,12,199.00,792.00,0.9926,3.5311,0.8863,10522.62,0.0950,624.00,0.9503,1.6989,1.5426,2.8900,4.8502
32,2000,40,16,16,199.00,792.00,0.9926,3.5311,0.8870,10479.69,0.0954,621.00,0.9542,1.7317,1.5935,2.8068,4.7056
32,2000,40,16,24,199.00,792.00,0.9926,3.5311,0.8872,10221.34,0.0978,621.00,0.9783,1.7802,1.6374,2.8664,4.6315
32,2000,40,16,32,199.00,792.00,0.9926,3.5311,0.8873,9963.68,0.1004,633.00,1.0036,1.7860,1.6405,2.9248,4.5994
32,2000,40,32,6,199.00,792.00,0.9926,3.5311,0.9394,5383.59,0.1857,626.00,1.8575,3.4728,3.2354,5.2088,8.7361
32,2000,40,32,12,199.00,792.00,0.9926,3.5311,0.9500,5241.29,0.1908,625.00,1.9079,3.4137,3.1762,5.1276,10.0087
32,2000,40,32,25,199.00,792.00,0.9926,3.5311,0.9521,5457.25,0.1832,632.00,1.8324,3.3594,3.1201,5.0592,9.1811
32,2000,40,32,32,199.00,792.00,0.9926,3.5311,0.9523,5274.40,0.1896,624.00,1.8959,3.4713,3.2520,5.2170,8.4898
32,2000,40,32,48,199.00,792.00,0.9926,3.5311,0.9527,5407.65,0.1849,624.00,1.8492,3.3505,3.1314,5.0319,8.6365
32,2000,40,32,64,199.00,792.00,0.9926,3.5311,0.9529,5467.00,0.1829,627.00,1.8292,3.3627,3.1324,5.0330,8.4767
32,2000,40,64,12,199.00,792.00,0.9926,3.5311,0.9787,2801.01,0.3570,634.00,3.5701,6.6070,6.2727,9.0704,18.8697
32,2000,40,64,25,199.00,792.00,0.9926,3.5311,0.9837,2757.56,0.3626,624.00,3.6264,6.6468,6.2848,9.1433,18.8194
32,2000,40,64,51,199.00,792.00,0.9926,3.5311,0.9846,2776.14,0.3602,622.00,3.6021,6.6099,6.2671,9.2172,19.1551
32,2000,40,64,64,199.00,792.00,0.9926,3.5311,0.9847,2913.29,0.3433,622.00,3.4325,6.4672,6.1214,8.8414,16.3173
32,2000,40,64,96,199.00,792.00,0.9926,3.5311,0.9848,2899.61,0.3449,634.00,3.4487,6.5161,6.1637,9.0581,15.9935
32,2000,40,64,128,199.00,792.00,0.9926,3.5311,0.9849,2768.26,0.3612,627.00,3.6124,6.6399,6.2970,9.5323,14.9849
32,2000,40,128,25,199.00,792.00,0.9926,3.5311,0.9945,1502.62,0.6655,635.00,6.6551,12.7755,12.2877,16.9904,29.7868
32,2000,40,128,51,199.00,792.00,0.9926,3.5311,0.9961,1544.88,0.6473,638.00,6.4730,12.6254,12.0927,15.7223,39.2308
32,2000,40,128,102,199.00,792.00,0.9926,3.5311,0.9965,1526.97,0.6549,630.00,6.5489,12.5527,12.0804,16.4516,26.2570
32,2000,40,128,128,199.00,792.00,0.9926,3.5311,0.9966,1515.44,0.6599,630.00,6.5988,12.7353,12.1838,16.1849,37.4583
32,2000,40,128,192,199.00,792.00,0.9926,3.5311,0.9966,1491.93,0.6703,629.00,6.7027,12.5937,12.1514,16.1417,38.6774
32,2000,40,128,256,199.00,792.00,0.9926,3.5311,0.9966,1501.28,0.6661,628.00,6.6610,12.6342,12.2101,16.2402,33.8776
32,2000,100,2,1,188.00,790.00,0.8172,3.1520,0.4023,44565.24,0.0224,586.00,0.2244,0.2926,0.2535,0.6205,0.9404
32,2000,100,2,1,188.00,790.00,0.8172,3.1520,0.4023,46832.24,0.0214,594.00,0.2135,0.2617,0.2278,0.5564,0.8357
32,2000,100,2,1,188.00,790.00,0.8172,3.1520,0.4023,49305.98,0.0203,594.00,0.2028,0.2523,0.2140,0.5605,0.8528
32,2000,100,2,2,188.00,790.00,0.8172,3.1520,0.4548,48049.66,0.0208,594.00,0.2081,0.2471,0.2107,0.5232,0.8490
32,2000,100,2,3,188.00,790.00,0.8172,3.1520,0.4780,45515.82,0.0220,595.00,0.2197,0.2471,0.2081,0.5476,0.8777
32,2000,100,2,4,188.00,790.00,0.8172,3.1520,0.4880,49038.65,0.0204,595.00,0.2039,0.2472,0.2130,0.5310,0.8171
32,2000,100,4,1,188.00,790.00,0.8172,3.1520,0.4965,28929.92,0.0346,594.00,0.3457,0.4808,0.4224,0.9793,1.5358
32,2000,100,4,1,188.00,790.00,0.8172,3.1520,0.4965,29588.16,0.0338,601.00,0.3380,0.4627,0.4063,0.9587,1.5132
32,2000,100,4,3,188.00,790.00,0.8172,3.1520,0.6086,30950.60,0.0323,596.00,0.3231,0.4782,0.4256,0.9355,1.4023
32,2000,100,4,4,188.00,790.00,0.8172,3.1520,0.6258,29901.31,0.0334,593.00,0.3344,0.4688,0.4112,0.9340,1.5096
32,2000,100,4,6,188.00,790.00,0.8172,3.1520,0.6406,29110.78,0.0344,598.00,0.3435,0.4662,0.4076,0.9429,1.4663
32,2000,100,4,8,188.00,790.00,0.8172,3.1520,0.6462,29445.13,0.0340,597.00,0.3396,0.4602,0.4019,0.9384,1.4326
32,2000,100,8,1,188.00,790.00,0.8172,3.1520,0.5573,17005.90,0.0588,596.00,0.5880,0.9113,0.8239,1.6713,2.7028
32,2000,100,8,3,188.00,790.00,0.8172,3.1520,0.7095,17939.09,0.0557,598.00,0.5574,0.8989,0.8131,1.6095,2.6734
32,2000,100,8,6,188.00,790.00,0.8172,3.1520,0.7615,18203.88,0.0549,598.00,0.5493,0.8852,0.7970,1.5739,2.6490
32,2000,100,8,8,188.00,790.00,0.8172,3.1520,0.7722,18535.73,0.0539,597.00,0.5395,0.8731,0.7849,1.6158,2.4372
32,2000,100,8,12,188.00,790.00,0.8172,3.1520,0.7822,18087.09,0.0553,597.00,0.5529,0.8682,0.7818,1.5800,2.5007
32,2000,100,8,16,188.00,790.00,0.8172,3.1520,0.7846,18211.02,0.0549,596.00,0.5491,0.8722,0.7880,1.5437,2.6114
32,2000,100,16,3,188.00,790.00,0.8172,3.1520,0.7705,9947.99,0.1005,605.00,1.0052,1.7065,1.5637,2.7455,5.0677
32,2000,100,16,6,188.00,790.00,0.8172,3.1520,0.8448,9904.25,0.1010,601.00,1.0097,1.7772,1.6381,2.9900,4.4958
32,2000,100,16,12,188.00,790.00,0.8172,3.1520,0.8792,10169.36,0.0983,600.00,0.9833,1.7348,1.5963,2.9016,4.4530
32,2000,100,16,16,188.00,790.00,0.8172,3.1520,0.8847,9782.21,0.1022,595.00,1.0223,1.7278,1.5786,2.8846,4.9214
32,2000,100,16,24,188.00,790.00,0.8172,3.1520,0.8881,9782.78,0.1022,598.00,1.0222,1.7240,1.5688,2.8028,5.2517
32,2000,100,16,32,188.00,790.00,0.8172,3.1520,0.8889,10268.67,0.0974,594.00,0.9738,1.7068,1.5568,2.8115,5.0235
32,2000,100,32,6,188.00,790.00,0.8172,3.1520,0.8830,5332.22,0.1875,597.00,1.8754,3.3285,3.0957,4.9179,9.5784
32,2000,100,32,12,188.00,790.00,0.8172,3.1520,0.9336,5307.23,0.1884,600.00,1.8842,3.3404,3.1095,5.0527,10.1471
32,2000,100,32,25,188.00,790.00,0.8172,3.1520,0.9516,5333.32,0.1875,593.00,1.8750,3.3546,3.1183,4.9914,10.1204
32,2000,100,32,32,188.00,790.00,0.8172,3.1520,0.9533,5246.65,0.1906,593.00,1.9060,3.3969,3.1554,5.1048,10.0380
32,2000,100,32,48,188.00,790.00,0.8172,3.1520,0.9539,5447.67,0.1836,594.00,1.8356,3.3720,3.1443,5.0640,8.7320
32,2000,100,32,64,188.00,790.00,0.8172,3.1520,0.9541,5446.61,0.1836,604.00,1.8360,3.4170,3.1889,5.2312,8.4736
32,2000,100,64,12,188.00,790.00,0.8172,3.1520,0.9534,2896.24,0.3453,603.00,3.4528,6.3890,6.0689,8.7587,17.9958
32,2000,100,64,25,188.00,790.00,0.8172,3.1520,0.9801,2885.18,0.3466,601.00,3.4660,6.5118,6.1586,9.1948,18.5684
32,2000,100,64,51,188.00,790.00,0.8172,3.1520,0.9854,2834.05,0.3529,594.00,3.5285,6.4878,6.1511,8.8952,18.5783
32,2000,100,64,64,188.00,790.00,0.8172,3.1520,0.9857,2869.62,0.3485,606.00,3.4848,6.5630,6.2231,9.2023,17.8785
32,2000,100,64,96,188.00,790.00,0.8172,3.1520,0.9858,2837.77,0.3524,600.00,3.5239,6.5981,6.2546,9.3031,16.4746
32,2000,100,64,128,188.00,790.00,0.8172,3.1520,0.9858,2871.39,0.3483,594.00,3.4826,6.5046,6.1865,8.8512,15.3632
32,2000,100,128,25,188.00,790.00,0.8172,3.1520,0.9883,1539.46,0.6496,612.00,6.4958,12.3669,11.9646,16.4911,24.7047
32,2000,100,128,51,188.00,790.00,0.8172,3.1520,0.9962,1548.53,0.6458,613.00,6.4577,12.6717,12.1031,15.6157,38.6313
32,2000,100,128,102,188.00,790.00,0.8172,3.1520,0.9972,1522.75,0.6567,608.00,6.5671,12.5523,12.1178,16.6158,25.9983
32,2000,100,128,128,188.00,790.00,0.8172,3.1520,0.9973,1497.00,0.6680,614.00,6.6800,12.5057,12.0528,16.3440,26.8895
32,2000,100,128,192,188.00,790.00,0.8172,3.1520,0.9973,1484.66,0.6736,605.00,6.7355,12.8068,12.2594,16.8939,34.1211
32,2000,100,128,256,188.00,790.00,0.8172,3.1520,0.9973,1479.89,0.6757,608.00,6.7573,12.8214,12.3045,16.8077,34.8306
32,2000,200,2,1,161.00,792.00,0.8616,3.2030,0.4060,44166.69,0.0226,599.00,0.2264,0.2998,0.2613,0.6207,0.9638
32,2000,200,2,1,161.00,792.00,0.8616,3.2030,0.4060,44308.46,0.0226,606.00,0.2257,0.2652,0.2273,0.5678,0.9049
32,2000,200,2,1,161.00,792.00,0.8616,3.2030,0.4060,49139.51,0.0204,605.00,0.2035,0.2650,0.2294,0.5658,0.8381
32,2000,200,2,2,161.00,792.00,0.8616,3.2030,0.4590,47383.67,0.0211,607.00,0.2110,0.2540,0.2170,0.5574,0.8515
32,2000,200,2,3,161.00,792.00,0.8616,3.2030,0.4787,49582.14,0.0202,607.00,0.2017,0.2432,0.2089,0.5037,0.8157
32,2000,200,2,4,161.00,792.00,0.8616,3.2030,0.4897,47515.77,0.0210,611.00,0.2105,0.2384,0.2012,0.5175,0.8024
32,2000,200,4,1,161.00,792.00,0.8616,3.2030,0.4992,30327.02,0.0330,608.00,0.3297,0.4752,0.4227,0.9207,1.4776
32,2000,200,4,1,161.00,792.00,0.8616,3.2030,0.4992,32179.58,0.0311,604.00,0.3108,0.4621,0.4131,0.8947,1.3220
32,2000,200,4,3,161.00,792.00,0.8616,3.2030,0.6073,30167.05,0.0331,610.00,0.3315,0.4827,0.4294,0.9426,1.4381
32,2000,200,4,4,161.00,792.00,0.8616,3.2030,0.6245,31334.91,0.0319,607.00,0.3191,0.4647,0.4113,0.9366,1.4032
32,2000,200,4,6,161.00,792.00,0.8616,3.2030,0.6402,31496.65,0.0317,611.00,0.3175,0.4717,0.4171,0.9438,1.4347
32,2000,200,4,8,161.00,792.00,0.8616,3.2030,0.6464,29654.83,0.0337,610.00,0.3372,0.4601,0.4054,0.8985,1.4162
32,2000,200,8,1,161.00,792.00,0.8616,3.2030,0.5606,18021.26,0.0555,603.00,0.5549,0.8973,0.8074,1.6040,2.7069
32,2000,200,8,3,161.00,792.00,0.8616,3.2030,0.7092,18259.52,0.0548,606.00,0.5477,0.9164,0.8241,1.6978,2.5599
32,2000,200,8,6,161.00,792.00,0.8616,3.2030,0.7621,17636.21,0.0567,606.00,0.5670,0.9057,0.8191,1.6314,2.6577
32,2000,200,8,8,161.00,792.00,0.8616,3.2030,0.7728,17725.28,0.0564,616.00,0.5642,0.9051,0.8135,1.6556,2.7631
32,2000,200,8,12,161.00,792.00,0.8616,3.2030,0.7803,18034.58,0.0554,610.00,0.5545,0.9013,0.8161,1.6153,2.6218
32,2000,200,8,16,161.00,792.00,0.8616,3.2030,0.7833,18571.62,0.0538,612.00,0.5385,0.8892,0.8044,1.6151,2.5544
32,2000,200,16,3,161.00,792.00,0.8616,3.2030,0.7700,9997.12,0.1000,605.00,1.0003,1.7804,1.6309,2.9943,4.6855
32,2000,200,16,6,161.00,792.00,0.8616,3.2030,0.8445,9763.70,0.1024,610.00,1.0242,1.7716,1.6161,2.9249,5.1855
32,2000,200,16,12,161.00,792.00,0.8616,3.2030,0.8776,9945.88,0.1005,611.00,1.0054,1.7534,1.6022,2.8994,4.5591
32,2000,200,16,16,161.00,792.00,0.8616,3.2030,0.8832,9573.87,0.1045,611.00,1.0445,1.7656,1.6020,2.9301,5.2408
32,2000,200,16,24,161.00,792.00,0.8616,3.2030,0.8865,10187.51,0.0982,610.00,0.9816,1.7654,1.6100,2.9790,4.7568
32,2000,200,16,32,161.00,792.00,0.8616,3.2030,0.8872,10020.54,0.0998,608.00,0.9980,1.7261,1.5877,2.8257,4.7986
32,2000,200,32,6,161.00,792.00,0.8616,3.2030,0.8846,5390.83,0.1855,610.00,1.8550,3.4414,3.2042,5.2209,8.9904
32,2000,200,32,12,161.00,792.00,0.8616,3.2030,0.9335,5256.92,0.1902,606.00,1.9023,3.3903,3.1568,5.1102,10.3029
32,2000,200,32,25,161.00,792.00,0.8616,3.2030,0.9504,5322.85,0.1879,606.00,1.8787,3.4083,3.1727,5.1077,9.2552
32,2000,200,32,32,161.00,792.00,0.8616,3.2030,0.9519,5236.64,0.1910,607.00,1.9096,3.4179,3.1957,5.1903,9.2943
32,2000,200,32,48,161.00,792.00,0.8616,3.2030,0.9529,5253.14,0.1904,605.00,1.9036,3.4295,3.1869,5.2442,9.0390
32,2000,200,32,64,161.00,792.00,0.8616,3.2030,0.9530,5247.40,0.1906,607.00,1.9057,3.4708,3.2305,5.1531,9.5932
32,2000,200,64,12,161.00,792.00,0.8616,3.2030,0.9540,2742.95,0.3646,609.00,3.6457,6.7308,6.3804,9.2761,20.2579
32,2000,200,64,25,161.00,792.00,0.8616,3.2030,0.9797,2784.28,0.3592,617.00,3.5916,6.6107,6.2937,9.0856,21.0850
32,2000,200,64,51,161.00,792.00,0.8616,3.2030,0.9849,2818.40,0.3548,619.00,3.5481,6.6262,6.2963,9.0821,18.8837
32,2000,200,64,64,161.00,792.00,0.8616,3.2030,0.9851,2838.89,0.3523,612.00,3.5225,6.6887,6.3081,9.2781,18.9798
32,2000,200,64,96,161.00,792.00,0.8616,3.2030,0.9855,2777.05,0.3601,612.00,3.6009,6.8066,6.4375,9.4243,18.7446
32,2000,200,64,128,161.00,792.00,0.8616,3.2030,0.9855,2766.22,0.3615,609.00,3.6150,6.7558,6.4114,9.5128,17.4856
32,2000,200,128,25,161.00,792.00,0.8616,3.2030,0.9879,1465.92,0.6822,607.00,6.8216,12.7682,12.3410,16.3687,37.6019
32,2000,200,128,51,161.00,792.00,0.8616,3.2030,0.9958,1479.07,0.6761,626.00,6.7610,12.9003,12.4254,16.8697,27.3421
32,2000,200,128,102,161.00,792.00,0.8616,3.2030,0.9969,1465.92,0.6822,626.00,6.8216,12.9220,12.4387,17.0657,26.7730
32,2000,200,128,128,161.00,792.00,0.8616,3.2030,0.9970,1488.69,0.6717,627.00,6.7173,12.9658,12.4541,16.3887,36.0212
32,2000,200,128,192,161.00,792.00,0.8616,3.2030,0.9970,1489.10,0.6715,620.00,6.7155,12.9309,12.4719,16.6368,27.8720
32,2000,200,128,256,161.00,792.00,0.8616,3.2030,0.9970,1443.25,0.6929,628.00,6.9288,13.0693,12.6055,17.0567,29.1590
32,3000,40,3,1,179.00,778.00,1.2121,3.8993,0.5090,43508.51,0.0230,633.00,0.2298,0.3216,0.2848,0.6530,1.0112
32,3000,40,3,1,179.00,778.00,1.2121,3.8993,0.5090,44688.82,0.0224,637.00,0.2238,0.2852,0.2498,0.5965,0.8637
32,3000,40,3,2,179.00,778.00,1.2121,3.8993,0.5414,46028.74,0.0217,636.00,0.2173,0.2845,0.2446,0.6009,0.9224
32,3000,40,3,3,179.00,778.00,1.2121,3.8993,0.5497,44978.75,0.0222,636.00,0.2223,0.2750,0.2380,0.5767,0.8735
32,3000,40,3,4,179.00,778.00,1.2121,3.8993,0.5530,45853.24,0.0218,636.00,0.2181,0.2613,0.2223,0.5551,0.8817
32,3000,40,3,6,179.00,778.00,1.2121,3.8993,0.5555,46994.22,0.0213,635.00,0.2128,0.2670,0.2277,0.5593,0.8592
32,3000,40,6,1,179.00,778.00,1.2121,3.8993,0.6201,28673.01,0.0349,635.00,0.3488,0.5136,0.4537,1.0123,1.5227
32,3000,40,6,2,179.00,778.00,1.2121,3.8993,0.6695,28800.63,0.0347,636.00,0.3472,0.5149,0.4593,0.9793,1.5495
32,3000,40,6,4,179.00,778.00,1.2121,3.8993,0.6902,29949.63,0.0334,638.00,0.3339,0.4936,0.4362,0.9713,1.4310
32,3000,40,6,6,179.00,778.00,1.2121,3.8993,0.6949,29594.22,0.0338,635.00,0.3379,0.5159,0.4547,1.0212,1.4533
32,3000,40,6,9,179.00,778.00,1.2121,3.8993,0.6967,30648.65,0.0326,636.00,0.3263,0.4993,0.4457,0.9514,1.4541
32,3000,40,6,12,179.00,778.00,1.2121,3.8993,0.6972,29776.16,0.0336,635.00,0.3358,0.4940,0.4399,0.9619,1.4300
32,3000,40,12,2,179.00,778.00,1.2121,3.8993,0.7708,17722.56,0.0564,635.00,0.5643,0.9604,0.8672,1.7101,2.6774
32,3000,40,12,4,179.00,778.00,1.2121,3.8993,0.8039,17655.97,0.0566,636.00,0.5664,0.9390,0.8482,1.6788,2.6157
32,3000,40,12,9,179.00,778.00,1.2121,3.8993,0.8171,17202.58,0.0581,637.00,0.5813,0.9618,0.8670,1.7474,2.6191
32,3000,40,12,12,179.00,778.00,1.2121,3.8993,0.8182,16756.53,0.0597,633.00,0.5968,0.9724,0.8788,1.7448,2.4115
32,3000,40,12,18,179.00,778.00,1.2121,3.8993,0.8188,17462.32,0.0573,633.00,0.5727,0.9550,0.8637,1.7171,2.5422
32,3000,40,12,24,179.00,778.00,1.2121,3.8993,0.8190,16743.74,0.0597,632.00,0.5972,0.9628,0.8661,1.7052,2.6966
32,3000,40,24,4,179.00,778.00,1.2121,3.8993,0.8796,9393.07,0.1065,635.00,1.0646,1.8673,1.7091,3.1474,4.5675
32,3000,40,24,9,179.00,778.00,1.2121,3.8993,0.9033,9597.19,0.1042,638.00,1.0420,1.8617,1.7104,3.0884,4.6666
32,3000,40,24,19,179.00,778.00,1.2121,3.8993,0.9084,9411.93,0.1062,638.00,1.0625,1.8591,1.7029,3.1231,4.7065
32,3000,40,24,24,179.00,778.00,1.2121,3.8993,0.9087,9390.41,0.1065,637.00,1.0649,1.8881,1.7411,3.1576,4.4816
32,3000,40,24,36,179.00,778.00,1.2121,3.8993,0.9089,9052.19,0.1105,639.00,1.1047,1.8904,1.7188,3.1490,5.4942
32,3000,40,24,48,179.00,778.00,1.2121,3.8993,0.9088,9436.04,0.1060,635.00,1.0598,1.8937,1.7331,3.1603,4.4546
32,3000,40,48,9,179.00,778.00,1.2121,3.8993,0.9517,5049.24,0.1980,637.00,1.9805,3.5558,3.3169,5.4811,10.3040
32,3000,40,48,19,179.00,778.00,1.2121,3.8993,0.9613,5181.27,0.1930,633.00,1.9300,3.5951,3.3338,5.4745,9.0430
32,3000,40,48,38,179.00,778.00,1.2121,3.8993,0.9626,5061.77,0.1976,636.00,1.9756,3.5469,3.2796,5.3467,10.7396
32,3000,40,48,48,179.00,778.00,1.2121,3.8993,0.9627,5200.11,0.1923,635.00,1.9230,3.5631,3.3194,5.4733,8.7788
32,3000,40,48,72,179.00,778.00,1.2121,3.8993,0.9629,5125.63,0.1951,642.00,1.9510,3.5953,3.3510,5.4835,8.3461
32,3000,40,48,96,179.00,778.00,1.2121,3.8993,0.9629,5122.21,0.1952,645.00,1.9523,3.5969,3.3388,5.4586,9.0064
32,3000,40,96,19,179.00,778.00,1.2121,3.8993,0.9851,2692.58,0.3714,649.00,3.7139,6.8454,6.4506,9.6898,19.6108
32,3000,40,96,38,179.00,778.00,1.2121,3.8993,0.9883,2749.12,0.3638,648.00,3.6375,6.9121,6.5353,9.7948,17.2267
32,3000,40,96,76,179.00,778.00,1.2121,3.8993,0.9888,2702.98,0.3700,639.00,3.6996,6.8418,6.4625,9.5534,19.8442
32,3000,40,96,96,179.00,778.00,1.2121,3.8993,0.9889,2723.32,0.3672,644.00,3.6720,6.8639,6.5292,9.5414,17.5291
32,3000,40,96,144,179.00,778.00,1.2121,3.8993,0.9889,2764.08,0.3618,641.00,3.6178,6.9248,6.5221,9.6423,18.3257
32,3000,40,96,192,179.00,778.00,1.2121,3.8993,0.9889,2710.73,0.3689,646.00,3.6890,6.8675,6.5265,9.5123,18.3063
32,3000,40,192,38,179.00,778.00,1.2121,3.8993,0.9958,1432.99,0.6978,653.00,6.9784,13.0815,12.5858,17.1919,34.5121
32,3000,40,192,76,179.00,778.00,1.2121,3.8993,0.9968,1410.97,0.7087,656.00,7.0873,13.3453,12.7991,17.8612,31.0851
32,3000,40,192,153,179.00,778.00,1.2121,3.8993,0.9970,1406.77,0.7108,657.00,7.1085,13.2056,12.6918,17.3328,35.3260
32,3000,40,192,192,179.00,778.00,1.2121,3.8993,0.9971,1399.39,0.7146,655.00,7.1460,13.2168,12.6827,17.4471,34.2288
32,3000,40,192,288,179.00,778.00,1.2121,3.8993,0.9971,1395.89,0.7164,648.00,7.1639,13.3469,12.8203,17.6833,33.2871
32,3000,40,192,384,179.00,778.00,1.2121,3.8993,0.9971,1381.27,0.7240,644.00,7.2397,13.5402,12.9534,18.2007,32.9243
32,3000,100,3,1,212.00,778.00,0.9600,3.3832,0.4457,43248.67,0.0231,579.00,0.2312,0.3203,0.2826,0.6596,1.0145
32,3000,100,3,1,212.00,778.00,0.9600,3.3832,0.4457,45339.70,0.0221,579.00,0.2206,0.2885,0.2525,0.5966,0.9453
32,3000,100,3,2,212.00,778.00,0.9600,3.3832,0.5050,42580.10,0.0235,582.00,0.2349,0.2820,0.2430,0.5916,0.9163
32,3000,100,3,3,212.00,778.00,0.9600,3.3832,0.5288,46142.71,0.0217,585.00,0.2167,0.2723,0.2361,0.5707,0.9061
32,3000,100,3,4,212.00,778.00,0.9600,3.3832,0.5398,45334.93,0.0221,583.00,0.2206,0.2684,0.2319,0.5576,0.8990
32,3000,100,3,6,212.00,778.00,0.9600,3.3832,0.5497,47308.33,0.0211,586.00,0.2114,0.2564,0.2170,0.5446,0.8643
32,3000,100,6,1,212.00,778.00,0.9600,3.3832,0.5258,29048.49,0.0344,580.00,0.3443,0.5206,0.4588,1.0187,1.6156
32,3000,100,6,2,212.00,778.00,0.9600,3.3832,0.6101,28560.24,0.0350,586.00,0.3501,0.5093,0.4585,0.9567,1.5208
32,3000,100,6,4,212.00,778.00,0.9600,3.3832,0.6645,30072.80,0.0333,583.00,0.3325,0.5007,0.4487,0.9679,1.4475
32,3000,100,6,6,212.00,778.00,0.9600,3.3832,0.6824,28716.42,0.0348,583.00,0.3482,0.4984,0.4457,0.9847,1.4931
32,3000,100,6,9,212.00,778.00,0.9600,3.3832,0.6922,27803.11,0.0360,583.00,0.3597,0.5160,0.4526,1.0256,1.7008
32,3000,100,6,12,212.00,778.00,0.9600,3.3832,0.6955,28737.55,0.0348,585.00,0.3480,0.4884,0.4347,0.9696,1.4003
32,3000,100,12,2,212.00,778.00,0.9600,3.3832,0.6781,16625.03,0.0602,583.00,0.6015,0.9727,0.8809,1.7528,2.5056
32,3000,100,12,4,212.00,778.00,0.9600,3.3832,0.7573,17994.16,0.0556,593.00,0.5557,0.9617,0.8696,1.7033,2.5470
32,3000,100,12,9,212.00,778.00,0.9600,3.3832,0.8062,17581.07,0.0569,584.00,0.5688,0.9418,0.8486,1.7141,2.6828
32,3000,100,12,12,212.00,778.00,0.9600,3.3832,0.8136,17595.85,0.0568,586.00,0.5683,0.9402,0.8486,1.6665,2.5806
32,3000,100,12,18,212.00,778.00,0.9600,3.3832,0.8186,17080.11,0.0585,581.00,0.5855,0.9508,0.8574,1.7177,2.6838
32,3000,100,12,24,212.00,778.00,0.9600,3.3832,0.8198,17512.85,0.0571,585.00,0.5710,0.9354,0.8362,1.7133,2.6538
32,3000,100,24,4,212.00,778.00,0.9600,3.3832,0.8089,9762.48,0.1024,586.00,1.0243,1.8053,1.6510,2.9753,4.9126
32,3000,100,24,9,212.00,778.00,0.9600,3.3832,0.8806,9630.54,0.1038,591.00,1.0384,1.7988,1.6487,2.9509,5.1823
32,3000,100,24,19,212.00,778.00,0.9600,3.3832,0.9046,9911.41,0.1009,590.00,1.0089,1.8239,1.6707,3.0425,4.5574
32,3000,100,24,24,212.00,778.00,0.9600,3.3832,0.9071,9699.34,0.1031,587.00,1.0310,1.8369,1.6797,3.0630,4.6821
32,3000,100,24,36,212.00,778.00,0.9600,3.3832,0.9087,9864.69,0.1014,587.00,1.0137,1.8470,1.6933,3.0612,4.6603
32,3000,100,24,48,212.00,778.00,0.9600,3.3832,0.9089,9546.40,0.1048,580.00,1.0475,1.8623,1.7072,3.1312,4.6738
32,3000,100,48,9,212.00,778.00,0.9600,3.3832,0.9154,5119.70,0.1953,591.00,1.9532,3.5067,3.2630,5.2793,10.0405
32,3000,100,48,19,212.00,778.00,0.9600,3.3832,0.9544,5181.94,0.1930,592.00,1.9298,3.5772,3.3160,5.4379,9.2381
32,3000,100,48,38,212.00,778.00,0.9600,3.3832,0.9635,5260.34,0.1901,583.00,1.9010,3.5450,3.2866,5.3784,9.2339
32,3000,100,48,48,212.00,778.00,0.9600,3.3832,0.9641,5252.21,0.1904,594.00,1.9040,3.5318,3.2692,5.4328,8.7365
32,3000,100,48,72,212.00,778.00,0.9600,3.3832,0.9643,5203.41,0.1922,583.00,1.9218,3.5785,3.3141,5.4781,9.3081
32,3000,100,48,96,212.00,778.00,0.9600,3.3832,0.9644,5103.91,0.1959,582.00,1.9593,3.6152,3.3735,5.5556,8.8148
32,3000,100,96,19,212.00,778.00,0.9600,3.3832,0.9717,2711.53,0.3688,589.00,3.6880,6.8190,6.4812,9.5337,17.6309
32,3000,100,96,38,212.00,778.00,0.9600,3.3832,0.9867,2634.92,0.3795,585.00,3.7952,6.8840,6.5040,9.7240,19.4965
32,3000,100,96,76,212.00,778.00,0.9600,3.3832,0.9894,2692.46,0.3714,587.00,3.7141,6.9416,6.5722,9.7650,17.1937
32,3000,100,96,96,212.00,778.00,0.9600,3.3832,0.9895,2652.64,0.3770,584.00,3.7698,7.0808,6.7068,10.1065,16.7695
32,3000,100,96,144,212.00,778.00,0.9600,3.3832,0.9896,2646.01,0.3779,586.00,3.7793,7.0911,6.7004,10.0712,17.2343
32,3000,100,96,192,212.00,778.00,0.9600,3.3832,0.9896,2678.86,0.3733,586.00,3.7329,7.0475,6.6985,10.0604,16.7424
32,3000,100,192,38,212.00,778.00,0.9600,3.3832,0.9929,1414.16,0.7071,603.00,7.0713,13.1545,12.6066,17.1749,35.5992
32,3000,100,192,76,212.00,778.00,0.9600,3.3832,0.9975,1428.86,0.6999,598.00,6.9986,13.1463,12.6541,17.2560,31.7327
32,3000,100,192,153,212.00,778.00,0.9600,3.3832,0.9980,1414.47,0.7070,610.00,7.0698,13.4304,12.8779,18.2013,31.3102
32,3000,100,192,192,212.00,778.00,0.9600,3.3832,0.9981,1390.48,0.7192,596.00,7.1918,13.3135,12.7863,17.4085,35.9344
32,3000,100,192,288,212.00,778.00,0.9600,3.3832,0.9981,1391.97,0.7184,602.00,7.1840,13.5498,12.9895,18.1277,32.8495
32,3000,100,192,384,212.00,778.00,0.9600,3.3832,0.9981,1374.46,0.7276,614.00,7.2756,13.7312,13.2576,19.0490,30.3694
32,3000,200,3,1,165.00,777.00,1.0655,3.5161,0.4422,43542.54,0.0230,611.00,0.2297,0.3198,0.2807,0.6656,0.9920
32,3000,200,3,1,165.00,777.00,1.0655,3.5161,0.4422,45584.05,0.0219,620.00,0.2194,0.2741,0.2380,0.5711,0.8710
32,3000,200,3,2,165.00,777.00,1.0655,3.5161,0.5030,45206.65,0.0221,618.00,0.2212,0.2803,0.2424,0.5931,0.9214
32,3000,200,3,3,165.00,777.00,1.0655,3.5161,0.5286,46885.34,0.0213,621.00,0.2133,0.2700,0.2325,0.5719,0.8582
32,3000,200,3,4,165.00,777.00,1.0655,3.5161,0.5389,46832.77,0.0214,619.00,0.2135,0.2630,0.2267,0.5454,0.8636
32,3000,200,3,6,165.00,777.00,1.0655,3.5161,0.5490,48237.23,0.0207,622.00,0.2073,0.2524,0.2168,0.5309,0.8127
32,3000,200,6,1,165.00,777.00,1.0655,3.5161,0.5224,28846.26,0.0347,630.00,0.3467,0.5038,0.4404,0.9959,1.6838
32,3000,200,6,2,165.00,777.00,1.0655,3.5161,0.6075,29022.30,0.0345,620.00,0.3446,0.5070,0.4482,1.0000,1.4808
32,3000,200,6,4,165.00,777.00,1.0655,3.5161,0.6631,29387.87,0.0340,623.00,0.3403,0.5044,0.4484,0.9854,1.5576
32,3000,200,6,6,165.00,777.00,1.0655,3.5161,0.6817,29839.84,0.0335,625.00,0.3351,0.4926,0.4347,0.9621,1.4737
32,3000,200,6,9,165.00,777.00,1.0655,3.5161,0.6916,29621.90,0.0338,622.00,0.3376,0.4947,0.4401,0.9628,1.4946
32,3000,200,6,12,165.00,777.00,1.0655,3.5161,0.6949,30814.25,0.0325,622.00,0.3245,0.4847,0.4329,0.9414,1.4148
32,3000,200,12,2,165.00,777.00,1.0655,3.5161,0.6761,17532.68,0.0570,621.00,0.5704,0.9449,0.8491,1.7465,2.7392
32,3000,200,12,4,165.00,777.00,1.0655,3.5161,0.7552,18029.72,0.0555,631.00,0.5546,0.9525,0.8581,1.7708,2.5671
32,3000,200,12,9,165.00,777.00,1.0655,3.5161,0.8054,17966.48,0.0557,622.00,0.5566,0.9479,0.8462,1.7546,2.6300
32,3000,200,12,12,165.00,777.00,1.0655,3.5161,0.8131,17819.49,0.0561,622.00,0.5612,0.9417,0.8470,1.7406,2.6368
32,3000,200,12,18,165.00,777.00,1.0655,3.5161,0.8180,17906.58,0.0558,622.00,0.5585,0.9313,0.8387,1.7191,2.4584
32,3000,200,12,24,165.00,777.00,1.0655,3.5161,0.8193,17832.39,0.0561,622.00,0.5608,0.9317,0.8333,1.7117,2.6989
32,3000,200,24,4,165.00,777.00,1.0655,3.5161,0.8062,9859.73,0.1014,621.00,1.0142,1.8422,1.6865,3.0567,4.9983
32,3000,200,24,9,165.00,777.00,1.0655,3.5161,0.8812,9629.33,0.1038,621.00,1.0385,1.8612,1.7019,3.1100,4.8376
32,3000,200,24,19,165.00,777.00,1.0655,3.5161,0.9055,9473.33,0.1056,621.00,1.0556,1.8250,1.6722,3.0099,5.0383
32,3000,200,24,24,165.00,777.00,1.0655,3.5161,0.9075,9806.49,0.1020,623.00,1.0197,1.8409,1.6729,3.1171,4.7333
32,3000,200,24,36,165.00,777.00,1.0655,3.5161,0.9087,9383.64,0.1066,624.00,1.0657,1.8347,1.6719,3.0769,5.0481
32,3000,200,24,48,165.00,777.00,1.0655,3.5161,0.9091,9621.72,0.1039,621.00,1.0393,1.8416,1.6758,3.1098,4.8106
32,3000,200,48,9,165.00,777.00,1.0655,3.5161,0.9161,5115.38,0.1955,621.00,1.9549,3.5229,3.2519,5.3633,9.9610
32,3000,200,48,19,165.00,777.00,1.0655,3.5161,0.9549,5101.40,0.1960,619.00,1.9602,3.5639,3.2934,5.4734,10.1688
32,3000,200,48,38,165.00,777.00,1.0655,3.5161,0.9630,5175.82,0.1932,623.00,1.9321,3.5720,3.3258,5.4664,8.9806
32,3000,200,48,48,165.00,777.00,1.0655,3.5161,0.9639,4989.22,0.2004,618.00,2.0043,3.6960,3.4471,5.7420,9.1184
32,3000,200,48,72,165.00,777.00,1.0655,3.5161,0.9643,4958.37,0.2017,618.00,2.0168,3.6284,3.3529,5.5002,10.4175
32,3000,200,48,96,165.00,777.00,1.0655,3.5161,0.9644,5077.19,0.1970,628.00,1.9696,3.6665,3.4277,5.6291,8.5355
32,3000,200,96,19,165.00,777.00,1.0655,3.5161,0.9733,2835.94,0.3526,636.00,3.5262,6.8176,6.4206,9.2830,18.2247
32,3000,200,96,38,165.00,777.00,1.0655,3.5161,0.9870,2748.70,0.3638,636.00,3.6381,6.9337,6.4961,9.5758,18.5431
32,3000,200,96,76,165.00,777.00,1.0655,3.5161,0.9899,2736.81,0.3654,622.00,3.6539,6.9353,6.5355,9.7087,18.2766
32,3000,200,96,96,165.00,777.00,1.0655,3.5161,0.9900,2668.00,0.3748,628.00,3.7481,6.9624,6.5768,9.8566,17.7071
32,3000,200,96,144,165.00,777.00,1.0655,3.5161,0.9901,2694.77,0.3711,626.00,3.7109,6.9876,6.5949,9.9107,17.5342
32,3000,200,96,192,165.00,777.00,1.0655,3.5161,0.9901,2690.90,0.3716,626.00,3.7162,7.0031,6.6066,9.9882,17.1272
32,3000,200,192,38,165.00,777.00,1.0655,3.5161,0.9928,1425.49,0.7015,643.00,7.0152,13.3222,12.7863,17.7651,32.9436
32,3000,200,192,76,165.00,777.00,1.0655,3.5161,0.9975,1419.97,0.7042,646.00,7.0424,13.3393,12.8106,17.7914,30.5801
32,3000,200,192,153,165.00,777.00,1.0655,3.5161,0.9980,1357.24,0.7368,632.00,7.3679,13.9015,13.3676,18.3785,32.7486
32,3000,200,192,192,165.00,777.00,1.0655,3.5161,0.9980,1452.27,0.6886,648.00,6.8858,13.2196,12.7370,17.7645,30.9574
32,3000,200,192,288,165.00,777.00,1.0655,3.5161,0.9981,1465.83,0.6822,647.00,6.8221,13.3761,12.8343,16.6207,35.6468
32,3000,200,192,384,165.00,777.00,1.0655,3.5161,0.9981,1423.48,0.7025,638.00,7.0250,13.5363,13.0352,17.5439,33.6653
32,4000,40,4,1,194.00,781.00,1.3550,4.1578,0.5273,41222.97,0.0243,614.00,0.2426,0.3276,0.2895,0.6603,0.9962
32,4000,40,4,1,194.00,781.00,1.3550,4.1578,0.5273,43376.76,0.0231,612.00,0.2305,0.3016,0.2664,0.6052,0.9236
32,4000,40,4,3,194.00,781.00,1.3550,4.1578,0.5804,44186.08,0.0226,610.00,0.2263,0.2864,0.2457,0.6084,0.9121
32,4000,40,4,4,194.00,781.00,1.3550,4.1578,0.5852,46793.28,0.0214,613.00,0.2137,0.2791,0.2444,0.5651,0.8320
32,4000,40,4,6,194.00,781.00,1.3550,4.1578,0.5887,44537.39,0.0225,613.00,0.2245,0.2823,0.2483,0.5612,0.8788
32,4000,40,4,8,194.00,781.00,1.3550,4.1578,0.5904,45111.41,0.0222,608.00,0.2217,0.2870,0.2507,0.5806,0.8631
32,4000,40,8,1,194.00,781.00,1.3550,4.1578,0.6247,28952.46,0.0345,613.00,0.3454,0.5335,0.4818,1.0161,1.4421
32,4000,40,8,3,194.00,781.00,1.3550,4.1578,0.7033,28760.61,0.0348,614.00,0.3477,0.5283,0.4720,1.0144,1.4829
32,4000,40,8,6,194.00,781.00,1.3550,4.1578,0.7196,29074.37,0.0344,613.00,0.3439,0.5206,0.4623,1.0240,1.5550
32,4000,40,8,8,194.00,781.00,1.3550,4.1578,0.7226,29195.65,0.0343,613.00,0.3425,0.5059,0.4511,0.9813,1.4133
32,4000,40,8,12,194.00,781.00,1.3550,4.1578,0.7244,29103.06,0.0344,613.00,0.3436,0.5131,0.4615,0.9758,1.4192
32,4000,40,8,16,194.00,781.00,1.3550,4.1578,0.7249,28114.86,0.0356,610.00,0.3557,0.5117,0.4557,0.9945,1.4610
32,4000,40,16,3,194.00,781.00,1.3550,4.1578,0.7988,17447.99,0.0573,612.00,0.5731,0.9701,0.8859,1.7686,2.5149
32,4000,40,16,6,194.00,781.00,1.3550,4.1578,0.8261,17534.70,0.0570,622.00,0.5703,0.9761,0.8846,1.7531,2.5084
32,4000,40,16,12,194.00,781.00,1.3550,4.1578,0.8351,16562.64,0.0604,619.00,0.6038,0.9902,0.8978,1.7716,2.7275
32,4000,40,16,16,194.00,781.00,1.3550,4.1578,0.8364,16729.10,0.0598,612.00,0.5978,0.9794,0.8865,1.7553,2.6296
32,4000,40,16,24,194.00,781.00,1.3550,4.1578,0.8376,17156.53,0.0583,613.00,0.5829,0.9808,0.8861,1.7446,2.5388
32,4000,40,16,32,194.00,781.00,1.3550,4.1578,0.8375,17353.64,0.0576,614.00,0.5762,0.9790,0.8849,1.7736,2.6385
32,4000,40,32,6,194.00,781.00,1.3550,4.1578,0.8972,9659.79,0.1035,620.00,1.0352,1.8935,1.7296,3.1716,4.7247
32,4000,40,32,12,194.00,781.00,1.3550,4.1578,0.9144,9348.24,0.1070,614.00,1.0697,1.8790,1.7190,3.0817,4.9123
32,4000,40,32,25,194.00,781.00,1.3550,4.1578,0.9195,9238.03,0.1082,618.00,1.0825,1.9373,1.7856,3.2272,4.4171
32,4000,40,32,32,194.00,781.00,1.3550,4.1578,0.9196,9308.33,0.1074,611.00,1.0743,1.9278,1.7642,3.2325,4.6711
32,4000,40,32,48,194.00,781.00,1.3550,4.1578,0.9197,9109.22,0.1098,618.00,1.0978,1.9006,1.7386,3.1728,5.1737
32,4000,40,32,64,194.00,781.00,1.3550,4.1578,0.9198,9241.51,0.1082,612.00,1.0821,1.9584,1.7964,3.2242,4.8161
32,4000,40,64,12,194.00,781.00,1.3550,4.1578,0.9567,4873.48,0.2052,615.00,2.0519,3.6943,3.4119,5.7133,9.9814
32,4000,40,64,25,194.00,781.00,1.3550,4.1578,0.9659,4900.98,0.2040,613.00,2.0404,3.6767,3.4185,5.6608,9.7921
32,4000,40,64,51,194.00,781.00,1.3550,4.1578,0.9672,4871.45,0.2053,610.00,2.0528,3.7337,3.4862,5.6989,8.9853
32,4000,40,64,64,194.00,781.00,1.3550,4.1578,0.9674,4898.85,0.2041,623.00,2.0413,3.6493,3.3839,5.6362,9.5743
32,4000,40,64,96,194.00,781.00,1.3550,4.1578,0.9674,4911.88,0.2036,614.00,2.0359,3.7739,3.5276,5.7678,8.8030
32,4000,40,64,128,194.00,781.00,1.3550,4.1578,0.9674,4898.20,0.2042,616.00,2.0416,3.7591,3.5121,5.7835,8.7584
32,4000,40,128,25,194.00,781.00,1.3550,4.1578,0.9862,2593.51,0.3856,619.00,3.8558,7.0865,6.7214,10.0033,18.2155
32,4000,40,128,51,194.00,781.00,1.3550,4.1578,0.9890,2652.33,0.3770,620.00,3.7703,7.1178,6.7548,10.0920,17.3773
32,4000,40,128,102,194.00,781.00,1.3550,4.1578,0.9894,2578.79,0.3878,621.00,3.8778,7.0447,6.6523,9.9326,19.3730
32,4000,40,128,128,194.00,781.00,1.3550,4.1578,0.9894,2605.72,0.3838,615.00,3.8377,7.1910,6.8615,10.2350,16.1680
32,4000,40,128,192,194.00,781.00,1.3550,4.1578,0.9895,2625.58,0.3809,628.00,3.8087,7.1569,6.8169,9.9819,17.2722
32,4000,40,128,256,194.00,781.00,1.3550,4.1578,0.9896,2605.55,0.3838,622.00,3.8380,7.2554,6.9038,10.2315,17.3133
32,4000,40,256,51,194.00,781.00,1.3550,4.1578,0.9958,1388.95,0.7200,639.00,7.1997,13.6024,13.0848,18.0848,34.5769
32,4000,40,256,102,194.00,781.00,1.3550,4.1578,0.9966,1304.06,0.7668,633.00,7.6684,14.0968,13.5911,19.5502,30.1058
32,4000,40,256,204,194.00,781.00,1.3550,4.1578,0.9968,1358.83,0.7359,640.00,7.3593,13.8858,13.3575,19.0981,30.2975
32,4000,40,256,256,194.00,781.00,1.3550,4.1578,0.9968,1380.37,0.7244,640.00,7.2445,13.7874,13.3185,18.5305,30.7777
32,4000,40,256,384,194.00,781.00,1.3550,4.1578,0.9970,1349.87,0.7408,631.00,7.4081,14.0186,13.4721,18.9711,31.8183
32,4000,40,256,512,194.00,781.00,1.3550,4.1578,0.9970,1319.87,0.7576,639.00,7.5765,14.1744,13.6153,19.0527,31.7879
32,4000,100,4,1,190.00,785.00,1.0948,3.6169,0.4596,42107.84,0.0237,627.00,0.2375,0.3248,0.2875,0.6636,0.9989
32,4000,100,4,1,190.00,785.00,1.0948,3.6169,0.4596,44921.41,0.0223,630.00,0.2226,0.2920,0.2583,0.5939,0.9598
32,4000,100,4,3,190.00,785.00,1.0948,3.6169,0.5561,42751.04,0.0234,633.00,0.2339,0.2869,0.2494,0.5934,0.9066
32,4000,100,4,4,190.00,785.00,1.0948,3.6169,0.5695,45327.34,0.0221,632.00,0.2206,0.2738,0.2384,0.5715,0.8655
32,4000,100,4,6,190.00,785.00,1.0948,3.6169,0.5823,45607.11,0.0219,634.00,0.2193,0.2779,0.2420,0.5779,0.8685
32,4000,100,4,8,190.00,785.00,1.0948,3.6169,0.5882,44502.35,0.0225,634.00,0.2247,0.2698,0.2319,0.5618,0.8772
32,4000,100,8,1,190.00,785.00,1.0948,3.6169,0.5239,27232.20,0.0367,628.00,0.3672,0.5343,0.4766,1.0503,1.5576
32,4000,100,8,3,190.00,785.00,1.0948,3.6169,0.6593,29057.05,0.0344,631.00,0.3442,0.5206,0.4657,1.0100,1.5122
32,4000,100,8,6,190.00,785.00,1.0948,3.6169,0.7045,29672.70,0.0337,633.00,0.3370,0.5332,0.4711,1.0328,1.5880
32,4000,100,8,8,190.00,785.00,1.0948,3.6169,0.7142,29211.08,0.0342,633.00,0.3423,0.5110,0.4545,0.9822,1.4900
32,4000,100,8,12,190.00,785.00,1.0948,3.6169,0.7237,28524.27,0.0351,632.00,0.3506,0.5129,0.4519,0.9978,1.4899
32,4000,100,8,16,190.00,785.00,1.0948,3.6169,0.7263,28561.24,0.0350,634.00,0.3501,0.5044,0.4509,0.9631,1.4424
32,4000,100,16,3,190.00,785.00,1.0948,3.6169,0.7271,16527.33,0.0605,635.00,0.6051,0.9928,0.8943,1.7823,2.7282
32,4000,100,16,6,190.00,785.00,1.0948,3.6169,0.7950,16376.64,0.0611,632.00,0.6106,0.9735,0.8717,1.7651,2.7441
32,4000,100,16,12,190.00,785.00,1.0948,3.6169,0.8300,16916.35,0.0591,635.00,0.5911,0.9772,0.8846,1.7515,2.5840
32,4000,100,16,16,190.00,785.00,1.0948,3.6169,0.8359,16695.56,0.0599,631.00,0.5990,0.9849,0.8894,1.7410,2.5867
32,4000,100,16,24,190.00,785.00,1.0948,3.6169,0.8397,16675.28,0.0600,634.00,0.5997,0.9799,0.8857,1.7251,2.6434
32,4000,100,16,32,190.00,785.00,1.0948,3.6169,0.8408,16763.41,0.0597,634.00,0.5965,1.0280,0.9286,1.8273,2.6196
32,4000,100,32,6,190.00,785.00,1.0948,3.6169,0.8447,9308.48,0.1074,631.00,1.0743,1.9226,1.7712,3.1774,4.9137
32,4000,100,32,12,190.00,785.00,1.0948,3.6169,0.8988,8995.02,0.1112,633.00,1.1117,1.9162,1.7599,3.1800,4.9067
32,4000,100,32,25,190.00,785.00,1.0948,3.6169,0.9186,9152.77,0.1093,635.00,1.0926,1.8965,1.7422,3.1126,5.1427
32,4000,100,32,32,190.00,785.00,1.0948,3.6169,0.9209,9407.81,0.1063,633.00,1.0629,1.9178,1.7598,3.1631,4.6230
32,4000,100,32,48,190.00,785.00,1.0948,3.6169,0.9221,9268.59,0.1079,635.00,1.0789,1.9136,1.7574,3.1111,4.5751
32,4000,100,32,64,190.00,785.00,1.0948,3.6169,0.9225,9164.55,0.1091,633.00,1.0912,1.9460,1.7833,3.2198,4.8528
32,4000,100,64,12,190.00,785.00,1.0948,3.6169,0.9297,5056.83,0.1978,630.00,1.9775,3.6036,3.3700,5.4299,8.7579
32,4000,100,64,25,190.00,785.00,1.0948,3.6169,0.9620,5123.37,0.1952,632.00,1.9518,3.6778,3.4289,5.5666,8.9002
32,4000,100,64,51,190.00,785.00,1.0948,3.6169,0.9696,4897.52,0.2042,630.00,2.0418,3.7144,3.4638,5.6164,9.4382
32,4000,100,64,64,190.00,785.00,1.0948,3.6169,0.9701,4937.55,0.2025,630.00,2.0253,3.7164,3.4692,5.6883,8.8145
32,4000,100,64,96,190.00,785.00,1.0948,3.6169,0.9705,4896.18,0.2042,634.00,2.0424,3.7532,3.5107,5.7194,8.4472
32,4000,100,64,128,190.00,785.00,1.0948,3.6169,0.9705,4977.86,0.2009,642.00,2.0089,3.7598,3.5019,5.6805,9.0549
32,4000,100,128,25,190.00,785.00,1.0948,3.6169,0.9766,2627.90,0.3805,643.00,3.8053,7.0272,6.6855,9.9758,16.8705
32,4000,100,128,51,190.00,785.00,1.0948,3.6169,0.9896,2588.93,0.3863,645.00,3.8626,7.0797,6.6911,9.9572,18.3558
32,4000,100,128,102,190.00,785.00,1.0948,3.6169,0.9917,2608.78,0.3833,644.00,3.8332,7.1561,6.7770,10.2303,16.1655
32,4000,100,128,128,190.00,785.00,1.0948,3.6169,0.9917,2619.09,0.3818,633.00,3.8181,7.0970,6.7422,9.8302,18.4679
32,4000,100,128,192,190.00,785.00,1.0948,3.6169,0.9918,2596.58,0.3851,647.00,3.8512,7.2824,6.9190,10.1824,17.3852
32,4000,100,128,256,190.00,785.00,1.0948,3.6169,0.9918,2601.94,0.3843,637.00,3.8433,7.2610,6.8881,10.1049,17.9271
32,4000,100,256,51,190.00,785.00,1.0948,3.6169,0.9944,1387.94,0.7205,644.00,7.2049,13.6774,13.1717,18.1012,33.1640
32,4000,100,256,102,190.00,785.00,1.0948,3.6169,0.9978,1388.00,0.7205,638.00,7.2046,13.7410,13.3045,18.2555,33.7082
32,4000,100,256,204,190.00,785.00,1.0948,3.6169,0.9981,1362.74,0.7338,645.00,7.3382,13.8876,13.3093,18.4731,33.5207
32,4000,100,256,256,190.00,785.00,1.0948,3.6169,0.9981,1360.98,0.7348,640.00,7.3477,13.6314,13.1549,17.7884,37.5440
32,4000,100,256,384,190.00,785.00,1.0948,3.6169,0.9982,1342.24,0.7450,652.00,7.4503,14.0596,13.5405,18.7221,33.6895
32,4000,100,256,512,190.00,785.00,1.0948,3.6169,0.9982,1326.27,0.7540,645.00,7.5399,14.0216,13.5111,18.6051,36.4934
32,4000,200,4,1,207.00,781.00,1.2326,3.7756,0.4551,40757.75,0.0245,602.00,0.2454,0.3269,0.2839,0.6754,1.0458
32,4000,200,4,1,207.00,781.00,1.2326,3.7756,0.4551,43927.09,0.0228,606.00,0.2276,0.2952,0.2564,0.6122,0.9236
32,4000,200,4,3,207.00,781.00,1.2326,3.7756,0.5570,44468.76,0.0225,612.00,0.2249,0.2860,0.2489,0.5845,0.8910
32,4000,200,4,4,207.00,781.00,1.2326,3.7756,0.5713,44069.38,0.0227,611.00,0.2269,0.2782,0.2413,0.5792,0.8706
32,4000,200,4,6,207.00,781.00,1.2326,3.7756,0.5847,47109.20,0.0212,611.00,0.2123,0.2768,0.2440,0.5601,0.8503
32,4000,200,4,8,207.00,781.00,1.2326,3.7756,0.5899,44633.35,0.0224,611.00,0.2240,0.2636,0.2276,0.5495,0.8536
32,4000,200,8,1,207.00,781.00,1.2326,3.7756,0.5203,28371.54,0.0352,609.00,0.3525,0.5518,0.4932,1.0374,1.5062
32,4000,200,8,3,207.00,781.00,1.2326,3.7756,0.6614,28782.44,0.0347,611.00,0.3474,0.5283,0.4721,1.0125,1.4563
32,4000,200,8,6,207.00,781.00,1.2326,3.7756,0.7069,28223.58,0.0354,612.00,0.3543,0.5358,0.4860,1.0088,1.4897
32,4000,200,8,8,207.00,781.00,1.2326,3.7756,0.7166,27585.65,0.0363,612.00,0.3625,0.5229,0.4649,1.0161,1.5578
32,4000,200,8,12,207.00,781.00,1.2326,3.7756,0.7247,27863.88,0.0359,610.00,0.3589,0.5181,0.4589,0.9838,1.5939
32,4000,200,8,16,207.00,781.00,1.2326,3.7756,0.7272,29197.20,0.0342,613.00,0.3425,0.5202,0.4665,0.9876,1.4590
32,4000,200,16,3,207.00,781.00,1.2326,3.7756,0.7297,17210.90,0.0581,610.00,0.5810,0.9921,0.8906,1.7705,2.6687
32,4000,200,16,6,207.00,781.00,1.2326,3.7756,0.7975,16829.94,0.0594,609.00,0.5942,0.9851,0.8917,1.7836,2.5545
32,4000,200,16,12,207.00,781.00,1.2326,3.7756,0.8310,16708.63,0.0598,610.00,0.5985,0.9919,0.9029,1.7880,2.5185
32,4000,200,16,16,207.00,781.00,1.2326,3.7756,0.8364,16731.32,0.0598,609.00,0.5977,1.0050,0.9139,1.7762,2.5475
32,4000,200,16,24,207.00,781.00,1.2326,3.7756,0.8401,16386.85,0.0610,609.00,0.6102,0.9677,0.8723,1.7573,2.6902
32,4000,200,16,32,207.00,781.00,1.2326,3.7756,0.8412,16254.55,0.0615,608.00,0.6152,1.0100,0.9123,1.8319,2.6042
32,4000,200,32,6,207.00,781.00,1.2326,3.7756,0.8483,8978.59,0.1114,610.00,1.1138,1.9474,1.7998,3.2199,4.4524
32,4000,200,32,12,207.00,781.00,1.2326,3.7756,0.9001,8937.72,0.1119,610.00,1.1189,1.9181,1.7324,3.2030,5.1880
32,4000,200,32,25,207.00,781.00,1.2326,3.7756,0.9193,8954.50,0.1117,611.00,1.1168,1.8917,1.7231,3.1218,5.0972
32,4000,200,32,32,207.00,781.00,1.2326,3.7756,0.9211,9211.37,0.1086,607.00,1.0856,1.9244,1.7691,3.2203,4.6332
32,4000,200,32,48,207.00,781.00,1.2326,3.7756,0.9221,9000.89,0.1111,613.00,1.1110,1.9105,1.7450,3.1566,4.9913
32,4000,200,32,64,207.00,781.00,1.2326,3.7756,0.9223,9134.93,0.1095,611.00,1.0947,1.9086,1.7423,3.1959,4.9290
32,4000,200,64,12,207.00,781.00,1.2326,3.7756,0.9309,5003.77,0.1998,611.00,1.9985,3.6308,3.3707,5.4426,9.9199
32,4000,200,64,25,207.00,781.00,1.2326,3.7756,0.9622,4830.69,0.2070,608.00,2.0701,3.6738,3.3964,5.6680,10.3906
32,4000,200,64,51,207.00,781.00,1.2326,3.7756,0.9692,4821.86,0.2074,611.00,2.0739,3.7033,3.4466,5.7028,9.8867
32,4000,200,64,64,207.00,781.00,1.2326,3.7756,0.9697,4843.27,0.2065,621.00,2.0647,3.7878,3.5419,5.9204,8.6786
32,4000,200,64,96,207.00,781.00,1.2326,3.7756,0.9699,5158.58,0.1939,621.00,1.9385,3.6789,3.4352,5.4885,9.3305
32,4000,200,64,128,207.00,781.00,1.2326,3.7756,0.9699,4907.63,0.2038,620.00,2.0376,3.7355,3.4737,5.7369,9.5080
32,4000,200,128,25,207.00,781.00,1.2326,3.7756,0.9779,2660.56,0.3759,620.00,3.7586,7.1167,6.7661,9.9952,17.2554
32,4000,200,128,51,207.00,781.00,1.2326,3.7756,0.9895,2648.95,0.3775,624.00,3.7751,7.1143,6.7642,10.1634,16.9176
32,4000,200,128,102,207.00,781.00,1.2326,3.7756,0.9912,2622.18,0.3814,624.00,3.8136,7.2330,6.8776,10.1461,17.4593
32,4000,200,128,128,207.00,781.00,1.2326,3.7756,0.9912,2595.24,0.3853,611.00,3.8532,7.2204,6.8600,10.2960,16.5301
32,4000,200,128,192,207.00,781.00,1.2326,3.7756,0.9913,2556.32,0.3912,626.00,3.9119,7.0978,6.7340,9.9189,19.6490
32,4000,200,128,256,207.00,781.00,1.2326,3.7756,0.9913,2611.55,0.3829,616.00,3.8292,7.2442,6.8673,10.1841,16.9315
32,4000,200,256,51,207.00,781.00,1.2326,3.7756,0.9950,1391.92,0.7184,626.00,7.1843,13.6094,13.1130,18.2982,32.7386
32,4000,200,256,102,207.00,781.00,1.2326,3.7756,0.9979,1373.19,0.7282,631.00,7.2823,13.6465,13.1594,18.4484,32.2836
32,4000,200,256,204,207.00,781.00,1.2326,3.7756,0.9982,1394.21,0.7173,636.00,7.1725,13.6803,13.1721,18.1335,33.2941
32,4000,200,256,256,207.00,781.00,1.2326,3.7756,0.9982,1350.97,0.7402,640.00,7.4021,13.8752,13.3423,19.0626,31.5034
32,4000,200,256,384,207.00,781.00,1.2326,3.7756,0.9982,1341.24,0.7456,629.00,7.4558,14.1008,13.5570,18.8190,32.0568
32,4000,200,256,512,207.00,781.00,1.2326,3.7756,0.9982,1327.09,0.7535,634.00,7.5353,14.2553,13.7281,19.3094,32.3126
32,6000,40,6,1,187.00,774.00,1.5266,4.4493,0.5555,39121.84,0.0256,617.00,0.2556,0.3494,0.3100,0.6949,1.0478
32,6000,40,6,2,187.00,774.00,1.5266,4.4493,0.6124,42045.23,0.0238,620.00,0.2378,0.3174,0.2846,0.6261,0.9213
32,6000,40,6,4,187.00,774.00,1.5266,4.4493,0.6360,42155.93,0.0237,621.00,0.2372,0.3191,0.2866,0.6284,0.8988
32,6000,40,6,6,187.00,774.00,1.5266,4.4493,0.6411,43731.14,0.0229,622.00,0.2287,0.2993,0.2643,0.6019,0.8785
32,6000,40,6,9,187.00,774.00,1.5266,4.4493,0.6431,43311.45,0.0231,619.00,0.2309,0.2911,0.2568,0.5730,0.8451
32,6000,40,6,12,187.00,774.00,1.5266,4.4493,0.6436,43098.19,0.0232,619.00,0.2320,0.2970,0.2628,0.5849,0.8591
32,6000,40,12,2,187.00,774.00,1.5266,4.4493,0.7095,26857.78,0.0372,618.00,0.3723,0.5638,0.5088,1.0627,1.5184
32,6000,40,12,4,187.00,774.00,1.5266,4.4493,0.7470,27029.08,0.0370,618.00,0.3700,0.5448,0.4918,1.0412,1.5320
32,6000,40,12,9,187.00,774.00,1.5266,4.4493,0.7617,26884.56,0.0372,620.00,0.3720,0.5475,0.4935,1.0118,1.5242
32,6000,40,12,12,187.00,774.00,1.5266,4.4493,0.7641,26892.61,0.0372,620.00,0.3718,0.5595,0.5031,1.0381,1.5804
32,6000,40,12,18,187.00,774.00,1.5266,4.4493,0.7655,26952.08,0.0371,620.00,0.3710,0.5646,0.5131,1.0391,1.4608
32,6000,40,12,24,187.00,774.00,1.5266,4.4493,0.7660,26576.31,0.0376,618.00,0.3763,0.5512,0.4995,1.0186,1.4445
32,6000,40,24,4,187.00,774.00,1.5266,4.4493,0.8303,16157.94,0.0619,621.00,0.6189,1.0584,0.9710,1.8297,2.5276
32,6000,40,24,9,187.00,774.00,1.5266,4.4493,0.8584,16258.16,0.0615,628.00,0.6151,1.0377,0.9501,1.8389,2.6604
32,6000,40,24,19,187.00,774.00,1.5266,4.4493,0.8663,16301.83,0.0613,623.00,0.6134,1.0395,0.9471,1.8297,2.6075
32,6000,40,24,24,187.00,774.00,1.5266,4.4493,0.8670,15900.29,0.0629,623.00,0.6289,1.0657,0.9727,1.8463,2.4886
32,6000,40,24,36,187.00,774.00,1.5266,4.4493,0.8676,15752.02,0.0635,617.00,0.6348,1.0469,0.9507,1.8151,2.5648
32,6000,40,24,48,187.00,774.00,1.5266,4.4493,0.8677,15903.75,0.0629,621.00,0.6288,1.0623,0.9666,1.8311,2.6560
32,6000,40,48,9,187.00,774.00,1.5266,4.4493,0.9183,8701.49,0.1149,628.00,1.1492,2.0390,1.8910,3.3120,4.7864
32,6000,40,48,19,187.00,774.00,1.5266,4.4493,0.9338,8822.36,0.1133,621.00,1.1335,2.0286,1.8820,3.3098,4.8471
32,6000,40,48,38,187.00,774.00,1.5266,4.4493,0.9368,8665.04,0.1154,623.00,1.1541,2.0081,1.8573,3.2718,5.0421
32,6000,40,48,48,187.00,774.00,1.5266,4.4493,0.9371,8716.64,0.1147,622.00,1.1472,2.0295,1.8874,3.2536,4.5954
32,6000,40,48,72,187.00,774.00,1.5266,4.4493,0.9374,8682.87,0.1152,616.00,1.1517,2.0672,1.9118,3.3131,4.8723
32,6000,40,48,96,187.00,774.00,1.5266,4.4493,0.9375,8707.24,0.1148,617.00,1.1485,2.1074,1.9544,3.3470,4.9647
32,6000,40,96,19,187.00,774.00,1.5266,4.4493,0.9692,4641.64,0.2154,626.00,2.1544,3.9701,3.7546,6.0424,8.4986
32,6000,40,96,38,187.00,774.00,1.5266,4.4493,0.9758,4681.38,0.2136,626.00,2.1361,3.8789,3.6401,5.8328,9.0670
32,6000,40,96,76,187.00,774.00,1.5266,4.4493,0.9771,4752.18,0.2104,620.00,2.1043,3.8745,3.6333,5.7369,9.0202
32,6000,40,96,96,187.00,774.00,1.5266,4.4493,0.9772,4607.31,0.2170,620.00,2.1705,3.9793,3.7541,6.0692,8.5543
32,6000,40,96,144,187.00,774.00,1.5266,4.4493,0.9771,4561.94,0.2192,631.00,2.1920,3.9315,3.6905,5.9294,9.6377
32,6000,40,96,192,187.00,774.00,1.5266,4.4493,0.9772,4650.73,0.2150,622.00,2.1502,4.0198,3.7793,5.9475,8.9328
32,6000,40,192,38,187.00,774.00,1.5266,4.4493,0.9905,2478.42,0.4035,634.00,4.0348,7.4142,7.1364,10.7136,17.3749
32,6000,40,192,76,187.00,774.00,1.5266,4.4493,0.9928,2582.31,0.3872,639.00,3.8725,7.4912,7.1819,10.5555,15.6399
32,6000,40,192,153,187.00,774.00,1.5266,4.4493,0.9929,2560.33,0.3906,630.00,3.9057,7.4862,7.1855,10.7432,15.0988
32,6000,40,192,192,187.00,774.00,1.5266,4.4493,0.9929,2518.59,0.3970,640.00,3.9705,7.5173,7.2042,10.5213,16.2686
32,6000,40,192,288,187.00,774.00,1.5266,4.4493,0.9929,2409.95,0.4149,635.00,4.1495,7.8333,7.5221,10.9759,16.3773
32,6000,40,192,384,187.00,774.00,1.5266,4.4493,0.9929,2432.81,0.4110,627.00,4.1105,7.8181,7.5251,10.7824,16.6071
32,6000,40,384,76,187.00,774.00,1.5266,4.4493,0.9971,1314.46,0.7608,655.00,7.6077,14.3088,13.8979,20.3341,29.3782
32,6000,40,384,153,187.00,774.00,1.5266,4.4493,0.9975,1334.01,0.7496,645.00,7.4962,14.3342,13.8906,19.0814,32.0683
32,6000,40,384,307,187.00,774.00,1.5266,4.4493,0.9975,1297.18,0.7709,661.00,7.7090,14.6402,14.1983,19.5308,31.9626
32,6000,40,384,384,187.00,774.00,1.5266,4.4493,0.9975,1290.23,0.7751,650.00,7.7505,14.7537,14.3054,19.9110,30.8310
32,6000,40,384,576,187.00,774.00,1.5266,4.4493,0.9976,1266.01,0.7899,650.00,7.8988,14.9975,14.5384,20.3425,31.3193
32,6000,40,384,768,187.00,774.00,1.5266,4.4493,0.9976,1231.77,0.8118,664.00,8.1184,15.3089,14.7935,21.9211,30.5928
32,6000,100,6,1,215.00,776.00,1.3021,3.9406,0.4819,40588.04,0.0246,612.00,0.2464,0.3479,0.3091,0.6820,1.0383
32,6000,100,6,2,215.00,776.00,1.3021,3.9406,0.5640,41782.12,0.0239,614.00,0.2393,0.3100,0.2734,0.6171,0.9573
32,6000,100,6,4,215.00,776.00,1.3021,3.9406,0.6139,42309.94,0.0236,612.00,0.2364,0.3037,0.2670,0.6098,0.9247
32,6000,100,6,6,215.00,776.00,1.3021,3.9406,0.6320,41840.56,0.0239,615.00,0.2390,0.2982,0.2620,0.6019,0.8930
32,6000,100,6,9,215.00,776.00,1.3021,3.9406,0.6401,42635.47,0.0235,610.00,0.2345,0.3024,0.2638,0.6094,0.9243
32,6000,100,6,12,215.00,776.00,1.3021,3.9406,0.6433,43045.66,0.0232,614.00,0.2323,0.2888,0.2518,0.5832,0.8564
32,6000,100,12,2,215.00,776.00,1.3021,3.9406,0.6326,27068.60,0.0369,613.00,0.3694,0.5688,0.5133,1.0632,1.4938
32,6000,100,12,4,215.00,776.00,1.3021,3.9406,0.7072,25898.80,0.0386,611.00,0.3861,0.5823,0.5205,1.1080,1.6595
32,6000,100,12,9,215.00,776.00,1.3021,3.9406,0.7542,26339.88,0.0380,612.00,0.3797,0.5767,0.5219,1.0794,1.5168
32,6000,100,12,12,215.00,776.00,1.3021,3.9406,0.7611,25622.02,0.0390,615.00,0.3903,0.5930,0.5319,1.1100,1.6032
32,6000,100,12,18,215.00,776.00,1.3021,3.9406,0.7671,25325.70,0.0395,614.00,0.3949,0.5843,0.5263,1.1111,1.5200
32,6000,100,12,24,215.00,776.00,1.3021,3.9406,0.7681,27150.54,0.0368,610.00,0.3683,0.5692,0.5138,1.0625,1.4609
32,6000,100,24,4,215.00,776.00,1.3021,3.9406,0.7656,15623.36,0.0640,609.00,0.6401,1.0663,0.9589,1.8829,2.8571
32,6000,100,24,9,215.00,776.00,1.3021,3.9406,0.8367,16094.47,0.0621,611.00,0.6213,1.0679,0.9731,1.9107,2.6932
32,6000,100,24,19,215.00,776.00,1.3021,3.9406,0.8630,15818.47,0.0632,610.00,0.6322,1.0828,0.9878,1.8695,2.6511
32,6000,100,24,24,215.00,776.00,1.3021,3.9406,0.8659,15639.73,0.0639,609.00,0.6394,1.0831,0.9915,1.8939,2.5025
32,6000,100,24,36,215.00,776.00,1.3021,3.9406,0.8682,15731.67,0.0636,614.00,0.6357,1.0692,0.9763,1.8847,2.6581
32,6000,100,24,48,215.00,776.00,1.3021,3.9406,0.8686,15587.23,0.0642,610.00,0.6416,1.0828,0.9843,1.8787,2.7207
32,6000,100,48,9,215.00,776.00,1.3021,3.9406,0.8814,8901.67,0.1123,609.00,1.1234,2.0287,1.8796,3.2888,4.8246
32,6000,100,48,19,215.00,776.00,1.3021,3.9406,0.9249,8792.75,0.1137,611.00,1.1373,2.0515,1.8957,3.3115,4.7095
32,6000,100,48,38,215.00,776.00,1.3021,3.9406,0.9361,8755.87,0.1142,610.00,1.1421,2.0755,1.9215,3.3661,4.8842
32,6000,100,48,48,215.00,776.00,1.3021,3.9406,0.9372,8658.02,0.1155,621.00,1.1550,2.0432,1.8762,3.2654,5.2183
32,6000,100,48,72,215.00,776.00,1.3021,3.9406,0.9380,8836.78,0.1132,614.00,1.1316,2.0697,1.9058,3.3285,4.8268
32,6000,100,48,96,215.00,776.00,1.3021,3.9406,0.9382,8687.22,0.1151,609.00,1.1511,2.0900,1.9334,3.3125,4.7977
32,6000,100,96,19,215.00,776.00,1.3021,3.9406,0.9523,4713.47,0.2122,622.00,2.1216,3.9694,3.7334,5.9763,8.8948
32,6000,100,96,38,215.00,776.00,1.3021,3.9406,0.9728,4837.20,0.2067,625.00,2.0673,3.9243,3.6807,5.8406,9.4294
32,6000,100,96,76,215.00,776.00,1.3021,3.9406,0.9775,4814.51,0.2077,618.00,2.0771,3.9427,3.7083,5.9179,8.8677
32,6000,100,96,96,215.00,776.00,1.3021,3.9406,0.9776,4840.44,0.2066,613.00,2.0659,3.9549,3.7218,5.8287,9.1075
32,6000,100,96,144,215.00,776.00,1.3021,3.9406,0.9777,4704.11,0.2126,613.00,2.1258,4.0064,3.7757,5.9311,9.2781
32,6000,100,96,192,215.00,776.00,1.3021,3.9406,0.9777,4564.81,0.2191,622.00,2.1907,4.0117,3.7786,5.8164,9.7839
32,6000,100,192,38,215.00,776.00,1.3021,3.9406,0.9846,2483.61,0.4026,624.00,4.0264,7.5622,7.2716,10.8501,15.5578
32,6000,100,192,76,215.00,776.00,1.3021,3.9406,0.9925,2489.56,0.4017,626.00,4.0168,7.6136,7.3308,10.9297,15.6508
32,6000,100,192,153,215.00,776.00,1.3021,3.9406,0.9935,2466.37,0.4055,631.00,4.0545,7.5795,7.2709,10.5903,16.9814
32,6000,100,192,192,215.00,776.00,1.3021,3.9406,0.9936,2436.14,0.4105,624.00,4.1049,7.6823,7.3647,11.0310,16.3383
32,6000,100,192,288,215.00,776.00,1.3021,3.9406,0.9937,2430.23,0.4115,624.00,4.1148,7.6364,7.3292,10.7481,16.8767
32,6000,100,192,384,215.00,776.00,1.3021,3.9406,0.9937,2443.67,0.4092,623.00,4.0922,7.8540,7.5511,11.1454,16.2128
32,6000,100,384,76,215.00,776.00,1.3021,3.9406,0.9961,1323.65,0.7555,651.00,7.5549,14.3825,13.9628,19.6548,31.1603
32,6000,100,384,153,215.00,776.00,1.3021,3.9406,0.9981,1300.90,0.7687,649.00,7.6870,14.5467,14.1159,20.4928,28.6586
32,6000,100,384,307,215.00,776.00,1.3021,3.9406,0.9984,1274.48,0.7846,654.00,7.8463,14.8292,14.3634,20.9935,28.8309
32,6000,100,384,384,215.00,776.00,1.3021,3.9406,0.9984,1273.18,0.7854,641.00,7.8544,14.8529,14.4388,20.6004,29.5758
32,6000,100,384,576,215.00,776.00,1.3021,3.9406,0.9984,1252.73,0.7983,653.00,7.9825,14.9356,14.4884,20.9797,30.6736
32,6000,100,384,768,215.00,776.00,1.3021,3.9406,0.9984,1251.62,0.7990,647.00,7.9897,15.2975,14.9106,21.1735,31.1534
32,6000,200,6,1,201.00,777.00,1.5313,4.2545,0.4787,42186.17,0.0237,622.00,0.2370,0.3422,0.3100,0.6779,0.9901
32,6000,200,6,2,201.00,777.00,1.5313,4.2545,0.5610,42236.86,0.0237,624.00,0.2368,0.3209,0.2864,0.6376,0.9464
32,6000,200,6,4,201.00,777.00,1.5313,4.2545,0.6120,43007.34,0.0233,623.00,0.2325,0.3079,0.2719,0.6119,0.8973
32,6000,200,6,6,201.00,777.00,1.5313,4.2545,0.6297,43209.33,0.0231,624.00,0.2314,0.3067,0.2683,0.6207,0.9130
32,6000,200,6,9,201.00,777.00,1.5313,4.2545,0.6377,41487.13,0.0241,627.00,0.2410,0.3016,0.2669,0.5957,0.8420
32,6000,200,6,12,201.00,777.00,1.5313,4.2545,0.6414,43386.69,0.0230,624.00,0.2305,0.3072,0.2686,0.6158,0.9162
32,6000,200,12,2,201.00,777.00,1.5313,4.2545,0.6338,26982.92,0.0371,624.00,0.3706,0.5473,0.4910,1.0335,1.5460
32,6000,200,12,4,201.00,777.00,1.5313,4.2545,0.7084,27044.85,0.0370,624.00,0.3698,0.5520,0.4998,1.0328,1.5755
32,6000,200,12,9,201.00,777.00,1.5313,4.2545,0.7539,26639.97,0.0375,623.00,0.3754,0.5478,0.4908,1.0462,1.4936
32,6000,200,12,12,201.00,777.00,1.5313,4.2545,0.7611,26645.29,0.0375,624.00,0.3753,0.5479,0.4909,1.0348,1.5460
32,6000,200,12,18,201.00,777.00,1.5313,4.2545,0.7659,28309.22,0.0353,626.00,0.3532,0.5553,0.5017,1.0392,1.5134
32,6000,200,12,24,201.00,777.00,1.5313,4.2545,0.7673,27331.15,0.0366,622.00,0.3659,0.5588,0.5027,1.0356,1.4908
32,6000,200,24,4,201.00,777.00,1.5313,4.2545,0.7696,15124.17,0.0661,621.00,0.6612,1.0623,0.9652,1.9289,2.7951
32,6000,200,24,9,201.00,777.00,1.5313,4.2545,0.8402,14747.00,0.0678,625.00,0.6781,1.0984,1.0106,1.9408,2.5199
32,6000,200,24,19,201.00,777.00,1.5313,4.2545,0.8643,14431.45,0.0693,620.00,0.6929,1.1388,1.0604,2.0192,2.5862
32,6000,200,24,24,201.00,777.00,1.5313,4.2545,0.8669,16033.92,0.0624,623.00,0.6237,1.0611,0.9670,1.8550,2.5700
32,6000,200,24,36,201.00,777.00,1.5313,4.2545,0.8688,16218.27,0.0617,623.00,0.6166,1.0662,0.9795,1.8407,2.5953
32,6000,200,24,48,201.00,777.00,1.5313,4.2545,0.8689,15905.67,0.0629,622.00,0.6287,1.0973,1.0078,1.8785,2.5485
32,6000,200,48,9,201.00,777.00,1.5313,4.2545,0.8855,8563.59,0.1168,620.00,1.1677,2.0103,1.8483,3.2412,5.4558
32,6000,200,48,19,201.00,777.00,1.5313,4.2545,0.9267,8759.56,0.1142,623.00,1.1416,2.0565,1.9049,3.3462,4.6646
32,6000,200,48,38,201.00,777.00,1.5313,4.2545,0.9373,8489.30,0.1178,620.00,1.1780,2.0421,1.8802,3.2911,5.2660
32,6000,200,48,48,201.00,777.00,1.5313,4.2545,0.9382,8845.81,0.1130,624.00,1.1305,2.0339,1.8850,3.3126,4.7301
32,6000,200,48,72,201.00,777.00,1.5313,4.2545,0.9387,8414.07,0.1188,621.00,1.1885,2.0605,1.8946,3.3355,5.1631
32,6000,200,48,96,201.00,777.00,1.5313,4.2545,0.9388,8675.20,0.1153,622.00,1.1527,2.1175,1.9621,3.3711,4.9032
32,6000,200,96,19,201.00,777.00,1.5313,4.2545,0.9555,4603.08,0.2172,626.00,2.1725,3.8830,3.6386,5.8879,9.6483
32,6000,200,96,38,201.00,777.00,1.5313,4.2545,0.9740,4711.97,0.2122,625.00,2.1223,3.9556,3.7379,5.9535,8.8186
32,6000,200,96,76,201.00,777.00,1.5313,4.2545,0.9778,4506.17,0.2219,625.00,2.2192,4.0140,3.7688,6.0465,9.9293
32,6000,200,96,96,201.00,777.00,1.5313,4.2545,0.9779,4597.26,0.2175,625.00,2.1752,3.9104,3.6707,5.8940,9.4532
32,6000,200,96,144,201.00,777.00,1.5313,4.2545,0.9780,4639.56,0.2155,626.00,2.1554,4.0125,3.7860,5.9995,8.7465
32,6000,200,96,192,201.00,777.00,1.5313,4.2545,0.9780,4579.49,0.2184,635.00,2.1837,4.0504,3.8261,6.1164,8.5281
32,6000,200,192,38,201.00,777.00,1.5313,4.2545,0.9862,2456.78,0.4070,641.00,4.0704,7.4721,7.1387,10.5606,17.5138
32,6000,200,192,76,201.00,777.00,1.5313,4.2545,0.9932,2429.17,0.4117,642.00,4.1166,7.5578,7.2386,10.9054,16.5165
32,6000,200,192,153,201.00,777.00,1.5313,4.2545,0.9940,2476.22,0.4038,632.00,4.0384,7.5446,7.2359,10.6552,16.8187
32,6000,200,192,192,201.00,777.00,1.5313,4.2545,0.9941,2455.71,0.4072,645.00,4.0721,7.6785,7.3607,10.8167,16.8245
32,6000,200,192,288,201.00,777.00,1.5313,4.2545,0.9941,2410.31,0.4149,644.00,4.1488,7.6433,7.3049,10.7736,18.1375
32,6000,200,192,384,201.00,777.00,1.5313,4.2545,0.9941,2340.35,0.4273,637.00,4.2729,7.8599,7.5472,11.0985,16.8231
32,6000,200,384,76,201.00,777.00,1.5313,4.2545,0.9968,1337.74,0.7475,659.00,7.4753,14.0535,13.6589,20.0226,29.3777
32,6000,200,384,153,201.00,777.00,1.5313,4.2545,0.9984,1300.27,0.7691,648.00,7.6907,14.4800,14.0303,21.1001,27.1890
32,6000,200,384,307,201.00,777.00,1.5313,4.2545,0.9986,1268.85,0.7881,651.00,7.8812,14.6963,14.1895,19.8259,31.2535
32,6000,200,384,384,201.00,777.00,1.5313,4.2545,0.9986,1294.87,0.7723,662.00,7.7228,14.6653,14.2663,20.1540,31.5566
32,6000,200,384,576,201.00,777.00,1.5313,4.2545,0.9986,1274.82,0.7844,657.00,7.8442,14.9663,14.5607,20.9626,29.9094
32,6000,200,384,768,201.00,777.00,1.5313,4.2545,0.9986,1229.15,0.8136,668.00,8.1357,15.4300,14.9895,21.3414,29.9480
32,8000,40,8,1,219.00,771.00,1.7759,4.8178,0.5609,38673.03,0.0259,637.00,0.2586,0.3744,0.3375,0.7155,1.0063
32,8000,40,8,3,219.00,771.00,1.7759,4.8178,0.6496,41282.35,0.0242,640.00,0.2422,0.3427,0.3083,0.6521,0.9268
32,8000,40,8,6,219.00,771.00,1.7759,4.8178,0.6663,41573.97,0.0241,640.00,0.2405,0.3259,0.2911,0.6396,0.9415
32,8000,40,8,8,219.00,771.00,1.7759,4.8178,0.6690,41602.67,0.0240,637.00,0.2404,0.3220,0.2917,0.6257,0.9067
32,8000,40,8,12,219.00,771.00,1.7759,4.8178,0.6721,41946.47,0.0238,639.00,0.2384,0.3146,0.2796,0.6149,0.8904
32,8000,40,8,16,219.00,771.00,1.7759,4.8178,0.6729,42353.92,0.0236,638.00,0.2361,0.3183,0.2857,0.6117,0.8295
32,8000,40,16,3,219.00,771.00,1.7759,4.8178,0.7456,26319.08,0.0380,636.00,0.3800,0.5961,0.5426,1.0844,1.4801
32,8000,40,16,6,219.00,771.00,1.7759,4.8178,0.7752,26587.10,0.0376,641.00,0.3761,0.6024,0.5515,1.0950,1.5124
32,8000,40,16,12,219.00,771.00,1.7759,4.8178,0.7882,25734.58,0.0389,634.00,0.3886,0.5912,0.5377,1.0790,1.5390
32,8000,40,16,16,219.00,771.00,1.7759,4.8178,0.7900,25167.39,0.0397,638.00,0.3973,0.5954,0.5398,1.0778,1.5966
32,8000,40,16,24,219.00,771.00,1.7759,4.8178,0.7908,25766.73,0.0388,639.00,0.3881,0.6005,0.5467,1.0855,1.5168
32,8000,40,16,32,219.00,771.00,1.7759,4.8178,0.7913,26527.25,0.0377,637.00,0.3770,0.5992,0.5481,1.0620,1.4836
32,8000,40,32,6,219.00,771.00,1.7759,4.8178,0.8536,14864.36,0.0673,636.00,0.6728,1.1091,1.0145,1.9101,2.7123
32,8000,40,32,12,219.00,771.00,1.7759,4.8178,0.8763,14794.94,0.0676,636.00,0.6759,1.1298,1.0362,1.9360,2.6856
32,8000,40,32,25,219.00,771.00,1.7759,4.8178,0.8824,14551.72,0.0687,635.00,0.6872,1.1309,1.0349,1.9782,2.7902
32,8000,40,32,32,219.00,771.00,1.7759,4.8178,0.8832,15256.56,0.0655,638.00,0.6555,1.1220,1.0309,1.8981,2.5960
32,8000,40,32,48,219.00,771.00,1.7759,4.8178,0.8834,15195.27,0.0658,638.00,0.6581,1.1413,1.0490,1.9250,2.6501
32,8000,40,32,64,219.00,771.00,1.7759,4.8178,0.8835,14594.64,0.0685,636.00,0.6852,1.1470,1.0560,1.9295,2.5465
32,8000,40,64,12,219.00,771.00,1.7759,4.8178,0.9309,8392.37,0.1192,635.00,1.1916,2.1194,1.9743,3.4445,4.8544
32,8000,40,64,25,219.00,771.00,1.7759,4.8178,0.9439,8304.11,0.1204,635.00,1.2042,2.1269,1.9875,3.3761,4.6500
32,8000,40,64,51,219.00,771.00,1.7759,4.8178,0.9465,8063.53,0.1240,648.00,1.2402,2.1693,2.0027,3.4400,5.3160
32,8000,40,64,64,219.00,771.00,1.7759,4.8178,0.9467,8324.13,0.1201,637.00,1.2013,2.1583,2.0115,3.4159,4.8016
32,8000,40,64,96,219.00,771.00,1.7759,4.8178,0.9468,8471.58,0.1180,647.00,1.1804,2.1733,2.0323,3.3886,4.4517
32,8000,40,64,128,219.00,771.00,1.7759,4.8178,0.9468,8255.42,0.1211,642.00,1.2113,2.2110,2.0789,3.4540,4.5461
32,8000,40,128,25,219.00,771.00,1.7759,4.8178,0.9751,4481.05,0.2232,640.00,2.2316,4.1431,3.9417,6.1627,8.3120
32,8000,40,128,51,219.00,771.00,1.7759,4.8178,0.9803,4347.88,0.2300,638.00,2.3000,4.1082,3.8653,6.1584,9.5126
32,8000,40,128,102,219.00,771.00,1.7759,4.8178,0.9809,4435.40,0.2255,646.00,2.2546,4.2324,4.0232,6.2639,8.7915
32,8000,40,128,128,219.00,771.00,1.7759,4.8178,0.9809,4402.25,0.2272,645.00,2.2716,4.1998,3.9987,6.2269,8.2236
32,8000,40,128,192,219.00,771.00,1.7759,4.8178,0.9810,4440.24,0.2252,649.00,2.2521,4.2582,4.0447,6.2529,9.2319
32,8000,40,128,256,219.00,771.00,1.7759,4.8178,0.9810,4458.04,0.2243,641.00,2.2431,4.2543,4.0433,6.2335,8.8999
32,8000,40,256,51,219.00,771.00,1.7759,4.8178,0.9933,2420.45,0.4131,638.00,4.1315,7.7259,7.4430,11.0654,16.4234
32,8000,40,256,102,219.00,771.00,1.7759,4.8178,0.9950,2390.03,0.4184,641.00,4.1841,7.9411,7.6601,11.2226,15.0359
32,8000,40,256,204,219.00,771.00,1.7759,4.8178,0.9951,2415.45,0.4140,644.00,4.1400,7.9533,7.6844,11.2156,15.5022
32,8000,40,256,256,219.00,771.00,1.7759,4.8178,0.9951,2416.21,0.4139,646.00,4.1387,8.0480,7.7551,11.1178,16.1861
32,8000,40,256,384,219.00,771.00,1.7759,4.8178,0.9951,2356.77,0.4243,653.00,4.2431,8.1470,7.9061,11.3628,15.7745
32,8000,40,256,512,219.00,771.00,1.7759,4.8178,0.9952,2315.94,0.4318,653.00,4.3179,8.3162,8.0499,11.6365,16.0789
32,8000,40,512,102,219.00,771.00,1.7759,4.8178,0.9982,1285.72,0.7778,679.00,7.7777,14.9005,14.5317,20.6974,28.0417
32,8000,40,512,204,219.00,771.00,1.7759,4.8178,0.9986,1310.21,0.7632,662.00,7.6324,14.9304,14.5598,21.1947,29.1321
32,8000,40,512,409,219.00,771.00,1.7759,4.8178,0.9986,1263.15,0.7917,670.00,7.9167,15.2099,14.8637,20.9865,30.7348
32,8000,40,512,512,219.00,771.00,1.7759,4.8178,0.9986,1243.20,0.8044,668.00,8.0438,15.4154,15.0225,21.5147,28.0327
32,8000,40,512,768,219.00,771.00,1.7759,4.8178,0.9987,1194.97,0.8368,685.00,8.3684,15.8707,15.5636,22.1666,26.8460
32,8000,40,512,1024,219.00,771.00,1.7759,4.8178,0.9987,1144.02,0.8741,674.00,8.7411,16.4793,16.1141,22.8796,29.0386
32,8000,100,8,1,226.00,770.00,1.5350,4.3221,0.4821,40166.78,0.0249,615.00,0.2490,0.3736,0.3398,0.7074,0.9983
32,8000,100,8,3,226.00,770.00,1.5350,4.3221,0.6124,40488.12,0.0247,615.00,0.2470,0.3488,0.3134,0.6671,0.9938
32,8000,100,8,6,226.00,770.00,1.5350,4.3221,0.6545,40214.83,0.0249,617.00,0.2487,0.3234,0.2893,0.6300,0.8961
32,8000,100,8,8,226.00,770.00,1.5350,4.3221,0.6630,39306.34,0.0254,618.00,0.2544,0.3348,0.2967,0.6604,0.9654
32,8000,100,8,12,226.00,770.00,1.5350,4.3221,0.6708,40946.26,0.0244,620.00,0.2442,0.3166,0.2811,0.6179,0.9037
32,8000,100,8,16,226.00,770.00,1.5350,4.3221,0.6736,43542.39,0.0230,619.00,0.2297,0.3135,0.2786,0.6120,0.8994
32,8000,100,16,3,226.00,770.00,1.5350,4.3221,0.6864,26088.81,0.0383,620.00,0.3833,0.6171,0.5577,1.1438,1.5949
32,8000,100,16,6,226.00,770.00,1.5350,4.3221,0.7516,25662.49,0.0390,616.00,0.3897,0.5882,0.5371,1.0797,1.5415
32,8000,100,16,12,226.00,770.00,1.5350,4.3221,0.7824,26101.40,0.0383,615.00,0.3831,0.5852,0.5260,1.1044,1.6079
32,8000,100,16,16,226.00,770.00,1.5350,4.3221,0.7881,25746.07,0.0388,617.00,0.3884,0.5845,0.5299,1.0582,1.5837
32,8000,100,16,24,226.00,770.00,1.5350,4.3221,0.7906,25622.72,0.0390,620.00,0.3903,0.6008,0.5474,1.0730,1.4810
32,8000,100,16,32,226.00,770.00,1.5350,4.3221,0.7917,25631.05,0.0390,619.00,0.3902,0.5873,0.5279,1.0897,1.5794
32,8000,100,32,6,226.00,770.00,1.5350,4.3221,0.8101,15297.67,0.0654,616.00,0.6537,1.1232,1.0239,1.9351,2.8029
32,8000,100,32,12,226.00,770.00,1.5350,4.3221,0.8612,15416.88,0.0649,615.00,0.6486,1.1150,1.0223,1.9148,2.7076
32,8000,100,32,25,226.00,770.00,1.5350,4.3221,0.8812,14854.25,0.0673,616.00,0.6732,1.1339,1.0338,1.9648,2.8643
32,8000,100,32,32,226.00,770.00,1.5350,4.3221,0.8833,14956.35,0.0669,624.00,0.6686,1.1385,1.0522,1.9238,2.6752
32,8000,100,32,48,226.00,770.00,1.5350,4.3221,0.8848,14790.99,0.0676,619.00,0.6761,1.1555,1.0627,1.9539,2.6671
32,8000,100,32,64,226.00,770.00,1.5350,4.3221,0.8851,14538.87,0.0688,620.00,0.6878,1.1611,1.0649,1.9790,2.8663
32,8000,100,64,12,226.00,770.00,1.5350,4.3221,0.9021,8263.76,0.1210,617.00,1.2101,2.2008,2.0600,3.4915,4.8183
32,8000,100,64,25,226.00,770.00,1.5350,4.3221,0.9387,8597.14,0.1163,628.00,1.1632,2.1417,1.9999,3.3644,4.7494
32,8000,100,64,51,226.00,770.00,1.5350,4.3221,0.9479,8625.82,0.1159,619.00,1.1593,2.1437,1.9971,3.4116,4.7569
32,8000,100,64,64,226.00,770.00,1.5350,4.3221,0.9486,8661.05,0.1155,618.00,1.1546,2.1517,2.0064,3.3861,4.6695
32,8000,100,64,96,226.00,770.00,1.5350,4.3221,0.9492,8389.85,0.1192,616.00,1.1919,2.1908,2.0445,3.4383,5.0663
32,8000,100,64,128,226.00,770.00,1.5350,4.3221,0.9492,8121.92,0.1231,619.00,1.2312,2.2088,2.0544,3.4856,4.9772
32,8000,100,128,25,226.00,770.00,1.5350,4.3221,0.9616,4629.69,0.2160,617.00,2.1600,4.1111,3.9077,6.0345,8.7743
32,8000,100,128,51,226.00,770.00,1.5350,4.3221,0.9789,4567.82,0.2189,619.00,2.1892,4.1588,3.9533,6.1009,8.7489
32,8000,100,128,102,226.00,770.00,1.5350,4.3221,0.9824,4463.34,0.2240,619.00,2.2405,4.1930,3.9699,6.3091,9.1217
32,8000,100,128,128,226.00,770.00,1.5350,4.3221,0.9826,4375.03,0.2286,621.00,2.2857,4.2859,4.0776,6.3197,8.5875
32,8000,100,128,192,226.00,770.00,1.5350,4.3221,0.9827,4327.92,0.2311,619.00,2.3106,4.2314,4.0213,6.2504,9.1673
32,8000,100,128,256,226.00,770.00,1.5350,4.3221,0.9827,4348.57,0.2300,620.00,2.2996,4.2823,4.0712,6.2625,8.9418
32,8000,100,256,51,226.00,770.00,1.5350,4.3221,0.9885,2378.60,0.4204,636.00,4.2041,7.8454,7.5540,11.2450,16.5915
32,8000,100,256,102,226.00,770.00,1.5350,4.3221,0.9946,2365.12,0.4228,641.00,4.2281,7.9794,7.7009,11.2727,16.1700
32,8000,100,256,204,226.00,770.00,1.5350,4.3221,0.9955,2366.42,0.4226,633.00,4.2258,8.0106,7.7496,11.3827,15.6582
32,8000,100,256,256,226.00,770.00,1.5350,4.3221,0.9955,2367.13,0.4225,643.00,4.2245,7.9611,7.6744,11.3109,16.4388
32,8000,100,256,384,226.00,770.00,1.5350,4.3221,0.9955,2288.01,0.4371,629.00,4.3706,8.2802,8.0161,11.6271,15.7364
32,8000,100,256,512,226.00,770.00,1.5350,4.3221,0.9955,2220.54,0.4503,630.00,4.5034,8.5204,8.2443,11.8133,16.3693
32,8000,100,512,102,226.00,770.00,1.5350,4.3221,0.9973,1259.05,0.7943,664.00,7.9425,15.1554,14.7373,21.5020,26.8652
32,8000,100,512,204,226.00,770.00,1.5350,4.3221,0.9988,1214.56,0.8233,663.00,8.2334,15.4308,15.0682,22.0609,27.1813
32,8000,100,512,409,226.00,770.00,1.5350,4.3221,0.9990,1218.14,0.8209,658.00,8.2093,15.5486,15.1134,21.8799,27.8979
32,8000,100,512,512,226.00,770.00,1.5350,4.3221,0.9990,1221.68,0.8185,673.00,8.1854,15.5651,15.2374,22.3765,28.0911
32,8000,100,512,768,226.00,770.00,1.5350,4.3221,0.9990,1173.80,0.8519,661.00,8.5193,16.2271,15.8678,22.2246,28.8911
32,8000,100,512,1024,226.00,770.00,1.5350,4.3221,0.9990,1143.13,0.8748,664.00,8.7479,16.6831,16.2887,23.6116,30.4257
32,8000,200,8,1,219.00,771.00,1.8864,4.6688,0.4884,39611.01,0.0252,648.00,0.2525,0.3677,0.3321,0.7076,1.0263
32,8000,200,8,3,219.00,771.00,1.8864,4.6688,0.6168,39923.45,0.0250,637.00,0.2505,0.3411,0.3037,0.6613,0.9668
32,8000,200,8,6,219.00,771.00,1.8864,4.6688,0.6580,42550.71,0.0235,641.00,0.2350,0.3330,0.3028,0.6280,0.8914
32,8000,200,8,8,219.00,771.00,1.8864,4.6688,0.6660,43791.76,0.0228,640.00,0.2284,0.3248,0.2935,0.6128,0.8472
32,8000,200,8,12,219.00,771.00,1.8864,4.6688,0.6723,41651.78,0.0240,641.00,0.2401,0.3172,0.2819,0.6183,0.9016
32,8000,200,8,16,219.00,771.00,1.8864,4.6688,0.6744,42370.83,0.0236,640.00,0.2360,0.3193,0.2842,0.6148,0.8949
32,8000,200,16,3,219.00,771.00,1.8864,4.6688,0.6919,26059.49,0.0384,639.00,0.3837,0.5941,0.5398,1.0797,1.6528
32,8000,200,16,6,219.00,771.00,1.8864,4.6688,0.7549,25792.90,0.0388,641.00,0.3877,0.6032,0.5466,1.0990,1.6024
32,8000,200,16,12,219.00,771.00,1.8864,4.6688,0.7841,26285.04,0.0380,642.00,0.3804,0.6106,0.5567,1.1029,1.5159
32,8000,200,16,16,219.00,771.00,1.8864,4.6688,0.7891,25602.96,0.0391,636.00,0.3906,0.5973,0.5402,1.0995,1.5606
32,8000,200,16,24,219.00,771.00,1.8864,4.6688,0.7922,26356.05,0.0379,636.00,0.3794,0.5994,0.5421,1.1029,1.5079
32,8000,200,16,32,219.00,771.00,1.8864,4.6688,0.7930,26936.52,0.0371,638.00,0.3712,0.5844,0.5290,1.0724,1.5331
32,8000,200,32,6,219.00,771.00,1.8864,4.6688,0.8142,15049.22,0.0664,636.00,0.6645,1.1390,1.0399,1.9496,2.6971
32,8000,200,32,12,219.00,771.00,1.8864,4.6688,0.8631,15446.01,0.0647,640.00,0.6474,1.1210,1.0279,1.9299,2.7557
32,8000,200,32,25,219.00,771.00,1.8864,4.6688,0.8827,14853.99,0.0673,635.00,0.6732,1.1415,1.0460,1.9715,2.6199
32,8000,200,32,32,219.00,771.00,1.8864,4.6688,0.8844,15327.46,0.0652,641.00,0.6524,1.1462,1.0508,1.9568,2.7187
32,8000,200,32,48,219.00,771.00,1.8864,4.6688,0.8859,15124.62,0.0661,635.00,0.6612,1.1395,1.0487,1.9499,2.6802
32,8000,200,32,64,219.00,771.00,1.8864,4.6688,0.8860,15105.93,0.0662,640.00,0.6620,1.1450,1.0524,1.9383,2.5692
32,8000,200,64,12,219.00,771.00,1.8864,4.6688,0.9059,8163.91,0.1225,642.00,1.2249,2.1542,1.9902,3.4721,5.2710
32,8000,200,64,25,219.00,771.00,1.8864,4.6688,0.9404,8167.25,0.1224,641.00,1.2244,2.2082,2.0609,3.6042,4.8056
32,8000,200,64,51,219.00,771.00,1.8864,4.6688,0.9486,8323.59,0.1201,632.00,1.2014,2.1520,1.9910,3.4057,5.0896
32,8000,200,64,64,219.00,771.00,1.8864,4.6688,0.9492,8400.58,0.1190,635.00,1.1904,2.1268,1.9679,3.3991,5.0186
32,8000,200,64,96,219.00,771.00,1.8864,4.6688,0.9495,8417.88,0.1188,635.00,1.1879,2.2004,2.0520,3.4486,4.9047
32,8000,200,64,128,219.00,771.00,1.8864,4.6688,0.9494,8377.47,0.1194,639.00,1.1937,2.2083,2.0559,3.4605,5.0542
32,8000,200,128,25,219.00,771.00,1.8864,4.6688,0.9645,4637.71,0.2156,648.00,2.1562,4.0998,3.8777,6.0604,8.7095
32,8000,200,128,51,219.00,771.00,1.8864,4.6688,0.9797,4557.15,0.2194,648.00,2.1944,4.1567,3.9212,6.1550,9.3742
32,8000,200,128,102,219.00,771.00,1.8864,4.6688,0.9822,4439.68,0.2252,636.00,2.2524,4.2274,4.0132,6.3380,8.7090
32,8000,200,128,128,219.00,771.00,1.8864,4.6688,0.9824,4513.53,0.2216,639.00,2.2156,4.1954,3.9731,6.2814,9.0699
32,8000,200,128,192,219.00,771.00,1.8864,4.6688,0.9826,4450.55,0.2247,642.00,2.2469,4.2677,4.0496,6.2239,8.9550
32,8000,200,128,256,219.00,771.00,1.8864,4.6688,0.9826,4366.49,0.2290,644.00,2.2902,4.3365,4.1084,6.3439,9.1948
32,8000,200,256,51,219.00,771.00,1.8864,4.6688,0.9901,2409.26,0.4151,655.00,4.1506,7.9469,7.7204,11.3035,15.5005
32,8000,200,256,102,219.00,771.00,1.8864,4.6688,0.9948,2448.64,0.4084,650.00,4.0839,7.9090,7.6372,11.1382,16.0719
32,8000,200,256,204,219.00,771.00,1.8864,4.6688,0.9956,2385.43,0.4192,661.00,4.1921,8.0888,7.7960,11.2352,17.7292
32,8000,200,256,256,219.00,771.00,1.8864,4.6688,0.9957,2324.37,0.4302,658.00,4.3022,8.0986,7.8243,11.5062,15.6910
32,8000,200,256,384,219.00,771.00,1.8864,4.6688,0.9957,2317.69,0.4315,661.00,4.3146,8.2313,7.9756,11.5981,16.0399
32,8000,200,256,512,219.00,771.00,1.8864,4.6688,0.9957,2206.80,0.4531,655.00,4.5314,8.5337,8.3033,11.8773,15.4813
32,8000,200,512,102,219.00,771.00,1.8864,4.6688,0.9975,1258.13,0.7948,677.00,7.9483,14.9436,14.5308,21.0835,25.9140
32,8000,200,512,204,219.00,771.00,1.8864,4.6688,0.9988,1243.94,0.8039,683.00,8.0390,15.2843,14.9597,21.6544,26.9264
32,8000,200,512,409,219.00,771.00,1.8864,4.6688,0.9989,1217.40,0.8214,688.00,8.2142,15.5914,15.2464,22.0678,27.8035
32,8000,200,512,512,219.00,771.00,1.8864,4.6688,0.9990,1215.22,0.8229,681.00,8.2290,15.6487,15.3064,21.8262,27.3161
32,8000,200,512,768,219.00,771.00,1.8864,4.6688,0.9990,1163.38,0.8596,681.00,8.5957,16.2200,15.8262,22.5556,28.4564
32,8000,200,512,1024,219.00,771.00,1.8864,4.6688,0.9990,1127.48,0.8869,684.00,8.8694,16.9144,16.5250,23.0210,28.9983
32,10000,40,10,2,243.00,769.00,2.0357,5.0883,0.6408,38016.69,0.0263,631.00,0.2630,0.3918,0.3567,0.7224,1.0856
32,10000,40,10,4,243.00,769.00,2.0357,5.0883,0.6760,39617.78,0.0252,633.00,0.2524,0.3435,0.3116,0.6453,0.9492
32,10000,40,10,8,243.00,769.00,2.0357,5.0883,0.6909,40659.51,0.0246,634.00,0.2459,0.3422,0.3119,0.6414,0.8659
32,10000,40,10,10,243.00,769.00,2.0357,5.0883,0.6932,41393.57,0.0242,634.00,0.2416,0.3310,0.3009,0.6222,0.8589
32,10000,40,10,15,243.00,769.00,2.0357,5.0883,0.6951,39407.02,0.0254,635.00,0.2538,0.3321,0.3000,0.6191,0.8482
32,10000,40,10,20,243.00,769.00,2.0357,5.0883,0.6957,41565.50,0.0241,629.00,0.2406,0.3334,0.3015,0.6130,0.8934
32,10000,40,20,4,243.00,769.00,2.0357,5.0883,0.7694,25642.50,0.0390,636.00,0.3900,0.6270,0.5864,1.1096,1.5056
32,10000,40,20,8,243.00,769.00,2.0357,5.0883,0.7970,25310.01,0.0395,631.00,0.3951,0.6152,0.5656,1.1002,1.5480
32,10000,40,20,16,243.00,769.00,2.0357,5.0883,0.8065,25140.02,0.0398,631.00,0.3978,0.6163,0.5754,1.0570,1.4146
32,10000,40,20,20,243.00,769.00,2.0357,5.0883,0.8075,24954.68,0.0401,632.00,0.4007,0.6130,0.5659,1.0735,1.4198
32,10000,40,20,30,243.00,769.00,2.0357,5.0883,0.8080,26465.27,0.0378,628.00,0.3779,0.6051,0.5620,1.0349,1.3785
32,10000,40,20,40,243.00,769.00,2.0357,5.0883,0.8081,26133.68,0.0383,634.00,0.3826,0.6138,0.5684,1.0521,1.3648
32,10000,40,40,8,243.00,769.00,2.0357,5.0883,0.8713,15037.29,0.0665,631.00,0.6650,1.1565,1.0744,1.9476,2.7360
32,10000,40,40,16,243.00,769.00,2.0357,5.0883,0.8899,14757.18,0.0678,635.00,0.6776,1.1507,1.0677,1.9196,2.6834
32,10000,40,40,32,243.00,769.00,2.0357,5.0883,0.8949,14994.37,0.0667,642.00,0.6669,1.1626,1.0838,1.9185,2.6435
32,10000,40,40,40,243.00,769.00,2.0357,5.0883,0.8952,14787.33,0.0676,631.00,0.6763,1.1825,1.1025,1.9328,2.5526
32,10000,40,40,60,243.00,769.00,2.0357,5.0883,0.8956,14684.22,0.0681,631.00,0.6810,1.1832,1.1031,1.9501,2.5477
32,10000,40,40,80,243.00,769.00,2.0357,5.0883,0.8956,14124.69,0.0708,632.00,0.7080,1.2065,1.1220,1.9885,2.7307
32,10000,40,80,16,243.00,769.00,2.0357,5.0883,0.9414,8053.23,0.1242,635.00,1.2417,2.1990,2.0626,3.4209,5.1429
32,10000,40,80,32,243.00,769.00,2.0357,5.0883,0.9518,8093.58,0.1236,631.00,1.2355,2.2648,2.1431,3.4699,4.5926
32,10000,40,80,64,243.00,769.00,2.0357,5.0883,0.9538,8051.01,0.1242,632.00,1.2421,2.2975,2.1625,3.5244,4.8532
32,10000,40,80,80,243.00,769.00,2.0357,5.0883,0.9540,7932.71,0.1261,631.00,1.2606,2.2766,2.1518,3.5071,4.6367
32,10000,40,80,120,243.00,769.00,2.0357,5.0883,0.9540,7856.42,0.1273,636.00,1.2728,2.2853,2.1445,3.5989,5.3332
32,10000,40,80,160,243.00,769.00,2.0357,5.0883,0.9540,7931.89,0.1261,632.00,1.2607,2.3481,2.2177,3.5736,4.8002
32,10000,40,160,32,243.00,769.00,2.0357,5.0883,0.9788,4434.86,0.2255,642.00,2.2549,4.2472,4.0626,6.1691,8.8746
32,10000,40,160,64,243.00,769.00,2.0357,5.0883,0.9835,4445.49,0.2249,630.00,2.2495,4.2828,4.0905,6.1728,8.4535
32,10000,40,160,128,243.00,769.00,2.0357,5.0883,0.9841,4339.68,0.2304,633.00,2.3043,4.3480,4.1634,6.2847,8.7081
32,10000,40,160,160,243.00,769.00,2.0357,5.0883,0.9841,4303.66,0.2324,629.00,2.3236,4.3877,4.1904,6.3484,8.9227
32,10000,40,160,240,243.00,769.00,2.0357,5.0883,0.9841,4286.39,0.2333,646.00,2.3330,4.4285,4.2404,6.2853,8.6720
32,10000,40,160,320,243.00,769.00,2.0357,5.0883,0.9841,4069.68,0.2457,644.00,2.4572,4.5552,4.3365,6.5931,9.7547
32,10000,40,320,64,243.00,769.00,2.0357,5.0883,0.9938,2343.53,0.4267,648.00,4.2671,8.2073,7.9922,11.4329,15.2321
32,10000,40,320,128,243.00,769.00,2.0357,5.0883,0.9951,2335.08,0.4283,659.00,4.2825,8.1750,7.9429,11.4630,15.2493
32,10000,40,320,256,243.00,769.00,2.0357,5.0883,0.9952,2257.25,0.4430,645.00,4.4302,8.3679,8.1488,11.5875,15.2988
32,10000,40,320,320,243.00,769.00,2.0357,5.0883,0.9952,2243.15,0.4458,647.00,4.4580,8.3036,7.9993,11.2765,18.3239
32,10000,40,320,480,243.00,769.00,2.0357,5.0883,0.9952,2211.10,0.4523,662.00,4.5226,8.6792,8.4303,11.8334,16.2364
32,10000,40,320,640,243.00,769.00,2.0357,5.0883,0.9953,2144.85,0.4662,649.00,4.6623,9.0094,8.7404,12.2315,17.2547
32,10000,40,640,128,243.00,769.00,2.0357,5.0883,0.9982,1209.18,0.8270,691.00,8.2701,15.7159,15.3309,22.0719,27.4699
32,10000,40,640,256,243.00,769.00,2.0357,5.0883,0.9986,1194.62,0.8371,682.00,8.3709,15.8004,15.4567,21.8381,27.4731
32,10000,40,640,512,243.00,769.00,2.0357,5.0883,0.9987,1174.46,0.8515,700.00,8.5146,16.1158,15.7927,22.2400,27.6470
32,10000,40,640,640,243.00,769.00,2.0357,5.0883,0.9987,1185.00,0.8439,697.00,8.4388,16.1378,15.8788,22.3973,26.8416
32,10000,40,640,960,243.00,769.00,2.0357,5.0883,0.9988,1122.37,0.8910,702.00,8.9097,16.9780,16.6230,22.8649,30.2236
32,10000,40,640,1280,243.00,769.00,2.0357,5.0883,0.9988,1049.41,0.9529,687.00,9.5291,18.0300,17.6413,24.7650,29.9250
32,10000,100,10,2,244.00,770.00,1.7496,4.5309,0.5859,37492.29,0.0267,651.00,0.2667,0.4043,0.3671,0.7617,1.0871
32,10000,100,10,4,244.00,770.00,1.7496,4.5309,0.6487,38793.13,0.0258,651.00,0.2578,0.3512,0.3188,0.6835,1.0007
32,10000,100,10,8,244.00,770.00,1.7496,4.5309,0.6824,40064.65,0.0250,654.00,0.2496,0.3391,0.3083,0.6410,0.8790
32,10000,100,10,10,244.00,770.00,1.7496,4.5309,0.6885,40443.32,0.0247,651.00,0.2473,0.3292,0.2991,0.6282,0.8704
32,10000,100,10,15,244.00,770.00,1.7496,4.5309,0.6946,40709.65,0.0246,653.00,0.2456,0.3332,0.2992,0.6334,0.9116
32,10000,100,10,20,244.00,770.00,1.7496,4.5309,0.6965,41668.19,0.0240,652.00,0.2400,0.3409,0.3080,0.6407,0.9068
32,10000,100,20,4,244.00,770.00,1.7496,4.5309,0.7211,24610.15,0.0406,653.00,0.4063,0.6183,0.5670,1.1075,1.5877
32,10000,100,20,8,244.00,770.00,1.7496,4.5309,0.7760,25040.33,0.0399,653.00,0.3994,0.6294,0.5743,1.1376,1.5294
32,10000,100,20,16,244.00,770.00,1.7496,4.5309,0.8024,25115.29,0.0398,654.00,0.3982,0.6353,0.5853,1.1370,1.5408
32,10000,100,20,20,244.00,770.00,1.7496,4.5309,0.8057,24863.11,0.0402,647.00,0.4022,0.6108,0.5619,1.0895,1.5552
32,10000,100,20,30,244.00,770.00,1.7496,4.5309,0.8085,24998.78,0.0400,651.00,0.4000,0.6303,0.5765,1.1289,1.6033
32,10000,100,20,40,244.00,770.00,1.7496,4.5309,0.8095,24712.17,0.0405,657.00,0.4047,0.6346,0.5856,1.1121,1.5601
32,10000,100,40,8,244.00,770.00,1.7496,4.5309,0.8348,14785.69,0.0676,652.00,0.6763,1.1760,1.0908,1.9668,2.6801
32,10000,100,40,16,244.00,770.00,1.7496,4.5309,0.8789,14208.86,0.0704,649.00,0.7038,1.1835,1.0935,2.0237,2.7140
32,10000,100,40,32,244.00,770.00,1.7496,4.5309,0.8936,14144.57,0.0707,654.00,0.7070,1.1796,1.0904,2.0132,2.8009
32,10000,100,40,40,244.00,770.00,1.7496,4.5309,0.8954,14398.90,0.0694,656.00,0.6945,1.1861,1.0980,2.0063,2.6519
32,10000,100,40,60,244.00,770.00,1.7496,4.5309,0.8964,14237.93,0.0702,651.00,0.7023,1.1982,1.1081,2.0437,2.8026
32,10000,100,40,80,244.00,770.00,1.7496,4.5309,0.8967,14050.93,0.0712,653.00,0.7117,1.2454,1.1649,2.0319,2.6414
32,10000,100,80,16,244.00,770.00,1.7496,4.5309,0.9198,8302.38,0.1204,648.00,1.2045,2.2174,2.0967,3.4125,4.8201
32,10000,100,80,32,244.00,770.00,1.7496,4.5309,0.9471,8249.51,0.1212,651.00,1.2122,2.2420,2.1150,3.4882,4.6189
32,10000,100,80,64,244.00,770.00,1.7496,4.5309,0.9543,7991.72,0.1251,650.00,1.2513,2.2427,2.1015,3.4705,5.0699
32,10000,100,80,80,244.00,770.00,1.7496,4.5309,0.9547,8098.44,0.1235,652.00,1.2348,2.2871,2.1463,3.5275,5.1681
32,10000,100,80,120,244.00,770.00,1.7496,4.5309,0.9550,7983.96,0.1253,651.00,1.2525,2.3303,2.2012,3.5585,4.7308
32,10000,100,80,160,244.00,770.00,1.7496,4.5309,0.9551,7886.66,0.1268,646.00,1.2680,2.3540,2.2271,3.5860,4.7829
32,10000,100,160,32,244.00,770.00,1.7496,4.5309,0.9686,4215.84,0.2372,650.00,2.3720,4.3950,4.2212,6.4527,8.5200
32,10000,100,160,64,244.00,770.00,1.7496,4.5309,0.9817,4182.19,0.2391,652.00,2.3911,4.4404,4.2619,6.5038,8.5310
32,10000,100,160,128,244.00,770.00,1.7496,4.5309,0.9843,4115.62,0.2430,656.00,2.4298,4.4386,4.2144,6.4566,10.0259
32,10000,100,160,160,244.00,770.00,1.7496,4.5309,0.9845,4309.56,0.2320,652.00,2.3204,4.4231,4.2336,6.4040,8.8928
32,10000,100,160,240,244.00,770.00,1.7496,4.5309,0.9845,4229.36,0.2364,657.00,2.3644,4.4789,4.2808,6.4768,9.2502
32,10000,100,160,320,244.00,770.00,1.7496,4.5309,0.9845,4113.42,0.2431,654.00,2.4311,4.6162,4.4275,6.6447,8.8310
32,10000,100,320,64,244.00,770.00,1.7496,4.5309,0.9904,2300.34,0.4347,657.00,4.3472,8.1855,7.9291,11.5557,15.5223
32,10000,100,320,128,244.00,770.00,1.7496,4.5309,0.9951,2246.59,0.4451,658.00,4.4512,8.2663,7.9891,11.4097,18.3377
32,10000,100,320,256,244.00,770.00,1.7496,4.5309,0.9957,2276.94,0.4392,661.00,4.3919,8.4142,8.1720,11.5783,16.5504
32,10000,100,320,320,244.00,770.00,1.7496,4.5309,0.9958,2264.03,0.4417,663.00,4.4169,8.4540,8.2120,11.7201,16.3464
32,10000,100,320,480,244.00,770.00,1.7496,4.5309,0.9958,2159.75,0.4630,662.00,4.6302,8.7952,8.5519,12.2615,16.2656
32,10000,100,320,640,244.00,770.00,1.7496,4.5309,0.9958,2118.97,0.4719,666.00,4.7193,8.9316,8.6769,12.4563,16.0021
32,10000,100,640,128,244.00,770.00,1.7496,4.5309,0.9976,1216.78,0.8218,700.00,8.2184,15.6106,15.2771,21.9855,25.7059
32,10000,100,640,256,244.00,770.00,1.7496,4.5309,0.9988,1226.40,0.8154,709.00,8.1539,15.7861,15.5502,22.0832,26.1287
32,10000,100,640,512,244.00,770.00,1.7496,4.5309,0.9989,1206.16,0.8291,699.00,8.2908,16.1735,15.8773,22.0115,27.8260
32,10000,100,640,640,244.00,770.00,1.7496,4.5309,0.9990,1156.63,0.8646,703.00,8.6458,16.4930,16.2163,22.5950,26.7899
32,10000,100,640,960,244.00,770.00,1.7496,4.5309,0.9990,1103.77,0.9060,721.00,9.0599,17.2235,16.8276,23.4407,27.7454
32,10000,100,640,1280,244.00,770.00,1.7496,4.5309,0.9990,1032.36,0.9687,721.00,9.6865,18.3382,17.9793,24.8638,28.5581
32,10000,200,10,2,272.00,772.00,2.2241,5.0728,0.5859,37706.45,0.0265,646.00,0.2652,0.3944,0.3624,0.7271,1.0005
32,10000,200,10,4,272.00,772.00,2.2241,5.0728,0.6493,39423.73,0.0254,638.00,0.2537,0.3606,0.3307,0.6741,0.9361
32,10000,200,10,8,272.00,772.00,2.2241,5.0728,0.6835,40105.83,0.0249,634.00,0.2493,0.3642,0.3322,0.6822,0.9470
32,10000,200,10,10,272.00,772.00,2.2241,5.0728,0.6887,40203.28,0.0249,635.00,0.2487,0.3323,0.3007,0.6336,0.9173
32,10000,200,10,15,272.00,772.00,2.2241,5.0728,0.6941,38556.63,0.0259,636.00,0.2594,0.3320,0.2987,0.6378,0.9319
32,10000,200,10,20,272.00,772.00,2.2241,5.0728,0.6960,40410.81,0.0247,637.00,0.2475,0.3197,0.2867,0.6094,0.8951
32,10000,200,20,4,272.00,772.00,2.2241,5.0728,0.7230,24769.12,0.0404,636.00,0.4037,0.6204,0.5709,1.1071,1.5224
32,10000,200,20,8,272.00,772.00,2.2241,5.0728,0.7782,25465.15,0.0393,637.00,0.3927,0.6125,0.5618,1.1065,1.5654
32,10000,200,20,16,272.00,772.00,2.2241,5.0728,0.8020,24724.12,0.0404,637.00,0.4045,0.6103,0.5583,1.1020,1.5831
32,10000,200,20,20,272.00,772.00,2.2241,5.0728,0.8061,25249.96,0.0396,640.00,0.3960,0.6271,0.5724,1.1369,1.5331
32,10000,200,20,30,272.00,772.00,2.2241,5.0728,0.8085,24153.19,0.0414,638.00,0.4140,0.6323,0.5710,1.1529,1.6742
32,10000,200,20,40,272.00,772.00,2.2241,5.0728,0.8094,25273.22,0.0396,647.00,0.3957,0.6363,0.5828,1.1426,1.5631
32,10000,200,40,8,272.00,772.00,2.2241,5.0728,0.8395,14443.89,0.0692,636.00,0.6923,1.1679,1.0777,1.9914,2.7690
32,10000,200,40,16,272.00,772.00,2.2241,5.0728,0.8804,13993.28,0.0715,637.00,0.7146,1.1807,1.0867,2.0239,2.7868
32,10000,200,40,32,272.00,772.00,2.2241,5.0728,0.8951,14352.27,0.0697,635.00,0.6968,1.2206,1.1332,2.0593,2.7649
32,10000,200,40,40,272.00,772.00,2.2241,5.0728,0.8969,14654.06,0.0682,640.00,0.6824,1.1776,1.0971,1.9666,2.7154
32,10000,200,40,60,272.00,772.00,2.2241,5.0728,0.8979,13979.91,0.0715,635.00,0.7153,1.1978,1.1080,1.9872,2.8503
32,10000,200,40,80,272.00,772.00,2.2241,5.0728,0.8981,14291.01,0.0700,632.00,0.6997,1.2233,1.1402,1.9995,2.5735
32,10000,200,80,16,272.00,772.00,2.2241,5.0728,0.9218,7951.47,0.1258,635.00,1.2576,2.2976,2.1657,3.5598,4.7298
32,10000,200,80,32,272.00,772.00,2.2241,5.0728,0.9486,8174.85,0.1223,638.00,1.2233,2.2588,2.1210,3.4816,4.9151
32,10000,200,80,64,272.00,772.00,2.2241,5.0728,0.9552,7826.12,0.1278,633.00,1.2778,2.2691,2.1232,3.5494,5.1742
32,10000,200,80,80,272.00,772.00,2.2241,5.0728,0.9556,7849.46,0.1274,638.00,1.2740,2.3125,2.1816,3.5870,4.7929
32,10000,200,80,120,272.00,772.00,2.2241,5.0728,0.9559,7947.18,0.1258,633.00,1.2583,2.3271,2.1933,3.5715,5.1076
32,10000,200,80,160,272.00,772.00,2.2241,5.0728,0.9560,7846.65,0.1274,636.00,1.2744,2.3730,2.2372,3.6177,4.9969
32,10000,200,160,32,272.00,772.00,2.2241,5.0728,0.9708,4287.56,0.2332,635.00,2.3323,4.3443,4.1663,6.3208,8.5654
32,10000,200,160,64,272.00,772.00,2.2241,5.0728,0.9827,4316.52,0.2317,638.00,2.3167,4.3478,4.1572,6.3486,8.5706
32,10000,200,160,128,272.00,772.00,2.2241,5.0728,0.9847,4201.78,0.2380,636.00,2.3799,4.3817,4.1825,6.5618,8.8615
32,10000,200,160,160,272.00,772.00,2.2241,5.0728,0.9848,4241.09,0.2358,651.00,2.3579,4.4457,4.2376,6.4360,9.1174
32,10000,200,160,240,272.00,772.00,2.2241,5.0728,0.9848,4122.85,0.2426,653.00,2.4255,4.6007,4.4104,6.6148,9.1144
32,10000,200,160,320,272.00,772.00,2.2241,5.0728,0.9849,4050.10,0.2469,654.00,2.4691,4.6162,4.4522,6.7022,8.8138
32,10000,200,320,64,272.00,772.00,2.2241,5.0728,0.9917,2296.41,0.4355,654.00,4.3546,8.2468,7.9958,11.7105,15.3065
32,10000,200,320,128,272.00,772.00,2.2241,5.0728,0.9956,2273.09,0.4399,663.00,4.3993,8.3434,8.0997,11.7017,15.6821
32,10000,200,320,256,272.00,772.00,2.2241,5.0728,0.9960,2201.34,0.4543,655.00,4.5427,8.5374,8.3011,11.8572,15.5301
32,10000,200,320,320,272.00,772.00,2.2241,5.0728,0.9961,2209.18,0.4527,656.00,4.5266,8.5442,8.3170,11.9809,15.2194
32,10000,200,320,480,272.00,772.00,2.2241,5.0728,0.9961,2115.76,0.4726,659.00,4.7264,8.8859,8.6746,12.1635,15.0828
32,10000,200,320,640,272.00,772.00,2.2241,5.0728,0.9961,2014.39,0.4964,657.00,4.9643,9.2954,9.0888,12.7167,15.5759
32,10000,200,640,128,272.00,772.00,2.2241,5.0728,0.9981,1208.23,0.8277,689.00,8.2765,15.4721,15.0724,21.5967,26.8650
32,10000,200,640,256,272.00,772.00,2.2241,5.0728,0.9990,1171.97,0.8533,699.00,8.5327,16.1683,15.8318,22.3552,26.6789
32,10000,200,640,512,272.00,772.00,2.2241,5.0728,0.9991,1157.68,0.8638,691.00,8.6379,16.3998,16.1097,22.4333,27.0303
32,10000,200,640,640,272.00,772.00,2.2241,5.0728,0.9991,1149.46,0.8700,693.00,8.6997,16.5331,16.3006,22.7059,25.8831
32,10000,200,640,960,272.00,772.00,2.2241,5.0728,0.9991,1117.41,0.8949,701.00,8.9493,17.2479,16.9430,23.4041,27.9933
32,10000,200,640,1280,272.00,772.00,2.2241,5.0728,0.9991,1030.94,0.9700,709.00,9.6999,18.4784,18.1679,24.3978,29.4621
32,14000,40,14,2,270.00,767.00,2.5248,5.7746,0.6526,36558.27,0.0274,644.00,0.2735,0.4052,0.3772,0.7339,0.9633
32,14000,40,14,5,270.00,767.00,2.5248,5.7746,0.7098,37711.14,0.0265,648.00,0.2652,0.3742,0.3449,0.6929,0.9417
32,14000,40,14,11,270.00,767.00,2.5248,5.7746,0.7248,38799.98,0.0258,646.00,0.2577,0.3550,0.3233,0.6589,0.8705
32,14000,40,14,14,270.00,767.00,2.5248,5.7746,0.7262,39038.16,0.0256,649.00,0.2562,0.3621,0.3334,0.6523,0.8731
32,14000,40,14,21,270.00,767.00,2.5248,5.7746,0.7277,35813.10,0.0279,648.00,0.2792,0.3629,0.3322,0.6541,0.8713
32,14000,40,14,28,270.00,767.00,2.5248,5.7746,0.7281,38413.02,0.0260,644.00,0.2603,0.3605,0.3306,0.6498,0.8937
32,14000,40,28,5,270.00,767.00,2.5248,5.7746,0.7954,23888.02,0.0419,646.00,0.4186,0.6572,0.6131,1.1639,1.5304
32,14000,40,28,11,270.00,767.00,2.5248,5.7746,0.8247,24212.74,0.0413,647.00,0.4130,0.6556,0.6104,1.1304,1.5301
32,14000,40,28,22,270.00,767.00,2.5248,5.7746,0.8321,24480.58,0.0408,646.00,0.4085,0.6677,0.6260,1.1137,1.4890
32,14000,40,28,28,270.00,767.00,2.5248,5.7746,0.8330,23631.82,0.0423,644.00,0.4232,0.6768,0.6291,1.1514,1.5063
32,14000,40,28,42,270.00,767.00,2.5248,5.7746,0.8338,22406.54,0.0446,647.00,0.4463,0.6681,0.6116,1.1683,1.5930
32,14000,40,28,56,270.00,767.00,2.5248,5.7746,0.8339,23069.68,0.0433,641.00,0.4335,0.6795,0.6208,1.1967,1.6479
32,14000,40,56,11,270.00,767.00,2.5248,5.7746,0.8903,14050.85,0.0712,645.00,0.7117,1.2525,1.1874,1.9971,2.5178
32,14000,40,56,22,270.00,767.00,2.5248,5.7746,0.9081,13727.04,0.0728,647.00,0.7285,1.2688,1.1979,2.0361,2.6222
32,14000,40,56,44,270.00,767.00,2.5248,5.7746,0.9133,13701.99,0.0730,651.00,0.7298,1.2607,1.1857,2.0231,2.6421
32,14000,40,56,56,270.00,767.00,2.5248,5.7746,0.9136,13985.20,0.0715,647.00,0.7150,1.2692,1.2028,2.0126,2.5669
32,14000,40,56,84,270.00,767.00,2.5248,5.7746,0.9139,13013.21,0.0768,648.00,0.7685,1.3077,1.2273,2.0998,2.7581
32,14000,40,56,112,270.00,767.00,2.5248,5.7746,0.9139,12821.72,0.0780,645.00,0.7799,1.3328,1.2625,2.1156,2.6464
32,14000,40,112,22,270.00,767.00,2.5248,5.7746,0.9506,7428.19,0.1346,649.00,1.3462,2.4235,2.3262,3.6620,4.6298
32,14000,40,112,44,270.00,767.00,2.5248,5.7746,0.9612,7547.77,0.1325,639.00,1.3249,2.4038,2.2804,3.6943,4.8448
32,14000,40,112,89,270.00,767.00,2.5248,5.7746,0.9632,7486.53,0.1336,640.00,1.3357,2.4360,2.3244,3.6926,4.7027
32,14000,40,112,112,270.00,767.00,2.5248,5.7746,0.9633,7414.69,0.1349,644.00,1.3487,2.5024,2.3947,3.7214,4.7267
32,14000,40,112,168,270.00,767.00,2.5248,5.7746,0.9633,7237.18,0.1382,643.00,1.3818,2.5572,2.4509,3.7608,4.8186
32,14000,40,112,224,270.00,767.00,2.5248,5.7746,0.9633,6970.31,0.1435,648.00,1.4347,2.5993,2.4800,3.9117,4.9842
32,14000,40,224,44,270.00,767.00,2.5248,5.7746,0.9828,3959.67,0.2525,642.00,2.5255,4.5928,4.4370,6.6448,8.1188
32,14000,40,224,89,270.00,767.00,2.5248,5.7746,0.9875,3944.04,0.2535,654.00,2.5355,4.6755,4.5317,6.6873,8.1257
32,14000,40,224,179,270.00,767.00,2.5248,5.7746,0.9880,3930.09,0.2544,652.00,2.5445,4.7498,4.6022,6.7825,8.4861
32,14000,40,224,224,270.00,767.00,2.5248,5.7746,0.9880,3849.59,0.2598,647.00,2.5977,4.7574,4.5603,7.0032,9.1491
32,14000,40,224,336,270.00,767.00,2.5248,5.7746,0.9880,3738.67,0.2675,665.00,2.6747,4.9529,4.8071,6.9844,8.5782
32,14000,40,224,448,270.00,767.00,2.5248,5.7746,0.9880,3673.24,0.2722,664.00,2.7224,5.0973,4.9700,7.1007,8.6016
32,14000,40,448,89,270.00,767.00,2.5248,5.7746,0.9952,2215.17,0.4514,669.00,4.5143,8.7194,8.5593,11.9940,14.8606
32,14000,40,448,179,270.00,767.00,2.5248,5.7746,0.9964,2125.16,0.4706,685.00,4.7055,8.7759,8.5612,11.9319,18.9438
32,14000,40,448,358,270.00,767.00,2.5248,5.7746,0.9966,2124.22,0.4708,681.00,4.7076,9.0040,8.8702,12.1891,14.6200
32,14000,40,448,448,270.00,767.00,2.5248,5.7746,0.9966,2077.39,0.4814,688.00,4.8137,9.1378,8.9569,12.4331,15.1515
32,14000,40,448,672,270.00,767.00,2.5248,5.7746,0.9967,2019.80,0.4951,693.00,4.9510,9.5532,9.3415,12.9651,16.5871
32,14000,40,448,896,270.00,767.00,2.5248,5.7746,0.9967,1917.47,0.5215,682.00,5.2152,10.0865,9.8622,13.5810,17.3411
32,14000,40,896,179,270.00,767.00,2.5248,5.7746,0.9985,1164.72,0.8586,727.00,8.5858,16.4387,15.9283,24.6838,30.2544
32,14000,40,896,358,270.00,767.00,2.5248,5.7746,0.9989,1148.72,0.8705,723.00,8.7053,16.8897,16.6238,22.5000,28.3719
32,14000,40,896,716,270.00,767.00,2.5248,5.7746,0.9990,1103.94,0.9059,728.00,9.0585,17.5082,17.2663,23.0610,26.6786
32,14000,40,896,896,270.00,767.00,2.5248,5.7746,0.9990,1077.89,0.9277,728.00,9.2774,17.7808,17.5623,23.3817,27.0447
32,14000,40,896,1344,270.00,767.00,2.5248,5.7746,0.9990,995.75,1.0043,740.00,10.0427,19.1758,18.8737,25.4240,32.7805
32,14000,40,896,1792,270.00,767.00,2.5248,5.7746,0.9991,900.38,1.1106,736.00,11.1064,21.5326,21.2304,27.3503,31.8407
32,14000,100,14,2,292.00,768.00,2.2502,5.2510,0.5939,35366.24,0.0283,634.00,0.2828,0.4192,0.3892,0.7659,1.1109
32,14000,100,14,5,292.00,768.00,2.2502,5.2510,0.6828,37023.44,0.0270,632.00,0.2701,0.3839,0.3551,0.6951,0.9787
32,14000,100,14,11,292.00,768.00,2.2502,5.2510,0.7183,38089.48,0.0263,629.00,0.2625,0.3795,0.3494,0.6913,0.9974
32,14000,100,14,14,292.00,768.00,2.2502,5.2510,0.7235,39065.13,0.0256,629.00,0.2560,0.3517,0.3223,0.6466,0.8930
32,14000,100,14,21,292.00,768.00,2.2502,5.2510,0.7282,38511.03,0.0260,633.00,0.2597,0.3653,0.3364,0.6587,0.8921
32,14000,100,14,28,292.00,768.00,2.2502,5.2510,0.7296,38568.27,0.0259,630.00,0.2593,0.3722,0.3441,0.6583,0.8959
32,14000,100,28,5,292.00,768.00,2.2502,5.2510,0.7460,23689.77,0.0422,629.00,0.4221,0.6750,0.6278,1.1643,1.6714
32,14000,100,28,11,292.00,768.00,2.2502,5.2510,0.8072,23367.07,0.0428,630.00,0.4280,0.6908,0.6413,1.1972,1.5607
32,14000,100,28,22,292.00,768.00,2.2502,5.2510,0.8300,23405.76,0.0427,628.00,0.4272,0.6798,0.6293,1.2080,1.6534
32,14000,100,28,28,292.00,768.00,2.2502,5.2510,0.8334,23709.80,0.0422,627.00,0.4218,0.6713,0.6200,1.1641,1.6367
32,14000,100,28,42,292.00,768.00,2.2502,5.2510,0.8354,23336.61,0.0429,633.00,0.4285,0.6940,0.6511,1.1666,1.5067
32,14000,100,28,56,292.00,768.00,2.2502,5.2510,0.8360,23851.71,0.0419,627.00,0.4193,0.6975,0.6529,1.1692,1.5486
32,14000,100,56,11,292.00,768.00,2.2502,5.2510,0.8593,13836.81,0.0723,630.00,0.7227,1.2595,1.1878,2.0329,2.6125
32,14000,100,56,22,292.00,768.00,2.2502,5.2510,0.8994,14009.07,0.0714,638.00,0.7138,1.2863,1.2090,2.0694,2.7612
32,14000,100,56,44,292.00,768.00,2.2502,5.2510,0.9126,13845.55,0.0722,629.00,0.7223,1.2788,1.2077,2.0841,2.7630
32,14000,100,56,56,292.00,768.00,2.2502,5.2510,0.9141,13590.80,0.0736,626.00,0.7358,1.3031,1.2337,2.0455,2.6099
32,14000,100,56,84,292.00,768.00,2.2502,5.2510,0.9148,13604.21,0.0735,628.00,0.7351,1.2972,1.2311,2.0659,2.7020
32,14000,100,56,112,292.00,768.00,2.2502,5.2510,0.9150,13059.51,0.0766,631.00,0.7657,1.3394,1.2629,2.1302,2.8238
32,14000,100,112,22,292.00,768.00,2.2502,5.2510,0.9338,7531.65,0.1328,632.00,1.3277,2.4171,2.3051,3.6867,4.8865
32,14000,100,112,44,292.00,768.00,2.2502,5.2510,0.9582,7507.36,0.1332,631.00,1.3320,2.4516,2.3319,3.7566,4.7763
32,14000,100,112,89,292.00,768.00,2.2502,5.2510,0.9636,7308.85,0.1368,631.00,1.3682,2.4598,2.3280,3.7654,5.3045
32,14000,100,112,112,292.00,768.00,2.2502,5.2510,0.9640,7528.48,0.1328,633.00,1.3283,2.4747,2.3668,3.7291,4.8526
32,14000,100,112,168,292.00,768.00,2.2502,5.2510,0.9642,7314.14,0.1367,633.00,1.3672,2.5492,2.4502,3.7774,4.6789
32,14000,100,112,224,292.00,768.00,2.2502,5.2510,0.9642,7028.87,0.1423,630.00,1.4227,2.5966,2.4820,3.8644,5.1974
32,14000,100,224,44,292.00,768.00,2.2502,5.2510,0.9764,4100.75,0.2439,638.00,2.4386,4.6179,4.4662,6.7114,8.5808
32,14000,100,224,89,292.00,768.00,2.2502,5.2510,0.9865,4062.69,0.2461,636.00,2.4614,4.6820,4.5309,6.7834,8.6123
32,14000,100,224,179,292.00,768.00,2.2502,5.2510,0.9886,4007.31,0.2495,641.00,2.4954,4.7670,4.6161,6.8206,8.7648
32,14000,100,224,224,292.00,768.00,2.2502,5.2510,0.9886,3956.20,0.2528,640.00,2.5277,4.8445,4.6945,6.9432,8.9194
32,14000,100,224,336,292.00,768.00,2.2502,5.2510,0.9887,3865.59,0.2587,645.00,2.5869,4.9455,4.7942,6.9920,8.9697
32,14000,100,224,448,292.00,768.00,2.2502,5.2510,0.9887,3736.82,0.2676,655.00,2.6761,5.1253,4.9910,7.1449,8.6973
32,14000,100,448,89,292.00,768.00,2.2502,5.2510,0.9928,2154.73,0.4641,661.00,4.6409,8.8790,8.6881,12.2460,14.8255
32,14000,100,448,179,292.00,768.00,2.2502,5.2510,0.9964,2069.45,0.4832,676.00,4.8322,9.1478,8.9734,12.5398,15.0544
32,14000,100,448,358,292.00,768.00,2.2502,5.2510,0.9969,2046.56,0.4886,677.00,4.8862,9.2447,9.0392,12.6569,16.1811
32,14000,100,448,448,292.00,768.00,2.2502,5.2510,0.9969,1999.92,0.5000,677.00,5.0002,9.2366,9.0433,12.8338,16.5373
32,14000,100,448,672,292.00,768.00,2.2502,5.2510,0.9969,1945.94,0.5139,668.00,5.1389,9.7350,9.5085,13.1820,16.2735
32,14000,100,448,896,292.00,768.00,2.2502,5.2510,0.9969,1830.16,0.5464,672.00,5.4640,10.3139,10.1353,13.8482,16.4267
32,14000,100,896,179,292.00,768.00,2.2502,5.2510,0.9982,1135.02,0.8810,706.00,8.8105,16.7706,16.4893,22.6752,28.0306
32,14000,100,896,358,292.00,768.00,2.2502,5.2510,0.9990,1099.24,0.9097,728.00,9.0972,17.3028,17.0044,23.1858,27.9805
32,14000,100,896,716,292.00,768.00,2.2502,5.2510,0.9991,1074.18,0.9309,732.00,9.3094,17.8923,17.7050,23.9073,28.9975
32,14000,100,896,896,292.00,768.00,2.2502,5.2510,0.9991,1091.68,0.9160,714.00,9.1602,17.8958,17.4652,24.7602,31.2285
32,14000,100,896,1344,292.00,768.00,2.2502,5.2510,0.9991,985.55,1.0147,733.00,10.1466,19.4099,19.1993,25.5765,30.3483
32,14000,100,896,1792,292.00,768.00,2.2502,5.2510,0.9991,889.37,1.1244,724.00,11.2439,21.6964,21.4793,27.0837,30.9623
32,14000,200,14,2,282.00,768.00,2.9060,5.9460,0.6008,33993.93,0.0294,664.00,0.2942,0.4248,0.3965,0.7791,1.0471
32,14000,200,14,5,282.00,768.00,2.9060,5.9460,0.6902,38039.70,0.0263,666.00,0.2629,0.3868,0.3602,0.6935,0.9284
32,14000,200,14,11,282.00,768.00,2.9060,5.9460,0.7224,37229.56,0.0269,664.00,0.2686,0.3813,0.3522,0.6827,0.9138
32,14000,200,14,14,282.00,768.00,2.9060,5.9460,0.7275,38242.53,0.0261,662.00,0.2615,0.3681,0.3405,0.6624,0.8956
32,14000,200,14,21,282.00,768.00,2.9060,5.9460,0.7307,37514.61,0.0267,666.00,0.2666,0.3642,0.3326,0.6679,0.9178
32,14000,200,14,28,282.00,768.00,2.9060,5.9460,0.7315,34481.26,0.0290,661.00,0.2900,0.3784,0.3459,0.6788,0.9272
32,14000,200,28,5,282.00,768.00,2.9060,5.9460,0.7567,23498.69,0.0426,667.00,0.4256,0.6859,0.6353,1.2000,1.6548
32,14000,200,28,11,282.00,768.00,2.9060,5.9460,0.8134,23127.81,0.0432,662.00,0.4324,0.6790,0.6351,1.1653,1.5643
32,14000,200,28,22,282.00,768.00,2.9060,5.9460,0.8325,23265.88,0.0430,664.00,0.4298,0.6987,0.6496,1.1955,1.5806
32,14000,200,28,28,282.00,768.00,2.9060,5.9460,0.8345,22797.11,0.0439,666.00,0.4387,0.6936,0.6476,1.1801,1.5511
32,14000,200,28,42,282.00,768.00,2.9060,5.9460,0.8364,23779.53,0.0421,665.00,0.4205,0.6897,0.6474,1.1643,1.4821
32,14000,200,28,56,282.00,768.00,2.9060,5.9460,0.8368,23746.89,0.0421,665.00,0.4211,0.6922,0.6432,1.1724,1.5553
32,14000,200,56,11,282.00,768.00,2.9060,5.9460,0.8675,13807.16,0.0724,664.00,0.7243,1.2701,1.2111,2.0287,2.5256
32,14000,200,56,22,282.00,768.00,2.9060,5.9460,0.9042,13668.19,0.0732,675.00,0.7316,1.2765,1.1947,2.0686,2.8195
32,14000,200,56,44,282.00,768.00,2.9060,5.9460,0.9156,13685.33,0.0731,665.00,0.7307,1.2853,1.2060,2.0792,2.8693
32,14000,200,56,56,282.00,768.00,2.9060,5.9460,0.9162,13488.57,0.0741,664.00,0.7414,1.2987,1.2177,2.0829,2.7859
32,14000,200,56,84,282.00,768.00,2.9060,5.9460,0.9167,13352.04,0.0749,664.00,0.7489,1.3014,1.2224,2.1209,2.8963
32,14000,200,56,112,282.00,768.00,2.9060,5.9460,0.9168,13290.07,0.0752,662.00,0.7524,1.3419,1.2678,2.1289,2.8036
32,14000,200,112,22,282.00,768.00,2.9060,5.9460,0.9392,7567.99,0.1321,661.00,1.3214,2.3991,2.2771,3.6724,5.1435
32,14000,200,112,44,282.00,768.00,2.9060,5.9460,0.9603,7470.20,0.1339,663.00,1.3387,2.4181,2.3004,3.6789,5.2369
32,14000,200,112,89,282.00,768.00,2.9060,5.9460,0.9650,7269.24,0.1376,667.00,1.3757,2.4488,2.3153,3.7005,5.2880
32,14000,200,112,112,282.00,768.00,2.9060,5.9460,0.9653,7465.35,0.1340,665.00,1.3395,2.4970,2.3807,3.7622,4.8744
32,14000,200,112,168,282.00,768.00,2.9060,5.9460,0.9654,7239.35,0.1381,662.00,1.3813,2.5553,2.4380,3.8002,4.9462
32,14000,200,112,224,282.00,768.00,2.9060,5.9460,0.9654,7112.58,0.1406,675.00,1.4060,2.6184,2.5037,3.8990,4.8444
32,14000,200,224,44,282.00,768.00,2.9060,5.9460,0.9788,4002.33,0.2499,672.00,2.4985,4.6159,4.4541,6.7121,8.6735
32,14000,200,224,89,282.00,768.00,2.9060,5.9460,0.9875,4009.27,0.2494,670.00,2.4942,4.7040,4.5817,6.6872,8.2510
32,14000,200,224,179,282.00,768.00,2.9060,5.9460,0.9889,3957.68,0.2527,661.00,2.5267,4.7498,4.6066,6.7888,8.4309
32,14000,200,224,224,282.00,768.00,2.9060,5.9460,0.9890,3902.88,0.2562,667.00,2.5622,4.7310,4.5634,6.6922,10.1589
32,14000,200,224,336,282.00,768.00,2.9060,5.9460,0.9890,3799.05,0.2632,680.00,2.6322,4.8668,4.6964,6.9149,9.7410
32,14000,200,224,448,282.00,768.00,2.9060,5.9460,0.9890,3710.97,0.2695,665.00,2.6947,5.0764,4.9181,7.1886,9.3496
32,14000,200,448,89,282.00,768.00,2.9060,5.9460,0.9937,2176.29,0.4595,682.00,4.5950,8.7387,8.5502,12.1143,15.6263
32,14000,200,448,179,282.00,768.00,2.9060,5.9460,0.9969,2137.89,0.4678,687.00,4.6775,8.8779,8.6835,12.3884,16.4325
32,14000,200,448,358,282.00,768.00,2.9060,5.9460,0.9972,2099.22,0.4764,691.00,4.7637,9.1425,8.9259,12.5609,16.5444
32,14000,200,448,448,282.00,768.00,2.9060,5.9460,0.9972,2084.51,0.4797,685.00,4.7973,9.2299,9.0513,12.6101,15.6171
32,14000,200,448,672,282.00,768.00,2.9060,5.9460,0.9972,1986.24,0.5035,702.00,5.0346,9.6228,9.3440,13.6195,17.9295
32,14000,200,448,896,282.00,768.00,2.9060,5.9460,0.9972,1863.50,0.5366,691.00,5.3662,10.2877,10.0996,13.6556,16.8363
32,14000,200,896,179,282.00,768.00,2.9060,5.9460,0.9984,1136.89,0.8796,721.00,8.7959,16.5904,16.3450,22.3780,25.5118
32,14000,200,896,358,282.00,768.00,2.9060,5.9460,0.9991,1125.22,0.8887,733.00,8.8872,16.9911,16.9133,23.0962,25.6910
32,14000,200,896,716,282.00,768.00,2.9060,5.9460,0.9991,1080.60,0.9254,730.00,9.2541,17.6626,17.4311,23.6015,28.2720
32,14000,200,896,896,282.00,768.00,2.9060,5.9460,0.9991,1058.44,0.9448,740.00,9.4478,17.9343,17.6864,23.6778,28.6083
32,14000,200,896,1344,282.00,768.00,2.9060,5.9460,0.9991,990.00,1.0101,727.00,10.1010,19.3929,19.1717,25.6320,29.2391
32,14000,200,896,1792,282.00,768.00,2.9060,5.9460,0.9991,899.90,1.1112,745.00,11.1123,21.5057,21.2555,27.3570,31.9411
32,18000,40,18,3,307.00,767.00,3.0505,6.4799,0.6932,34205.31,0.0292,632.00,0.2924,0.4209,0.3910,0.7612,1.0799
32,18000,40,18,7,307.00,767.00,3.0505,6.4799,0.7338,34931.62,0.0286,629.00,0.2863,0.3966,0.3701,0.7135,0.9798
32,18000,40,18,14,307.00,767.00,3.0505,6.4799,0.7464,37496.99,0.0267,631.00,0.2667,0.4101,0.3890,0.6994,0.9085
32,18000,40,18,18,307.00,767.00,3.0505,6.4799,0.7476,38136.00,0.0262,633.00,0.2622,0.3833,0.3591,0.6577,0.8642
32,18000,40,18,27,307.00,767.00,3.0505,6.4799,0.7489,37488.73,0.0267,631.00,0.2667,0.3869,0.3627,0.6614,0.8818
32,18000,40,18,36,307.00,767.00,3.0505,6.4799,0.7489,37575.53,0.0266,630.00,0.2661,0.3803,0.3503,0.6554,0.8494
32,18000,40,36,7,307.00,767.00,3.0505,6.4799,0.8159,22699.00,0.0441,634.00,0.4405,0.7052,0.6669,1.1795,1.5328
32,18000,40,36,14,307.00,767.00,3.0505,6.4799,0.8406,22896.53,0.0437,629.00,0.4367,0.6963,0.6635,1.1589,1.5056
32,18000,40,36,28,307.00,767.00,3.0505,6.4799,0.8476,23453.65,0.0426,628.00,0.4264,0.7145,0.6793,1.1608,1.4754
32,18000,40,36,36,307.00,767.00,3.0505,6.4799,0.8482,21836.61,0.0458,629.00,0.4579,0.7129,0.6720,1.1908,1.6119
32,18000,40,36,54,307.00,767.00,3.0505,6.4799,0.8492,22527.05,0.0444,625.00,0.4439,0.7273,0.6888,1.1861,1.5024
32,18000,40,36,72,307.00,767.00,3.0505,6.4799,0.8492,21965.13,0.0455,630.00,0.4553,0.7596,0.7214,1.2101,1.5278
32,18000,40,72,14,307.00,767.00,3.0505,6.4799,0.9036,13013.96,0.0768,627.00,0.7684,1.3413,1.2786,2.0959,2.5924
32,18000,40,72,28,307.00,767.00,3.0505,6.4799,0.9193,13090.40,0.0764,632.00,0.7639,1.3344,1.2796,2.0825,2.6404
32,18000,40,72,57,307.00,767.00,3.0505,6.4799,0.9232,12805.49,0.0781,631.00,0.7809,1.3751,1.3090,2.1243,2.7149
32,18000,40,72,72,307.00,767.00,3.0505,6.4799,0.9236,12930.58,0.0773,633.00,0.7734,1.3704,1.3121,2.1192,2.5729
32,18000,40,72,108,307.00,767.00,3.0505,6.4799,0.9238,12684.40,0.0788,629.00,0.7884,1.4003,1.3307,2.1700,2.7766
32,18000,40,72,144,307.00,767.00,3.0505,6.4799,0.9238,12350.73,0.0810,634.00,0.8097,1.4385,1.3825,2.2114,2.7643
32,18000,40,144,28,307.00,767.00,3.0505,6.4799,0.9581,7154.49,0.1398,630.00,1.3977,2.5629,2.4830,3.7986,4.5295
32,18000,40,144,57,307.00,767.00,3.0505,6.4799,0.9669,6999.89,0.1429,635.00,1.4286,2.6097,2.5159,3.8567,4.7576
32,18000,40,144,115,307.00,767.00,3.0505,6.4799,0.9688,7128.62,0.1403,637.00,1.4028,2.5980,2.4957,3.8574,4.8745
32,18000,40,144,144,307.00,767.00,3.0505,6.4799,0.9688,7003.25,0.1428,633.00,1.4279,2.6245,2.5252,3.8243,4.8040
32,18000,40,144,216,307.00,767.00,3.0505,6.4799,0.9687,6728.46,0.1486,636.00,1.4862,2.7428,2.6535,3.9328,4.8077
32,18000,40,144,288,307.00,767.00,3.0505,6.4799,0.9689,6587.77,0.1518,634.00,1.5180,2.8309,2.7404,4.0191,4.8262
32,18000,40,288,57,307.00,767.00,3.0505,6.4799,0.9855,3773.77,0.2650,645.00,2.6499,4.9546,4.8472,6.9598,8.4891
32,18000,40,288,115,307.00,767.00,3.0505,6.4799,0.9892,3769.81,0.2653,644.00,2.6527,4.9034,4.7366,7.0200,9.3140
32,18000,40,288,230,307.00,767.00,3.0505,6.4799,0.9897,3745.73,0.2670,644.00,2.6697,5.0405,4.9283,7.0192,8.3314
32,18000,40,288,288,307.00,767.00,3.0505,6.4799,0.9897,3610.85,0.2769,649.00,2.7694,5.0702,4.9083,7.1884,9.5243
32,18000,40,288,432,307.00,767.00,3.0505,6.4799,0.9898,3528.04,0.2834,651.00,2.8344,5.3638,5.2168,7.4173,9.1033
32,18000,40,288,576,307.00,767.00,3.0505,6.4799,0.9899,3365.53,0.2971,650.00,2.9713,5.5856,5.4650,7.5543,8.9609
32,18000,40,576,115,307.00,767.00,3.0505,6.4799,0.9953,2029.13,0.4928,681.00,4.9282,9.3384,9.1640,12.7330,15.7367
32,18000,40,576,230,307.00,767.00,3.0505,6.4799,0.9965,1992.66,0.5018,688.00,5.0184,9.5095,9.3769,12.7913,14.7764
32,18000,40,576,460,307.00,767.00,3.0505,6.4799,0.9966,1930.84,0.5179,684.00,5.1791,9.8033,9.6079,13.1054,15.3222
32,18000,40,576,576,307.00,767.00,3.0505,6.4799,0.9967,1906.21,0.5246,703.00,5.2460,9.9239,9.7866,13.3751,15.4896
32,18000,40,576,864,307.00,767.00,3.0505,6.4799,0.9968,1808.45,0.5530,710.00,5.5296,10.6766,10.5068,13.9392,16.5973
32,18000,40,576,1152,307.00,767.00,3.0505,6.4799,0.9969,1639.38,0.6100,709.00,6.0999,11.5916,11.4618,14.8395,17.0744
32,18000,40,1152,230,307.00,767.00,3.0505,6.4799,0.9980,1065.35,0.9387,765.00,9.3866,17.7748,17.4617,23.3523,26.5953
32,18000,40,1152,460,307.00,767.00,3.0505,6.4799,0.9982,1027.75,0.9730,778.00,9.7300,18.3389,18.0727,24.2799,27.3137
32,18000,40,1152,921,307.00,767.00,3.0505,6.4799,0.9984,977.27,1.0233,778.00,10.2326,19.2908,19.0809,24.8174,27.6004
32,18000,40,1152,1152,307.00,767.00,3.0505,6.4799,0.9985,962.75,1.0387,776.00,10.3869,19.5373,19.3370,24.9864,28.4799
32,18000,40,1152,1728,307.00,767.00,3.0505,6.4799,0.9987,857.43,1.1663,787.00,11.6628,22.1517,21.9836,27.4058,30.5025
32,18000,40,1152,2304,307.00,767.00,3.0505,6.4799,0.9987,753.09,1.3279,772.00,13.2786,25.6203,25.4785,30.6438,33.0871
32,18000,100,18,3,338.00,769.00,2.7326,5.8178,0.6511,33449.21,0.0299,636.00,0.2990,0.4665,0.4313,0.8355,1.1293
32,18000,100,18,7,338.00,769.00,2.7326,5.8178,0.7191,33864.75,0.0295,644.00,0.2953,0.4135,0.3858,0.7310,0.9716
32,18000,100,18,14,338.00,769.00,2.7326,5.8178,0.7434,35990.34,0.0278,635.00,0.2779,0.4039,0.3735,0.7229,0.9713
32,18000,100,18,18,338.00,769.00,2.7326,5.8178,0.7468,36609.64,0.0273,641.00,0.2732,0.4060,0.3811,0.7012,0.9196
32,18000,100,18,27,338.00,769.00,2.7326,5.8178,0.7498,36005.05,0.0278,637.00,0.2777,0.4100,0.3813,0.6988,0.9124
32,18000,100,18,36,338.00,769.00,2.7326,5.8178,0.7506,35583.52,0.0281,638.00,0.2810,0.3994,0.3728,0.6828,0.8996
32,18000,100,36,7,338.00,769.00,2.7326,5.8178,0.7858,22150.59,0.0451,639.00,0.4515,0.7560,0.7144,1.2386,1.5507
32,18000,100,36,14,338.00,769.00,2.7326,5.8178,0.8304,22501.37,0.0444,635.00,0.4444,0.7174,0.6804,1.1886,1.5427
32,18000,100,36,28,338.00,769.00,2.7326,5.8178,0.8472,22891.29,0.0437,640.00,0.4368,0.7155,0.6761,1.1786,1.4988
32,18000,100,36,36,338.00,769.00,2.7326,5.8178,0.8494,22703.48,0.0440,641.00,0.4405,0.7119,0.6743,1.1748,1.5186
32,18000,100,36,54,338.00,769.00,2.7326,5.8178,0.8510,22503.61,0.0444,635.00,0.4444,0.7256,0.6844,1.1944,1.6770
32,18000,100,36,72,338.00,769.00,2.7326,5.8178,0.8514,22067.39,0.0453,640.00,0.4532,0.7595,0.7260,1.2040,1.4958
32,18000,100,72,14,338.00,769.00,2.7326,5.8178,0.8811,12790.59,0.0782,636.00,0.7818,1.3379,1.2824,2.1038,2.6141
32,18000,100,72,28,338.00,769.00,2.7326,5.8178,0.9139,13106.79,0.0763,639.00,0.7630,1.3506,1.2977,2.0893,2.6294
32,18000,100,72,57,338.00,769.00,2.7326,5.8178,0.9244,12980.89,0.0770,637.00,0.7704,1.3409,1.2691,2.1326,2.8074
32,18000,100,72,72,338.00,769.00,2.7326,5.8178,0.9253,12984.65,0.0770,634.00,0.7701,1.3839,1.3292,2.1466,2.6325
32,18000,100,72,108,338.00,769.00,2.7326,5.8178,0.9258,12405.24,0.0806,636.00,0.8061,1.3910,1.3182,2.1998,2.8461
32,18000,100,72,144,338.00,769.00,2.7326,5.8178,0.9259,12339.51,0.0810,638.00,0.8104,1.4485,1.3912,2.1821,2.6572
32,18000,100,144,28,338.00,769.00,2.7326,5.8178,0.9454,7045.46,0.1419,642.00,1.4194,2.5478,2.4324,3.8075,5.2822
32,18000,100,144,57,338.00,769.00,2.7326,5.8178,0.9647,7129.87,0.1403,636.00,1.4026,2.6015,2.5171,3.8117,4.7327
32,18000,100,144,115,338.00,769.00,2.7326,5.8178,0.9688,6859.58,0.1458,634.00,1.4578,2.6640,2.5689,3.8870,4.7013
32,18000,100,144,144,338.00,769.00,2.7326,5.8178,0.9691,6891.44,0.1451,655.00,1.4511,2.6744,2.5960,3.8715,4.6008
32,18000,100,144,216,338.00,769.00,2.7326,5.8178,0.9693,6710.14,0.1490,649.00,1.4903,2.7391,2.6417,4.0156,5.0389
32,18000,100,144,288,338.00,769.00,2.7326,5.8178,0.9693,6401.06,0.1562,657.00,1.5622,2.8772,2.7671,4.1302,5.0700
32,18000,100,288,57,338.00,769.00,2.7326,5.8178,0.9810,3764.47,0.2656,665.00,2.6564,4.9282,4.8116,6.9925,8.6744
32,18000,100,288,115,338.00,769.00,2.7326,5.8178,0.9890,3731.75,0.2680,669.00,2.6797,4.9879,4.8592,7.0698,8.6376
32,18000,100,288,230,338.00,769.00,2.7326,5.8178,0.9902,3693.37,0.2708,669.00,2.7076,5.0968,4.9664,7.1703,8.9004
32,18000,100,288,288,338.00,769.00,2.7326,5.8178,0.9904,3601.02,0.2777,657.00,2.7770,5.0803,4.9286,7.2147,9.1123
32,18000,100,288,432,338.00,769.00,2.7326,5.8178,0.9904,3516.78,0.2844,658.00,2.8435,5.3853,5.2661,7.3833,9.0555
32,18000,100,288,576,338.00,769.00,2.7326,5.8178,0.9905,3290.58,0.3039,668.00,3.0390,5.7062,5.5958,7.7736,9.1558
32,18000,100,576,115,338.00,769.00,2.7326,5.8178,0.9943,2005.86,0.4985,687.00,4.9854,9.3427,9.1582,12.9081,15.1482
32,18000,100,576,230,338.00,769.00,2.7326,5.8178,0.9968,1922.49,0.5202,681.00,5.2016,9.7661,9.5832,13.1963,15.1137
32,18000,100,576,460,338.00,769.00,2.7326,5.8178,0.9973,1860.34,0.5375,689.00,5.3753,9.9453,9.7797,13.5005,15.3382
32,18000,100,576,576,338.00,769.00,2.7326,5.8178,0.9974,1829.05,0.5467,696.00,5.4673,10.1571,10.0072,13.7659,15.5233
32,18000,100,576,864,338.00,769.00,2.7326,5.8178,0.9974,1786.96,0.5596,706.00,5.5961,10.7195,10.6272,13.9063,15.4427
32,18000,100,576,1152,338.00,769.00,2.7326,5.8178,0.9974,1669.49,0.5990,709.00,5.9898,11.4443,11.3161,14.7992,17.4071
32,18000,100,1152,230,338.00,769.00,2.7326,5.8178,0.9982,1092.89,0.9150,745.00,9.1501,17.4783,17.2055,22.9895,26.5336
32,18000,100,1152,460,338.00,769.00,2.7326,5.8178,0.9989,1058.47,0.9448,749.00,9.4476,18.1353,17.8835,23.6943,27.3812
32,18000,100,1152,921,338.00,769.00,2.7326,5.8178,0.9990,1000.36,0.9996,765.00,9.9964,19.1086,18.8533,24.7993,29.1247
32,18000,100,1152,1152,338.00,769.00,2.7326,5.8178,0.9990,967.87,1.0332,757.00,10.3320,19.3600,19.0533,25.6766,32.8597
32,18000,100,1152,1728,338.00,769.00,2.7326,5.8178,0.9991,859.76,1.1631,774.00,11.6312,21.8993,21.5963,27.8073,34.3850
32,18000,100,1152,2304,338.00,769.00,2.7326,5.8178,0.9991,758.41,1.3185,756.00,13.1854,25.4983,25.3124,31.0137,33.6595
32,18000,200,18,3,335.00,770.00,3.6915,6.8187,0.6540,33392.02,0.0299,635.00,0.2995,0.4514,0.4196,0.8024,1.0524
32,18000,200,18,7,335.00,770.00,3.6915,6.8187,0.7217,35524.40,0.0281,636.00,0.2815,0.4130,0.3867,0.7257,0.9589
32,18000,200,18,14,335.00,770.00,3.6915,6.8187,0.7450,36264.81,0.0276,632.00,0.2757,0.3924,0.3601,0.7163,0.9468
32,18000,200,18,18,335.00,770.00,3.6915,6.8187,0.7486,34486.94,0.0290,635.00,0.2900,0.3913,0.3624,0.6960,0.9257
32,18000,200,18,27,335.00,770.00,3.6915,6.8187,0.7513,34299.44,0.0292,635.00,0.2915,0.3994,0.3709,0.6912,0.9177
32,18000,200,18,36,335.00,770.00,3.6915,6.8187,0.7520,35247.04,0.0284,634.00,0.2837,0.4111,0.3778,0.7340,0.9964
32,18000,200,36,7,335.00,770.00,3.6915,6.8187,0.7889,21550.25,0.0464,632.00,0.4640,0.7400,0.6950,1.2439,1.6876
32,18000,200,36,14,335.00,770.00,3.6915,6.8187,0.8323,21834.73,0.0458,633.00,0.4580,0.7138,0.6596,1.2471,1.7105
32,18000,200,36,28,335.00,770.00,3.6915,6.8187,0.8480,21721.97,0.0460,637.00,0.4604,0.7306,0.6796,1.2526,1.7482
32,18000,200,36,36,335.00,770.00,3.6915,6.8187,0.8499,21948.47,0.0456,631.00,0.4556,0.7268,0.6874,1.1969,1.5078
32,18000,200,36,54,335.00,770.00,3.6915,6.8187,0.8515,21312.08,0.0469,634.00,0.4692,0.7586,0.7138,1.2458,1.6576
32,18000,200,36,72,335.00,770.00,3.6915,6.8187,0.8517,21490.03,0.0465,636.00,0.4653,0.7717,0.7361,1.2398,1.5661
32,18000,200,72,14,335.00,770.00,3.6915,6.8187,0.8843,12738.42,0.0785,634.00,0.7850,1.3541,1.2782,2.1715,2.9503
32,18000,200,72,28,335.00,770.00,3.6915,6.8187,0.9165,12695.31,0.0788,633.00,0.7877,1.3699,1.2901,2.1900,2.9198
32,18000,200,72,57,335.00,770.00,3.6915,6.8187,0.9248,12485.13,0.0801,631.00,0.8010,1.3710,1.2893,2.1977,2.9948
32,18000,200,72,72,335.00,770.00,3.6915,6.8187,0.9256,12632.47,0.0792,639.00,0.7916,1.3847,1.3194,2.1344,2.6323
32,18000,200,72,108,335.00,770.00,3.6915,6.8187,0.9261,12101.20,0.0826,636.00,0.8264,1.4435,1.3620,2.2701,2.9200
32,18000,200,72,144,335.00,770.00,3.6915,6.8187,0.9261,11577.13,0.0864,631.00,0.8638,1.4843,1.4082,2.3097,2.9499
32,18000,200,144,28,335.00,770.00,3.6915,6.8187,0.9498,6756.39,0.1480,638.00,1.4801,2.6098,2.4844,4.0275,5.3178
32,18000,200,144,57,335.00,770.00,3.6915,6.8187,0.9663,6514.99,0.1535,633.00,1.5349,2.6580,2.5197,4.0977,5.6764
32,18000,200,144,115,335.00,770.00,3.6915,6.8187,0.9699,6572.31,0.1522,643.00,1.5215,2.7030,2.5703,4.1018,5.4156
32,18000,200,144,144,335.00,770.00,3.6915,6.8187,0.9699,6641.98,0.1506,642.00,1.5056,2.6849,2.5578,4.1063,5.2850
32,18000,200,144,216,335.00,770.00,3.6915,6.8187,0.9700,6513.01,0.1535,639.00,1.5354,2.8114,2.7162,4.1037,4.9984
32,18000,200,144,288,335.00,770.00,3.6915,6.8187,0.9700,6344.15,0.1576,637.00,1.5763,2.8990,2.8015,4.1587,5.1471
32,18000,200,288,57,335.00,770.00,3.6915,6.8187,0.9831,3739.82,0.2674,648.00,2.6739,4.8832,4.7175,7.2019,9.4455
32,18000,200,288,115,335.00,770.00,3.6915,6.8187,0.9896,3616.46,0.2765,653.00,2.7651,5.0221,4.8505,7.2708,9.9210
32,18000,200,288,230,335.00,770.00,3.6915,6.8187,0.9905,3701.11,0.2702,652.00,2.7019,5.1083,4.9839,7.1547,8.6664
32,18000,200,288,288,335.00,770.00,3.6915,6.8187,0.9906,3671.03,0.2724,653.00,2.7240,5.1490,5.0115,7.1756,8.7804
32,18000,200,288,432,335.00,770.00,3.6915,6.8187,0.9906,3503.38,0.2854,654.00,2.8544,5.3762,5.2327,7.4689,9.3432
32,18000,200,288,576,335.00,770.00,3.6915,6.8187,0.9906,3307.31,0.3024,656.00,3.0236,5.6796,5.5404,7.7613,9.3584
32,18000,200,576,115,335.00,770.00,3.6915,6.8187,0.9956,1974.33,0.5065,698.00,5.0650,9.3296,9.0777,13.0801,16.6344
32,18000,200,576,230,335.00,770.00,3.6915,6.8187,0.9973,2023.42,0.4942,702.00,4.9421,9.3630,9.1520,12.5131,20.1377
32,18000,200,576,460,335.00,770.00,3.6915,6.8187,0.9976,1973.13,0.5068,688.00,5.0681,9.8254,9.6544,13.1516,16.2224
32,18000,200,576,576,335.00,770.00,3.6915,6.8187,0.9976,1967.46,0.5083,701.00,5.0827,9.8358,9.5937,13.6370,17.5150
32,18000,200,576,864,335.00,770.00,3.6915,6.8187,0.9976,1801.24,0.5552,703.00,5.5517,10.6859,10.5787,13.8702,16.5374
32,18000,200,576,1152,335.00,770.00,3.6915,6.8187,0.9976,1630.86,0.6132,712.00,6.1317,11.5953,11.4569,15.0023,17.2590
32,18000,200,1152,230,335.00,770.00,3.6915,6.8187,0.9987,1099.50,0.9095,767.00,9.0951,17.3096,17.1136,22.4950,24.8008
32,18000,200,1152,460,335.00,770.00,3.6915,6.8187,0.9992,1052.29,0.9503,766.00,9.5031,18.1457,17.9778,23.2846,26.3304
32,18000,200,1152,921,335.00,770.00,3.6915,6.8187,0.9992,1004.91,0.9951,786.00,9.9511,19.1944,19.0315,24.4282,27.4499
32,18000,200,1152,1152,335.00,770.00,3.6915,6.8187,0.9992,983.89,1.0164,780.00,10.1637,19.5837,19.3407,25.0055,28.5231
32,18000,200,1152,1728,335.00,770.00,3.6915,6.8187,0.9993,871.95,1.1469,782.00,11.4685,22.0999,21.9085,27.2639,30.5931
32,18000,200,1152,2304,335.00,770.00,3.6915,6.8187,0.9993,748.90,1.3353,782.00,13.3530,25.5177,25.3627,30.8564,34.2817
32,22000,40,22,4,361.00,771.00,3.7287,7.1696,0.7225,33675.28,0.0297,659.00,0.2970,0.4638,0.4402,0.7854,1.0205
32,22000,40,22,8,361.00,771.00,3.7287,7.1696,0.7542,34063.71,0.0294,660.00,0.2936,0.4222,0.3983,0.7288,0.9255
32,22000,40,22,17,361.00,771.00,3.7287,7.1696,0.7669,35628.96,0.0281,659.00,0.2807,0.4301,0.4116,0.7097,0.9104
32,22000,40,22,22,361.00,771.00,3.7287,7.1696,0.7683,36972.74,0.0270,662.00,0.2705,0.4012,0.3819,0.6682,0.8820
32,22000,40,22,33,361.00,771.00,3.7287,7.1696,0.7692,35371.47,0.0283,660.00,0.2827,0.4227,0.4033,0.6878,0.8851
32,22000,40,22,44,361.00,771.00,3.7287,7.1696,0.7693,34372.34,0.0291,663.00,0.2909,0.4237,0.4003,0.7099,0.9222
32,22000,40,44,8,361.00,771.00,3.7287,7.1696,0.8319,20960.12,0.0477,662.00,0.4771,0.7606,0.7234,1.2389,1.5467
32,22000,40,44,17,361.00,771.00,3.7287,7.1696,0.8569,22749.34,0.0440,675.00,0.4396,0.7273,0.7002,1.1422,1.3953
32,22000,40,44,35,361.00,771.00,3.7287,7.1696,0.8641,22707.13,0.0440,657.00,0.4404,0.7396,0.7077,1.1791,1.4640
32,22000,40,44,44,361.00,771.00,3.7287,7.1696,0.8647,22408.72,0.0446,663.00,0.4463,0.7520,0.7160,1.1992,1.4840
32,22000,40,44,66,361.00,771.00,3.7287,7.1696,0.8650,21376.22,0.0468,660.00,0.4678,0.7761,0.7451,1.2358,1.5221
32,22000,40,44,88,361.00,771.00,3.7287,7.1696,0.8651,21304.60,0.0469,662.00,0.4694,0.8086,0.7785,1.2416,1.5564
32,22000,40,88,17,361.00,771.00,3.7287,7.1696,0.9149,12789.05,0.0782,665.00,0.7819,1.4094,1.3568,2.1433,2.7098
32,22000,40,88,35,361.00,771.00,3.7287,7.1696,0.9294,12909.35,0.0775,661.00,0.7746,1.3823,1.3360,2.1541,2.6765
32,22000,40,88,70,361.00,771.00,3.7287,7.1696,0.9329,12561.94,0.0796,663.00,0.7961,1.4122,1.3495,2.1979,2.9500
32,22000,40,88,88,361.00,771.00,3.7287,7.1696,0.9331,12352.67,0.0810,664.00,0.8095,1.4541,1.4076,2.2093,2.7163
32,22000,40,88,132,361.00,771.00,3.7287,7.1696,0.9332,11414.70,0.0876,658.00,0.8761,1.5712,1.5112,2.3980,2.9357
32,22000,40,88,176,361.00,771.00,3.7287,7.1696,0.9332,11586.96,0.0863,655.00,0.8630,1.5509,1.5030,2.2925,2.7963
32,22000,40,176,35,361.00,771.00,3.7287,7.1696,0.9647,6859.01,0.1458,679.00,1.4579,2.6906,2.6094,3.9627,4.8747
32,22000,40,176,70,361.00,771.00,3.7287,7.1696,0.9721,6605.42,0.1514,676.00,1.5139,2.6948,2.5954,3.9985,5.4926
32,22000,40,176,140,361.00,771.00,3.7287,7.1696,0.9733,6748.96,0.1482,663.00,1.4817,2.7686,2.6876,3.9702,4.8241
32,22000,40,176,176,361.00,771.00,3.7287,7.1696,0.9734,6640.03,0.1506,667.00,1.5060,2.8136,2.7390,3.9858,4.7756
32,22000,40,176,264,361.00,771.00,3.7287,7.1696,0.9735,6377.89,0.1568,665.00,1.5679,2.9066,2.8281,4.1058,4.9008
32,22000,40,176,352,361.00,771.00,3.7287,7.1696,0.9736,6057.73,0.1651,661.00,1.6508,3.0729,2.9812,4.2755,5.3715
32,22000,40,352,70,361.00,771.00,3.7287,7.1696,0.9889,3522.01,0.2839,682.00,2.8393,5.2239,5.1547,7.3767,8.6317
32,22000,40,352,140,361.00,771.00,3.7287,7.1696,0.9917,3646.78,0.2742,679.00,2.7421,5.1921,5.0774,7.1098,8.7179
32,22000,40,352,281,361.00,771.00,3.7287,7.1696,0.9921,3508.26,0.2850,678.00,2.8504,5.3767,5.2672,7.4094,8.7303
32,22000,40,352,352,361.00,771.00,3.7287,7.1696,0.9921,3537.52,0.2827,690.00,2.8268,5.3976,5.2812,7.4173,9.0994
32,22000,40,352,528,361.00,771.00,3.7287,7.1696,0.9921,3270.56,0.3058,676.00,3.0576,5.7392,5.6357,7.7142,8.8902
32,22000,40,352,704,361.00,771.00,3.7287,7.1696,0.9922,3048.09,0.3281,695.00,3.2807,6.0623,5.9231,8.3105,10.2201
32,22000,40,704,140,361.00,771.00,3.7287,7.1696,0.9968,2006.83,0.4983,722.00,4.9830,9.5134,9.3175,12.9305,15.4530
32,22000,40,704,281,361.00,771.00,3.7287,7.1696,0.9976,1964.88,0.5089,725.00,5.0894,9.7505,9.5973,13.0809,15.9805
32,22000,40,704,563,361.00,771.00,3.7287,7.1696,0.9978,1862.80,0.5368,717.00,5.3683,10.3033,10.1354,13.5698,16.2775
32,22000,40,704,704,361.00,771.00,3.7287,7.1696,0.9979,1798.03,0.5562,710.00,5.5616,10.5607,10.4321,13.8035,16.2504
32,22000,40,704,1056,361.00,771.00,3.7287,7.1696,0.9979,1652.77,0.6050,733.00,6.0504,11.5862,11.4625,14.8176,16.7296
32,22000,40,704,1408,361.00,771.00,3.7287,7.1696,0.9979,1501.16,0.6662,715.00,6.6615,12.9762,12.8168,16.2482,18.5942
32,22000,40,1408,281,361.00,771.00,3.7287,7.1696,0.9988,1053.17,0.9495,807.00,9.4951,18.1730,17.8433,23.9512,28.8047
32,22000,40,1408,563,361.00,771.00,3.7287,7.1696,0.9991,976.93,1.0236,804.00,10.2362,19.3490,19.1857,24.6392,27.5528
32,22000,40,1408,1126,361.00,771.00,3.7287,7.1696,0.9991,909.16,1.0999,820.00,10.9991,20.7458,20.5906,26.0086,28.5388
32,22000,40,1408,1408,361.00,771.00,3.7287,7.1696,0.9991,886.51,1.1280,817.00,11.2802,21.3621,21.1805,26.8354,29.3863
32,22000,40,1408,2112,361.00,771.00,3.7287,7.1696,0.9991,769.02,1.3003,815.00,13.0035,24.9497,24.6168,31.0033,36.9410
32,22000,40,1408,2816,361.00,771.00,3.7287,7.1696,0.9992,639.68,1.5633,831.00,15.6327,30.2088,29.9360,36.1323,39.8264
32,22000,100,22,4,390.00,772.00,3.2221,6.3961,0.6846,31311.90,0.0319,644.00,0.3194,0.4794,0.4544,0.8197,1.0332
32,22000,100,22,8,390.00,772.00,3.2221,6.3961,0.7388,34194.76,0.0292,640.00,0.2924,0.4327,0.4065,0.7629,1.0148
32,22000,100,22,17,390.00,772.00,3.2221,6.3961,0.7650,35432.07,0.0282,643.00,0.2822,0.4217,0.3980,0.7164,0.9333
32,22000,100,22,22,390.00,772.00,3.2221,6.3961,0.7688,34854.24,0.0287,638.00,0.2869,0.4328,0.4068,0.7317,0.9273
32,22000,100,22,33,390.00,772.00,3.2221,6.3961,0.7716,34780.92,0.0288,645.00,0.2875,0.4123,0.3854,0.7125,0.9540
32,22000,100,22,44,390.00,772.00,3.2221,6.3961,0.7721,34496.70,0.0290,642.00,0.2899,0.4166,0.3918,0.7167,0.9439
32,22000,100,44,8,390.00,772.00,3.2221,6.3961,0.7997,21091.01,0.0474,641.00,0.4741,0.7760,0.7437,1.2554,1.5403
32,22000,100,44,17,390.00,772.00,3.2221,6.3961,0.8481,20379.92,0.0491,646.00,0.4907,0.7948,0.7491,1.3201,1.7171
32,22000,100,44,35,390.00,772.00,3.2221,6.3961,0.8637,20441.63,0.0489,643.00,0.4892,0.7730,0.7306,1.2805,1.6018
32,22000,100,44,44,390.00,772.00,3.2221,6.3961,0.8651,21341.74,0.0469,645.00,0.4686,0.7644,0.7258,1.2558,1.5758
32,22000,100,44,66,390.00,772.00,3.2221,6.3961,0.8664,19821.11,0.0505,641.00,0.5045,0.7798,0.7350,1.3024,1.6872
32,22000,100,44,88,390.00,772.00,3.2221,6.3961,0.8665,20247.33,0.0494,646.00,0.4939,0.7855,0.7498,1.2435,1.5882
32,22000,100,88,17,390.00,772.00,3.2221,6.3961,0.8941,12193.24,0.0820,646.00,0.8201,1.4123,1.3429,2.2213,3.0036
32,22000,100,88,35,390.00,772.00,3.2221,6.3961,0.9245,12075.94,0.0828,646.00,0.8281,1.4404,1.3729,2.2654,3.0552
32,22000,100,88,70,390.00,772.00,3.2221,6.3961,0.9326,11870.54,0.0842,640.00,0.8424,1.4750,1.4095,2.2936,2.8616
32,22000,100,88,88,390.00,772.00,3.2221,6.3961,0.9332,11568.18,0.0864,645.00,0.8644,1.4722,1.3981,2.2925,3.0243
32,22000,100,88,132,390.00,772.00,3.2221,6.3961,0.9337,11659.09,0.0858,649.00,0.8577,1.5212,1.4665,2.2968,2.7824
32,22000,100,88,176,390.00,772.00,3.2221,6.3961,0.9338,11357.20,0.0880,646.00,0.8805,1.5597,1.4871,2.3648,3.1093
32,22000,100,176,35,390.00,772.00,3.2221,6.3961,0.9536,6728.63,0.1486,654.00,1.4862,2.6936,2.5977,4.0386,5.4465
32,22000,100,176,70,390.00,772.00,3.2221,6.3961,0.9694,6779.17,0.1475,656.00,1.4751,2.7310,2.6410,4.0394,5.0519
32,22000,100,176,140,390.00,772.00,3.2221,6.3961,0.9729,6571.34,0.1522,648.00,1.5218,2.8117,2.7158,4.1098,5.1439
32,22000,100,176,176,390.00,772.00,3.2221,6.3961,0.9730,6556.75,0.1525,643.00,1.5251,2.8246,2.7328,4.0954,5.0418
32,22000,100,176,264,390.00,772.00,3.2221,6.3961,0.9730,6312.39,0.1584,646.00,1.5842,2.9226,2.8400,4.2061,5.1313
32,22000,100,176,352,390.00,772.00,3.2221,6.3961,0.9731,6080.57,0.1645,660.00,1.6446,3.0583,2.9741,4.3125,5.1985
32,22000,100,352,70,390.00,772.00,3.2221,6.3961,0.9842,3619.05,0.2763,657.00,2.7632,5.1816,5.0813,7.2058,8.5756
32,22000,100,352,140,390.00,772.00,3.2221,6.3961,0.9907,3570.03,0.2801,663.00,2.8011,5.2673,5.1781,7.2938,8.6022
32,22000,100,352,281,390.00,772.00,3.2221,6.3961,0.9915,3520.19,0.2841,659.00,2.8408,5.3943,5.2897,7.3720,8.7718
32,22000,100,352,352,390.00,772.00,3.2221,6.3961,0.9916,3479.26,0.2874,662.00,2.8742,5.4277,5.3325,7.4431,8.8203
32,22000,100,352,528,390.00,772.00,3.2221,6.3961,0.9917,3324.20,0.3008,661.00,3.0082,5.7098,5.6163,7.7240,9.1135
32,22000,100,352,704,390.00,772.00,3.2221,6.3961,0.9917,3152.94,0.3172,657.00,3.1716,6.1317,6.0125,8.1626,9.5949
32,22000,100,704,140,390.00,772.00,3.2221,6.3961,0.9955,1927.88,0.5187,697.00,5.1870,9.7655,9.6342,12.9724,14.7168
32,22000,100,704,281,390.00,772.00,3.2221,6.3961,0.9974,1889.27,0.5293,701.00,5.2931,10.0986,9.9497,13.4713,15.9059
32,22000,100,704,563,390.00,772.00,3.2221,6.3961,0.9977,1792.40,0.5579,700.00,5.5791,10.5169,10.3746,13.8810,16.0760
32,22000,100,704,704,390.00,772.00,3.2221,6.3961,0.9978,1761.70,0.5676,701.00,5.6763,10.6781,10.5615,14.1198,15.9274
32,22000,100,704,1056,390.00,772.00,3.2221,6.3961,0.9978,1627.22,0.6145,704.00,6.1454,11.6039,11.5044,14.9418,17.2042
32,22000,100,704,1408,390.00,772.00,3.2221,6.3961,0.9978,1453.95,0.6878,713.00,6.8778,13.1085,13.0027,16.4150,18.1953
32,22000,100,1408,281,390.00,772.00,3.2221,6.3961,0.9985,1029.60,0.9713,792.00,9.7125,18.2355,18.1052,23.6152,25.9935
32,22000,100,1408,563,390.00,772.00,3.2221,6.3961,0.9991,981.31,1.0190,797.00,10.1905,19.2484,19.1204,24.4732,27.5008
32,22000,100,1408,1126,390.00,772.00,3.2221,6.3961,0.9992,907.49,1.1019,809.00,11.0195,20.7452,20.5540,26.2958,29.6528
32,22000,100,1408,1408,390.00,772.00,3.2221,6.3961,0.9992,897.30,1.1144,824.00,11.1445,21.2722,21.1183,26.5253,29.2963
32,22000,100,1408,2112,390.00,772.00,3.2221,6.3961,0.9992,768.41,1.3014,822.00,13.0138,25.0439,24.8548,30.3099,33.6794
32,22000,100,1408,2816,390.00,772.00,3.2221,6.3961,0.9992,632.48,1.5811,824.00,15.8107,30.2933,30.0644,36.1469,39.6216
32,22000,200,22,4,389.00,772.00,4.3780,7.5827,0.6895,31144.97,0.0321,662.00,0.3211,0.4645,0.4381,0.8209,1.0862
32,22000,200,22,8,389.00,772.00,4.3780,7.5827,0.7409,34907.42,0.0286,660.00,0.2865,0.4363,0.4112,0.7680,1.0499
32,22000,200,22,17,389.00,772.00,4.3780,7.5827,0.7662,34769.18,0.0288,663.00,0.2876,0.4149,0.3892,0.7186,0.9958
32,22000,200,22,22,389.00,772.00,4.3780,7.5827,0.7694,34392.93,0.0291,668.00,0.2908,0.3950,0.3735,0.6790,0.8588
32,22000,200,22,33,389.00,772.00,4.3780,7.5827,0.7720,34306.65,0.0291,668.00,0.2915,0.4103,0.3818,0.7157,0.9468
32,22000,200,22,44,389.00,772.00,4.3780,7.5827,0.7726,32873.98,0.0304,667.00,0.3042,0.4398,0.4124,0.7431,1.0164
32,22000,200,44,8,389.00,772.00,4.3780,7.5827,0.8025,20949.59,0.0477,660.00,0.4773,0.7661,0.7280,1.2559,1.6151
32,22000,200,44,17,389.00,772.00,4.3780,7.5827,0.8488,21760.14,0.0460,663.00,0.4596,0.7663,0.7334,1.2238,1.5440
32,22000,200,44,35,389.00,772.00,4.3780,7.5827,0.8646,20109.05,0.0497,660.00,0.4973,0.7754,0.7381,1.2831,1.6320
32,22000,200,44,44,389.00,772.00,4.3780,7.5827,0.8657,20758.43,0.0482,663.00,0.4817,0.7879,0.7498,1.2761,1.5808
32,22000,200,44,66,389.00,772.00,4.3780,7.5827,0.8663,20618.23,0.0485,662.00,0.4850,0.8004,0.7649,1.2671,1.5632
32,22000,200,44,88,389.00,772.00,4.3780,7.5827,0.8664,19740.06,0.0507,662.00,0.5066,0.8138,0.7676,1.3115,1.6995
32,22000,200,88,17,389.00,772.00,4.3780,7.5827,0.8963,11663.63,0.0857,664.00,0.8574,1.4676,1.4156,2.2563,2.7959
32,22000,200,88,35,389.00,772.00,4.3780,7.5827,0.9258,10922.32,0.0916,661.00,0.9156,1.5082,1.4449,2.4018,3.0117
32,22000,200,88,70,389.00,772.00,4.3780,7.5827,0.9323,10944.13,0.0914,664.00,0.9137,1.5044,1.4170,2.4876,3.3786
32,22000,200,88,88,389.00,772.00,4.3780,7.5827,0.9327,11182.83,0.0894,660.00,0.8942,1.5257,1.4450,2.4460,3.1879
32,22000,200,88,132,389.00,772.00,4.3780,7.5827,0.9328,11057.35,0.0904,663.00,0.9044,1.5415,1.4734,2.3501,2.9710
32,22000,200,88,176,389.00,772.00,4.3780,7.5827,0.9329,10703.60,0.0934,658.00,0.9343,1.6209,1.5689,2.4122,2.9111
32,22000,200,176,35,389.00,772.00,4.3780,7.5827,0.9568,6665.46,0.1500,663.00,1.5003,2.6799,2.5633,4.1084,5.2854
32,22000,200,176,70,389.00,772.00,4.3780,7.5827,0.9701,6539.08,0.1529,660.00,1.5293,2.7260,2.6378,4.0077,5.0028
32,22000,200,176,140,389.00,772.00,4.3780,7.5827,0.9725,6378.63,0.1568,670.00,1.5677,2.8716,2.7810,4.1542,4.9901
32,22000,200,176,176,389.00,772.00,4.3780,7.5827,0.9725,6383.32,0.1567,665.00,1.5666,2.8442,2.7292,4.2317,5.4302
32,22000,200,176,264,389.00,772.00,4.3780,7.5827,0.9725,6111.26,0.1636,663.00,1.6363,2.9438,2.8314,4.3145,5.4665
32,22000,200,176,352,389.00,772.00,4.3780,7.5827,0.9725,5866.94,0.1704,677.00,1.7045,3.0997,3.0039,4.3695,5.1759
32,22000,200,352,70,389.00,772.00,4.3780,7.5827,0.9855,3643.91,0.2744,681.00,2.7443,5.0570,4.9378,7.1732,8.7174
32,22000,200,352,140,389.00,772.00,4.3780,7.5827,0.9908,3467.54,0.2884,677.00,2.8839,5.2401,5.1320,7.2443,8.6166
32,22000,200,352,281,389.00,772.00,4.3780,7.5827,0.9917,3476.37,0.2877,679.00,2.8766,5.3730,5.2645,7.4145,8.9292
32,22000,200,352,352,389.00,772.00,4.3780,7.5827,0.9917,3480.18,0.2873,684.00,2.8734,5.4430,5.3547,7.3950,8.7265
32,22000,200,352,528,389.00,772.00,4.3780,7.5827,0.9918,3279.21,0.3050,685.00,3.0495,5.7791,5.6801,7.7632,9.2037
32,22000,200,352,704,389.00,772.00,4.3780,7.5827,0.9918,3057.71,0.3270,682.00,3.2704,6.1678,6.0950,8.0839,9.1777
32,22000,200,704,140,389.00,772.00,4.3780,7.5827,0.9958,1960.63,0.5100,709.00,5.1004,9.6171,9.4797,12.8062,15.0572
32,22000,200,704,281,389.00,772.00,4.3780,7.5827,0.9975,1911.19,0.5232,725.00,5.2323,9.9298,9.7887,13.1985,16.6370
32,22000,200,704,563,389.00,772.00,4.3780,7.5827,0.9978,1849.87,0.5406,711.00,5.4058,10.3873,10.2824,13.7507,16.2959
32,22000,200,704,704,389.00,772.00,4.3780,7.5827,0.9978,1797.32,0.5564,720.00,5.5638,10.5873,10.5065,13.6539,15.3296
32,22000,200,704,1056,389.00,772.00,4.3780,7.5827,0.9978,1632.29,0.6126,710.00,6.1264,11.6163,11.5224,14.8178,17.2736
32,22000,200,704,1408,389.00,772.00,4.3780,7.5827,0.9978,1452.36,0.6885,727.00,6.8853,13.1569,13.0633,16.5451,18.3890
32,22000,200,1408,281,389.00,772.00,4.3780,7.5827,0.9988,1018.83,0.9815,801.00,9.8152,18.3538,18.2130,23.7990,26.2989
32,22000,200,1408,563,389.00,772.00,4.3780,7.5827,0.9992,976.39,1.0242,805.00,10.2418,19.2130,19.0953,24.6275,28.1790
32,22000,200,1408,1126,389.00,772.00,4.3780,7.5827,0.9992,909.59,1.0994,828.00,10.9940,20.9307,20.7596,26.2061,30.0517
32,22000,200,1408,1408,389.00,772.00,4.3780,7.5827,0.9992,884.41,1.1307,820.00,11.3070,21.3864,21.2859,26.6431,28.9120
32,22000,200,1408,2112,389.00,772.00,4.3780,7.5827,0.9993,758.94,1.3176,841.00,13.1762,24.9270,24.7685,30.7011,35.4316
32,22000,200,1408,2816,389.00,772.00,4.3780,7.5827,0.9993,635.58,1.5734,825.00,15.7337,30.4146,30.2702,35.5324,38.7031
32,26000,40,26,5,398.00,777.00,4.5035,8.0926,0.7430,41083.58,0.0243,652.00,0.2434,0.3232,0.3076,0.5249,0.6533
32,26000,40,26,10,398.00,777.00,4.5035,8.0926,0.7699,44975.62,0.0222,650.00,0.2223,0.3061,0.2852,0.5096,0.6397
32,26000,40,26,20,398.00,777.00,4.5035,8.0926,0.7816,44304.30,0.0226,649.00,0.2257,0.3031,0.2858,0.4744,0.5875
32,26000,40,26,26,398.00,777.00,4.5035,8.0926,0.7830,43659.87,0.0229,646.00,0.2290,0.3009,0.2825,0.4815,0.5971
32,26000,40,26,39,398.00,777.00,4.5035,8.0926,0.7840,38753.72,0.0258,646.00,0.2580,0.3276,0.3098,0.5010,0.6076
32,26000,40,26,52,398.00,777.00,4.5035,8.0926,0.7842,40238.37,0.0249,645.00,0.2485,0.3453,0.3298,0.5070,0.6156
32,26000,40,52,10,398.00,777.00,4.5035,8.0926,0.8455,26582.34,0.0376,651.00,0.3762,0.5322,0.5082,0.8308,0.9990
32,26000,40,52,20,398.00,777.00,4.5035,8.0926,0.8676,28539.74,0.0350,643.00,0.3504,0.5375,0.5150,0.8233,1.0139
32,26000,40,52,41,398.00,777.00,4.5035,8.0926,0.8745,25384.75,0.0394,664.00,0.3939,0.5676,0.5436,0.8674,1.0291
32,26000,40,52,52,398.00,777.00,4.5035,8.0926,0.8750,25747.78,0.0388,653.00,0.3884,0.5764,0.5529,0.8701,1.0423
32,26000,40,52,78,398.00,777.00,4.5035,8.0926,0.8752,25871.62,0.0387,656.00,0.3865,0.6178,0.5946,0.8963,1.0715
32,26000,40,52,104,398.00,777.00,4.5035,8.0926,0.8752,24666.96,0.0405,656.00,0.4054,0.6265,0.6007,0.9255,1.0942
32,26000,40,104,20,398.00,777.00,4.5035,8.0926,0.9211,16573.69,0.0603,653.00,0.6034,1.0083,0.9655,1.5132,1.8477
32,26000,40,104,41,398.00,777.00,4.5035,8.0926,0.9362,16171.46,0.0618,649.00,0.6184,1.0314,0.9956,1.5340,1.8760
32,26000,40,104,83,398.00,777.00,4.5035,8.0926,0.9394,15921.33,0.0628,646.00,0.6281,1.0635,1.0340,1.5138,1.8170
32,26000,40,104,104,398.00,777.00,4.5035,8.0926,0.9394,15642.88,0.0639,649.00,0.6393,1.0788,1.0457,1.5422,1.8121
32,26000,40,104,156,398.00,777.00,4.5035,8.0926,0.9395,14435.56,0.0693,648.00,0.6927,1.1624,1.1220,1.6432,1.9891
32,26000,40,104,208,398.00,777.00,4.5035,8.0926,0.9396,13954.72,0.0717,653.00,0.7166,1.2317,1.1992,1.7132,2.0306
32,26000,40,208,41,398.00,777.00,4.5035,8.0926,0.9675,9281.48,0.1077,652.00,1.0774,1.9401,1.9040,2.6514,3.1120
32,26000,40,208,83,398.00,777.00,4.5035,8.0926,0.9748,8629.36,0.1159,661.00,1.1588,1.9875,1.9302,2.8420,3.3747
32,26000,40,208,166,398.00,777.00,4.5035,8.0926,0.9759,8797.34,0.1137,662.00,1.1367,2.0699,2.0182,2.8238,3.2787
32,26000,40,208,208,398.00,777.00,4.5035,8.0926,0.9761,8648.64,0.1156,662.00,1.1563,2.0745,2.0426,2.7916,3.2119
32,26000,40,208,312,398.00,777.00,4.5035,8.0926,0.9761,8048.23,0.1243,657.00,1.2425,2.2600,2.2206,2.9960,3.4499
32,26000,40,208,416,398.00,777.00,4.5035,8.0926,0.9761,7534.49,0.1327,657.00,1.3272,2.4456,2.4147,3.1498,3.5243
32,26000,40,416,83,398.00,777.00,4.5035,8.0926,0.9894,5002.36,0.1999,688.00,1.9991,3.7078,3.6554,4.8846,5.6526
32,26000,40,416,166,398.00,777.00,4.5035,8.0926,0.9921,4751.32,0.2105,688.00,2.1047,3.8784,3.8422,5.0515,5.6727
32,26000,40,416,332,398.00,777.00,4.5035,8.0926,0.9925,4484.70,0.2230,695.00,2.2298,3.9944,3.9368,5.2632,6.2367
32,26000,40,416,416,398.00,777.00,4.5035,8.0926,0.9925,4524.26,0.2210,694.00,2.2103,4.1137,4.0589,5.3062,6.0670
32,26000,40,416,624,398.00,777.00,4.5035,8.0926,0.9926,4133.05,0.2420,682.00,2.4195,4.4771,4.4117,5.8274,6.7138
32,26000,40,416,832,398.00,777.00,4.5035,8.0926,0.9926,3736.73,0.2676,679.00,2.6761,5.0064,4.9481,6.3051,7.1567
32,26000,40,832,166,398.00,777.00,4.5035,8.0926,0.9967,2724.88,0.3670,738.00,3.6699,6.8701,6.7938,8.8395,10.0485
32,26000,40,832,332,398.00,777.00,4.5035,8.0926,0.9975,2624.83,0.3810,731.00,3.8098,7.2102,7.1348,9.0316,10.1732
32,26000,40,832,665,398.00,777.00,4.5035,8.0926,0.9978,2382.04,0.4198,740.00,4.1981,7.9243,7.8544,9.7908,11.0456
32,26000,40,832,832,398.00,777.00,4.5035,8.0926,0.9978,2295.79,0.4356,734.00,4.3558,8.1237,8.0477,10.0427,11.4425
32,26000,40,832,1248,398.00,777.00,4.5035,8.0926,0.9978,2004.70,0.4988,746.00,4.9883,9.6421,9.5676,11.6002,12.8943
32,26000,40,832,1664,398.00,777.00,4.5035,8.0926,0.9978,1658.53,0.6029,748.00,6.0294,11.5219,11.4887,13.3630,14.3668
32,26000,40,1664,332,398.00,777.00,4.5035,8.0926,0.9987,1451.79,0.6888,849.00,6.8880,13.2043,13.1848,16.0047,17.4453
32,26000,40,1664,665,398.00,777.00,4.5035,8.0926,0.9990,1333.23,0.7501,856.00,7.5006,14.2647,14.1702,17.2966,19.5769
32,26000,40,1664,1331,398.00,777.00,4.5035,8.0926,0.9991,1190.41,0.8400,847.00,8.4005,16.2785,16.2698,18.8654,20.0663
32,26000,40,1664,1664,398.00,777.00,4.5035,8.0926,0.9991,1127.78,0.8867,847.00,8.8669,17.0775,17.0221,19.9269,21.4796
32,26000,40,1664,2496,398.00,777.00,4.5035,8.0926,0.9991,868.19,1.1518,853.00,11.5182,22.5783,22.4723,25.4637,27.7149
32,26000,40,1664,3328,398.00,777.00,4.5035,8.0926,0.9991,654.65,1.5275,860.00,15.2753,30.1479,30.0935,33.0695,34.7558
32,26000,100,26,5,426.00,778.00,3.8388,7.0565,0.7102,32483.85,0.0308,659.00,0.3078,0.5002,0.4766,0.8615,1.0954
32,26000,100,26,10,426.00,778.00,3.8388,7.0565,0.7575,33855.44,0.0295,666.00,0.2954,0.4387,0.4196,0.7540,0.9582
32,26000,100,26,20,426.00,778.00,3.8388,7.0565,0.7787,33636.33,0.0297,659.00,0.2973,0.4290,0.4054,0.7292,0.9183
32,26000,100,26,26,426.00,778.00,3.8388,7.0565,0.7825,33529.09,0.0298,661.00,0.2982,0.4261,0.4061,0.7165,0.9034
32,26000,100,26,39,426.00,778.00,3.8388,7.0565,0.7849,34011.42,0.0294,660.00,0.2940,0.4348,0.4157,0.7213,0.8980
32,26000,100,26,52,426.00,778.00,3.8388,7.0565,0.7852,32911.34,0.0304,658.00,0.3038,0.4379,0.4122,0.7377,0.9928
32,26000,100,52,10,426.00,778.00,3.8388,7.0565,0.8177,20538.79,0.0487,659.00,0.4869,0.7928,0.7535,1.2829,1.6930
32,26000,100,52,20,426.00,778.00,3.8388,7.0565,0.8591,20489.18,0.0488,669.00,0.4881,0.7908,0.7672,1.2686,1.5747
32,26000,100,52,41,426.00,778.00,3.8388,7.0565,0.8739,20336.67,0.0492,664.00,0.4917,0.8012,0.7721,1.2637,1.5798
32,26000,100,52,52,426.00,778.00,3.8388,7.0565,0.8751,19741.11,0.0507,657.00,0.5066,0.8261,0.7943,1.3021,1.5901
32,26000,100,52,78,426.00,778.00,3.8388,7.0565,0.8763,19507.02,0.0513,657.00,0.5126,0.8276,0.7975,1.2938,1.5590
32,26000,100,52,104,426.00,778.00,3.8388,7.0565,0.8765,19195.03,0.0521,657.00,0.5210,0.8530,0.8200,1.3204,1.6876
32,26000,100,104,20,426.00,778.00,3.8388,7.0565,0.9024,11829.12,0.0845,664.00,0.8454,1.4867,1.4544,2.1944,2.5896
32,26000,100,104,41,426.00,778.00,3.8388,7.0565,0.9323,11647.77,0.0859,671.00,0.8585,1.5028,1.4698,2.2700,2.7509
32,26000,100,104,83,426.00,778.00,3.8388,7.0565,0.9396,11395.58,0.0878,662.00,0.8775,1.5402,1.5052,2.2835,2.7398
32,26000,100,104,104,426.00,778.00,3.8388,7.0565,0.9403,11406.79,0.0877,662.00,0.8767,1.5353,1.5062,2.2970,2.7937
32,26000,100,104,156,426.00,778.00,3.8388,7.0565,0.9408,11085.44,0.0902,661.00,0.9021,1.5946,1.5595,2.3422,2.8129
32,26000,100,104,208,426.00,778.00,3.8388,7.0565,0.9408,10616.57,0.0942,674.00,0.9419,1.6787,1.6372,2.4339,2.9023
32,26000,100,208,41,426.00,778.00,3.8388,7.0565,0.9591,6148.13,0.1627,664.00,1.6265,2.8573,2.7747,4.2157,5.3114
32,26000,100,208,83,426.00,778.00,3.8388,7.0565,0.9735,6221.78,0.1607,663.00,1.6073,2.9538,2.8870,4.2079,4.9053
32,26000,100,208,166,426.00,778.00,3.8388,7.0565,0.9764,6004.09,0.1666,661.00,1.6655,3.0101,2.9637,4.2806,4.9548
32,26000,100,208,208,426.00,778.00,3.8388,7.0565,0.9767,6074.90,0.1646,660.00,1.6461,3.0506,2.9850,4.3036,5.2456
32,26000,100,208,312,426.00,778.00,3.8388,7.0565,0.9768,5826.09,0.1716,663.00,1.7164,3.1406,3.0830,4.3580,5.0675
32,26000,100,208,416,426.00,778.00,3.8388,7.0565,0.9767,5541.20,0.1805,656.00,1.8047,3.2851,3.1832,4.6833,6.0033
32,26000,100,416,83,426.00,778.00,3.8388,7.0565,0.9862,3471.05,0.2881,672.00,2.8810,5.3911,5.3004,7.4433,8.4988
32,26000,100,416,166,426.00,778.00,3.8388,7.0565,0.9921,3383.09,0.2956,676.00,2.9559,5.5718,5.4685,7.5948,9.0493
32,26000,100,416,332,426.00,778.00,3.8388,7.0565,0.9930,3186.67,0.3138,676.00,3.1381,5.8045,5.7470,7.7672,8.8598
32,26000,100,416,416,426.00,778.00,3.8388,7.0565,0.9929,3202.59,0.3122,677.00,3.1225,5.7317,5.6370,7.7903,8.9855
32,26000,100,416,624,426.00,778.00,3.8388,7.0565,0.9929,3039.41,0.3290,678.00,3.2901,6.2088,6.1425,8.1211,9.2950
32,26000,100,416,832,426.00,778.00,3.8388,7.0565,0.9930,2767.69,0.3613,680.00,3.6131,6.7460,6.6631,8.7056,9.9762
32,26000,100,832,166,426.00,778.00,3.8388,7.0565,0.9963,1884.11,0.5308,719.00,5.3076,10.0917,9.9201,13.3895,15.3467
32,26000,100,832,332,426.00,778.00,3.8388,7.0565,0.9980,1745.61,0.5729,727.00,5.7286,10.7961,10.7434,14.0035,15.4660
32,26000,100,832,665,426.00,778.00,3.8388,7.0565,0.9981,1662.63,0.6015,729.00,6.0146,11.2897,11.2324,14.5205,16.0877
32,26000,100,832,832,426.00,778.00,3.8388,7.0565,0.9982,1669.75,0.5989,750.00,5.9889,11.3883,11.3749,14.7295,16.1512
32,26000,100,832,1248,426.00,778.00,3.8388,7.0565,0.9982,1509.69,0.6624,752.00,6.6239,12.7287,12.6071,16.0486,18.0724
32,26000,100,832,1664,426.00,778.00,3.8388,7.0565,0.9982,1334.70,0.7492,753.00,7.4923,14.5490,14.4046,17.9193,20.5638
32,26000,100,1664,332,426.00,778.00,3.8388,7.0565,0.9989,1012.77,0.9874,848.00,9.8739,18.9076,18.8155,24.1213,27.1543
32,26000,100,1664,665,426.00,778.00,3.8388,7.0565,0.9992,930.21,1.0750,841.00,10.7502,20.3613,20.3726,25.4389,27.6783
32,26000,100,1664,1331,426.00,778.00,3.8388,7.0565,0.9993,852.58,1.1729,844.00,11.7292,22.4703,22.4402,27.5436,29.8518
32,26000,100,1664,1664,426.00,778.00,3.8388,7.0565,0.9993,839.54,1.1911,833.00,11.9113,23.0920,23.0153,28.0045,30.5283
32,26000,100,1664,2496,426.00,778.00,3.8388,7.0565,0.9993,681.59,1.4672,830.00,14.6715,28.3151,28.0285,34.2389,38.0881
32,26000,100,1664,3328,426.00,778.00,3.8388,7.0565,0.9993,548.50,1.8231,833.00,18.2315,35.8401,35.7712,40.5574,42.4720
32,26000,200,26,5,394.00,777.00,5.1837,8.4870,0.7195,31903.99,0.0313,664.00,0.3134,0.4881,0.4680,0.8440,1.1580
32,26000,200,26,10,394.00,777.00,5.1837,8.4870,0.7634,32397.54,0.0309,663.00,0.3087,0.4567,0.4317,0.7828,1.0738
32,26000,200,26,20,394.00,777.00,5.1837,8.4870,0.7821,33370.09,0.0300,664.00,0.2997,0.4438,0.4237,0.7437,0.9347
32,26000,200,26,26,394.00,777.00,5.1837,8.4870,0.7854,33474.38,0.0299,660.00,0.2987,0.4535,0.4367,0.7380,0.9142
32,26000,200,26,39,394.00,777.00,5.1837,8.4870,0.7873,32405.60,0.0309,665.00,0.3086,0.4433,0.4182,0.7429,0.9440
32,26000,200,26,52,394.00,777.00,5.1837,8.4870,0.7875,33452.66,0.0299,658.00,0.2989,0.4738,0.4563,0.7446,0.9201
32,26000,200,52,10,394.00,777.00,5.1837,8.4870,0.8247,20606.32,0.0485,669.00,0.4853,0.7939,0.7664,1.2631,1.5891
32,26000,200,52,20,394.00,777.00,5.1837,8.4870,0.8618,20688.62,0.0483,661.00,0.4834,0.7880,0.7617,1.2575,1.5422
32,26000,200,52,41,394.00,777.00,5.1837,8.4870,0.8759,20245.88,0.0494,657.00,0.4939,0.8099,0.7771,1.3012,1.5925
32,26000,200,52,52,394.00,777.00,5.1837,8.4870,0.8772,20031.41,0.0499,664.00,0.4992,0.8103,0.7683,1.3056,1.7390
32,26000,200,52,78,394.00,777.00,5.1837,8.4870,0.8777,19911.31,0.0502,660.00,0.5022,0.8360,0.8023,1.2954,1.5777
32,26000,200,52,104,394.00,777.00,5.1837,8.4870,0.8777,18984.33,0.0527,667.00,0.5268,0.8726,0.8488,1.3192,1.5816
32,26000,200,104,20,394.00,777.00,5.1837,8.4870,0.9078,11731.46,0.0852,662.00,0.8524,1.4826,1.4315,2.2524,3.0782
32,26000,200,104,41,394.00,777.00,5.1837,8.4870,0.9342,11897.31,0.0841,675.00,0.8405,1.4759,1.4368,2.2410,2.7594
32,26000,200,104,83,394.00,777.00,5.1837,8.4870,0.9403,11432.77,0.0875,659.00,0.8747,1.5199,1.4616,2.3206,3.0817
32,26000,200,104,104,394.00,777.00,5.1837,8.4870,0.9405,11632.80,0.0860,661.00,0.8596,1.5256,1.4771,2.2931,2.7711
32,26000,200,104,156,394.00,777.00,5.1837,8.4870,0.9409,11314.05,0.0884,666.00,0.8839,1.6059,1.5602,2.3541,2.9080
32,26000,200,104,208,394.00,777.00,5.1837,8.4870,0.9409,10776.51,0.0928,661.00,0.9279,1.6844,1.6302,2.4818,2.9649
32,26000,200,208,41,394.00,777.00,5.1837,8.4870,0.9616,6555.57,0.1525,673.00,1.5254,2.8211,2.7620,4.0226,4.7961
32,26000,200,208,83,394.00,777.00,5.1837,8.4870,0.9747,6450.58,0.1550,666.00,1.5502,2.8773,2.8196,4.1210,4.8999
32,26000,200,208,166,394.00,777.00,5.1837,8.4870,0.9768,6279.64,0.1592,666.00,1.5924,2.9688,2.9077,4.1933,4.8970
32,26000,200,208,208,394.00,777.00,5.1837,8.4870,0.9770,6130.07,0.1631,663.00,1.6313,2.9746,2.8733,4.3667,5.6889
32,26000,200,208,312,394.00,777.00,5.1837,8.4870,0.9770,5861.49,0.1706,667.00,1.7061,3.1552,3.0891,4.3930,5.1420
32,26000,200,208,416,394.00,777.00,5.1837,8.4870,0.9770,5539.04,0.1805,668.00,1.8054,3.3369,3.2595,4.6250,5.4304
32,26000,200,416,83,394.00,777.00,5.1837,8.4870,0.9879,3429.17,0.2916,687.00,2.9162,5.4517,5.3819,7.4315,8.3748
32,26000,200,416,166,394.00,777.00,5.1837,8.4870,0.9924,3360.10,0.2976,686.00,2.9761,5.5940,5.5237,7.5695,8.5950
32,26000,200,416,332,394.00,777.00,5.1837,8.4870,0.9930,3258.17,0.3069,691.00,3.0692,5.7729,5.6869,7.7663,8.9333
32,26000,200,416,416,394.00,777.00,5.1837,8.4870,0.9931,3180.02,0.3145,685.00,3.1446,5.7710,5.6892,7.8257,9.1279
32,26000,200,416,624,394.00,777.00,5.1837,8.4870,0.9931,2967.41,0.3370,680.00,3.3699,6.2593,6.1469,8.3998,10.4427
32,26000,200,416,832,394.00,777.00,5.1837,8.4870,0.9931,2768.83,0.3612,676.00,3.6116,6.8229,6.7482,8.7816,9.7778
32,26000,200,832,166,394.00,777.00,5.1837,8.4870,0.9968,1837.08,0.5443,743.00,5.4434,10.1564,9.9418,13.8824,16.3183
32,26000,200,832,332,394.00,777.00,5.1837,8.4870,0.9980,1770.34,0.5649,743.00,5.6486,10.6413,10.5901,13.7085,15.0527
32,26000,200,832,665,394.00,777.00,5.1837,8.4870,0.9981,1672.86,0.5978,744.00,5.9778,11.2689,11.2328,14.3931,15.9988
32,26000,200,832,832,394.00,777.00,5.1837,8.4870,0.9981,1693.28,0.5906,748.00,5.9057,11.3172,11.1875,14.5650,16.6568
32,26000,200,832,1248,394.00,777.00,5.1837,8.4870,0.9981,1489.37,0.6714,744.00,6.7142,12.7472,12.6061,16.1510,19.2000
32,26000,200,832,1664,394.00,777.00,5.1837,8.4870,0.9981,1296.57,0.7713,748.00,7.7127,14.7642,14.7034,17.8353,19.2802
32,26000,200,1664,332,394.00,777.00,5.1837,8.4870,0.9990,969.76,1.0312,850.00,10.3118,19.3565,19.3368,24.6326,26.9023
32,26000,200,1664,665,394.00,777.00,5.1837,8.4870,0.9992,915.15,1.0927,851.00,10.9271,20.5006,20.4528,26.4771,29.5796
32,26000,200,1664,1331,394.00,777.00,5.1837,8.4870,0.9992,850.14,1.1763,841.00,11.7628,22.4644,22.4121,27.3398,29.8809
32,26000,200,1664,1664,394.00,777.00,5.1837,8.4870,0.9993,820.40,1.2189,837.00,12.1892,23.2270,23.1476,28.2215,30.8617
32,26000,200,1664,2496,394.00,777.00,5.1837,8.4870,0.9993,668.64,1.4956,853.00,14.9556,28.5638,28.4243,33.8855,37.2917
32,26000,200,1664,3328,394.00,777.00,5.1837,8.4870,0.9993,533.80,1.8734,857.00,18.7337,36.0235,35.9087,41.6089,44.1540
32,30000,40,30,6,438.00,781.00,5.2478,8.9689,0.7593,30694.79,0.0326,668.00,0.3258,0.5058,0.4909,0.8370,1.0307
32,30000,40,30,12,438.00,781.00,5.2478,8.9689,0.7846,32997.53,0.0303,666.00,0.3031,0.4563,0.4376,0.7590,0.9453
32,30000,40,30,24,438.00,781.00,5.2478,8.9689,0.7939,31276.71,0.0320,671.00,0.3197,0.4606,0.4424,0.7553,0.9254
32,30000,40,30,30,438.00,781.00,5.2478,8.9689,0.7952,33306.97,0.0300,668.00,0.3002,0.4535,0.4343,0.7296,0.9220
32,30000,40,30,45,438.00,781.00,5.2478,8.9689,0.7958,32539.36,0.0307,668.00,0.3073,0.4637,0.4447,0.7369,0.9026
32,30000,40,30,60,438.00,781.00,5.2478,8.9689,0.7960,30920.63,0.0323,672.00,0.3234,0.4644,0.4431,0.7447,0.8978
32,30000,40,60,12,438.00,781.00,5.2478,8.9689,0.8574,20441.58,0.0489,664.00,0.4892,0.7878,0.7593,1.2590,1.6353
32,30000,40,60,24,438.00,781.00,5.2478,8.9689,0.8781,19772.78,0.0506,668.00,0.5057,0.8043,0.7681,1.3343,1.6835
32,30000,40,60,48,438.00,781.00,5.2478,8.9689,0.8832,19181.33,0.0521,672.00,0.5213,0.8198,0.7883,1.3116,1.6997
32,30000,40,60,60,438.00,781.00,5.2478,8.9689,0.8835,19483.58,0.0513,673.00,0.5133,0.8608,0.8383,1.3066,1.5798
32,30000,40,60,90,438.00,781.00,5.2478,8.9689,0.8834,19187.44,0.0521,672.00,0.5212,0.8718,0.8527,1.2998,1.5759
32,30000,40,60,120,438.00,781.00,5.2478,8.9689,0.8834,18856.54,0.0530,670.00,0.5303,0.9118,0.8943,1.3270,1.5736
32,30000,40,120,24,438.00,781.00,5.2478,8.9689,0.9295,11242.04,0.0890,674.00,0.8895,1.5359,1.4910,2.3393,2.8690
32,30000,40,120,48,438.00,781.00,5.2478,8.9689,0.9420,11458.37,0.0873,669.00,0.8727,1.5382,1.5161,2.2658,2.7047
32,30000,40,120,96,438.00,781.00,5.2478,8.9689,0.9447,11217.89,0.0891,667.00,0.8914,1.5937,1.5674,2.3205,2.7338
32,30000,40,120,120,438.00,781.00,5.2478,8.9689,0.9448,10919.78,0.0916,673.00,0.9158,1.6224,1.5897,2.3548,2.8157
32,30000,40,120,180,438.00,781.00,5.2478,8.9689,0.9450,10574.71,0.0946,671.00,0.9457,1.6970,1.6683,2.4181,2.8883
32,30000,40,120,240,438.00,781.00,5.2478,8.9689,0.9452,10052.88,0.0995,684.00,0.9947,1.7881,1.7620,2.4647,2.8594
32,30000,40,240,48,438.00,781.00,5.2478,8.9689,0.9714,6185.74,0.1617,685.00,1.6166,2.9529,2.9073,4.1560,4.7984
32,30000,40,240,96,438.00,781.00,5.2478,8.9689,0.9773,6224.45,0.1607,681.00,1.6066,2.9793,2.9447,4.1577,4.8563
32,30000,40,240,192,438.00,781.00,5.2478,8.9689,0.9784,6088.40,0.1642,682.00,1.6425,3.0677,3.0139,4.2848,5.0325
32,30000,40,240,240,438.00,781.00,5.2478,8.9689,0.9786,5974.41,0.1674,682.00,1.6738,3.1070,3.0600,4.2853,5.0100
32,30000,40,240,360,438.00,781.00,5.2478,8.9689,0.9787,5687.84,0.1758,690.00,1.7581,3.3114,3.2719,4.4877,5.2377
32,30000,40,240,480,438.00,781.00,5.2478,8.9689,0.9787,5312.64,0.1882,684.00,1.8823,3.5292,3.4891,4.7491,5.3807
32,30000,40,480,96,438.00,781.00,5.2478,8.9689,0.9906,3337.65,0.2996,700.00,2.9961,5.5186,5.4129,7.5868,9.5433
32,30000,40,480,192,438.00,781.00,5.2478,8.9689,0.9934,3297.10,0.3033,705.00,3.0330,5.7113,5.6261,7.7492,8.9171
32,30000,40,480,384,438.00,781.00,5.2478,8.9689,0.9939,3092.17,0.3234,706.00,3.2340,6.0516,6.0241,7.9480,8.8799
32,30000,40,480,480,438.00,781.00,5.2478,8.9689,0.9939,3044.74,0.3284,705.00,3.2844,6.1758,6.1115,8.1660,9.2879
32,30000,40,480,720,438.00,781.00,5.2478,8.9689,0.9940,2718.28,0.3679,704.00,3.6788,6.7590,6.7175,8.6913,9.7305
32,30000,40,480,960,438.00,781.00,5.2478,8.9689,0.9940,2525.50,0.3960,717.00,3.9596,7.3921,7.3297,9.3565,10.4153
32,30000,40,960,192,438.00,781.00,5.2478,8.9689,0.9972,1823.12,0.5485,749.00,5.4851,10.5689,10.4244,13.8168,15.5598
32,30000,40,960,384,438.00,781.00,5.2478,8.9689,0.9980,1751.49,0.5709,750.00,5.7094,10.9077,10.8621,14.1038,16.2084
32,30000,40,960,768,438.00,781.00,5.2478,8.9689,0.9982,1626.21,0.6149,766.00,6.1493,11.7588,11.7107,14.9774,16.9235
32,30000,40,960,960,438.00,781.00,5.2478,8.9689,0.9982,1558.12,0.6418,758.00,6.4180,11.9567,11.8957,15.1485,17.1786
32,30000,40,960,1440,438.00,781.00,5.2478,8.9689,0.9983,1372.26,0.7287,758.00,7.2873,14.0117,13.9802,17.0410,18.4176
32,30000,40,960,1920,438.00,781.00,5.2478,8.9689,0.9984,1151.64,0.8683,765.00,8.6833,16.4890,16.2923,19.9844,23.0168
32,30000,40,1920,384,438.00,781.00,5.2478,8.9689,0.9988,953.54,1.0487,873.00,10.4873,19.8423,19.9014,25.0749,27.2301
32,30000,40,1920,768,438.00,781.00,5.2478,8.9689,0.9990,899.53,1.1117,886.00,11.1169,21.5725,21.3819,26.4026,29.2725
32,30000,40,1920,1536,438.00,781.00,5.2478,8.9689,0.9992,803.30,1.2449,900.00,12.4486,24.0830,23.9872,29.1999,32.0967
32,30000,40,1920,1920,438.00,781.00,5.2478,8.9689,0.9992,759.40,1.3168,915.00,13.1684,25.1963,25.2433,29.9096,31.9130
32,30000,40,1920,2880,438.00,781.00,5.2478,8.9689,0.9993,590.29,1.6941,898.00,16.9409,32.5607,32.5934,37.3416,39.2372
32,30000,40,1920,3840,438.00,781.00,5.2478,8.9689,0.9993,453.27,2.2062,915.00,22.0618,42.8743,42.7615,48.3185,50.9311
32,30000,100,30,6,479.00,785.00,4.3682,7.6251,0.7294,30941.65,0.0323,696.00,0.3232,0.5208,0.5026,0.8518,1.0669
32,30000,100,30,12,479.00,785.00,4.3682,7.6251,0.7734,31788.15,0.0315,700.00,0.3146,0.4599,0.4370,0.7821,0.9937
32,30000,100,30,24,479.00,785.00,4.3682,7.6251,0.7925,31944.18,0.0313,701.00,0.3130,0.4656,0.4476,0.7626,0.9783
32,30000,100,30,30,479.00,785.00,4.3682,7.6251,0.7950,33626.43,0.0297,697.00,0.2974,0.4573,0.4398,0.7459,0.9465
32,30000,100,30,45,479.00,785.00,4.3682,7.6251,0.7968,32221.62,0.0310,700.00,0.3104,0.4673,0.4449,0.7570,0.9739
32,30000,100,30,60,479.00,785.00,4.3682,7.6251,0.7972,31368.36,0.0319,699.00,0.3188,0.4780,0.4525,0.7789,0.9950
32,30000,100,60,12,479.00,785.00,4.3682,7.6251,0.8337,19679.64,0.0508,702.00,0.5081,0.8340,0.8081,1.3116,1.6648
32,30000,100,60,24,479.00,785.00,4.3682,7.6251,0.8707,19194.53,0.0521,700.00,0.5210,0.8590,0.8395,1.3169,1.6182
32,30000,100,60,48,479.00,785.00,4.3682,7.6251,0.8823,18745.24,0.0533,700.00,0.5335,0.8669,0.8467,1.3289,1.6270
32,30000,100,60,60,479.00,785.00,4.3682,7.6251,0.8833,19004.33,0.0526,700.00,0.5262,0.8826,0.8605,1.3227,1.5960
32,30000,100,60,90,479.00,785.00,4.3682,7.6251,0.8843,18826.37,0.0531,698.00,0.5312,0.9040,0.8782,1.3676,1.6652
32,30000,100,60,120,479.00,785.00,4.3682,7.6251,0.8844,17792.74,0.0562,701.00,0.5620,0.9366,0.9063,1.4128,1.6880
32,30000,100,120,24,479.00,785.00,4.3682,7.6251,0.9142,10648.50,0.0939,698.00,0.9391,1.6424,1.6004,2.4219,2.9228
32,30000,100,120,48,479.00,785.00,4.3682,7.6251,0.9385,10600.17,0.0943,697.00,0.9434,1.6158,1.5820,2.3876,2.8444
32,30000,100,120,96,479.00,785.00,4.3682,7.6251,0.9442,10706.62,0.0934,696.00,0.9340,1.6462,1.6191,2.3988,2.8179
32,30000,100,120,120,479.00,785.00,4.3682,7.6251,0.9447,10473.16,0.0955,698.00,0.9548,1.6690,1.6433,2.4137,2.8492
32,30000,100,120,180,479.00,785.00,4.3682,7.6251,0.9449,10430.62,0.0959,698.00,0.9587,1.7141,1.6890,2.4299,2.8807
32,30000,100,120,240,479.00,785.00,4.3682,7.6251,0.9450,10137.02,0.0986,702.00,0.9865,1.7795,1.7475,2.5341,2.9737
32,30000,100,240,48,479.00,785.00,4.3682,7.6251,0.9642,5940.29,0.1683,707.00,1.6834,2.9969,2.9591,4.2505,5.0089
32,30000,100,240,96,479.00,785.00,4.3682,7.6251,0.9761,5848.30,0.1710,710.00,1.7099,3.0548,2.9774,4.4079,5.2551
32,30000,100,240,192,479.00,785.00,4.3682,7.6251,0.9786,5826.99,0.1716,715.00,1.7162,3.1323,3.0685,4.4837,5.3443
32,30000,100,240,240,479.00,785.00,4.3682,7.6251,0.9787,5752.31,0.1738,715.00,1.7384,3.1626,3.1086,4.4412,5.2451
32,30000,100,240,360,479.00,785.00,4.3682,7.6251,0.9788,5543.34,0.1804,709.00,1.8040,3.3074,3.2512,4.5860,5.3599
32,30000,100,240,480,479.00,785.00,4.3682,7.6251,0.9787,5113.22,0.1956,718.00,1.9557,3.6354,3.5913,4.8659,5.6156
32,30000,100,480,96,479.00,785.00,4.3682,7.6251,0.9879,3221.11,0.3105,731.00,3.1045,5.7639,5.7238,7.7458,8.7908
32,30000,100,480,192,479.00,785.00,4.3682,7.6251,0.9932,3121.05,0.3204,737.00,3.2041,5.8665,5.8068,7.9291,9.1326
32,30000,100,480,384,479.00,785.00,4.3682,7.6251,0.9939,2990.43,0.3344,727.00,3.3440,6.1151,6.0413,8.2135,9.3993
32,30000,100,480,480,479.00,785.00,4.3682,7.6251,0.9940,2908.41,0.3438,727.00,3.4383,6.2577,6.1681,8.4747,9.7604
32,30000,100,480,720,479.00,785.00,4.3682,7.6251,0.9940,2691.08,0.3716,729.00,3.7160,6.8441,6.7937,8.8955,10.1068
32,30000,100,480,960,479.00,785.00,4.3682,7.6251,0.9940,2527.76,0.3956,737.00,3.9561,7.4445,7.4033,9.3900,10.4182
32,30000,100,960,192,479.00,785.00,4.3682,7.6251,0.9966,1771.79,0.5644,796.00,5.6440,10.5246,10.5188,13.8489,15.7327
32,30000,100,960,384,479.00,785.00,4.3682,7.6251,0.9981,1730.12,0.5780,782.00,5.7799,10.9684,10.9343,13.9878,15.5909
32,30000,100,960,768,479.00,785.00,4.3682,7.6251,0.9983,1618.02,0.6180,779.00,6.1804,11.7009,11.6385,14.9189,17.0269
32,30000,100,960,960,479.00,785.00,4.3682,7.6251,0.9983,1569.30,0.6372,785.00,6.3723,12.0927,12.0586,15.2089,16.9567
32,30000,100,960,1440,479.00,785.00,4.3682,7.6251,0.9984,1369.07,0.7304,783.00,7.3042,13.8778,13.7990,17.0655,18.8411
32,30000,100,960,1920,479.00,785.00,4.3682,7.6251,0.9984,1158.83,0.8629,777.00,8.6294,16.5979,16.5816,19.7553,21.2062
32,30000,100,1920,384,479.00,785.00,4.3682,7.6251,0.9989,948.61,1.0542,897.00,10.5418,19.7388,19.8193,24.9691,27.2372
32,30000,100,1920,768,479.00,785.00,4.3682,7.6251,0.9992,877.96,1.1390,909.00,11.3900,21.5810,21.7654,26.4630,28.6030
32,30000,100,1920,1536,479.00,785.00,4.3682,7.6251,0.9993,817.05,1.2239,877.00,12.2392,23.8062,23.6404,29.4782,33.6183
32,30000,100,1920,1920,479.00,785.00,4.3682,7.6251,0.9993,759.87,1.3160,884.00,13.1602,25.2949,25.2863,30.2218,32.5627
32,30000,100,1920,2880,479.00,785.00,4.3682,7.6251,0.9993,594.89,1.6810,904.00,16.8097,32.2409,32.1370,38.1362,41.5047
32,30000,100,1920,3840,479.00,785.00,4.3682,7.6251,0.9993,458.64,2.1804,894.00,21.8035,42.3451,42.1722,48.4777,52.3482
32,30000,200,30,6,460.00,783.00,6.0052,9.3837,0.7328,30635.95,0.0326,672.00,0.3264,0.5047,0.4870,0.8459,1.0638
32,30000,200,30,12,460.00,783.00,6.0052,9.3837,0.7764,32400.44,0.0309,672.00,0.3086,0.4790,0.4615,0.7914,0.9970
32,30000,200,30,24,460.00,783.00,6.0052,9.3837,0.7942,32189.60,0.0311,677.00,0.3107,0.4555,0.4328,0.7771,1.0173
32,30000,200,30,30,460.00,783.00,6.0052,9.3837,0.7957,32896.63,0.0304,680.00,0.3040,0.4652,0.4486,0.7527,0.9313
32,30000,200,30,45,460.00,783.00,6.0052,9.3837,0.7976,31753.77,0.0315,675.00,0.3149,0.4824,0.4636,0.7751,0.9551
32,30000,200,30,60,460.00,783.00,6.0052,9.3837,0.7976,31700.07,0.0315,672.00,0.3155,0.4884,0.4697,0.7663,0.9619
32,30000,200,60,12,460.00,783.00,6.0052,9.3837,0.8385,19385.67,0.0516,674.00,0.5158,0.8313,0.7996,1.3468,1.7313
32,30000,200,60,24,460.00,783.00,6.0052,9.3837,0.8736,19734.56,0.0507,691.00,0.5067,0.8301,0.8026,1.3059,1.7186
32,30000,200,60,48,460.00,783.00,6.0052,9.3837,0.8835,19666.20,0.0508,681.00,0.5085,0.8483,0.8226,1.3136,1.5999
32,30000,200,60,60,460.00,783.00,6.0052,9.3837,0.8843,19617.70,0.0510,674.00,0.5097,0.8570,0.8335,1.3236,1.6295
32,30000,200,60,90,460.00,783.00,6.0052,9.3837,0.8849,18694.03,0.0535,682.00,0.5349,0.8812,0.8536,1.3353,1.6535
32,30000,200,60,120,460.00,783.00,6.0052,9.3837,0.8850,18092.23,0.0553,688.00,0.5527,0.8977,0.8710,1.3910,1.7070
32,30000,200,120,24,460.00,783.00,6.0052,9.3837,0.9190,11128.56,0.0899,676.00,0.8986,1.5812,1.5471,2.3632,2.8828
32,30000,200,120,48,460.00,783.00,6.0052,9.3837,0.9413,11295.11,0.0885,676.00,0.8853,1.5905,1.5596,2.3298,2.7839
32,30000,200,120,96,460.00,783.00,6.0052,9.3837,0.9461,10959.76,0.0912,679.00,0.9124,1.6355,1.5988,2.3621,2.8808
32,30000,200,120,120,460.00,783.00,6.0052,9.3837,0.9464,10700.82,0.0935,684.00,0.9345,1.6338,1.5880,2.4167,3.0003
32,30000,200,120,180,460.00,783.00,6.0052,9.3837,0.9466,10629.01,0.0941,689.00,0.9408,1.7010,1.6752,2.4168,2.8340
32,30000,200,120,240,460.00,783.00,6.0052,9.3837,0.9466,10113.45,0.0989,684.00,0.9888,1.7844,1.7552,2.5088,2.9723
32,30000,200,240,48,460.00,783.00,6.0052,9.3837,0.9671,6174.38,0.1620,689.00,1.6196,2.9317,2.8757,4.1860,4.9075
32,30000,200,240,96,460.00,783.00,6.0052,9.3837,0.9773,6228.60,0.1605,694.00,1.6055,2.9902,2.9121,4.2798,5.2439
32,30000,200,240,192,460.00,783.00,6.0052,9.3837,0.9792,5988.65,0.1670,691.00,1.6698,3.0607,3.0199,4.3392,5.1479
32,30000,200,240,240,460.00,783.00,6.0052,9.3837,0.9794,5851.17,0.1709,691.00,1.7091,3.1411,3.0791,4.4021,5.3492
32,30000,200,240,360,460.00,783.00,6.0052,9.3837,0.9794,5499.73,0.1818,687.00,1.8183,3.3031,3.2439,4.6094,5.4156
32,30000,200,240,480,460.00,783.00,6.0052,9.3837,0.9794,5145.84,0.1943,688.00,1.9433,3.5485,3.4738,4.9431,5.9673
32,30000,200,480,96,460.00,783.00,6.0052,9.3837,0.9897,3325.31,0.3007,698.00,3.0072,5.6139,5.5593,7.6293,8.7978
32,30000,200,480,192,460.00,783.00,6.0052,9.3837,0.9937,3200.21,0.3125,713.00,3.1248,5.7533,5.6834,7.8363,9.0203
32,30000,200,480,384,460.00,783.00,6.0052,9.3837,0.9941,3059.17,0.3269,710.00,3.2689,6.0538,5.9601,8.1860,9.5169
32,30000,200,480,480,460.00,783.00,6.0052,9.3837,0.9941,3020.57,0.3311,700.00,3.3106,6.1741,6.1427,8.1345,9.1198
32,30000,200,480,720,460.00,783.00,6.0052,9.3837,0.9941,2805.65,0.3564,719.00,3.5642,6.7001,6.6547,8.6514,9.7860
32,30000,200,480,960,460.00,783.00,6.0052,9.3837,0.9942,2558.19,0.3909,719.00,3.9090,7.3896,7.3120,9.3869,10.4872
32,30000,200,960,192,460.00,783.00,6.0052,9.3837,0.9972,1771.77,0.5644,750.00,5.6441,10.6427,10.5497,13.9247,15.8585
32,30000,200,960,384,460.00,783.00,6.0052,9.3837,0.9983,1696.21,0.5896,754.00,5.8955,11.1949,11.1238,14.3251,16.1839
32,30000,200,960,768,460.00,783.00,6.0052,9.3837,0.9984,1602.80,0.6239,760.00,6.2391,11.8553,11.7569,15.1232,17.3245
32,30000,200,960,960,460.00,783.00,6.0052,9.3837,0.9984,1579.08,0.6333,765.00,6.3328,12.0035,11.9123,15.3137,17.2202
32,30000,200,960,1440,460.00,783.00,6.0052,9.3837,0.9984,1394.71,0.7170,765.00,7.1700,13.8735,13.7512,17.0289,19.0201
32,30000,200,960,1920,460.00,783.00,6.0052,9.3837,0.9984,1156.77,0.8645,758.00,8.6448,16.6208,16.5653,20.0120,21.7393
32,30000,200,1920,384,460.00,783.00,6.0052,9.3837,0.9991,966.35,1.0348,875.00,10.3482,19.6840,19.6869,24.7558,27.1141
32,30000,200,1920,768,460.00,783.00,6.0052,9.3837,0.9993,871.49,1.1475,885.00,11.4746,21.8109,21.8251,26.7515,29.1120
32,30000,200,1920,1536,460.00,783.00,6.0052,9.3837,0.9993,783.50,1.2763,892.00,12.7633,24.3154,24.3220,29.4190,31.9285
32,30000,200,1920,1920,460.00,783.00,6.0052,9.3837,0.9993,758.33,1.3187,892.00,13.1869,25.3422,25.3041,30.3893,32.7416
32,30000,200,1920,2880,460.00,783.00,6.0052,9.3837,0.9993,593.16,1.6859,903.00,16.8588,32.6606,32.6757,37.7458,39.7719
32,30000,200,1920,3840,460.00,783.00,6.0052,9.3837,0.9993,455.35,2.1961,907.00,21.9609,42.7513,42.7309,47.9603,50.6183
64,1000,40,1,1,458.00,835.00,0.9623,3.4708,0.3919,43897.59,0.0228,664.00,0.2278,0.2772,0.2372,0.6088,0.9590
64,1000,40,1,1,458.00,835.00,0.9623,3.4708,0.3919,46680.46,0.0214,663.00,0.2142,0.2529,0.2133,0.5668,0.8748
64,1000,40,1,1,458.00,835.00,0.9623,3.4708,0.3919,47749.69,0.0209,666.00,0.2094,0.2479,0.2099,0.5415,0.8673
64,1000,40,1,1,458.00,835.00,0.9623,3.4708,0.3919,48598.90,0.0206,661.00,0.2058,0.2341,0.1959,0.5169,0.8142
64,1000,40,1,1,458.00,835.00,0.9623,3.4708,0.3919,49683.82,0.0201,664.00,0.2013,0.2260,0.1873,0.5037,0.8349
64,1000,40,1,2,458.00,835.00,0.9623,3.4708,0.3967,50977.16,0.0196,665.00,0.1962,0.2148,0.1762,0.4817,0.7834
64,1000,40,2,1,458.00,835.00,0.9623,3.4708,0.5467,31186.83,0.0321,666.00,0.3206,0.4611,0.4072,0.9339,1.4326
64,1000,40,2,1,458.00,835.00,0.9623,3.4708,0.5467,30349.32,0.0329,666.00,0.3295,0.4485,0.3948,0.9008,1.4572
64,1000,40,2,1,458.00,835.00,0.9623,3.4708,0.5467,31262.50,0.0320,668.00,0.3199,0.4467,0.3893,0.9121,1.4893
64,1000,40,2,2,458.00,835.00,0.9623,3.4708,0.5534,32395.12,0.0309,662.00,0.3087,0.4267,0.3722,0.8954,1.4177
64,1000,40,2,3,458.00,835.00,0.9623,3.4708,0.5548,32191.57,0.0311,666.00,0.3106,0.4279,0.3762,0.8756,1.4395
64,1000,40,2,4,458.00,835.00,0.9623,3.4708,0.5552,33365.92,0.0300,664.00,0.2997,0.4318,0.3777,0.8837,1.4309
64,1000,40,4,1,458.00,835.00,0.9623,3.4708,0.6953,18784.95,0.0532,665.00,0.5323,0.8668,0.7696,1.5848,2.7335
64,1000,40,4,1,458.00,835.00,0.9623,3.4708,0.6953,19532.43,0.0512,663.00,0.5120,0.8543,0.7614,1.6131,2.4596
64,1000,40,4,3,458.00,835.00,0.9623,3.4708,0.7084,19336.30,0.0517,666.00,0.5172,0.8304,0.7433,1.5827,2.4012
64,1000,40,4,4,458.00,835.00,0.9623,3.4708,0.7094,19578.33,0.0511,667.00,0.5108,0.8267,0.7378,1.5503,2.3320
64,1000,40,4,6,458.00,835.00,0.9623,3.4708,0.7096,19130.61,0.0523,664.00,0.5227,0.8517,0.7604,1.5902,2.4047
64,1000,40,4,8,458.00,835.00,0.9623,3.4708,0.7097,19322.95,0.0518,667.00,0.5175,0.8633,0.7717,1.6071,2.4586
64,1000,40,8,1,458.00,835.00,0.9623,3.4708,0.8155,10723.40,0.0933,665.00,0.9325,1.6222,1.4635,2.8348,4.6386
64,1000,40,8,3,458.00,835.00,0.9623,3.4708,0.8374,10801.61,0.0926,665.00,0.9258,1.6236,1.4700,2.7494,4.8095
64,1000,40,8,6,458.00,835.00,0.9623,3.4708,0.8398,10640.17,0.0940,663.00,0.9398,1.6007,1.4566,2.7444,4.7820
64,1000,40,8,8,458.00,835.00,0.9623,3.4708,0.8400,10569.63,0.0946,666.00,0.9461,1.6403,1.4808,2.8348,4.6349
64,1000,40,8,12,458.00,835.00,0.9623,3.4708,0.8401,10462.95,0.0956,668.00,0.9558,1.6136,1.4596,2.7489,4.6532
64,1000,40,8,16,458.00,835.00,0.9623,3.4708,0.8401,10958.71,0.0913,663.00,0.9125,1.6473,1.4905,2.8211,4.5452
64,1000,40,16,3,458.00,835.00,0.9623,3.4708,0.9245,5707.82,0.1752,663.00,1.7520,3.1719,2.9280,4.8911,8.1797
64,1000,40,16,6,458.00,835.00,0.9623,3.4708,0.9288,5595.08,0.1787,664.00,1.7873,3.2739,3.0345,5.0505,8.6289
64,1000,40,16,12,458.00,835.00,0.9623,3.4708,0.9294,5604.78,0.1784,664.00,1.7842,3.1963,2.9470,4.9293,8.7061
64,1000,40,16,16,458.00,835.00,0.9623,3.4708,0.9295,5593.54,0.1788,663.00,1.7878,3.2190,2.9641,4.9697,9.0344
64,1000,40,16,24,458.00,835.00,0.9623,3.4708,0.9295,5543.50,0.1804,662.00,1.8039,3.2314,2.9787,4.9328,9.4619
64,1000,40,16,32,458.00,835.00,0.9623,3.4708,0.9295,5613.67,0.1781,664.00,1.7814,3.2796,3.0353,5.0700,8.5249
64,1000,40,32,6,458.00,835.00,0.9623,3.4708,0.9756,2884.63,0.3467,673.00,3.4666,6.2835,5.9057,8.8388,19.7249
64,1000,40,32,12,458.00,835.00,0.9623,3.4708,0.9775,2970.24,0.3367,670.00,3.3667,6.2889,5.9017,8.9997,16.2691
64,1000,40,32,25,458.00,835.00,0.9623,3.4708,0.9777,2914.11,0.3432,670.00,3.4316,6.2880,5.9076,8.8762,17.8113
64,1000,40,32,32,458.00,835.00,0.9623,3.4708,0.9777,2953.92,0.3385,671.00,3.3853,6.3324,5.9408,9.0084,17.0353
64,1000,40,32,48,458.00,835.00,0.9623,3.4708,0.9777,2972.83,0.3364,667.00,3.3638,6.2788,5.9102,8.9893,16.8313
64,1000,40,32,64,458.00,835.00,0.9623,3.4708,0.9777,2906.98,0.3440,662.00,3.4400,6.2981,5.9189,8.8529,18.4932
64,1000,40,64,12,458.00,835.00,0.9623,3.4708,0.9950,1544.29,0.6475,673.00,6.4755,12.2203,11.6569,16.1559,34.0042
64,1000,40,64,25,458.00,835.00,0.9623,3.4708,0.9954,1559.12,0.6414,669.00,6.4139,12.2129,11.6476,16.0742,34.1941
64,1000,40,64,51,458.00,835.00,0.9623,3.4708,0.9954,1509.43,0.6625,670.00,6.6250,12.2608,11.6927,16.0425,30.8212
64,1000,40,64,64,458.00,835.00,0.9623,3.4708,0.9954,1529.93,0.6536,666.00,6.5363,12.1003,11.6068,16.0701,32.4049
64,1000,40,64,96,458.00,835.00,0.9623,3.4708,0.9954,1573.39,0.6356,667.00,6.3557,11.9784,11.5038,15.6215,26.8749
64,1000,40,64,128,458.00,835.00,0.9623,3.4708,0.9954,1494.68,0.6690,674.00,6.6904,12.3296,11.8067,16.5324,39.8119
64,1000,100,1,1,225.00,830.00,1.0614,3.9202,0.3782,54067.02,0.0185,672.00,0.1850,0.2207,0.1821,0.4943,0.7186
64,1000,100,1,1,225.00,830.00,1.0614,3.9202,0.3782,58615.65,0.0171,673.00,0.1706,0.1969,0.1619,0.4435,0.6745
64,1000,100,1,1,225.00,830.00,1.0614,3.9202,0.3782,56669.02,0.0176,671.00,0.1765,0.1870,0.1467,0.4453,0.6426
64,1000,100,1,1,225.00,830.00,1.0614,3.9202,0.3782,56188.70,0.0178,672.00,0.1780,0.1817,0.1495,0.4080,0.6257
64,1000,100,1,1,225.00,830.00,1.0614,3.9202,0.3782,57312.17,0.0174,671.00,0.1745,0.1833,0.1484,0.4100,0.6199
64,1000,100,1,2,225.00,830.00,1.0614,3.9202,0.3927,56817.85,0.0176,674.00,0.1760,0.1884,0.1516,0.4348,0.6286
64,1000,100,2,1,225.00,830.00,1.0614,3.9202,0.5228,38225.14,0.0262,672.00,0.2616,0.3582,0.3132,0.7228,1.1144
64,1000,100,2,1,225.00,830.00,1.0614,3.9202,0.5228,37258.05,0.0268,675.00,0.2684,0.3522,0.3045,0.7091,1.1247
64,1000,100,2,1,225.00,830.00,1.0614,3.9202,0.5228,34681.06,0.0288,673.00,0.2883,0.3503,0.3050,0.6976,1.1064
64,1000,100,2,2,225.00,830.00,1.0614,3.9202,0.5455,39285.09,0.0255,675.00,0.2545,0.3437,0.2990,0.7004,1.1462
64,1000,100,2,3,225.00,830.00,1.0614,3.9202,0.5506,38501.99,0.0260,673.00,0.2597,0.3446,0.3006,0.6957,1.0439
64,1000,100,2,4,225.00,830.00,1.0614,3.9202,0.5534,38658.84,0.0259,672.00,0.2587,0.3373,0.2904,0.6948,1.0248
64,1000,100,4,1,225.00,830.00,1.0614,3.9202,0.6599,22605.77,0.0442,673.00,0.4424,0.6591,0.5902,1.2148,1.9546
64,1000,100,4,1,225.00,830.00,1.0614,3.9202,0.6599,22499.24,0.0444,673.00,0.4445,0.7001,0.6278,1.2786,1.8879
64,1000,100,4,3,225.00,830.00,1.0614,3.9202,0.7027,21628.29,0.0462,673.00,0.4624,0.6911,0.6158,1.2772,2.0722
64,1000,100,4,4,225.00,830.00,1.0614,3.9202,0.7073,22952.99,0.0436,673.00,0.4357,0.6764,0.6084,1.2223,1.9590
64,1000,100,4,6,225.00,830.00,1.0614,3.9202,0.7095,22803.36,0.0439,674.00,0.4385,0.6823,0.6143,1.2414,1.9661
64,1000,100,4,8,225.00,830.00,1.0614,3.9202,0.7104,23043.36,0.0434,674.00,0.4340,0.6603,0.5841,1.2260,2.0288
64,1000,100,8,1,225.00,830.00,1.0614,3.9202,0.7635,13127.83,0.0762,673.00,0.7617,1.3032,1.1839,2.1563,3.7023
64,1000,100,8,3,225.00,830.00,1.0614,3.9202,0.8257,12874.95,0.0777,673.00,0.7767,1.3020,1.1827,2.1531,3.6979
64,1000,100,8,6,225.00,830.00,1.0614,3.9202,0.8371,13125.41,0.0762,671.00,0.7619,1.3206,1.2051,2.2294,3.4548
64,1000,100,8,8,225.00,830.00,1.0614,3.9202,0.8387,12615.79,0.0793,674.00,0.7927,1.3441,1.2225,2.2495,3.4336
64,1000,100,8,12,225.00,830.00,1.0614,3.9202,0.8395,12514.01,0.0799,673.00,0.7991,1.3486,1.2214,2.3104,3.8323
64,1000,100,8,16,225.00,830.00,1.0614,3.9202,0.8396,12821.17,0.0780,674.00,0.7800,1.3088,1.1851,2.1819,3.7238
64,1000,100,16,3,225.00,830.00,1.0614,3.9202,0.9082,6733.67,0.1485,672.00,1.4851,2.6043,2.4083,3.9333,7.5995
64,1000,100,16,6,225.00,830.00,1.0614,3.9202,0.9256,6789.23,0.1473,673.00,1.4729,2.6121,2.4604,4.1383,6.0754
64,1000,100,16,12,225.00,830.00,1.0614,3.9202,0.9295,7110.49,0.1406,672.00,1.4064,2.5204,2.3435,3.7798,6.6837
64,1000,100,16,16,225.00,830.00,1.0614,3.9202,0.9298,7102.58,0.1408,671.00,1.4079,2.5857,2.4000,3.8683,7.0633
64,1000,100,16,24,225.00,830.00,1.0614,3.9202,0.9298,6905.04,0.1448,671.00,1.4482,2.5653,2.3767,3.8651,7.3201
64,1000,100,16,32,225.00,830.00,1.0614,3.9202,0.9298,7031.75,0.1422,674.00,1.4221,2.5775,2.3909,3.8232,7.1813
64,1000,100,32,6,225.00,830.00,1.0614,3.9202,0.9709,3677.44,0.2719,675.00,2.7193,4.9911,4.6939,6.8902,13.7958
64,1000,100,32,12,225.00,830.00,1.0614,3.9202,0.9771,3719.14,0.2689,672.00,2.6888,5.0501,4.7750,6.8990,14.1139
64,1000,100,32,25,225.00,830.00,1.0614,3.9202,0.9776,3661.40,0.2731,671.00,2.7312,4.9974,4.7049,6.8381,15.7864
64,1000,100,32,32,225.00,830.00,1.0614,3.9202,0.9776,3627.43,0.2757,673.00,2.7568,5.0516,4.7586,6.9615,14.6831
64,1000,100,32,48,225.00,830.00,1.0614,3.9202,0.9776,3638.34,0.2749,670.00,2.7485,5.0252,4.7206,6.8905,14.9963
64,1000,100,32,64,225.00,830.00,1.0614,3.9202,0.9776,3645.40,0.2743,676.00,2.7432,5.1381,4.8821,7.1030,11.8502
64,1000,100,64,12,225.00,830.00,1.0614,3.9202,0.9942,1937.11,0.5162,680.00,5.1623,9.8650,9.4635,12.7509,25.5322
64,1000,100,64,25,225.00,830.00,1.0614,3.9202,0.9954,1833.17,0.5455,679.00,5.4550,9.9952,9.5770,12.9875,31.1476
64,1000,100,64,51,225.00,830.00,1.0614,3.9202,0.9955,1833.46,0.5454,673.00,5.4542,10.0831,9.6564,12.9609,30.2136
64,1000,100,64,64,225.00,830.00,1.0614,3.9202,0.9955,1880.95,0.5316,679.00,5.3165,10.0032,9.6469,13.4673,21.3991
64,1000,100,64,96,225.00,830.00,1.0614,3.9202,0.9955,1920.00,0.5208,680.00,5.2083,9.9860,9.5887,12.8846,28.4255
64,1000,100,64,128,225.00,830.00,1.0614,3.9202,0.9956,1899.96,0.5263,674.00,5.2633,9.8086,9.3708,12.5748,29.5357
64,1000,200,1,1,228.00,822.00,0.6668,2.8766,0.3256,46658.74,0.0214,645.00,0.2143,0.2701,0.2277,0.6093,0.9521
64,1000,200,1,1,228.00,822.00,0.6668,2.8766,0.3256,49344.64,0.0203,645.00,0.2027,0.2439,0.2050,0.5399,0.8686
64,1000,200,1,1,228.00,822.00,0.6668,2.8766,0.3256,50736.67,0.0197,649.00,0.1971,0.2325,0.1967,0.5112,0.8341
64,1000,200,1,1,228.00,822.00,0.6668,2.8766,0.3256,50747.48,0.0197,649.00,0.1971,0.2271,0.1884,0.5170,0.8059
64,1000,200,1,1,228.00,822.00,0.6668,2.8766,0.3256,51743.24,0.0193,651.00,0.1933,0.2233,0.1887,0.4894,0.7936
64,1000,200,1,2,228.00,822.00,0.6668,2.8766,0.3684,49763.79,0.0201,651.00,0.2009,0.2191,0.1817,0.4993,0.7758
64,1000,200,2,1,228.00,822.00,0.6668,2.8766,0.4416,31563.72,0.0317,652.00,0.3168,0.4598,0.4071,0.9199,1.4296
64,1000,200,2,1,228.00,822.00,0.6668,2.8766,0.4416,33105.59,0.0302,647.00,0.3021,0.4428,0.3871,0.9036,1.3939
64,1000,200,2,1,228.00,822.00,0.6668,2.8766,0.4416,30953.00,0.0323,651.00,0.3231,0.4381,0.3841,0.8822,1.4607
64,1000,200,2,2,228.00,822.00,0.6668,2.8766,0.5051,30491.67,0.0328,653.00,0.3280,0.4400,0.3890,0.8692,1.4701
64,1000,200,2,3,228.00,822.00,0.6668,2.8766,0.5297,31521.28,0.0317,653.00,0.3172,0.4414,0.3891,0.8722,1.4386
64,1000,200,2,4,228.00,822.00,0.6668,2.8766,0.5407,31561.31,0.0317,657.00,0.3168,0.4373,0.3803,0.9072,1.4302
64,1000,200,4,1,228.00,822.00,0.6668,2.8766,0.5387,19045.87,0.0525,650.00,0.5250,0.8616,0.7756,1.5515,2.6537
64,1000,200,4,1,228.00,822.00,0.6668,2.8766,0.5387,19090.73,0.0524,652.00,0.5238,0.8522,0.7614,1.5931,2.4406
64,1000,200,4,3,228.00,822.00,0.6668,2.8766,0.6660,18931.19,0.0528,654.00,0.5282,0.8614,0.7664,1.5757,2.5281
64,1000,200,4,4,228.00,822.00,0.6668,2.8766,0.6835,19373.34,0.0516,662.00,0.5162,0.8542,0.7596,1.6190,2.4335
64,1000,200,4,6,228.00,822.00,0.6668,2.8766,0.6981,19210.88,0.0521,656.00,0.5205,0.8573,0.7643,1.6153,2.4721
64,1000,200,4,8,228.00,822.00,0.6668,2.8766,0.7045,19209.01,0.0521,655.00,0.5206,0.8455,0.7575,1.6143,2.4231
64,1000,200,8,1,228.00,822.00,0.6668,2.8766,0.5965,10708.26,0.0934,649.00,0.9339,1.6559,1.5181,2.7592,4.3211
64,1000,200,8,3,228.00,822.00,0.6668,2.8766,0.7635,10579.56,0.0945,654.00,0.9452,1.6691,1.5210,2.8255,4.4981
64,1000,200,8,6,228.00,822.00,0.6668,2.8766,0.8158,10403.40,0.0961,655.00,0.9612,1.6667,1.5079,2.8302,5.1610
64,1000,200,8,8,228.00,822.00,0.6668,2.8766,0.8268,10851.84,0.0922,652.00,0.9215,1.6479,1.5018,2.8007,4.4237
64,1000,200,8,12,228.00,822.00,0.6668,2.8766,0.8356,10286.69,0.0972,655.00,0.9721,1.6651,1.5104,2.8440,5.1278
64,1000,200,8,16,228.00,822.00,0.6668,2.8766,0.8379,10215.20,0.0979,654.00,0.9789,1.6768,1.5271,2.8466,4.8915
64,1000,200,16,3,228.00,822.00,0.6668,2.8766,0.8148,5703.25,0.1753,646.00,1.7534,3.2684,3.0283,4.9928,8.7254
64,1000,200,16,6,228.00,822.00,0.6668,2.8766,0.8875,5490.04,0.1821,650.00,1.8215,3.2929,3.0368,5.0220,9.4203
64,1000,200,16,12,228.00,822.00,0.6668,2.8766,0.9208,5681.97,0.1760,652.00,1.7600,3.2180,2.9744,4.9577,8.0706
64,1000,200,16,16,228.00,822.00,0.6668,2.8766,0.9255,5619.96,0.1779,651.00,1.7794,3.2909,3.0323,5.1151,8.6700
64,1000,200,16,24,228.00,822.00,0.6668,2.8766,0.9288,5538.66,0.1805,649.00,1.8055,3.2621,3.0009,4.9840,9.9109
64,1000,200,16,32,228.00,822.00,0.6668,2.8766,0.9293,5473.50,0.1827,652.00,1.8270,3.2770,3.0247,5.0534,9.6641
64,1000,200,32,6,228.00,822.00,0.6668,2.8766,0.9154,2911.69,0.3434,653.00,3.4344,6.3352,5.9880,8.8019,15.4447
64,1000,200,32,12,228.00,822.00,0.6668,2.8766,0.9612,2938.79,0.3403,661.00,3.4028,6.4259,6.0517,9.0862,17.5581
64,1000,200,32,25,228.00,822.00,0.6668,2.8766,0.9753,2937.54,0.3404,656.00,3.4042,6.4561,6.0541,9.1235,17.1116
64,1000,200,32,32,228.00,822.00,0.6668,2.8766,0.9763,2875.49,0.3478,656.00,3.4777,6.4064,6.0162,8.9775,18.6549
64,1000,200,32,48,228.00,822.00,0.6668,2.8766,0.9769,2858.45,0.3498,660.00,3.4984,6.3849,6.0255,8.9292,20.3230
64,1000,200,32,64,228.00,822.00,0.6668,2.8766,0.9769,2878.57,0.3474,655.00,3.4739,6.4139,6.0316,8.8641,18.7645
64,1000,200,64,12,228.00,822.00,0.6668,2.8766,0.9720,1510.17,0.6622,662.00,6.6218,12.3294,11.8103,15.8880,40.5099
64,1000,200,64,25,228.00,822.00,0.6668,2.8766,0.9918,1529.37,0.6539,662.00,6.5386,12.2960,11.7793,15.9455,37.6701
64,1000,200,64,51,228.00,822.00,0.6668,2.8766,0.9950,1487.90,0.6721,657.00,6.7209,12.4399,11.8896,15.9923,41.6386
64,1000,200,64,64,228.00,822.00,0.6668,2.8766,0.9951,1495.71,0.6686,654.00,6.6858,12.3628,11.8286,16.0336,42.0841
64,1000,200,64,96,228.00,822.00,0.6668,2.8766,0.9951,1533.93,0.6519,663.00,6.5192,12.4762,11.9052,16.5532,30.1362
64,1000,200,64,128,228.00,822.00,0.6668,2.8766,0.9952,1519.43,0.6581,652.00,6.5814,12.2655,11.7209,15.9600,36.1575
64,2000,40,2,1,204.00,824.00,1.2502,3.9766,0.4922,44279.79,0.0226,671.00,0.2258,0.2923,0.2558,0.6106,0.9339
64,2000,40,2,1,204.00,824.00,1.2502,3.9766,0.4922,47580.06,0.0210,673.00,0.2102,0.2715,0.2376,0.5673,0.8510
64,2000,40,2,1,204.00,824.00,1.2502,3.9766,0.4922,46798.14,0.0214,671.00,0.2137,0.2509,0.2114,0.5496,0.8454
64,2000,40,2,2,204.00,824.00,1.2502,3.9766,0.5019,49015.10,0.0204,674.00,0.2040,0.2549,0.2222,0.5239,0.8447
64,2000,40,2,3,204.00,824.00,1.2502,3.9766,0.5044,48335.76,0.0207,675.00,0.2069,0.2445,0.2083,0.5193,0.7973
64,2000,40,2,4,204.00,824.00,1.2502,3.9766,0.5049,50228.51,0.0199,673.00,0.1991,0.2495,0.2147,0.5163,0.7768
64,2000,40,4,1,204.00,824.00,1.2502,3.9766,0.6312,30387.99,0.0329,671.00,0.3291,0.4954,0.4447,0.9565,1.4194
64,2000,40,4,1,204.00,824.00,1.2502,3.9766,0.6312,29839.42,0.0335,674.00,0.3351,0.4739,0.4263,0.9068,1.3659
64,2000,40,4,3,204.00,824.00,1.2502,3.9766,0.6515,29373.99,0.0340,672.00,0.3404,0.4817,0.4290,0.9429,1.3822
64,2000,40,4,4,204.00,824.00,1.2502,3.9766,0.6525,30883.07,0.0324,672.00,0.3238,0.4731,0.4240,0.8973,1.3621
64,2000,40,4,6,204.00,824.00,1.2502,3.9766,0.6533,30412.08,0.0329,670.00,0.3288,0.4712,0.4153,0.9274,1.5038
64,2000,40,4,8,204.00,824.00,1.2502,3.9766,0.6535,31228.04,0.0320,675.00,0.3202,0.4675,0.4147,0.9007,1.3760
64,2000,40,8,1,204.00,824.00,1.2502,3.9766,0.7491,17690.60,0.0565,674.00,0.5653,0.9356,0.8487,1.7054,2.4324
64,2000,40,8,3,204.00,824.00,1.2502,3.9766,0.7820,18270.70,0.0547,674.00,0.5473,0.9236,0.8397,1.6487,2.4886
64,2000,40,8,6,204.00,824.00,1.2502,3.9766,0.7854,17334.73,0.0577,675.00,0.5769,0.9252,0.8332,1.7064,2.5533
64,2000,40,8,8,204.00,824.00,1.2502,3.9766,0.7860,17171.61,0.0582,671.00,0.5824,0.9224,0.8277,1.7182,2.6527
64,2000,40,8,12,204.00,824.00,1.2502,3.9766,0.7862,18149.74,0.0551,672.00,0.5510,0.9067,0.8228,1.6248,2.3777
64,2000,40,8,16,204.00,824.00,1.2502,3.9766,0.7861,17880.52,0.0559,668.00,0.5593,0.9193,0.8375,1.6348,2.3551
64,2000,40,16,3,204.00,824.00,1.2502,3.9766,0.8789,9494.95,0.1053,670.00,1.0532,1.8133,1.6503,2.9833,5.0296
64,2000,40,16,6,204.00,824.00,1.2502,3.9766,0.8864,9773.37,0.1023,676.00,1.0232,1.8058,1.6669,3.0369,4.2025
64,2000,40,16,12,204.00,824.00,1.2502,3.9766,0.8878,9570.20,0.1045,672.00,1.0449,1.8206,1.6860,3.0482,4.2641
64,2000,40,16,16,204.00,824.00,1.2502,3.9766,0.8879,9776.73,0.1023,672.00,1.0228,1.8106,1.6668,2.9696,4.3561
64,2000,40,16,24,204.00,824.00,1.2502,3.9766,0.8880,10063.32,0.0994,675.00,0.9937,1.7481,1.5983,2.8451,4.9176
64,2000,40,16,32,204.00,824.00,1.2502,3.9766,0.8880,9736.22,0.1027,677.00,1.0271,1.7456,1.6012,2.8573,4.8349
64,2000,40,32,6,204.00,824.00,1.2502,3.9766,0.9492,5259.05,0.1901,674.00,1.9015,3.4058,3.1667,5.0163,10.4919
64,2000,40,32,12,204.00,824.00,1.2502,3.9766,0.9529,5167.30,0.1935,672.00,1.9352,3.5516,3.3168,5.4745,8.9596
64,2000,40,32,25,204.00,824.00,1.2502,3.9766,0.9535,5171.54,0.1934,671.00,1.9337,3.4802,3.2323,5.2350,10.2041
64,2000,40,32,32,204.00,824.00,1.2502,3.9766,0.9536,5449.07,0.1835,675.00,1.8352,3.4247,3.2105,5.1305,8.7166
64,2000,40,32,48,204.00,824.00,1.2502,3.9766,0.9539,5293.00,0.1889,671.00,1.8893,3.4266,3.1719,5.1481,9.4170
64,2000,40,32,64,204.00,824.00,1.2502,3.9766,0.9539,5251.94,0.1904,671.00,1.9041,3.4217,3.1819,5.0649,10.0318
64,2000,40,64,12,204.00,824.00,1.2502,3.9766,0.9838,2776.19,0.3602,673.00,3.6021,6.6267,6.2739,9.1007,19.5289
64,2000,40,64,25,204.00,824.00,1.2502,3.9766,0.9850,2833.95,0.3529,669.00,3.5286,6.6438,6.2784,9.3442,17.1572
64,2000,40,64,51,204.00,824.00,1.2502,3.9766,0.9855,2821.03,0.3545,675.00,3.5448,6.6830,6.3109,9.4083,17.9355
64,2000,40,64,64,204.00,824.00,1.2502,3.9766,0.9856,2778.85,0.3599,678.00,3.5986,6.5794,6.2328,9.0597,19.7163
64,2000,40,64,96,204.00,824.00,1.2502,3.9766,0.9856,2774.17,0.3605,681.00,3.6047,6.6356,6.2724,9.2987,18.7983
64,2000,40,64,128,204.00,824.00,1.2502,3.9766,0.9856,2817.49,0.3549,675.00,3.5493,6.6018,6.2620,8.9396,19.3325
64,2000,40,128,25,204.00,824.00,1.2502,3.9766,0.9962,1486.86,0.6726,687.00,6.7256,12.8555,12.2802,16.7890,34.9957
64,2000,40,128,51,204.00,824.00,1.2502,3.9766,0.9969,1471.49,0.6796,679.00,6.7958,12.6644,12.1499,16.4220,38.2221
64,2000,40,128,102,204.00,824.00,1.2502,3.9766,0.9970,1464.41,0.6829,678.00,6.8287,12.7929,12.2808,16.6887,34.7660
64,2000,40,128,128,204.00,824.00,1.2502,3.9766,0.9970,1448.68,0.6903,685.00,6.9029,13.0535,12.5134,17.5744,30.8441
64,2000,40,128,192,204.00,824.00,1.2502,3.9766,0.9970,1477.84,0.6767,687.00,6.7666,12.9244,12.4037,16.9937,34.1857
64,2000,40,128,256,204.00,824.00,1.2502,3.9766,0.9970,1451.92,0.6887,677.00,6.8874,12.8363,12.3723,16.6152,39.6244
64,2000,100,2,1,232.00,827.00,1.4554,4.2719,0.4724,43287.31,0.0231,671.00,0.2310,0.2986,0.2596,0.6213,0.9015
64,2000,100,2,1,232.00,827.00,1.4554,4.2719,0.4724,45718.87,0.0219,664.00,0.2187,0.2762,0.2396,0.5703,0.8742
64,2000,100,2,1,232.00,827.00,1.4554,4.2719,0.4724,47795.81,0.0209,662.00,0.2092,0.2609,0.2293,0.5482,0.8379
64,2000,100,2,2,232.00,827.00,1.4554,4.2719,0.4964,48593.81,0.0206,663.00,0.2058,0.2507,0.2164,0.5229,0.8207
64,2000,100,2,3,232.00,827.00,1.4554,4.2719,0.5024,49285.34,0.0203,662.00,0.2029,0.2475,0.2128,0.5261,0.7975
64,2000,100,2,4,232.00,827.00,1.4554,4.2719,0.5049,48863.78,0.0205,668.00,0.2047,0.2532,0.2165,0.5235,0.8373
64,2000,100,4,1,232.00,827.00,1.4554,4.2719,0.5998,31169.04,0.0321,662.00,0.3208,0.5016,0.4454,0.9671,1.5027
64,2000,100,4,1,232.00,827.00,1.4554,4.2719,0.5998,31974.27,0.0313,658.00,0.3128,0.4745,0.4272,0.9055,1.3870
64,2000,100,4,3,232.00,827.00,1.4554,4.2719,0.6454,31787.21,0.0315,663.00,0.3146,0.4878,0.4353,0.9385,1.4384
64,2000,100,4,4,232.00,827.00,1.4554,4.2719,0.6493,29855.82,0.0335,666.00,0.3349,0.4696,0.4214,0.8989,1.3398
64,2000,100,4,6,232.00,827.00,1.4554,4.2719,0.6519,31263.48,0.0320,667.00,0.3199,0.4689,0.4174,0.8908,1.4642
64,2000,100,4,8,232.00,827.00,1.4554,4.2719,0.6525,31846.48,0.0314,666.00,0.3140,0.4735,0.4261,0.8854,1.3118
64,2000,100,8,1,232.00,827.00,1.4554,4.2719,0.7049,18321.43,0.0546,663.00,0.5458,0.9117,0.8242,1.6571,2.5529
64,2000,100,8,3,232.00,827.00,1.4554,4.2719,0.7712,18268.61,0.0547,664.00,0.5474,0.9042,0.8229,1.6362,2.3569
64,2000,100,8,6,232.00,827.00,1.4554,4.2719,0.7824,18225.10,0.0549,665.00,0.5487,0.8995,0.8106,1.6021,2.5930
64,2000,100,8,8,232.00,827.00,1.4554,4.2719,0.7841,18079.77,0.0553,663.00,0.5531,0.8849,0.7985,1.5742,2.7242
64,2000,100,8,12,232.00,827.00,1.4554,4.2719,0.7852,18244.96,0.0548,664.00,0.5481,0.8843,0.8005,1.5913,2.6244
64,2000,100,8,16,232.00,827.00,1.4554,4.2719,0.7853,17969.00,0.0557,663.00,0.5565,0.8965,0.8121,1.6133,2.6258
64,2000,100,16,3,232.00,827.00,1.4554,4.2719,0.8648,10319.22,0.0969,665.00,0.9691,1.7083,1.5695,2.7708,4.6787
64,2000,100,16,6,232.00,827.00,1.4554,4.2719,0.8828,10469.54,0.0955,660.00,0.9552,1.7129,1.5741,2.7656,4.2043
64,2000,100,16,12,232.00,827.00,1.4554,4.2719,0.8882,10580.13,0.0945,665.00,0.9452,1.7195,1.5685,2.8644,4.5853
64,2000,100,16,16,232.00,827.00,1.4554,4.2719,0.8885,10578.65,0.0945,666.00,0.9453,1.7423,1.5855,2.8094,4.9011
64,2000,100,16,24,232.00,827.00,1.4554,4.2719,0.8887,10429.80,0.0959,660.00,0.9588,1.7343,1.5923,2.8339,4.4172
64,2000,100,16,32,232.00,827.00,1.4554,4.2719,0.8888,10255.36,0.0975,665.00,0.9751,1.7422,1.5984,2.8701,4.6672
64,2000,100,32,6,232.00,827.00,1.4554,4.2719,0.9432,5532.42,0.1808,663.00,1.8075,3.3816,3.1368,5.0796,9.1965
64,2000,100,32,12,232.00,827.00,1.4554,4.2719,0.9521,5349.20,0.1869,662.00,1.8694,3.3803,3.1455,5.0461,9.4890
64,2000,100,32,25,232.00,827.00,1.4554,4.2719,0.9536,5503.28,0.1817,657.00,1.8171,3.4024,3.1615,5.0693,9.0117
64,2000,100,32,32,232.00,827.00,1.4554,4.2719,0.9537,5510.29,0.1815,662.00,1.8148,3.4121,3.1642,5.0625,9.0545
64,2000,100,32,48,232.00,827.00,1.4554,4.2719,0.9538,5374.10,0.1861,661.00,1.8608,3.4934,3.2476,5.3473,9.1041
64,2000,100,32,64,232.00,827.00,1.4554,4.2719,0.9538,5253.20,0.1904,663.00,1.9036,3.4318,3.1916,5.1025,10.1714
64,2000,100,64,12,232.00,827.00,1.4554,4.2719,0.9827,2839.54,0.3522,671.00,3.5217,6.5363,6.1823,8.9712,18.5355
64,2000,100,64,25,232.00,827.00,1.4554,4.2719,0.9853,2873.31,0.3480,671.00,3.4803,6.5109,6.2219,9.1720,18.5292
64,2000,100,64,51,232.00,827.00,1.4554,4.2719,0.9858,2938.40,0.3403,665.00,3.4032,6.4842,6.1620,8.9520,13.0024
64,2000,100,64,64,232.00,827.00,1.4554,4.2719,0.9858,2910.57,0.3436,666.00,3.4357,6.5104,6.1879,8.8800,14.4802
64,2000,100,64,96,232.00,827.00,1.4554,4.2719,0.9858,2882.23,0.3470,674.00,3.4695,6.6263,6.2417,9.0499,17.9732
64,2000,100,64,128,232.00,827.00,1.4554,4.2719,0.9859,2794.06,0.3579,668.00,3.5790,6.5829,6.2617,9.1314,16.1585
64,2000,100,128,25,232.00,827.00,1.4554,4.2719,0.9963,1455.40,0.6871,672.00,6.8710,13.0210,12.4765,17.4120,31.7483
64,2000,100,128,51,232.00,827.00,1.4554,4.2719,0.9970,1491.71,0.6704,678.00,6.7037,12.5867,12.1518,16.2444,38.8653
64,2000,100,128,102,232.00,827.00,1.4554,4.2719,0.9971,1493.67,0.6695,671.00,6.6949,12.6198,12.1457,16.3963,31.8143
64,2000,100,128,128,232.00,827.00,1.4554,4.2719,0.9971,1521.69,0.6572,678.00,6.5716,12.6280,12.1787,16.4006,26.6482
64,2000,100,128,192,232.00,827.00,1.4554,4.2719,0.9971,1485.98,0.6730,675.00,6.7295,12.7491,12.2964,16.4121,28.5290
64,2000,100,128,256,232.00,827.00,1.4554,4.2719,0.9971,1467.49,0.6814,678.00,6.8143,12.7797,12.3167,16.3770,38.5049
64,2000,200,2,1,230.00,825.00,0.9004,3.1625,0.3966,44575.68,0.0224,703.00,0.2243,0.2952,0.2583,0.6280,0.9363
64,2000,200,2,1,230.00,825.00,0.9004,3.1625,0.3966,48680.05,0.0205,700.00,0.2054,0.2626,0.2246,0.5581,0.8544
64,2000,200,2,1,230.00,825.00,0.9004,3.1625,0.3966,49043.63,0.0204,699.00,0.2039,0.2493,0.2107,0.5353,0.8254
64,2000,200,2,2,230.00,825.00,0.9004,3.1625,0.4549,48414.03,0.0207,702.00,0.2066,0.2470,0.2124,0.5238,0.8375
64,2000,200,2,3,230.00,825.00,0.9004,3.1625,0.4770,48075.39,0.0208,702.00,0.2080,0.2523,0.2178,0.5291,0.8465
64,2000,200,2,4,230.00,825.00,0.9004,3.1625,0.4887,49516.26,0.0202,700.00,0.2020,0.2358,0.2019,0.4951,0.7873
64,2000,200,4,1,230.00,825.00,0.9004,3.1625,0.4887,30590.97,0.0327,703.00,0.3269,0.4817,0.4310,0.9369,1.4451
64,2000,200,4,1,230.00,825.00,0.9004,3.1625,0.4887,32623.47,0.0307,703.00,0.3065,0.4573,0.4061,0.8967,1.3693
64,2000,200,4,3,230.00,825.00,0.9004,3.1625,0.6081,31594.39,0.0317,703.00,0.3165,0.4585,0.4096,0.8940,1.3777
64,2000,200,4,4,230.00,825.00,0.9004,3.1625,0.6267,31547.11,0.0317,703.00,0.3170,0.4571,0.4086,0.9047,1.3835
64,2000,200,4,6,230.00,825.00,0.9004,3.1625,0.6421,32145.41,0.0311,705.00,0.3111,0.4549,0.4072,0.8750,1.3538
64,2000,200,4,8,230.00,825.00,0.9004,3.1625,0.6486,32048.22,0.0312,703.00,0.3120,0.4564,0.4059,0.8883,1.3773
64,2000,200,8,1,230.00,825.00,0.9004,3.1625,0.5494,19007.74,0.0526,698.00,0.5261,0.8627,0.7802,1.5582,2.4498
64,2000,200,8,3,230.00,825.00,0.9004,3.1625,0.7100,18305.99,0.0546,705.00,0.5463,0.8961,0.8141,1.5943,2.5206
64,2000,200,8,6,230.00,825.00,0.9004,3.1625,0.7631,18273.49,0.0547,707.00,0.5472,0.8953,0.8096,1.6205,2.5062
64,2000,200,8,8,230.00,825.00,0.9004,3.1625,0.7748,18837.90,0.0531,705.00,0.5308,0.8949,0.8087,1.6268,2.4651
64,2000,200,8,12,230.00,825.00,0.9004,3.1625,0.7821,18080.64,0.0553,705.00,0.5531,0.8829,0.8000,1.6079,2.5289
64,2000,200,8,16,230.00,825.00,0.9004,3.1625,0.7845,18031.43,0.0555,703.00,0.5546,0.8995,0.8044,1.6551,2.5883
64,2000,200,16,3,230.00,825.00,0.9004,3.1625,0.7696,10375.23,0.0964,706.00,0.9638,1.7213,1.5775,2.8762,4.5269
64,2000,200,16,6,230.00,825.00,0.9004,3.1625,0.8454,10351.29,0.0966,701.00,0.9661,1.7394,1.5944,2.8829,4.7404
64,2000,200,16,12,230.00,825.00,0.9004,3.1625,0.8787,10242.88,0.0976,713.00,0.9763,1.7269,1.5711,2.8519,4.8856
64,2000,200,16,16,230.00,825.00,0.9004,3.1625,0.8839,10025.26,0.0997,702.00,0.9975,1.7383,1.5905,2.9017,4.6515
64,2000,200,16,24,230.00,825.00,0.9004,3.1625,0.8872,10295.48,0.0971,705.00,0.9713,1.7628,1.6180,2.8918,4.7071
64,2000,200,16,32,230.00,825.00,0.9004,3.1625,0.8878,10079.71,0.0992,707.00,0.9921,1.7231,1.5815,2.8970,4.8542
64,2000,200,32,6,230.00,825.00,0.9004,3.1625,0.8849,5567.11,0.1796,705.00,1.7963,3.3152,3.0897,4.9255,8.4692
64,2000,200,32,12,230.00,825.00,0.9004,3.1625,0.9344,5539.62,0.1805,711.00,1.8052,3.3349,3.1111,5.0022,9.1244
64,2000,200,32,25,230.00,825.00,0.9004,3.1625,0.9515,5480.55,0.1825,707.00,1.8246,3.3359,3.1088,4.9961,8.3829
64,2000,200,32,32,230.00,825.00,0.9004,3.1625,0.9528,5474.43,0.1827,702.00,1.8267,3.3323,3.1049,5.0656,8.3099
64,2000,200,32,48,230.00,825.00,0.9004,3.1625,0.9535,5519.73,0.1812,703.00,1.8117,3.4116,3.1659,5.0877,8.9734
64,2000,200,32,64,230.00,825.00,0.9004,3.1625,0.9536,5451.41,0.1834,706.00,1.8344,3.3589,3.1375,4.9893,9.0324
64,2000,200,64,12,230.00,825.00,0.9004,3.1625,0.9546,2911.36,0.3435,712.00,3.4348,6.5521,6.2033,8.9307,18.0853
64,2000,200,64,25,230.00,825.00,0.9004,3.1625,0.9804,2848.12,0.3511,709.00,3.5111,6.6711,6.3373,9.3878,17.2800
64,2000,200,64,51,230.00,825.00,0.9004,3.1625,0.9853,2823.24,0.3542,707.00,3.5420,6.5533,6.2137,9.0526,18.5377
64,2000,200,64,64,230.00,825.00,0.9004,3.1625,0.9855,2810.36,0.3558,702.00,3.5583,6.5548,6.2277,9.0251,17.7863
64,2000,200,64,96,230.00,825.00,0.9004,3.1625,0.9856,2762.51,0.3620,702.00,3.6199,6.6623,6.3158,9.2352,18.1881
64,2000,200,64,128,230.00,825.00,0.9004,3.1625,0.9856,2857.45,0.3500,701.00,3.4996,6.5823,6.2184,8.9131,19.6188
64,2000,200,128,25,230.00,825.00,0.9004,3.1625,0.9883,1510.75,0.6619,717.00,6.6192,12.4804,12.0219,16.2202,31.7995
64,2000,200,128,51,230.00,825.00,0.9004,3.1625,0.9963,1465.41,0.6824,704.00,6.8240,12.8104,12.2985,16.6046,36.6024
64,2000,200,128,102,230.00,825.00,0.9004,3.1625,0.9971,1452.80,0.6883,707.00,6.8832,13.0857,12.5413,17.2201,32.4881
64,2000,200,128,128,230.00,825.00,0.9004,3.1625,0.9972,1497.73,0.6677,714.00,6.6768,12.8430,12.3087,16.6479,35.4717
64,2000,200,128,192,230.00,825.00,0.9004,3.1625,0.9972,1502.40,0.6656,706.00,6.6560,12.8608,12.3273,16.2593,36.9310
64,2000,200,128,256,230.00,825.00,0.9004,3.1625,0.9972,1481.75,0.6749,716.00,6.7488,12.8987,12.3932,16.5886,34.7337
64,3000,40,3,1,268.00,809.00,1.5361,4.5220,0.5391,43014.94,0.0232,662.00,0.2325,0.3141,0.2774,0.6397,0.9825
64,3000,40,3,1,268.00,809.00,1.5361,4.5220,0.5391,44887.88,0.0223,662.00,0.2228,0.2844,0.2482,0.5876,0.9001
64,3000,40,3,2,268.00,809.00,1.5361,4.5220,0.5541,47270.07,0.0212,664.00,0.2116,0.2713,0.2385,0.5585,0.8548
64,3000,40,3,3,268.00,809.00,1.5361,4.5220,0.5561,47496.83,0.0211,660.00,0.2105,0.2600,0.2253,0.5526,0.8311
64,3000,40,3,4,268.00,809.00,1.5361,4.5220,0.5570,47132.82,0.0212,663.00,0.2122,0.2628,0.2297,0.5467,0.8143
64,3000,40,3,6,268.00,809.00,1.5361,4.5220,0.5578,48584.27,0.0206,659.00,0.2058,0.2589,0.2227,0.5285,0.8399
64,3000,40,6,1,268.00,809.00,1.5361,4.5220,0.6636,29750.76,0.0336,662.00,0.3361,0.5184,0.4677,0.9936,1.4223
64,3000,40,6,2,268.00,809.00,1.5361,4.5220,0.6884,29896.32,0.0334,665.00,0.3345,0.4912,0.4404,0.9267,1.4556
64,3000,40,6,4,268.00,809.00,1.5361,4.5220,0.6957,30303.46,0.0330,662.00,0.3300,0.4974,0.4425,0.9537,1.4816
64,3000,40,6,6,268.00,809.00,1.5361,4.5220,0.6974,28374.41,0.0352,662.00,0.3524,0.4971,0.4439,0.9408,1.4915
64,3000,40,6,9,268.00,809.00,1.5361,4.5220,0.6980,30702.57,0.0326,663.00,0.3257,0.4853,0.4307,0.9502,1.3812
64,3000,40,6,12,268.00,809.00,1.5361,4.5220,0.6980,29571.99,0.0338,658.00,0.3382,0.4934,0.4401,0.9879,1.4327
64,3000,40,12,2,268.00,809.00,1.5361,4.5220,0.8007,17985.62,0.0556,663.00,0.5560,0.9537,0.8585,1.7398,2.5259
64,3000,40,12,4,268.00,809.00,1.5361,4.5220,0.8135,17192.98,0.0582,664.00,0.5816,0.9571,0.8679,1.7288,2.5155
64,3000,40,12,9,268.00,809.00,1.5361,4.5220,0.8177,17068.71,0.0586,661.00,0.5859,0.9822,0.8893,1.7784,2.6482
64,3000,40,12,12,268.00,809.00,1.5361,4.5220,0.8179,17080.21,0.0585,664.00,0.5855,0.9639,0.8656,1.7404,2.7436
64,3000,40,12,18,268.00,809.00,1.5361,4.5220,0.8180,16922.17,0.0591,663.00,0.5909,0.9618,0.8605,1.7605,2.7063
64,3000,40,12,24,268.00,809.00,1.5361,4.5220,0.8181,16595.39,0.0603,662.00,0.6026,0.9860,0.8903,1.7882,2.6992
64,3000,40,24,4,268.00,809.00,1.5361,4.5220,0.8985,9567.28,0.1045,664.00,1.0452,1.8437,1.6886,3.0166,4.8669
64,3000,40,24,9,268.00,809.00,1.5361,4.5220,0.9079,9713.45,0.1030,662.00,1.0295,1.8302,1.6748,3.0383,4.6115
64,3000,40,24,19,268.00,809.00,1.5361,4.5220,0.9090,9746.48,0.1026,666.00,1.0260,1.8091,1.6523,2.9459,4.6552
64,3000,40,24,24,268.00,809.00,1.5361,4.5220,0.9090,9974.83,0.1003,661.00,1.0025,1.8302,1.6746,3.0493,4.8192
64,3000,40,24,36,268.00,809.00,1.5361,4.5220,0.9091,9641.64,0.1037,660.00,1.0372,1.8513,1.7002,3.0121,4.6868
64,3000,40,24,48,268.00,809.00,1.5361,4.5220,0.9090,9789.85,0.1021,658.00,1.0215,1.8463,1.7002,3.0184,4.4794
64,3000,40,48,9,268.00,809.00,1.5361,4.5220,0.9609,5174.05,0.1933,662.00,1.9327,3.5269,3.2782,5.3555,9.1962
64,3000,40,48,19,268.00,809.00,1.5361,4.5220,0.9638,5036.90,0.1985,660.00,1.9853,3.5557,3.2966,5.3736,9.6632
64,3000,40,48,38,268.00,809.00,1.5361,4.5220,0.9641,5183.97,0.1929,664.00,1.9290,3.6048,3.3625,5.4576,8.5663
64,3000,40,48,48,268.00,809.00,1.5361,4.5220,0.9641,5048.79,0.1981,666.00,1.9807,3.5844,3.3345,5.3940,9.8534
64,3000,40,48,72,268.00,809.00,1.5361,4.5220,0.9642,5135.22,0.1947,660.00,1.9473,3.6392,3.3905,5.5684,8.8544
64,3000,40,48,96,268.00,809.00,1.5361,4.5220,0.9642,5198.05,0.1924,663.00,1.9238,3.5495,3.3060,5.2574,9.2013
64,3000,40,96,19,268.00,809.00,1.5361,4.5220,0.9883,2715.77,0.3682,673.00,3.6822,6.8311,6.4699,9.6594,16.4106
64,3000,40,96,38,268.00,809.00,1.5361,4.5220,0.9891,2767.56,0.3613,668.00,3.6133,6.7280,6.3621,9.4571,19.4706
64,3000,40,96,76,268.00,809.00,1.5361,4.5220,0.9893,2787.60,0.3587,665.00,3.5873,6.7612,6.4073,9.2917,18.2006
64,3000,40,96,96,268.00,809.00,1.5361,4.5220,0.9893,2812.71,0.3555,666.00,3.5553,6.7801,6.4249,9.4031,15.1419
64,3000,40,96,144,268.00,809.00,1.5361,4.5220,0.9894,2806.05,0.3564,666.00,3.5637,6.8715,6.4854,9.3918,18.6230
64,3000,40,96,192,268.00,809.00,1.5361,4.5220,0.9894,2793.02,0.3580,665.00,3.5803,6.8952,6.5050,9.4648,17.6355
64,3000,40,192,38,268.00,809.00,1.5361,4.5220,0.9972,1491.26,0.6706,683.00,6.7058,13.0968,12.5475,16.5169,34.7516
64,3000,40,192,76,268.00,809.00,1.5361,4.5220,0.9976,1448.86,0.6902,677.00,6.9020,13.2108,12.6518,17.4129,31.7954
64,3000,40,192,153,268.00,809.00,1.5361,4.5220,0.9976,1443.56,0.6927,680.00,6.9273,13.0403,12.5333,16.9649,35.6486
64,3000,40,192,192,268.00,809.00,1.5361,4.5220,0.9976,1453.27,0.6881,678.00,6.8810,13.0905,12.6074,17.3135,31.1952
64,3000,40,192,288,268.00,809.00,1.5361,4.5220,0.9977,1451.65,0.6889,680.00,6.8887,13.2077,12.6971,17.8204,28.9001
64,3000,40,192,384,268.00,809.00,1.5361,4.5220,0.9977,1408.98,0.7097,686.00,7.0973,13.5785,13.0493,18.0795,31.1492
64,3000,100,3,1,237.00,809.00,1.7935,4.8661,0.5226,43339.95,0.0231,647.00,0.2307,0.3178,0.2805,0.6436,0.9655
64,3000,100,3,1,237.00,809.00,1.7935,4.8661,0.5226,44705.54,0.0224,647.00,0.2237,0.2911,0.2550,0.5962,0.8972
64,3000,100,3,2,237.00,809.00,1.7935,4.8661,0.5481,45521.51,0.0220,646.00,0.2197,0.2783,0.2440,0.5690,0.8641
64,3000,100,3,3,237.00,809.00,1.7935,4.8661,0.5540,46319.29,0.0216,649.00,0.2159,0.2637,0.2256,0.5575,0.8645
64,3000,100,3,4,237.00,809.00,1.7935,4.8661,0.5573,46627.44,0.0214,650.00,0.2145,0.2694,0.2351,0.5474,0.8433
64,3000,100,3,6,237.00,809.00,1.7935,4.8661,0.5592,47598.24,0.0210,651.00,0.2101,0.2729,0.2373,0.5517,0.8483
64,3000,100,6,1,237.00,809.00,1.7935,4.8661,0.6390,28743.78,0.0348,648.00,0.3479,0.5317,0.4752,1.0162,1.5295
64,3000,100,6,2,237.00,809.00,1.7935,4.8661,0.6770,29292.19,0.0341,651.00,0.3414,0.5055,0.4557,0.9608,1.4798
64,3000,100,6,4,237.00,809.00,1.7935,4.8661,0.6924,29287.26,0.0341,653.00,0.3414,0.5191,0.4694,0.9892,1.4300
64,3000,100,6,6,237.00,809.00,1.7935,4.8661,0.6959,29894.89,0.0335,648.00,0.3345,0.5108,0.4563,0.9684,1.4575
64,3000,100,6,9,237.00,809.00,1.7935,4.8661,0.6970,30250.90,0.0331,647.00,0.3306,0.5005,0.4462,0.9574,1.4221
64,3000,100,6,12,237.00,809.00,1.7935,4.8661,0.6975,29097.27,0.0344,652.00,0.3437,0.5013,0.4432,0.9669,1.5780
64,3000,100,12,2,237.00,809.00,1.7935,4.8661,0.7847,17301.60,0.0578,649.00,0.5780,0.9849,0.8914,1.7885,2.5734
64,3000,100,12,4,237.00,809.00,1.7935,4.8661,0.8083,16366.30,0.0611,650.00,0.6110,0.9895,0.8877,1.8045,2.8463
64,3000,100,12,9,237.00,809.00,1.7935,4.8661,0.8178,16684.26,0.0599,651.00,0.5994,0.9842,0.8896,1.7483,2.8148
64,3000,100,12,12,237.00,809.00,1.7935,4.8661,0.8188,16878.08,0.0592,649.00,0.5925,0.9534,0.8601,1.7025,2.6166
64,3000,100,12,18,237.00,809.00,1.7935,4.8661,0.8194,17402.56,0.0575,648.00,0.5746,0.9475,0.8627,1.6799,2.6109
64,3000,100,12,24,237.00,809.00,1.7935,4.8661,0.8195,17612.73,0.0568,650.00,0.5678,0.9479,0.8592,1.6633,2.5185
64,3000,100,24,4,237.00,809.00,1.7935,4.8661,0.8912,9679.28,0.1033,649.00,1.0331,1.8131,1.6574,2.9720,4.8664
64,3000,100,24,9,237.00,809.00,1.7935,4.8661,0.9073,9820.91,0.1018,651.00,1.0182,1.8361,1.6809,3.0409,4.5623
64,3000,100,24,19,237.00,809.00,1.7935,4.8661,0.9103,9434.63,0.1060,648.00,1.0599,1.8487,1.6984,3.0062,5.1138
64,3000,100,24,24,237.00,809.00,1.7935,4.8661,0.9105,9452.99,0.1058,653.00,1.0579,1.8423,1.6820,3.0127,5.0315
64,3000,100,24,36,237.00,809.00,1.7935,4.8661,0.9106,9427.63,0.1061,651.00,1.0607,1.8462,1.6914,3.0472,5.1185
64,3000,100,24,48,237.00,809.00,1.7935,4.8661,0.9107,9687.39,0.1032,645.00,1.0323,1.8859,1.7293,3.0954,4.6790
64,3000,100,48,9,237.00,809.00,1.7935,4.8661,0.9582,5274.78,0.1896,651.00,1.8958,3.5015,3.2554,5.3098,8.3997
64,3000,100,48,19,237.00,809.00,1.7935,4.8661,0.9640,5123.01,0.1952,646.00,1.9520,3.5304,3.2820,5.3078,9.4992
64,3000,100,48,38,237.00,809.00,1.7935,4.8661,0.9647,5149.86,0.1942,650.00,1.9418,3.4977,3.2501,5.3116,9.2831
64,3000,100,48,48,237.00,809.00,1.7935,4.8661,0.9647,5265.85,0.1899,654.00,1.8990,3.5075,3.2692,5.2766,8.9543
64,3000,100,48,72,237.00,809.00,1.7935,4.8661,0.9648,5072.06,0.1972,654.00,1.9716,3.5841,3.3516,5.4400,8.7672
64,3000,100,48,96,237.00,809.00,1.7935,4.8661,0.9648,5013.19,0.1995,652.00,1.9947,3.6170,3.3710,5.4823,9.0742
64,3000,100,96,19,237.00,809.00,1.7935,4.8661,0.9881,2701.64,0.3701,660.00,3.7015,6.8135,6.4426,9.6639,17.3710
64,3000,100,96,38,237.00,809.00,1.7935,4.8661,0.9897,2699.46,0.3704,658.00,3.7044,6.8698,6.5029,9.8187,15.5882
64,3000,100,96,76,237.00,809.00,1.7935,4.8661,0.9898,2687.35,0.3721,653.00,3.7211,6.8624,6.5126,9.7537,16.7552
64,3000,100,96,96,237.00,809.00,1.7935,4.8661,0.9898,2702.45,0.3700,649.00,3.7003,6.8891,6.5351,9.5307,17.6949
64,3000,100,96,144,237.00,809.00,1.7935,4.8661,0.9899,2821.76,0.3544,655.00,3.5439,6.8518,6.4527,9.4219,17.3422
64,3000,100,96,192,237.00,809.00,1.7935,4.8661,0.9899,2762.80,0.3620,664.00,3.6195,6.9596,6.5987,9.6726,16.8567
64,3000,100,192,38,237.00,809.00,1.7935,4.8661,0.9975,1504.88,0.6645,668.00,6.6450,12.9117,12.4291,17.4661,25.3862
64,3000,100,192,76,237.00,809.00,1.7935,4.8661,0.9978,1500.74,0.6663,668.00,6.6634,12.9651,12.4077,16.0595,36.7479
64,3000,100,192,153,237.00,809.00,1.7935,4.8661,0.9979,1492.10,0.6702,660.00,6.7020,12.9877,12.5154,17.4640,26.1994
64,3000,100,192,192,237.00,809.00,1.7935,4.8661,0.9979,1493.01,0.6698,664.00,6.6979,13.0550,12.5016,16.2787,35.5885
64,3000,100,192,288,237.00,809.00,1.7935,4.8661,0.9979,1489.94,0.6712,675.00,6.7117,13.1154,12.5966,17.1313,27.7869
64,3000,100,192,384,237.00,809.00,1.7935,4.8661,0.9979,1468.78,0.6808,670.00,6.8084,13.2937,12.7250,16.5022,35.5915
64,3000,200,3,1,223.00,805.00,1.1429,3.6366,0.4374,45203.17,0.0221,663.00,0.2212,0.3091,0.2727,0.6323,0.9252
64,3000,200,3,1,223.00,805.00,1.1429,3.6366,0.4374,44387.61,0.0225,659.00,0.2253,0.2793,0.2441,0.5808,0.8716
64,3000,200,3,2,223.00,805.00,1.1429,3.6366,0.5048,45414.76,0.0220,662.00,0.2202,0.2816,0.2463,0.5911,0.8555
64,3000,200,3,3,223.00,805.00,1.1429,3.6366,0.5314,44955.20,0.0222,664.00,0.2224,0.2678,0.2337,0.5518,0.8578
64,3000,200,3,4,223.00,805.00,1.1429,3.6366,0.5416,47588.86,0.0210,663.00,0.2101,0.2688,0.2347,0.5465,0.8381
64,3000,200,3,6,223.00,805.00,1.1429,3.6366,0.5527,48596.14,0.0206,663.00,0.2058,0.2632,0.2288,0.5423,0.8062
64,3000,200,6,1,223.00,805.00,1.1429,3.6366,0.5148,29504.29,0.0339,663.00,0.3389,0.5074,0.4551,0.9656,1.4496
64,3000,200,6,2,223.00,805.00,1.1429,3.6366,0.6082,30479.48,0.0328,662.00,0.3281,0.5006,0.4545,0.9376,1.4199
64,3000,200,6,4,223.00,805.00,1.1429,3.6366,0.6649,30230.15,0.0331,662.00,0.3308,0.4893,0.4371,0.9486,1.3947
64,3000,200,6,6,223.00,805.00,1.1429,3.6366,0.6838,29598.30,0.0338,662.00,0.3379,0.4815,0.4285,0.9547,1.3989
64,3000,200,6,9,223.00,805.00,1.1429,3.6366,0.6930,30476.06,0.0328,665.00,0.3281,0.4898,0.4360,0.9441,1.3987
64,3000,200,6,12,223.00,805.00,1.1429,3.6366,0.6960,31462.78,0.0318,666.00,0.3178,0.4831,0.4302,0.9164,1.4024
64,3000,200,12,2,223.00,805.00,1.1429,3.6366,0.6755,18135.68,0.0551,665.00,0.5514,0.9329,0.8453,1.6808,2.6052
64,3000,200,12,4,223.00,805.00,1.1429,3.6366,0.7568,18097.50,0.0553,665.00,0.5526,0.9459,0.8559,1.6872,2.5182
64,3000,200,12,9,223.00,805.00,1.1429,3.6366,0.8060,18308.08,0.0546,673.00,0.5462,0.9125,0.8160,1.7223,2.4970
64,3000,200,12,12,223.00,805.00,1.1429,3.6366,0.8126,18445.82,0.0542,666.00,0.5421,0.9168,0.8322,1.6552,2.4727
64,3000,200,12,18,223.00,805.00,1.1429,3.6366,0.8177,18288.81,0.0547,666.00,0.5468,0.9327,0.8379,1.7098,2.5702
64,3000,200,12,24,223.00,805.00,1.1429,3.6366,0.8189,17818.44,0.0561,667.00,0.5612,0.9438,0.8508,1.7269,2.7119
64,3000,200,24,4,223.00,805.00,1.1429,3.6366,0.8082,10148.73,0.0985,663.00,0.9853,1.8001,1.6474,2.9854,4.8358
64,3000,200,24,9,223.00,805.00,1.1429,3.6366,0.8804,9922.97,0.1008,665.00,1.0078,1.8365,1.6866,3.0374,4.8023
64,3000,200,24,19,223.00,805.00,1.1429,3.6366,0.9041,9771.80,0.1023,663.00,1.0234,1.8676,1.7231,3.0648,4.7460
64,3000,200,24,24,223.00,805.00,1.1429,3.6366,0.9066,9807.41,0.1020,663.00,1.0196,1.8108,1.6579,2.9262,5.0792
64,3000,200,24,36,223.00,805.00,1.1429,3.6366,0.9081,9749.71,0.1026,665.00,1.0257,1.8165,1.6638,2.9345,4.8975
64,3000,200,24,48,223.00,805.00,1.1429,3.6366,0.9083,9652.65,0.1036,662.00,1.0360,1.7947,1.6504,2.9576,4.9705
64,3000,200,48,9,223.00,805.00,1.1429,3.6366,0.9161,5337.12,0.1874,667.00,1.8737,3.5092,3.2514,5.3110,9.0480
64,3000,200,48,19,223.00,805.00,1.1429,3.6366,0.9545,5193.80,0.1925,663.00,1.9254,3.5697,3.3281,5.3976,8.8985
64,3000,200,48,38,223.00,805.00,1.1429,3.6366,0.9633,5272.63,0.1897,661.00,1.8966,3.5053,3.2436,5.2660,9.9101
64,3000,200,48,48,223.00,805.00,1.1429,3.6366,0.9638,5264.55,0.1899,674.00,1.8995,3.4709,3.2446,5.2573,8.3292
64,3000,200,48,72,223.00,805.00,1.1429,3.6366,0.9643,5410.06,0.1848,669.00,1.8484,3.5160,3.2659,5.2880,9.3863
64,3000,200,48,96,223.00,805.00,1.1429,3.6366,0.9643,5351.09,0.1869,665.00,1.8688,3.5427,3.2822,5.3287,9.5754
64,3000,200,96,19,223.00,805.00,1.1429,3.6366,0.9727,2774.17,0.3605,664.00,3.6047,6.6651,6.3085,9.3117,18.2447
64,3000,200,96,38,223.00,805.00,1.1429,3.6366,0.9878,2797.58,0.3575,675.00,3.5745,6.7201,6.3563,9.4566,16.5147
64,3000,200,96,76,223.00,805.00,1.1429,3.6366,0.9898,2748.84,0.3638,670.00,3.6379,6.7755,6.4094,9.4102,19.3777
64,3000,200,96,96,223.00,805.00,1.1429,3.6366,0.9899,2738.85,0.3651,672.00,3.6512,6.7529,6.4144,9.4911,16.8976
64,3000,200,96,144,223.00,805.00,1.1429,3.6366,0.9900,2823.45,0.3542,664.00,3.5418,6.8313,6.4550,9.4259,17.9314
64,3000,200,96,192,223.00,805.00,1.1429,3.6366,0.9901,2790.33,0.3584,676.00,3.5838,6.8224,6.4974,9.4259,15.6625
64,3000,200,192,38,223.00,805.00,1.1429,3.6366,0.9936,1495.95,0.6685,683.00,6.6847,12.9216,12.4026,17.1798,30.7387
64,3000,200,192,76,223.00,805.00,1.1429,3.6366,0.9974,1459.69,0.6851,685.00,6.8508,13.1198,12.5854,17.0657,32.8727
64,3000,200,192,153,223.00,805.00,1.1429,3.6366,0.9979,1422.91,0.7028,673.00,7.0278,13.4174,12.8371,17.5069,33.7332
64,3000,200,192,192,223.00,805.00,1.1429,3.6366,0.9979,1435.51,0.6966,684.00,6.9662,13.1607,12.6271,17.6036,30.0276
64,3000,200,192,288,223.00,805.00,1.1429,3.6366,0.9979,1464.45,0.6829,681.00,6.8285,13.2325,12.6895,17.2132,33.1830
64,3000,200,192,384,223.00,805.00,1.1429,3.6366,0.9979,1421.59,0.7034,687.00,7.0344,13.2315,12.7517,17.3344,33.7880
64,4000,40,4,1,240.00,813.00,1.7629,4.9444,0.5634,43269.17,0.0231,668.00,0.2311,0.3147,0.2780,0.6377,0.9477
64,4000,40,4,1,240.00,813.00,1.7629,4.9444,0.5634,43269.61,0.0231,668.00,0.2311,0.3057,0.2707,0.6062,0.8977
64,4000,40,4,3,240.00,813.00,1.7629,4.9444,0.5919,43178.49,0.0232,668.00,0.2316,0.2949,0.2612,0.5835,0.8770
64,4000,40,4,4,240.00,813.00,1.7629,4.9444,0.5932,46786.65,0.0214,666.00,0.2137,0.2960,0.2618,0.5874,0.8262
64,4000,40,4,6,240.00,813.00,1.7629,4.9444,0.5944,47839.72,0.0209,670.00,0.2090,0.2819,0.2476,0.5641,0.8668
64,4000,40,4,8,240.00,813.00,1.7629,4.9444,0.5948,47712.05,0.0210,669.00,0.2096,0.2713,0.2379,0.5347,0.8491
64,4000,40,8,1,240.00,813.00,1.7629,4.9444,0.6777,28977.35,0.0345,671.00,0.3451,0.5123,0.4657,0.9440,1.4276
64,4000,40,8,3,240.00,813.00,1.7629,4.9444,0.7223,29397.99,0.0340,668.00,0.3402,0.5209,0.4713,0.9681,1.4389
64,4000,40,8,6,240.00,813.00,1.7629,4.9444,0.7275,29170.21,0.0343,669.00,0.3428,0.5158,0.4668,0.9614,1.3880
64,4000,40,8,8,240.00,813.00,1.7629,4.9444,0.7282,29843.42,0.0335,667.00,0.3351,0.5108,0.4597,0.9582,1.5213
64,4000,40,8,12,240.00,813.00,1.7629,4.9444,0.7285,28452.12,0.0351,670.00,0.3515,0.5243,0.4716,0.9565,1.4794
64,4000,40,8,16,240.00,813.00,1.7629,4.9444,0.7286,28120.35,0.0356,667.00,0.3556,0.5374,0.4895,0.9899,1.4765
64,4000,40,16,3,240.00,813.00,1.7629,4.9444,0.8266,16122.04,0.0620,669.00,0.6203,1.0405,0.9549,1.8144,2.5359
64,4000,40,16,6,240.00,813.00,1.7629,4.9444,0.8375,17032.83,0.0587,675.00,0.5871,1.0000,0.9075,1.7668,2.5109
64,4000,40,16,12,240.00,813.00,1.7629,4.9444,0.8403,16640.95,0.0601,668.00,0.6009,0.9899,0.9001,1.7456,2.5831
64,4000,40,16,16,240.00,813.00,1.7629,4.9444,0.8405,15932.83,0.0628,668.00,0.6276,1.0254,0.9344,1.8225,2.4635
64,4000,40,16,24,240.00,813.00,1.7629,4.9444,0.8407,16236.64,0.0616,668.00,0.6159,1.0199,0.9236,1.7976,2.8378
64,4000,40,16,32,240.00,813.00,1.7629,4.9444,0.8407,16763.33,0.0597,670.00,0.5965,1.0108,0.9211,1.7765,2.6198
64,4000,40,32,6,240.00,813.00,1.7629,4.9444,0.9152,9628.20,0.1039,673.00,1.0386,1.8830,1.7283,3.1189,4.7118
64,4000,40,32,12,240.00,813.00,1.7629,4.9444,0.9214,9217.67,0.1085,670.00,1.0849,1.9345,1.7848,3.2068,4.5956
64,4000,40,32,25,240.00,813.00,1.7629,4.9444,0.9223,9531.92,0.1049,671.00,1.0491,1.8872,1.7357,3.0432,4.9828
64,4000,40,32,32,240.00,813.00,1.7629,4.9444,0.9224,9547.00,0.1047,667.00,1.0474,1.9004,1.7443,3.1466,4.6094
64,4000,40,32,48,240.00,813.00,1.7629,4.9444,0.9224,9535.37,0.1049,669.00,1.0487,1.9325,1.7764,3.1636,4.6642
64,4000,40,32,64,240.00,813.00,1.7629,4.9444,0.9224,9329.53,0.1072,674.00,1.0719,1.9046,1.7547,3.0279,4.9811
64,4000,40,64,12,240.00,813.00,1.7629,4.9444,0.9667,5109.03,0.1957,676.00,1.9573,3.6005,3.3687,5.4373,8.2732
64,4000,40,64,25,240.00,813.00,1.7629,4.9444,0.9691,5136.33,0.1947,677.00,1.9469,3.6170,3.3797,5.4294,9.1900
64,4000,40,64,51,240.00,813.00,1.7629,4.9444,0.9695,5226.14,0.1913,675.00,1.9135,3.5933,3.3584,5.4106,8.3978
64,4000,40,64,64,240.00,813.00,1.7629,4.9444,0.9695,5055.16,0.1978,670.00,1.9782,3.7061,3.4544,5.5928,8.8620
64,4000,40,64,96,240.00,813.00,1.7629,4.9444,0.9695,4970.87,0.2012,678.00,2.0117,3.7729,3.5371,5.7151,8.6743
64,4000,40,64,128,240.00,813.00,1.7629,4.9444,0.9696,4918.16,0.2033,674.00,2.0333,3.7242,3.4766,5.6674,8.7162
64,4000,40,128,25,240.00,813.00,1.7629,4.9444,0.9902,2602.58,0.3842,674.00,3.8423,7.1885,6.8452,10.3018,15.9696
64,4000,40,128,51,240.00,813.00,1.7629,4.9444,0.9911,2650.83,0.3772,681.00,3.7724,7.1106,6.7654,10.0871,17.0593
64,4000,40,128,102,240.00,813.00,1.7629,4.9444,0.9913,2639.14,0.3789,673.00,3.7891,7.1747,6.8219,10.3160,16.4698
64,4000,40,128,128,240.00,813.00,1.7629,4.9444,0.9913,2622.46,0.3813,676.00,3.8132,7.1642,6.7923,10.3318,16.6161
64,4000,40,128,192,240.00,813.00,1.7629,4.9444,0.9914,2599.80,0.3846,673.00,3.8465,7.1308,6.7754,9.9325,18.4592
64,4000,40,128,256,240.00,813.00,1.7629,4.9444,0.9914,2561.21,0.3904,680.00,3.9044,7.4314,7.1057,10.5242,16.8542
64,4000,40,256,51,240.00,813.00,1.7629,4.9444,0.9977,1396.74,0.7160,689.00,7.1595,13.4372,12.9083,17.8909,34.0503
64,4000,40,256,102,240.00,813.00,1.7629,4.9444,0.9980,1388.71,0.7201,686.00,7.2009,13.5078,13.0108,17.8641,32.9128
64,4000,40,256,204,240.00,813.00,1.7629,4.9444,0.9981,1389.02,0.7199,688.00,7.1993,13.7264,13.1754,18.6527,30.9698
64,4000,40,256,256,240.00,813.00,1.7629,4.9444,0.9981,1386.09,0.7215,684.00,7.2145,13.6169,13.0918,18.3330,30.9937
64,4000,40,256,384,240.00,813.00,1.7629,4.9444,0.9981,1369.07,0.7304,680.00,7.3042,14.0001,13.4836,18.8492,30.7854
64,4000,40,256,512,240.00,813.00,1.7629,4.9444,0.9981,1335.73,0.7487,693.00,7.4865,14.2762,13.7595,19.1538,31.1377
64,4000,100,4,1,244.00,811.00,2.0826,5.3309,0.5430,42663.86,0.0234,660.00,0.2344,0.3175,0.2778,0.6378,0.9974
64,4000,100,4,1,244.00,811.00,2.0826,5.3309,0.5430,44741.33,0.0224,664.00,0.2235,0.2885,0.2555,0.5741,0.8247
64,4000,100,4,3,244.00,811.00,2.0826,5.3309,0.5871,43773.94,0.0228,665.00,0.2284,0.2951,0.2597,0.5949,0.8932
64,4000,100,4,4,244.00,811.00,2.0826,5.3309,0.5910,43267.44,0.0231,665.00,0.2311,0.2809,0.2448,0.5651,0.8624
64,4000,100,4,6,244.00,811.00,2.0826,5.3309,0.5940,45817.03,0.0218,663.00,0.2183,0.2836,0.2520,0.5530,0.8710
64,4000,100,4,8,244.00,811.00,2.0826,5.3309,0.5950,44788.88,0.0223,664.00,0.2233,0.2834,0.2481,0.5621,0.8600
64,4000,100,8,1,244.00,811.00,2.0826,5.3309,0.6469,29095.76,0.0344,660.00,0.3437,0.5367,0.4757,1.0344,1.5578
64,4000,100,8,3,244.00,811.00,2.0826,5.3309,0.7116,28389.72,0.0352,665.00,0.3522,0.5263,0.4716,1.0096,1.4935
64,4000,100,8,6,244.00,811.00,2.0826,5.3309,0.7237,29936.86,0.0334,665.00,0.3340,0.5285,0.4751,0.9880,1.4392
64,4000,100,8,8,244.00,811.00,2.0826,5.3309,0.7261,28363.81,0.0353,663.00,0.3526,0.5283,0.4733,0.9956,1.4361
64,4000,100,8,12,244.00,811.00,2.0826,5.3309,0.7273,28144.78,0.0355,661.00,0.3553,0.5313,0.4735,1.0129,1.4573
64,4000,100,8,16,244.00,811.00,2.0826,5.3309,0.7278,27566.42,0.0363,666.00,0.3628,0.5270,0.4675,1.0201,1.4727
64,4000,100,16,3,244.00,811.00,2.0826,5.3309,0.8116,16926.87,0.0591,661.00,0.5908,0.9913,0.8972,1.7488,2.7395
64,4000,100,16,6,244.00,811.00,2.0826,5.3309,0.8324,17007.90,0.0588,663.00,0.5880,0.9835,0.8916,1.7129,2.5747
64,4000,100,16,12,244.00,811.00,2.0826,5.3309,0.8398,17003.33,0.0588,662.00,0.5881,0.9761,0.8869,1.7138,2.5993
64,4000,100,16,16,244.00,811.00,2.0826,5.3309,0.8406,17080.44,0.0585,659.00,0.5855,0.9912,0.8991,1.7337,2.4921
64,4000,100,16,24,244.00,811.00,2.0826,5.3309,0.8410,16740.30,0.0597,661.00,0.5974,0.9872,0.8999,1.7468,2.6012
64,4000,100,16,32,244.00,811.00,2.0826,5.3309,0.8410,17213.64,0.0581,663.00,0.5809,0.9787,0.8842,1.6961,2.5566
64,4000,100,32,6,244.00,811.00,2.0826,5.3309,0.9063,9487.51,0.1054,663.00,1.0540,1.8854,1.7245,3.1257,4.4950
64,4000,100,32,12,244.00,811.00,2.0826,5.3309,0.9188,9366.63,0.1068,660.00,1.0676,1.8845,1.7277,3.0487,4.9674
64,4000,100,32,25,244.00,811.00,2.0826,5.3309,0.9218,9261.14,0.1080,663.00,1.0798,1.8952,1.7366,3.0755,4.8161
64,4000,100,32,32,244.00,811.00,2.0826,5.3309,0.9220,9249.31,0.1081,657.00,1.0812,1.9131,1.7491,3.1153,4.8898
64,4000,100,32,48,244.00,811.00,2.0826,5.3309,0.9220,9183.10,0.1089,660.00,1.0890,1.9082,1.7535,3.0558,4.7519
64,4000,100,32,64,244.00,811.00,2.0826,5.3309,0.9220,9100.54,0.1099,659.00,1.0988,1.9454,1.7884,3.1562,4.7360
64,4000,100,64,12,244.00,811.00,2.0826,5.3309,0.9633,5047.55,0.1981,665.00,1.9812,3.6024,3.3466,5.4562,9.3428
64,4000,100,64,25,244.00,811.00,2.0826,5.3309,0.9690,4951.97,0.2019,664.00,2.0194,3.6481,3.3910,5.4762,9.6869
64,4000,100,64,51,244.00,811.00,2.0826,5.3309,0.9694,5023.98,0.1990,660.00,1.9905,3.6369,3.3842,5.4584,9.0083
64,4000,100,64,64,244.00,811.00,2.0826,5.3309,0.9694,5149.42,0.1942,666.00,1.9420,3.6887,3.4367,5.4463,8.9970
64,4000,100,64,96,244.00,811.00,2.0826,5.3309,0.9694,4837.69,0.2067,664.00,2.0671,3.8181,3.5772,5.7762,8.8915
64,4000,100,64,128,244.00,811.00,2.0826,5.3309,0.9694,4859.72,0.2058,661.00,2.0577,3.7422,3.4862,5.6344,9.5769
64,4000,100,128,25,244.00,811.00,2.0826,5.3309,0.9899,2682.58,0.3728,677.00,3.7278,7.1122,6.7655,10.1696,16.2910
64,4000,100,128,51,244.00,811.00,2.0826,5.3309,0.9912,2622.34,0.3813,670.00,3.8134,7.0478,6.6759,10.0220,17.7811
64,4000,100,128,102,244.00,811.00,2.0826,5.3309,0.9913,2649.33,0.3775,679.00,3.7745,7.1381,6.7794,10.0567,17.8621
64,4000,100,128,128,244.00,811.00,2.0826,5.3309,0.9913,2643.75,0.3783,672.00,3.7825,7.0160,6.6546,9.9956,16.1657
64,4000,100,128,192,244.00,811.00,2.0826,5.3309,0.9913,2625.25,0.3809,669.00,3.8092,7.0671,6.7224,9.8760,17.9245
64,4000,100,128,256,244.00,811.00,2.0826,5.3309,0.9913,2667.42,0.3749,676.00,3.7489,7.1518,6.7859,9.9995,16.9282
64,4000,100,256,51,244.00,811.00,2.0826,5.3309,0.9979,1413.95,0.7072,680.00,7.0724,13.3697,12.8398,17.7430,32.1156
64,4000,100,256,102,244.00,811.00,2.0826,5.3309,0.9982,1437.09,0.6959,684.00,6.9585,13.2721,12.8413,17.2812,32.0837
64,4000,100,256,204,244.00,811.00,2.0826,5.3309,0.9982,1408.69,0.7099,675.00,7.0988,13.6279,13.1300,18.2890,30.0963
64,4000,100,256,256,244.00,811.00,2.0826,5.3309,0.9982,1398.27,0.7152,691.00,7.1517,13.4866,13.0024,17.8449,31.5524
64,4000,100,256,384,244.00,811.00,2.0826,5.3309,0.9982,1387.49,0.7207,692.00,7.2072,13.8046,13.2775,18.4360,31.7171
64,4000,100,256,512,244.00,811.00,2.0826,5.3309,0.9982,1399.61,0.7145,695.00,7.1448,13.7678,13.3507,18.4514,28.1889
64,4000,200,4,1,246.00,810.00,1.3739,3.9861,0.4564,42844.39,0.0233,670.00,0.2334,0.3197,0.2804,0.6408,1.0367
64,4000,200,4,1,246.00,810.00,1.3739,3.9861,0.4564,45594.61,0.0219,670.00,0.2193,0.2893,0.2527,0.6047,0.8980
64,4000,200,4,3,246.00,810.00,1.3739,3.9861,0.5566,44687.48,0.0224,671.00,0.2238,0.2904,0.2558,0.5927,0.9283
64,4000,200,4,4,246.00,810.00,1.3739,3.9861,0.5725,47113.67,0.0212,671.00,0.2123,0.2766,0.2411,0.5701,0.8523
64,4000,200,4,6,246.00,810.00,1.3739,3.9861,0.5847,47228.78,0.0212,673.00,0.2117,0.2778,0.2440,0.5643,0.8514
64,4000,200,4,8,246.00,810.00,1.3739,3.9861,0.5909,45833.60,0.0218,668.00,0.2182,0.2696,0.2355,0.5395,0.8131
64,4000,200,8,1,246.00,810.00,1.3739,3.9861,0.5222,28157.67,0.0355,666.00,0.3551,0.5309,0.4711,1.0367,1.5883
64,4000,200,8,3,246.00,810.00,1.3739,3.9861,0.6599,28818.36,0.0347,671.00,0.3470,0.5329,0.4825,1.0040,1.4738
64,4000,200,8,6,246.00,810.00,1.3739,3.9861,0.7064,29148.85,0.0343,674.00,0.3431,0.5210,0.4671,0.9933,1.4810
64,4000,200,8,8,246.00,810.00,1.3739,3.9861,0.7170,28875.07,0.0346,674.00,0.3463,0.5355,0.4821,1.0191,1.4342
64,4000,200,8,12,246.00,810.00,1.3739,3.9861,0.7245,29029.26,0.0344,671.00,0.3445,0.5127,0.4598,0.9669,1.4510
64,4000,200,8,16,246.00,810.00,1.3739,3.9861,0.7274,27760.55,0.0360,673.00,0.3602,0.5129,0.4567,0.9919,1.4811
64,4000,200,16,3,246.00,810.00,1.3739,3.9861,0.7293,15890.76,0.0629,672.00,0.6293,1.0244,0.9332,1.8613,2.5217
64,4000,200,16,6,246.00,810.00,1.3739,3.9861,0.7983,16314.23,0.0613,674.00,0.6130,1.0211,0.9330,1.8196,2.4948
64,4000,200,16,12,246.00,810.00,1.3739,3.9861,0.8311,16645.62,0.0601,672.00,0.6008,1.0100,0.9256,1.7746,2.5532
64,4000,200,16,16,246.00,810.00,1.3739,3.9861,0.8370,16952.42,0.0590,674.00,0.5899,0.9753,0.8848,1.6960,2.6557
64,4000,200,16,24,246.00,810.00,1.3739,3.9861,0.8407,16883.50,0.0592,671.00,0.5923,0.9725,0.8768,1.7162,2.5547
64,4000,200,16,32,246.00,810.00,1.3739,3.9861,0.8415,17174.68,0.0582,671.00,0.5823,0.9999,0.9112,1.7256,2.4027
64,4000,200,32,6,246.00,810.00,1.3739,3.9861,0.8491,9525.75,0.1050,671.00,1.0498,1.8556,1.7110,2.9858,4.6885
64,4000,200,32,12,246.00,810.00,1.3739,3.9861,0.9003,9173.62,0.1090,675.00,1.0901,1.9820,1.8376,3.2239,4.5264
64,4000,200,32,25,246.00,810.00,1.3739,3.9861,0.9197,9222.72,0.1084,673.00,1.0843,1.9004,1.7419,3.0838,5.0995
64,4000,200,32,32,246.00,810.00,1.3739,3.9861,0.9217,9488.08,0.1054,671.00,1.0540,1.9250,1.7737,3.1293,4.6017
64,4000,200,32,48,246.00,810.00,1.3739,3.9861,0.9227,9272.03,0.1079,668.00,1.0785,1.9316,1.7793,3.1261,4.7741
64,4000,200,32,64,246.00,810.00,1.3739,3.9861,0.9228,9098.06,0.1099,670.00,1.0991,1.9521,1.7977,3.1818,4.7833
64,4000,200,64,12,246.00,810.00,1.3739,3.9861,0.9313,5076.97,0.1970,670.00,1.9697,3.6003,3.3586,5.2639,10.1900
64,4000,200,64,25,246.00,810.00,1.3739,3.9861,0.9623,5054.64,0.1978,673.00,1.9784,3.6180,3.3752,5.4170,9.3434
64,4000,200,64,51,246.00,810.00,1.3739,3.9861,0.9692,5178.10,0.1931,675.00,1.9312,3.6199,3.3812,5.4763,8.3598
64,4000,200,64,64,246.00,810.00,1.3739,3.9861,0.9695,5220.00,0.1916,672.00,1.9157,3.6357,3.3755,5.4849,9.3679
64,4000,200,64,96,246.00,810.00,1.3739,3.9861,0.9698,5055.97,0.1978,668.00,1.9779,3.6873,3.4596,5.5769,8.5262
64,4000,200,64,128,246.00,810.00,1.3739,3.9861,0.9699,5101.17,0.1960,671.00,1.9603,3.7298,3.4808,5.6653,8.9854
64,4000,200,128,25,246.00,810.00,1.3739,3.9861,0.9780,2703.11,0.3699,675.00,3.6994,6.8936,6.5813,9.5026,17.3689
64,4000,200,128,51,246.00,810.00,1.3739,3.9861,0.9893,2608.71,0.3833,677.00,3.8333,7.1962,6.8555,10.2838,15.3200
64,4000,200,128,102,246.00,810.00,1.3739,3.9861,0.9911,2628.06,0.3805,673.00,3.8051,7.2169,6.8678,10.2271,16.6787
64,4000,200,128,128,246.00,810.00,1.3739,3.9861,0.9912,2720.40,0.3676,683.00,3.6759,6.9476,6.6124,9.6532,17.3153
64,4000,200,128,192,246.00,810.00,1.3739,3.9861,0.9912,2741.06,0.3648,678.00,3.6482,7.0135,6.6986,9.6343,15.8884
64,4000,200,128,256,246.00,810.00,1.3739,3.9861,0.9912,2713.13,0.3686,686.00,3.6858,7.1085,6.7395,9.8727,17.0388
64,4000,200,256,51,246.00,810.00,1.3739,3.9861,0.9950,1406.69,0.7109,684.00,7.1089,13.5406,13.0295,18.7312,30.2851
64,4000,200,256,102,246.00,810.00,1.3739,3.9861,0.9979,1416.33,0.7060,696.00,7.0605,13.4083,12.9367,17.8045,31.3717
64,4000,200,256,204,246.00,810.00,1.3739,3.9861,0.9982,1408.48,0.7100,689.00,7.0998,13.4120,12.9256,18.1036,31.6857
64,4000,200,256,256,246.00,810.00,1.3739,3.9861,0.9982,1418.10,0.7052,697.00,7.0517,13.4177,12.9623,17.9892,30.0641
64,4000,200,256,384,246.00,810.00,1.3739,3.9861,0.9983,1392.40,0.7182,691.00,7.1818,13.6996,13.2153,18.3495,28.9346
64,4000,200,256,512,246.00,810.00,1.3739,3.9861,0.9983,1362.00,0.7342,701.00,7.3422,14.0467,13.5085,18.8990,31.0833
64,6000,40,6,1,252.00,799.00,2.0087,5.3874,0.6020,40528.28,0.0247,670.00,0.2467,0.3440,0.3072,0.6828,0.9972
64,6000,40,6,2,252.00,799.00,2.0087,5.3874,0.6323,43248.54,0.0231,670.00,0.2312,0.3095,0.2786,0.5996,0.8954
64,6000,40,6,4,252.00,799.00,2.0087,5.3874,0.6419,42376.47,0.0236,670.00,0.2360,0.2840,0.2483,0.5811,0.8679
64,6000,40,6,6,252.00,799.00,2.0087,5.3874,0.6439,41521.69,0.0241,670.00,0.2408,0.2987,0.2658,0.5745,0.8392
64,6000,40,6,9,252.00,799.00,2.0087,5.3874,0.6450,42821.23,0.0234,669.00,0.2335,0.2974,0.2653,0.5674,0.8686
64,6000,40,6,12,252.00,799.00,2.0087,5.3874,0.6453,44282.91,0.0226,671.00,0.2258,0.3071,0.2694,0.6031,0.8913
64,6000,40,12,2,252.00,799.00,2.0087,5.3874,0.7439,27138.44,0.0368,669.00,0.3685,0.5745,0.5204,1.0641,1.5184
64,6000,40,12,4,252.00,799.00,2.0087,5.3874,0.7606,27784.47,0.0360,671.00,0.3599,0.5694,0.5117,1.0563,1.5199
64,6000,40,12,9,252.00,799.00,2.0087,5.3874,0.7671,25929.54,0.0386,671.00,0.3857,0.5659,0.5030,1.0784,1.6566
64,6000,40,12,12,252.00,799.00,2.0087,5.3874,0.7679,26344.24,0.0380,672.00,0.3796,0.5693,0.5185,1.0476,1.4386
64,6000,40,12,18,252.00,799.00,2.0087,5.3874,0.7682,26434.10,0.0378,669.00,0.3783,0.5666,0.5058,1.0514,1.5950
64,6000,40,12,24,252.00,799.00,2.0087,5.3874,0.7683,26305.57,0.0380,672.00,0.3801,0.5674,0.5061,1.0809,1.6367
64,6000,40,24,4,252.00,799.00,2.0087,5.3874,0.8533,15586.65,0.0642,670.00,0.6416,1.0680,0.9799,1.8515,2.7165
64,6000,40,24,9,252.00,799.00,2.0087,5.3874,0.8653,15891.79,0.0629,670.00,0.6293,1.0769,0.9894,1.8707,2.5017
64,6000,40,24,19,252.00,799.00,2.0087,5.3874,0.8679,15937.29,0.0627,671.00,0.6275,1.0821,0.9982,1.8389,2.5487
64,6000,40,24,24,252.00,799.00,2.0087,5.3874,0.8680,15292.68,0.0654,670.00,0.6539,1.0808,0.9978,1.8472,2.6325
64,6000,40,24,36,252.00,799.00,2.0087,5.3874,0.8682,15425.61,0.0648,669.00,0.6483,1.0906,0.9969,1.8790,2.6258
64,6000,40,24,48,252.00,799.00,2.0087,5.3874,0.8683,15298.49,0.0654,670.00,0.6537,1.0915,0.9937,1.8838,2.7088
64,6000,40,48,9,252.00,799.00,2.0087,5.3874,0.9321,8912.40,0.1122,670.00,1.1220,2.0493,1.9120,3.2660,4.7118
64,6000,40,48,19,252.00,799.00,2.0087,5.3874,0.9372,8830.06,0.1132,670.00,1.1325,2.0401,1.8877,3.2702,4.7137
64,6000,40,48,38,252.00,799.00,2.0087,5.3874,0.9379,8707.91,0.1148,670.00,1.1484,2.0340,1.8798,3.1975,5.1434
64,6000,40,48,48,252.00,799.00,2.0087,5.3874,0.9379,8693.37,0.1150,678.00,1.1503,2.0270,1.8753,3.1579,4.8913
64,6000,40,48,72,252.00,799.00,2.0087,5.3874,0.9379,8723.92,0.1146,673.00,1.1463,2.0911,1.9558,3.3284,4.6234
64,6000,40,48,96,252.00,799.00,2.0087,5.3874,0.9379,8637.45,0.1158,669.00,1.1577,2.0985,1.9562,3.3113,4.5437
64,6000,40,96,19,252.00,799.00,2.0087,5.3874,0.9751,4766.62,0.2098,679.00,2.0979,3.8998,3.6775,5.9298,8.3428
64,6000,40,96,38,252.00,799.00,2.0087,5.3874,0.9771,4763.59,0.2099,670.00,2.0993,3.9191,3.7149,5.8972,8.2335
64,6000,40,96,76,252.00,799.00,2.0087,5.3874,0.9774,4663.49,0.2144,674.00,2.1443,3.9626,3.7406,6.0057,9.0024
64,6000,40,96,96,252.00,799.00,2.0087,5.3874,0.9774,4595.79,0.2176,665.00,2.1759,3.9362,3.7009,5.9197,9.4334
64,6000,40,96,144,252.00,799.00,2.0087,5.3874,0.9775,4810.04,0.2079,669.00,2.0790,3.9120,3.6816,5.6989,9.1886
64,6000,40,96,192,252.00,799.00,2.0087,5.3874,0.9775,4553.63,0.2196,667.00,2.1960,4.0053,3.7482,5.8259,10.4722
64,6000,40,192,38,252.00,799.00,2.0087,5.3874,0.9928,2558.83,0.3908,675.00,3.9080,7.3742,7.0340,10.4639,15.9531
64,6000,40,192,76,252.00,799.00,2.0087,5.3874,0.9934,2546.54,0.3927,674.00,3.9269,7.3471,7.0588,10.1088,17.0766
64,6000,40,192,153,252.00,799.00,2.0087,5.3874,0.9936,2456.86,0.4070,680.00,4.0702,7.5265,7.1810,10.3606,18.6162
64,6000,40,192,192,252.00,799.00,2.0087,5.3874,0.9936,2477.53,0.4036,678.00,4.0363,7.6640,7.3661,10.7733,16.4052
64,6000,40,192,288,252.00,799.00,2.0087,5.3874,0.9936,2417.09,0.4137,678.00,4.1372,7.7742,7.4438,11.0182,16.0030
64,6000,40,192,384,252.00,799.00,2.0087,5.3874,0.9936,2354.68,0.4247,675.00,4.2469,7.8760,7.5642,10.9552,17.5694
64,6000,40,384,76,252.00,799.00,2.0087,5.3874,0.9982,1310.34,0.7632,705.00,7.6316,14.2728,13.8478,19.0586,31.2139
64,6000,40,384,153,252.00,799.00,2.0087,5.3874,0.9985,1358.52,0.7361,702.00,7.3609,14.2331,13.8152,20.0419,30.1292
64,6000,40,384,307,252.00,799.00,2.0087,5.3874,0.9985,1357.19,0.7368,700.00,7.3682,14.1806,13.8026,19.3723,30.0126
64,6000,40,384,384,252.00,799.00,2.0087,5.3874,0.9985,1328.35,0.7528,701.00,7.5281,14.3025,13.9365,19.1437,31.1546
64,6000,40,384,576,252.00,799.00,2.0087,5.3874,0.9985,1299.22,0.7697,711.00,7.6970,14.6943,14.3156,20.3575,30.1223
64,6000,40,384,768,252.00,799.00,2.0087,5.3874,0.9985,1238.34,0.8075,713.00,8.0753,15.3752,14.9001,21.4307,30.1104
64,6000,100,6,1,264.00,798.00,2.4828,5.9353,0.5701,40444.98,0.0247,680.00,0.2472,0.3380,0.3060,0.6572,0.9550
64,6000,100,6,2,264.00,798.00,2.4828,5.9353,0.6172,42405.10,0.0236,679.00,0.2358,0.3314,0.2991,0.6305,0.9345
64,6000,100,6,4,264.00,798.00,2.4828,5.9353,0.6379,41734.58,0.0240,681.00,0.2396,0.3168,0.2820,0.6197,0.9191
64,6000,100,6,6,264.00,798.00,2.4828,5.9353,0.6425,41764.94,0.0239,681.00,0.2394,0.3093,0.2777,0.5978,0.8556
64,6000,100,6,9,264.00,798.00,2.4828,5.9353,0.6448,43545.82,0.0230,678.00,0.2296,0.3039,0.2700,0.5924,0.8799
64,6000,100,6,12,264.00,798.00,2.4828,5.9353,0.6459,41951.43,0.0238,679.00,0.2384,0.3125,0.2798,0.5933,0.8364
64,6000,100,12,2,264.00,798.00,2.4828,5.9353,0.7211,26561.89,0.0376,678.00,0.3765,0.5822,0.5361,1.0464,1.4441
64,6000,100,12,4,264.00,798.00,2.4828,5.9353,0.7529,27210.43,0.0368,677.00,0.3675,0.5775,0.5267,1.0504,1.4884
64,6000,100,12,9,264.00,798.00,2.4828,5.9353,0.7658,28548.82,0.0350,678.00,0.3503,0.5572,0.5070,1.0092,1.4628
64,6000,100,12,12,264.00,798.00,2.4828,5.9353,0.7678,27933.84,0.0358,677.00,0.3580,0.5448,0.4918,1.0207,1.4689
64,6000,100,12,18,264.00,798.00,2.4828,5.9353,0.7689,28352.25,0.0353,679.00,0.3527,0.5528,0.5030,1.0248,1.3985
64,6000,100,12,24,264.00,798.00,2.4828,5.9353,0.7694,27955.91,0.0358,677.00,0.3577,0.5643,0.5184,0.9948,1.3561
64,6000,100,24,4,264.00,798.00,2.4828,5.9353,0.8403,16608.14,0.0602,674.00,0.6021,1.0200,0.9314,1.7374,2.6383
64,6000,100,24,9,264.00,798.00,2.4828,5.9353,0.8626,16396.98,0.0610,676.00,0.6099,1.0618,0.9657,1.8468,2.5297
64,6000,100,24,19,264.00,798.00,2.4828,5.9353,0.8680,15524.86,0.0644,676.00,0.6441,1.0665,0.9784,1.8163,2.7029
64,6000,100,24,24,264.00,798.00,2.4828,5.9353,0.8687,15692.01,0.0637,678.00,0.6373,1.0727,0.9802,1.8245,2.7160
64,6000,100,24,36,264.00,798.00,2.4828,5.9353,0.8689,15341.87,0.0652,676.00,0.6518,1.0774,0.9860,1.8363,2.6536
64,6000,100,24,48,264.00,798.00,2.4828,5.9353,0.8689,14818.44,0.0675,679.00,0.6748,1.0961,1.0030,1.8644,2.7782
64,6000,100,48,9,264.00,798.00,2.4828,5.9353,0.9274,9057.11,0.1104,675.00,1.1041,1.9890,1.8410,3.1902,4.8088
64,6000,100,48,19,264.00,798.00,2.4828,5.9353,0.9369,8828.04,0.1133,677.00,1.1328,1.9892,1.8409,3.1339,4.9647
64,6000,100,48,38,264.00,798.00,2.4828,5.9353,0.9385,8754.11,0.1142,679.00,1.1423,2.0431,1.8944,3.2083,5.2354
64,6000,100,48,48,264.00,798.00,2.4828,5.9353,0.9385,8769.77,0.1140,678.00,1.1403,2.0239,1.8804,3.2225,4.7391
64,6000,100,48,72,264.00,798.00,2.4828,5.9353,0.9385,8742.34,0.1144,680.00,1.1439,2.0796,1.9354,3.2985,4.5438
64,6000,100,48,96,264.00,798.00,2.4828,5.9353,0.9385,8580.33,0.1165,676.00,1.1655,2.0843,1.9321,3.2657,4.9444
64,6000,100,96,19,264.00,798.00,2.4828,5.9353,0.9742,4639.73,0.2155,679.00,2.1553,3.8822,3.6433,5.7840,9.5750
64,6000,100,96,38,264.00,798.00,2.4828,5.9353,0.9777,4752.97,0.2104,681.00,2.1039,3.9241,3.7068,5.9227,8.5053
64,6000,100,96,76,264.00,798.00,2.4828,5.9353,0.9778,4742.32,0.2109,681.00,2.1087,3.8795,3.6406,5.8233,8.8863
64,6000,100,96,96,264.00,798.00,2.4828,5.9353,0.9779,4735.52,0.2112,682.00,2.1117,3.9061,3.6863,5.7776,8.4538
64,6000,100,96,144,264.00,798.00,2.4828,5.9353,0.9778,4678.17,0.2138,678.00,2.1376,4.0804,3.8689,6.0585,8.8235
64,6000,100,96,192,264.00,798.00,2.4828,5.9353,0.9779,4427.05,0.2259,684.00,2.2588,4.1554,3.9438,6.1662,8.6184
64,6000,100,192,38,264.00,798.00,2.4828,5.9353,0.9930,2449.47,0.4083,694.00,4.0825,7.5852,7.2640,10.7259,16.5450
64,6000,100,192,76,264.00,798.00,2.4828,5.9353,0.9937,2451.68,0.4079,698.00,4.0788,7.5351,7.2241,10.9403,15.5668
64,6000,100,192,153,264.00,798.00,2.4828,5.9353,0.9938,2479.55,0.4033,693.00,4.0330,7.5733,7.2813,10.9516,15.1558
64,6000,100,192,192,264.00,798.00,2.4828,5.9353,0.9938,2418.23,0.4135,697.00,4.1353,7.6002,7.2675,10.7855,17.0369
64,6000,100,192,288,264.00,798.00,2.4828,5.9353,0.9938,2446.55,0.4087,691.00,4.0874,7.6396,7.3494,10.6599,16.4511
64,6000,100,192,384,264.00,798.00,2.4828,5.9353,0.9938,2444.29,0.4091,693.00,4.0912,7.8216,7.5220,11.0473,15.6493
64,6000,100,384,76,264.00,798.00,2.4828,5.9353,0.9982,1329.16,0.7524,697.00,7.5235,14.1990,13.8040,19.4588,28.4394
64,6000,100,384,153,264.00,798.00,2.4828,5.9353,0.9983,1342.99,0.7446,707.00,7.4460,14.1743,13.7926,20.1937,27.5610
64,6000,100,384,307,264.00,798.00,2.4828,5.9353,0.9984,1327.96,0.7530,711.00,7.5303,14.3297,13.9121,19.4045,30.6987
64,6000,100,384,384,264.00,798.00,2.4828,5.9353,0.9984,1318.79,0.7583,713.00,7.5827,14.3943,14.0427,19.1672,30.5664
64,6000,100,384,576,264.00,798.00,2.4828,5.9353,0.9984,1300.86,0.7687,710.00,7.6872,14.7532,14.3791,20.8592,27.8223
64,6000,100,384,768,264.00,798.00,2.4828,5.9353,0.9984,1257.14,0.7955,721.00,7.9546,15.1513,14.7708,20.3680,30.6059
64,6000,200,6,1,273.00,801.00,1.6874,4.3940,0.4750,41342.35,0.0242,664.00,0.2419,0.3479,0.3103,0.6720,0.9994
64,6000,200,6,2,273.00,801.00,1.6874,4.3940,0.5593,42018.86,0.0238,663.00,0.2380,0.3150,0.2773,0.6497,0.9337
64,6000,200,6,4,273.00,801.00,1.6874,4.3940,0.6126,41589.73,0.0240,662.00,0.2404,0.3070,0.2672,0.6238,0.9527
64,6000,200,6,6,273.00,801.00,1.6874,4.3940,0.6307,42395.20,0.0236,665.00,0.2359,0.3032,0.2683,0.6072,0.9133
64,6000,200,6,9,273.00,801.00,1.6874,4.3940,0.6404,43525.31,0.0230,665.00,0.2298,0.3034,0.2698,0.5960,0.8866
64,6000,200,6,12,273.00,801.00,1.6874,4.3940,0.6438,44367.30,0.0225,663.00,0.2254,0.2886,0.2523,0.5785,0.8263
64,6000,200,12,2,273.00,801.00,1.6874,4.3940,0.6310,27055.44,0.0370,662.00,0.3696,0.5565,0.5019,1.0314,1.5336
64,6000,200,12,4,273.00,801.00,1.6874,4.3940,0.7075,27290.93,0.0366,663.00,0.3664,0.5674,0.5185,1.0448,1.4736
64,6000,200,12,9,273.00,801.00,1.6874,4.3940,0.7537,27270.41,0.0367,665.00,0.3667,0.5659,0.5120,1.0685,1.5008
64,6000,200,12,12,273.00,801.00,1.6874,4.3940,0.7605,25735.51,0.0389,666.00,0.3886,0.5499,0.4905,1.0312,1.5051
64,6000,200,12,18,273.00,801.00,1.6874,4.3940,0.7655,28168.24,0.0355,666.00,0.3550,0.5407,0.4924,0.9894,1.4272
64,6000,200,12,24,273.00,801.00,1.6874,4.3940,0.7665,27753.24,0.0360,664.00,0.3603,0.5546,0.5024,1.0188,1.4716
64,6000,200,24,4,273.00,801.00,1.6874,4.3940,0.7680,16498.49,0.0606,665.00,0.6061,1.0326,0.9491,1.7464,2.5887
64,6000,200,24,9,273.00,801.00,1.6874,4.3940,0.8393,16056.03,0.0623,661.00,0.6228,1.0675,0.9738,1.8643,2.5816
64,6000,200,24,19,273.00,801.00,1.6874,4.3940,0.8627,15633.88,0.0640,665.00,0.6396,1.0682,0.9765,1.8556,2.5455
64,6000,200,24,24,273.00,801.00,1.6874,4.3940,0.8652,16187.04,0.0618,664.00,0.6178,1.0498,0.9647,1.8156,2.6978
64,6000,200,24,36,273.00,801.00,1.6874,4.3940,0.8668,15690.12,0.0637,665.00,0.6373,1.0552,0.9605,1.8469,2.6912
64,6000,200,24,48,273.00,801.00,1.6874,4.3940,0.8671,16021.56,0.0624,662.00,0.6242,1.0509,0.9641,1.7779,2.6310
64,6000,200,48,9,273.00,801.00,1.6874,4.3940,0.8856,8872.21,0.1127,662.00,1.1271,2.0049,1.8499,3.1493,5.1914
64,6000,200,48,19,273.00,801.00,1.6874,4.3940,0.9260,9111.12,0.1098,666.00,1.0976,1.9973,1.8554,3.1501,4.7828
64,6000,200,48,38,273.00,801.00,1.6874,4.3940,0.9366,9068.46,0.1103,664.00,1.1027,2.0133,1.8732,3.1672,4.6367
64,6000,200,48,48,273.00,801.00,1.6874,4.3940,0.9373,8947.73,0.1118,665.00,1.1176,2.0128,1.8655,3.1638,4.6538
64,6000,200,48,72,273.00,801.00,1.6874,4.3940,0.9378,8646.06,0.1157,668.00,1.1566,2.0393,1.8905,3.2134,5.1664
64,6000,200,48,96,273.00,801.00,1.6874,4.3940,0.9379,8638.54,0.1158,661.00,1.1576,2.0997,1.9437,3.3276,4.8777
64,6000,200,96,19,273.00,801.00,1.6874,4.3940,0.9547,4711.47,0.2122,675.00,2.1225,3.8896,3.6750,5.6903,9.2536
64,6000,200,96,38,273.00,801.00,1.6874,4.3940,0.9740,4685.56,0.2134,673.00,2.1342,3.9634,3.7302,5.8627,9.1796
64,6000,200,96,76,273.00,801.00,1.6874,4.3940,0.9778,4739.20,0.2110,664.00,2.1101,3.8956,3.6707,5.7563,9.2111
64,6000,200,96,96,273.00,801.00,1.6874,4.3940,0.9781,4691.94,0.2131,662.00,2.1313,3.9101,3.6841,5.6998,9.6616
64,6000,200,96,144,273.00,801.00,1.6874,4.3940,0.9782,4748.73,0.2106,661.00,2.1058,3.9151,3.7034,5.8220,8.6543
64,6000,200,96,192,273.00,801.00,1.6874,4.3940,0.9782,4643.82,0.2153,675.00,2.1534,4.0034,3.7813,5.9110,8.9424
64,6000,200,192,38,273.00,801.00,1.6874,4.3940,0.9864,2505.78,0.3991,668.00,3.9908,7.4771,7.1796,10.6397,16.2625
64,6000,200,192,76,273.00,801.00,1.6874,4.3940,0.9933,2476.78,0.4037,675.00,4.0375,7.6440,7.3613,10.8651,15.3550
64,6000,200,192,153,273.00,801.00,1.6874,4.3940,0.9942,2454.36,0.4074,670.00,4.0744,7.6041,7.2867,10.5690,17.3433
64,6000,200,192,192,273.00,801.00,1.6874,4.3940,0.9943,2444.52,0.4091,668.00,4.0908,7.5993,7.2875,10.7996,16.7537
64,6000,200,192,288,273.00,801.00,1.6874,4.3940,0.9943,2488.96,0.4018,674.00,4.0177,7.6342,7.3468,10.7285,15.6063
64,6000,200,192,384,273.00,801.00,1.6874,4.3940,0.9943,2452.88,0.4077,674.00,4.0768,7.7842,7.5135,10.9870,15.2115
64,6000,200,384,76,273.00,801.00,1.6874,4.3940,0.9967,1357.00,0.7369,687.00,7.3692,14.0531,13.7087,19.9801,28.1887
64,6000,200,384,153,273.00,801.00,1.6874,4.3940,0.9984,1289.62,0.7754,697.00,7.7542,14.4820,14.0834,19.6914,30.1370
64,6000,200,384,307,273.00,801.00,1.6874,4.3940,0.9986,1343.14,0.7445,701.00,7.4452,14.4748,14.1048,20.3574,29.2389
64,6000,200,384,384,273.00,801.00,1.6874,4.3940,0.9987,1304.67,0.7665,705.00,7.6648,14.6953,14.2921,20.8507,28.2491
64,6000,200,384,576,273.00,801.00,1.6874,4.3940,0.9987,1302.21,0.7679,708.00,7.6793,14.7443,14.4030,20.4857,29.0635
64,6000,200,384,768,273.00,801.00,1.6874,4.3940,0.9987,1268.94,0.7881,699.00,7.8806,15.2144,14.8263,20.9060,30.3281
64,8000,40,8,1,250.00,800.00,2.2686,5.7355,0.6095,40257.05,0.0248,652.00,0.2484,0.3729,0.3380,0.7115,0.9904
64,8000,40,8,3,250.00,800.00,2.2686,5.7355,0.6612,40871.50,0.0245,649.00,0.2447,0.3410,0.3106,0.6464,0.9336
64,8000,40,8,6,250.00,800.00,2.2686,5.7355,0.6695,41408.15,0.0241,650.00,0.2415,0.3240,0.2910,0.6280,0.9144
64,8000,40,8,8,250.00,800.00,2.2686,5.7355,0.6713,42047.47,0.0238,651.00,0.2378,0.3211,0.2870,0.6187,0.9018
64,8000,40,8,12,250.00,800.00,2.2686,5.7355,0.6728,42407.76,0.0236,654.00,0.2358,0.3139,0.2821,0.5958,0.8486
64,8000,40,8,16,250.00,800.00,2.2686,5.7355,0.6734,43454.87,0.0230,653.00,0.2301,0.3215,0.2916,0.6018,0.8812
64,8000,40,16,3,250.00,800.00,2.2686,5.7355,0.7690,26320.72,0.0380,653.00,0.3799,0.5904,0.5392,1.0800,1.5212
64,8000,40,16,6,250.00,800.00,2.2686,5.7355,0.7848,27334.26,0.0366,653.00,0.3658,0.5882,0.5400,1.0800,1.4982
64,8000,40,16,12,250.00,800.00,2.2686,5.7355,0.7909,27086.51,0.0369,652.00,0.3692,0.5742,0.5245,1.0326,1.4596
64,8000,40,16,16,250.00,800.00,2.2686,5.7355,0.7917,26834.16,0.0373,652.00,0.3727,0.5935,0.5449,1.0652,1.4842
64,8000,40,16,24,250.00,800.00,2.2686,5.7355,0.7922,25894.44,0.0386,649.00,0.3862,0.5963,0.5425,1.0616,1.4657
64,8000,40,16,32,250.00,800.00,2.2686,5.7355,0.7923,25043.63,0.0399,651.00,0.3993,0.6273,0.5742,1.1145,1.6011
64,8000,40,32,6,250.00,800.00,2.2686,5.7355,0.8703,14961.24,0.0668,649.00,0.6684,1.1641,1.0792,1.9641,2.6423
64,8000,40,32,12,250.00,800.00,2.2686,5.7355,0.8811,15215.76,0.0657,652.00,0.6572,1.1549,1.0684,1.9379,2.6270
64,8000,40,32,25,250.00,800.00,2.2686,5.7355,0.8837,14824.71,0.0675,651.00,0.6745,1.1276,1.0446,1.9055,2.5866
64,8000,40,32,32,250.00,800.00,2.2686,5.7355,0.8838,15372.02,0.0651,648.00,0.6505,1.1339,1.0426,1.9182,2.6524
64,8000,40,32,48,250.00,800.00,2.2686,5.7355,0.8839,14779.88,0.0677,651.00,0.6766,1.1748,1.0918,1.9534,2.5880
64,8000,40,32,64,250.00,800.00,2.2686,5.7355,0.8839,14597.97,0.0685,650.00,0.6850,1.2108,1.1282,1.9930,2.6149
64,8000,40,64,12,250.00,800.00,2.2686,5.7355,0.9409,8464.42,0.1181,648.00,1.1814,2.1768,2.0490,3.4186,4.5431
64,8000,40,64,25,250.00,800.00,2.2686,5.7355,0.9470,8549.75,0.1170,648.00,1.1696,2.1772,2.0363,3.4434,4.7382
64,8000,40,64,51,250.00,800.00,2.2686,5.7355,0.9475,8334.02,0.1200,649.00,1.1999,2.1496,1.9923,3.3678,5.3269
64,8000,40,64,64,250.00,800.00,2.2686,5.7355,0.9475,8414.47,0.1188,652.00,1.1884,2.1572,1.9977,3.3592,5.2005
64,8000,40,64,96,250.00,800.00,2.2686,5.7355,0.9475,8196.20,0.1220,650.00,1.2201,2.2101,2.0614,3.4372,4.9480
64,8000,40,64,128,250.00,800.00,2.2686,5.7355,0.9475,8195.72,0.1220,649.00,1.2201,2.2473,2.1044,3.4585,4.6526
64,8000,40,128,25,250.00,800.00,2.2686,5.7355,0.9796,4525.02,0.2210,653.00,2.2099,4.0601,3.8216,5.9134,9.8099
64,8000,40,128,51,250.00,800.00,2.2686,5.7355,0.9811,4639.15,0.2156,650.00,2.1556,4.0982,3.8881,6.0840,8.6436
64,8000,40,128,102,250.00,800.00,2.2686,5.7355,0.9813,4501.20,0.2222,653.00,2.2216,4.1204,3.8939,5.9907,9.5122
64,8000,40,128,128,250.00,800.00,2.2686,5.7355,0.9813,4478.99,0.2233,662.00,2.2326,4.1287,3.8940,6.0250,10.0634
64,8000,40,128,192,250.00,800.00,2.2686,5.7355,0.9814,4476.77,0.2234,663.00,2.2338,4.2154,3.9879,6.0590,8.9886
64,8000,40,128,256,250.00,800.00,2.2686,5.7355,0.9813,4444.37,0.2250,657.00,2.2500,4.3093,4.0985,6.3451,8.9070
64,8000,40,256,51,250.00,800.00,2.2686,5.7355,0.9943,2479.32,0.4033,666.00,4.0334,7.8373,7.5772,11.1552,15.1259
64,8000,40,256,102,250.00,800.00,2.2686,5.7355,0.9950,2349.23,0.4257,667.00,4.2567,7.8919,7.5862,11.0030,17.4746
64,8000,40,256,204,250.00,800.00,2.2686,5.7355,0.9950,2362.05,0.4234,677.00,4.2336,8.0120,7.7320,11.4576,15.4483
64,8000,40,256,256,250.00,800.00,2.2686,5.7355,0.9950,2301.44,0.4345,667.00,4.3451,8.1344,7.8727,11.5157,15.8133
64,8000,40,256,384,250.00,800.00,2.2686,5.7355,0.9950,2272.25,0.4401,680.00,4.4009,8.3188,8.0340,11.7901,15.9731
64,8000,40,256,512,250.00,800.00,2.2686,5.7355,0.9950,2179.49,0.4588,668.00,4.5882,8.4853,8.2168,11.8620,15.8994
64,8000,40,512,102,250.00,800.00,2.2686,5.7355,0.9985,1229.11,0.8136,684.00,8.1360,15.0521,14.6808,20.6729,29.0992
64,8000,40,512,204,250.00,800.00,2.2686,5.7355,0.9987,1255.53,0.7965,698.00,7.9648,14.9894,14.7032,20.5474,28.5553
64,8000,40,512,409,250.00,800.00,2.2686,5.7355,0.9987,1274.32,0.7847,684.00,7.8473,15.1059,14.8117,21.4730,27.1261
64,8000,40,512,512,250.00,800.00,2.2686,5.7355,0.9987,1252.75,0.7982,703.00,7.9825,15.2697,14.9669,21.6251,26.8271
64,8000,40,512,768,250.00,800.00,2.2686,5.7355,0.9987,1205.80,0.8293,691.00,8.2933,15.8190,15.4423,22.0257,29.8204
64,8000,40,512,1024,250.00,800.00,2.2686,5.7355,0.9987,1153.12,0.8672,690.00,8.6721,16.5844,16.2719,22.6692,29.3475
64,8000,100,8,1,244.00,795.00,2.8794,6.4577,0.5871,40417.31,0.0247,670.00,0.2474,0.3677,0.3330,0.7120,0.9840
64,8000,100,8,3,244.00,795.00,2.8794,6.4577,0.6569,41273.11,0.0242,673.00,0.2423,0.3419,0.3081,0.6605,0.9499
64,8000,100,8,6,244.00,795.00,2.8794,6.4577,0.6701,40742.70,0.0245,675.00,0.2454,0.3221,0.2870,0.6316,0.8957
64,8000,100,8,8,244.00,795.00,2.8794,6.4577,0.6723,43023.90,0.0232,671.00,0.2324,0.3217,0.2885,0.6132,0.8799
64,8000,100,8,12,244.00,795.00,2.8794,6.4577,0.6737,42299.46,0.0236,670.00,0.2364,0.3235,0.2899,0.6172,0.8735
64,8000,100,8,16,244.00,795.00,2.8794,6.4577,0.6744,43060.26,0.0232,677.00,0.2322,0.3187,0.2855,0.5998,0.8350
64,8000,100,16,3,244.00,795.00,2.8794,6.4577,0.7584,27186.18,0.0368,672.00,0.3678,0.5892,0.5388,1.0627,1.4318
64,8000,100,16,6,244.00,795.00,2.8794,6.4577,0.7821,26853.46,0.0372,670.00,0.3724,0.5818,0.5312,1.0882,1.4847
64,8000,100,16,12,244.00,795.00,2.8794,6.4577,0.7904,26241.02,0.0381,673.00,0.3811,0.5955,0.5405,1.0933,1.5293
64,8000,100,16,16,244.00,795.00,2.8794,6.4577,0.7919,26868.48,0.0372,671.00,0.3722,0.5959,0.5424,1.0864,1.4834
64,8000,100,16,24,244.00,795.00,2.8794,6.4577,0.7925,26277.67,0.0381,669.00,0.3806,0.6044,0.5506,1.0742,1.4844
64,8000,100,16,32,244.00,795.00,2.8794,6.4577,0.7926,26658.61,0.0375,670.00,0.3751,0.6026,0.5518,1.0580,1.4311
64,8000,100,32,6,244.00,795.00,2.8794,6.4577,0.8645,15381.36,0.0650,670.00,0.6501,1.1114,1.0250,1.8866,2.6165
64,8000,100,32,12,244.00,795.00,2.8794,6.4577,0.8791,15650.45,0.0639,672.00,0.6390,1.1121,1.0214,1.8879,2.7668
64,8000,100,32,25,244.00,795.00,2.8794,6.4577,0.8832,15286.18,0.0654,671.00,0.6542,1.1121,1.0250,1.8798,2.5719
64,8000,100,32,32,244.00,795.00,2.8794,6.4577,0.8835,15514.21,0.0645,674.00,0.6446,1.1255,1.0374,1.9176,2.4967
64,8000,100,32,48,244.00,795.00,2.8794,6.4577,0.8837,15121.51,0.0661,673.00,0.6613,1.1410,1.0559,1.9359,2.5310
64,8000,100,32,64,244.00,795.00,2.8794,6.4577,0.8837,14898.09,0.0671,666.00,0.6712,1.1497,1.0596,1.9247,2.9127
64,8000,100,64,12,244.00,795.00,2.8794,6.4577,0.9374,8603.78,0.1162,669.00,1.1623,2.1452,2.0012,3.3833,4.6735
64,8000,100,64,25,244.00,795.00,2.8794,6.4577,0.9458,8580.72,0.1165,672.00,1.1654,2.1710,2.0296,3.4218,4.6685
64,8000,100,64,51,244.00,795.00,2.8794,6.4577,0.9469,8566.90,0.1167,668.00,1.1673,2.1657,2.0332,3.3756,4.6503
64,8000,100,64,64,244.00,795.00,2.8794,6.4577,0.9469,8101.34,0.1234,674.00,1.2344,2.2055,2.0700,3.4645,4.6988
64,8000,100,64,96,244.00,795.00,2.8794,6.4577,0.9469,8052.05,0.1242,669.00,1.2419,2.2515,2.1186,3.5618,4.6186
64,8000,100,64,128,244.00,795.00,2.8794,6.4577,0.9469,8150.83,0.1227,667.00,1.2269,2.2242,2.0748,3.4151,5.2060
64,8000,100,128,25,244.00,795.00,2.8794,6.4577,0.9789,4584.14,0.2181,670.00,2.1814,4.0580,3.8421,6.0303,8.6396
64,8000,100,128,51,244.00,795.00,2.8794,6.4577,0.9815,4563.33,0.2191,671.00,2.1914,4.0769,3.8483,5.9703,9.1087
64,8000,100,128,102,244.00,795.00,2.8794,6.4577,0.9818,4525.28,0.2210,670.00,2.2098,4.1012,3.8672,6.0013,9.4882
64,8000,100,128,128,244.00,795.00,2.8794,6.4577,0.9818,4515.26,0.2215,668.00,2.2147,4.1326,3.9202,6.0920,8.4368
64,8000,100,128,192,244.00,795.00,2.8794,6.4577,0.9818,4413.16,0.2266,671.00,2.2659,4.2155,3.9873,6.1875,9.2222
64,8000,100,128,256,244.00,795.00,2.8794,6.4577,0.9818,4360.13,0.2294,675.00,2.2935,4.2881,4.0761,6.1785,9.0372
64,8000,100,256,51,244.00,795.00,2.8794,6.4577,0.9942,2498.46,0.4002,691.00,4.0025,7.6476,7.3527,10.5874,16.5046
64,8000,100,256,102,244.00,795.00,2.8794,6.4577,0.9951,2489.74,0.4016,675.00,4.0165,7.7460,7.5003,11.0305,15.1077
64,8000,100,256,204,244.00,795.00,2.8794,6.4577,0.9951,2436.16,0.4105,676.00,4.1048,7.8546,7.5753,10.8659,16.1950
64,8000,100,256,256,244.00,795.00,2.8794,6.4577,0.9951,2320.64,0.4309,677.00,4.3092,8.0979,7.8305,11.2823,17.3804
64,8000,100,256,384,244.00,795.00,2.8794,6.4577,0.9951,2279.69,0.4387,675.00,4.3866,8.2886,8.0254,11.6931,15.6743
64,8000,100,256,512,244.00,795.00,2.8794,6.4577,0.9951,2283.97,0.4378,677.00,4.3783,8.3204,8.0333,11.1377,18.8002
64,8000,100,512,102,244.00,795.00,2.8794,6.4577,0.9986,1261.06,0.7930,708.00,7.9298,15.0062,14.6009,21.2146,27.3914
64,8000,100,512,204,244.00,795.00,2.8794,6.4577,0.9987,1224.32,0.8168,693.00,8.1678,15.3532,14.9585,21.3947,28.0383
64,8000,100,512,409,244.00,795.00,2.8794,6.4577,0.9987,1255.90,0.7962,698.00,7.9624,15.0566,14.6690,20.1365,33.4638
64,8000,100,512,512,244.00,795.00,2.8794,6.4577,0.9987,1244.74,0.8034,711.00,8.0338,15.2265,14.8181,20.6034,31.4622
64,8000,100,512,768,244.00,795.00,2.8794,6.4577,0.9988,1201.49,0.8323,712.00,8.3230,15.8197,15.4640,21.1440,32.8940
64,8000,100,512,1024,244.00,795.00,2.8794,6.4577,0.9988,1148.31,0.8708,714.00,8.7085,16.6774,16.2931,23.0482,29.0374
64,8000,200,8,1,265.00,793.00,1.9900,4.8414,0.4895,39283.36,0.0255,670.00,0.2546,0.3747,0.3389,0.7188,1.0205
64,8000,200,8,3,265.00,793.00,1.9900,4.8414,0.6194,40458.04,0.0247,670.00,0.2472,0.3444,0.3130,0.6625,0.9425
64,8000,200,8,6,265.00,793.00,1.9900,4.8414,0.6575,39511.16,0.0253,670.00,0.2531,0.3342,0.3007,0.6499,0.9346
64,8000,200,8,8,265.00,793.00,1.9900,4.8414,0.6666,40938.02,0.0244,671.00,0.2443,0.3236,0.2872,0.6320,0.9145
64,8000,200,8,12,265.00,793.00,1.9900,4.8414,0.6728,41840.67,0.0239,671.00,0.2390,0.3264,0.2925,0.6191,0.9179
64,8000,200,8,16,265.00,793.00,1.9900,4.8414,0.6753,41992.86,0.0238,666.00,0.2381,0.3123,0.2773,0.6067,0.9301
64,8000,200,16,3,265.00,793.00,1.9900,4.8414,0.6937,26308.35,0.0380,670.00,0.3801,0.6035,0.5496,1.0881,1.5928
64,8000,200,16,6,265.00,793.00,1.9900,4.8414,0.7549,25904.31,0.0386,672.00,0.3860,0.5842,0.5304,1.0970,1.5811
64,8000,200,16,12,265.00,793.00,1.9900,4.8414,0.7848,26576.18,0.0376,669.00,0.3763,0.5927,0.5384,1.0862,1.5297
64,8000,200,16,16,265.00,793.00,1.9900,4.8414,0.7904,26629.98,0.0376,670.00,0.3755,0.5933,0.5392,1.0715,1.5606
64,8000,200,16,24,265.00,793.00,1.9900,4.8414,0.7935,25897.70,0.0386,671.00,0.3861,0.5959,0.5462,1.0743,1.4637
64,8000,200,16,32,265.00,793.00,1.9900,4.8414,0.7940,26376.19,0.0379,667.00,0.3791,0.5975,0.5412,1.0981,1.5656
64,8000,200,32,6,265.00,793.00,1.9900,4.8414,0.8147,15066.37,0.0664,681.00,0.6637,1.1099,1.0152,1.9143,2.8359
64,8000,200,32,12,265.00,793.00,1.9900,4.8414,0.8639,15264.23,0.0655,673.00,0.6551,1.1221,1.0309,1.9229,2.6796
64,8000,200,32,25,265.00,793.00,1.9900,4.8414,0.8835,15367.24,0.0651,669.00,0.6507,1.1430,1.0532,1.9622,2.6945
64,8000,200,32,32,265.00,793.00,1.9900,4.8414,0.8853,15475.83,0.0646,674.00,0.6462,1.1314,1.0368,1.9406,2.7217
64,8000,200,32,48,265.00,793.00,1.9900,4.8414,0.8866,15213.02,0.0657,670.00,0.6573,1.1312,1.0453,1.9232,2.6072
64,8000,200,32,64,265.00,793.00,1.9900,4.8414,0.8866,15027.40,0.0665,667.00,0.6655,1.1514,1.0577,1.9342,2.6813
64,8000,200,64,12,265.00,793.00,1.9900,4.8414,0.9068,8594.32,0.1164,678.00,1.1636,2.1493,2.0083,3.4055,4.8144
64,8000,200,64,25,265.00,793.00,1.9900,4.8414,0.9405,8470.19,0.1181,675.00,1.1806,2.1642,2.0114,3.4227,4.7747
64,8000,200,64,51,265.00,793.00,1.9900,4.8414,0.9481,8485.04,0.1179,673.00,1.1785,2.1684,2.0262,3.4270,4.6342
64,8000,200,64,64,265.00,793.00,1.9900,4.8414,0.9485,8397.49,0.1191,669.00,1.1908,2.1868,2.0434,3.4496,4.9685
64,8000,200,64,96,265.00,793.00,1.9900,4.8414,0.9488,8295.43,0.1205,676.00,1.2055,2.1874,2.0410,3.4072,4.9425
64,8000,200,64,128,265.00,793.00,1.9900,4.8414,0.9488,8126.16,0.1231,673.00,1.2306,2.2192,2.0617,3.4837,5.3930
64,8000,200,128,25,265.00,793.00,1.9900,4.8414,0.9646,4617.73,0.2166,674.00,2.1656,4.1473,3.9290,6.1261,8.8871
64,8000,200,128,51,265.00,793.00,1.9900,4.8414,0.9796,4505.89,0.2219,674.00,2.2193,4.1911,3.9681,6.2018,8.8069
64,8000,200,128,102,265.00,793.00,1.9900,4.8414,0.9821,4377.11,0.2285,674.00,2.2846,4.2421,4.0325,6.3224,8.5718
64,8000,200,128,128,265.00,793.00,1.9900,4.8414,0.9823,4292.44,0.2330,670.00,2.3297,4.2274,3.9873,6.3087,9.9706
64,8000,200,128,192,265.00,793.00,1.9900,4.8414,0.9823,4245.18,0.2356,679.00,2.3556,4.2562,4.0111,6.2358,10.1559
64,8000,200,128,256,265.00,793.00,1.9900,4.8414,0.9823,4251.25,0.2352,672.00,2.3523,4.3620,4.1372,6.4208,9.2584
64,8000,200,256,51,265.00,793.00,1.9900,4.8414,0.9899,2396.03,0.4174,691.00,4.1736,7.9199,7.6434,11.2226,16.4310
64,8000,200,256,102,265.00,793.00,1.9900,4.8414,0.9948,2261.87,0.4421,680.00,4.4211,8.1539,7.8521,11.5585,17.1653
64,8000,200,256,204,265.00,793.00,1.9900,4.8414,0.9955,2276.55,0.4393,683.00,4.3926,8.1205,7.7834,11.2759,17.9333
64,8000,200,256,256,265.00,793.00,1.9900,4.8414,0.9956,2340.32,0.4273,678.00,4.2729,8.0098,7.7424,11.2318,16.6192
64,8000,200,256,384,265.00,793.00,1.9900,4.8414,0.9956,2291.08,0.4365,682.00,4.3648,8.3091,8.0388,11.6464,16.9593
64,8000,200,256,512,265.00,793.00,1.9900,4.8414,0.9956,2252.77,0.4439,695.00,4.4390,8.5336,8.2754,11.8284,16.0970
64,8000,200,512,102,265.00,793.00,1.9900,4.8414,0.9975,1306.46,0.7654,713.00,7.6543,14.8588,14.4459,21.4553,28.0383
64,8000,200,512,204,265.00,793.00,1.9900,4.8414,0.9988,1254.05,0.7974,695.00,7.9742,15.2964,14.9075,21.4754,28.0780
64,8000,200,512,409,265.00,793.00,1.9900,4.8414,0.9989,1248.27,0.8011,700.00,8.0111,15.3660,15.0605,21.4808,27.4922
64,8000,200,512,512,265.00,793.00,1.9900,4.8414,0.9989,1254.26,0.7973,705.00,7.9728,15.5171,15.1614,21.3899,30.0852
64,8000,200,512,768,265.00,793.00,1.9900,4.8414,0.9989,1172.32,0.8530,718.00,8.5301,16.1072,15.7676,22.3312,28.2245
64,8000,200,512,1024,265.00,793.00,1.9900,4.8414,0.9989,1105.04,0.9049,704.00,9.0495,17.0693,16.7110,23.3904,28.1316
64,10000,40,10,2,260.00,791.00,2.5319,6.1417,0.6702,38016.62,0.0263,666.00,0.2630,0.3806,0.3485,0.7278,1.0065
64,10000,40,10,4,260.00,791.00,2.5319,6.1417,0.6892,39198.48,0.0255,666.00,0.2551,0.3626,0.3287,0.6701,1.0092
64,10000,40,10,8,260.00,791.00,2.5319,6.1417,0.6956,39045.37,0.0256,664.00,0.2561,0.3522,0.3198,0.6511,0.9027
64,10000,40,10,10,260.00,791.00,2.5319,6.1417,0.6964,40224.58,0.0249,671.00,0.2486,0.3484,0.3158,0.6479,0.9406
64,10000,40,10,15,260.00,791.00,2.5319,6.1417,0.6971,39399.68,0.0254,670.00,0.2538,0.3520,0.3213,0.6460,0.8724
64,10000,40,10,20,260.00,791.00,2.5319,6.1417,0.6972,39140.98,0.0255,669.00,0.2555,0.3552,0.3240,0.6466,0.9132
64,10000,40,20,4,260.00,791.00,2.5319,6.1417,0.7915,24904.93,0.0402,668.00,0.4015,0.6408,0.5903,1.1254,1.5659
64,10000,40,20,8,260.00,791.00,2.5319,6.1417,0.8038,25509.60,0.0392,664.00,0.3920,0.6284,0.5815,1.0947,1.4283
64,10000,40,20,16,260.00,791.00,2.5319,6.1417,0.8081,25446.28,0.0393,663.00,0.3930,0.6164,0.5715,1.0820,1.4110
64,10000,40,20,20,260.00,791.00,2.5319,6.1417,0.8086,24394.51,0.0410,666.00,0.4099,0.6228,0.5723,1.1082,1.5557
64,10000,40,20,30,260.00,791.00,2.5319,6.1417,0.8090,24791.40,0.0403,670.00,0.4034,0.6372,0.5879,1.0940,1.5076
64,10000,40,20,40,260.00,791.00,2.5319,6.1417,0.8089,25005.14,0.0400,666.00,0.3999,0.6279,0.5841,1.0849,1.4655
64,10000,40,40,8,260.00,791.00,2.5319,6.1417,0.8863,14780.29,0.0677,665.00,0.6766,1.1706,1.0845,1.9417,2.6939
64,10000,40,40,16,260.00,791.00,2.5319,6.1417,0.8951,14765.64,0.0677,677.00,0.6772,1.1831,1.1024,1.9564,2.5846
64,10000,40,40,32,260.00,791.00,2.5319,6.1417,0.8967,14860.25,0.0673,667.00,0.6729,1.1749,1.0900,1.9488,2.6685
64,10000,40,40,40,260.00,791.00,2.5319,6.1417,0.8968,14592.01,0.0685,662.00,0.6853,1.1901,1.1138,1.9456,2.5434
64,10000,40,40,60,260.00,791.00,2.5319,6.1417,0.8969,14542.31,0.0688,662.00,0.6876,1.2059,1.1208,1.9947,2.6385
64,10000,40,40,80,260.00,791.00,2.5319,6.1417,0.8969,14370.74,0.0696,663.00,0.6959,1.2127,1.1301,1.9529,2.5409
64,10000,40,80,16,260.00,791.00,2.5319,6.1417,0.9498,8398.76,0.1191,664.00,1.1907,2.2117,2.0755,3.4501,4.8188
64,10000,40,80,32,260.00,791.00,2.5319,6.1417,0.9537,8327.43,0.1201,666.00,1.2009,2.2207,2.0893,3.4179,4.6193
64,10000,40,80,64,260.00,791.00,2.5319,6.1417,0.9542,8150.66,0.1227,668.00,1.2269,2.2530,2.1160,3.5137,4.7873
64,10000,40,80,80,260.00,791.00,2.5319,6.1417,0.9543,8167.80,0.1224,666.00,1.2243,2.2873,2.1503,3.4941,4.7396
64,10000,40,80,120,260.00,791.00,2.5319,6.1417,0.9543,7996.63,0.1251,663.00,1.2505,2.3211,2.1840,3.5541,5.0318
64,10000,40,80,160,260.00,791.00,2.5319,6.1417,0.9543,7894.90,0.1267,666.00,1.2666,2.3659,2.2360,3.5638,4.7472
64,10000,40,160,32,260.00,791.00,2.5319,6.1417,0.9828,4337.44,0.2306,673.00,2.3055,4.2457,4.0370,6.1532,9.5250
64,10000,40,160,64,260.00,791.00,2.5319,6.1417,0.9844,4427.50,0.2259,671.00,2.2586,4.3179,4.1420,6.2154,8.1693
64,10000,40,160,128,260.00,791.00,2.5319,6.1417,0.9844,4365.79,0.2291,670.00,2.2905,4.3736,4.1891,6.3331,8.3760
64,10000,40,160,160,260.00,791.00,2.5319,6.1417,0.9844,4236.83,0.2360,670.00,2.3603,4.4611,4.2787,6.3964,8.4871
64,10000,40,160,240,260.00,791.00,2.5319,6.1417,0.9844,4142.72,0.2414,670.00,2.4139,4.5385,4.3824,6.5371,8.1922
64,10000,40,160,320,260.00,791.00,2.5319,6.1417,0.9844,4115.94,0.2430,674.00,2.4296,4.6229,4.4483,6.5713,8.6972
64,10000,40,320,64,260.00,791.00,2.5319,6.1417,0.9952,2335.54,0.4282,682.00,4.2817,8.0821,7.8630,11.3151,15.8136
64,10000,40,320,128,260.00,791.00,2.5319,6.1417,0.9955,2309.68,0.4330,695.00,4.3296,8.2720,8.0750,11.4646,14.7744
64,10000,40,320,256,260.00,791.00,2.5319,6.1417,0.9955,2183.81,0.4579,680.00,4.5792,8.6675,8.4308,12.0820,15.1125
64,10000,40,320,320,260.00,791.00,2.5319,6.1417,0.9955,2117.29,0.4723,681.00,4.7230,8.7203,8.4882,12.1320,15.1019
64,10000,40,320,480,260.00,791.00,2.5319,6.1417,0.9955,2160.46,0.4629,688.00,4.6286,8.7868,8.5772,12.0137,15.4948
64,10000,40,320,640,260.00,791.00,2.5319,6.1417,0.9955,2085.28,0.4796,688.00,4.7955,9.1008,8.8747,12.4653,15.8265
64,10000,40,640,128,260.00,791.00,2.5319,6.1417,0.9988,1209.35,0.8269,719.00,8.2689,15.7902,15.4511,22.0189,26.9636
64,10000,40,640,256,260.00,791.00,2.5319,6.1417,0.9989,1205.17,0.8298,709.00,8.2976,15.7701,15.4299,21.8620,26.1025
64,10000,40,640,512,260.00,791.00,2.5319,6.1417,0.9989,1177.08,0.8496,719.00,8.4956,16.0284,15.7793,22.0054,27.5834
64,10000,40,640,640,260.00,791.00,2.5319,6.1417,0.9989,1205.97,0.8292,725.00,8.2921,16.0854,15.7604,22.1925,28.7884
64,10000,40,640,960,260.00,791.00,2.5319,6.1417,0.9989,1111.79,0.8995,713.00,8.9945,17.1855,16.9290,23.0327,27.5027
64,10000,40,640,1280,260.00,791.00,2.5319,6.1417,0.9989,1054.42,0.9484,718.00,9.4838,18.2679,17.9776,24.2425,29.4179
64,10000,100,10,2,282.00,791.00,3.2869,7.0164,0.6551,36897.06,0.0271,660.00,0.2710,0.3966,0.3633,0.7410,1.0227
64,10000,100,10,4,282.00,791.00,3.2869,7.0164,0.6825,39645.59,0.0252,658.00,0.2522,0.3576,0.3236,0.6711,0.9527
64,10000,100,10,8,282.00,791.00,3.2869,7.0164,0.6934,40076.26,0.0250,659.00,0.2495,0.3460,0.3126,0.6560,0.9666
64,10000,100,10,10,282.00,791.00,3.2869,7.0164,0.6946,37475.08,0.0267,662.00,0.2668,0.3454,0.3133,0.6409,0.8887
64,10000,100,10,15,282.00,791.00,3.2869,7.0164,0.6959,39116.44,0.0256,661.00,0.2556,0.3460,0.3148,0.6323,0.8878
64,10000,100,10,20,282.00,791.00,3.2869,7.0164,0.6964,39755.03,0.0252,660.00,0.2515,0.3494,0.3155,0.6381,0.9011
64,10000,100,20,4,282.00,791.00,3.2869,7.0164,0.7812,24790.49,0.0403,662.00,0.4034,0.6360,0.5842,1.1273,1.5771
64,10000,100,20,8,282.00,791.00,3.2869,7.0164,0.8012,23888.91,0.0419,659.00,0.4186,0.6309,0.5782,1.1262,1.5509
64,10000,100,20,16,282.00,791.00,3.2869,7.0164,0.8071,24597.57,0.0407,659.00,0.4065,0.6402,0.5893,1.1381,1.5195
64,10000,100,20,20,282.00,791.00,3.2869,7.0164,0.8080,24960.11,0.0401,659.00,0.4006,0.6235,0.5740,1.0875,1.4351
64,10000,100,20,30,282.00,791.00,3.2869,7.0164,0.8088,24422.79,0.0409,658.00,0.4095,0.6393,0.5853,1.1181,1.4959
64,10000,100,20,40,282.00,791.00,3.2869,7.0164,0.8089,24225.68,0.0413,659.00,0.4128,0.6492,0.5975,1.1325,1.6391
64,10000,100,40,8,282.00,791.00,3.2869,7.0164,0.8808,14259.31,0.0701,658.00,0.7013,1.1712,1.0936,1.9810,2.5963
64,10000,100,40,16,282.00,791.00,3.2869,7.0164,0.8934,14375.55,0.0696,655.00,0.6956,1.1846,1.1063,1.9678,2.6437
64,10000,100,40,32,282.00,791.00,3.2869,7.0164,0.8969,14473.30,0.0691,658.00,0.6909,1.2125,1.1308,1.9892,2.7136
64,10000,100,40,40,282.00,791.00,3.2869,7.0164,0.8970,14182.57,0.0705,664.00,0.7051,1.2162,1.1343,1.9832,2.7598
64,10000,100,40,60,282.00,791.00,3.2869,7.0164,0.8970,13848.97,0.0722,660.00,0.7221,1.2208,1.1309,2.0283,2.8866
64,10000,100,40,80,282.00,791.00,3.2869,7.0164,0.8971,13851.26,0.0722,661.00,0.7220,1.2734,1.1893,2.0741,2.7121
64,10000,100,80,16,282.00,791.00,3.2869,7.0164,0.9476,8074.74,0.1238,661.00,1.2384,2.2533,2.1264,3.5295,4.7463
64,10000,100,80,32,282.00,791.00,3.2869,7.0164,0.9543,8008.06,0.1249,658.00,1.2487,2.2955,2.1594,3.5530,4.7869
64,10000,100,80,64,282.00,791.00,3.2869,7.0164,0.9550,8027.06,0.1246,656.00,1.2458,2.2584,2.1182,3.4617,5.2515
64,10000,100,80,80,282.00,791.00,3.2869,7.0164,0.9550,7878.06,0.1269,658.00,1.2693,2.2609,2.1208,3.4898,5.0920
64,10000,100,80,120,282.00,791.00,3.2869,7.0164,0.9550,7923.74,0.1262,662.00,1.2620,2.3422,2.2131,3.5810,4.8052
64,10000,100,80,160,282.00,791.00,3.2869,7.0164,0.9550,7796.02,0.1283,656.00,1.2827,2.3982,2.2614,3.6182,4.8906
64,10000,100,160,32,282.00,791.00,3.2869,7.0164,0.9825,4402.97,0.2271,665.00,2.2712,4.2998,4.1123,6.2902,8.9525
64,10000,100,160,64,282.00,791.00,3.2869,7.0164,0.9846,4279.14,0.2337,664.00,2.3369,4.3883,4.2026,6.3907,8.7749
64,10000,100,160,128,282.00,791.00,3.2869,7.0164,0.9849,4219.85,0.2370,663.00,2.3697,4.3540,4.1576,6.3692,9.8067
64,10000,100,160,160,282.00,791.00,3.2869,7.0164,0.9848,4194.68,0.2384,663.00,2.3840,4.4374,4.2610,6.4915,8.3443
64,10000,100,160,240,282.00,791.00,3.2869,7.0164,0.9848,4143.01,0.2414,664.00,2.4137,4.5433,4.3742,6.5457,8.5964
64,10000,100,160,320,282.00,791.00,3.2869,7.0164,0.9848,4027.98,0.2483,662.00,2.4826,4.7587,4.5645,6.8760,8.9268
64,10000,100,320,64,282.00,791.00,3.2869,7.0164,0.9953,2214.68,0.4515,673.00,4.5153,8.4658,8.2487,11.9885,14.9722
64,10000,100,320,128,282.00,791.00,3.2869,7.0164,0.9958,2258.56,0.4428,692.00,4.4276,8.3874,8.1271,11.8570,15.5673
64,10000,100,320,256,282.00,791.00,3.2869,7.0164,0.9958,2248.50,0.4447,692.00,4.4474,8.4258,8.1952,11.9104,15.5148
64,10000,100,320,320,282.00,791.00,3.2869,7.0164,0.9959,2214.06,0.4517,693.00,4.5166,8.4060,8.1364,11.5904,18.1316
64,10000,100,320,480,282.00,791.00,3.2869,7.0164,0.9959,2159.68,0.4630,691.00,4.6303,8.6833,8.4266,11.9983,17.0314
64,10000,100,320,640,282.00,791.00,3.2869,7.0164,0.9959,2066.63,0.4839,692.00,4.8388,9.2785,9.0343,12.5838,16.8911
64,10000,100,640,128,282.00,791.00,3.2869,7.0164,0.9988,1214.87,0.8231,718.00,8.2313,15.7300,15.4583,22.0026,26.7678
64,10000,100,640,256,282.00,791.00,3.2869,7.0164,0.9989,1196.12,0.8360,719.00,8.3603,15.9361,15.6568,21.9986,26.0969
64,10000,100,640,512,282.00,791.00,3.2869,7.0164,0.9989,1159.86,0.8622,718.00,8.6217,16.2497,15.9355,22.3914,26.0266
64,10000,100,640,640,282.00,791.00,3.2869,7.0164,0.9989,1167.87,0.8563,724.00,8.5626,16.3183,16.0336,22.4168,27.4676
64,10000,100,640,960,282.00,791.00,3.2869,7.0164,0.9990,1135.00,0.8811,725.00,8.8105,17.1384,16.8711,22.9063,27.1531
64,10000,100,640,1280,282.00,791.00,3.2869,7.0164,0.9990,1060.03,0.9434,728.00,9.4337,18.2490,17.9720,24.5429,30.2134
64,10000,200,10,2,285.00,796.00,2.2685,5.1903,0.5897,36217.23,0.0276,694.00,0.2761,0.3844,0.3517,0.7330,1.0578
64,10000,200,10,4,285.00,796.00,2.2685,5.1903,0.6501,39454.38,0.0253,694.00,0.2535,0.3606,0.3299,0.6795,0.9370
64,10000,200,10,8,285.00,796.00,2.2685,5.1903,0.6843,40146.72,0.0249,691.00,0.2491,0.3447,0.3153,0.6484,0.9448
64,10000,200,10,10,285.00,796.00,2.2685,5.1903,0.6894,40966.70,0.0244,695.00,0.2441,0.3359,0.3067,0.6366,0.8875
64,10000,200,10,15,285.00,796.00,2.2685,5.1903,0.6944,39964.73,0.0250,694.00,0.2502,0.3278,0.2922,0.6290,0.8995
64,10000,200,10,20,285.00,796.00,2.2685,5.1903,0.6958,40084.99,0.0249,692.00,0.2495,0.3540,0.3179,0.6690,0.9823
64,10000,200,20,4,285.00,796.00,2.2685,5.1903,0.7241,23895.89,0.0418,692.00,0.4185,0.6241,0.5703,1.1404,1.6780
64,10000,200,20,8,285.00,796.00,2.2685,5.1903,0.7800,25023.43,0.0400,694.00,0.3996,0.6408,0.5912,1.1207,1.5148
64,10000,200,20,16,285.00,796.00,2.2685,5.1903,0.8028,25325.12,0.0395,695.00,0.3949,0.6244,0.5731,1.1059,1.4814
64,10000,200,20,20,285.00,796.00,2.2685,5.1903,0.8059,25348.65,0.0394,691.00,0.3945,0.6265,0.5726,1.1389,1.5697
64,10000,200,20,30,285.00,796.00,2.2685,5.1903,0.8089,24173.62,0.0414,696.00,0.4137,0.6149,0.5580,1.1196,1.5834
64,10000,200,20,40,285.00,796.00,2.2685,5.1903,0.8096,24119.02,0.0415,690.00,0.4146,0.6252,0.5690,1.1236,1.6565
64,10000,200,40,8,285.00,796.00,2.2685,5.1903,0.8404,14184.50,0.0705,695.00,0.7050,1.2126,1.1216,2.0617,2.8645
64,10000,200,40,16,285.00,796.00,2.2685,5.1903,0.8810,14160.43,0.0706,692.00,0.7062,1.2158,1.1381,2.0178,2.6616
64,10000,200,40,32,285.00,796.00,2.2685,5.1903,0.8951,13708.52,0.0729,693.00,0.7295,1.2180,1.1482,2.0336,2.5683
64,10000,200,40,40,285.00,796.00,2.2685,5.1903,0.8963,14029.08,0.0713,691.00,0.7128,1.2103,1.1223,2.0356,2.6905
64,10000,200,40,60,285.00,796.00,2.2685,5.1903,0.8970,13704.46,0.0730,692.00,0.7297,1.2398,1.1614,2.0556,2.7326
64,10000,200,40,80,285.00,796.00,2.2685,5.1903,0.8971,13666.75,0.0732,694.00,0.7317,1.2684,1.1905,2.0706,2.7364
64,10000,200,80,16,285.00,796.00,2.2685,5.1903,0.9231,7732.33,0.1293,694.00,1.2933,2.3330,2.2195,3.6196,4.7452
64,10000,200,80,32,285.00,796.00,2.2685,5.1903,0.9487,7692.69,0.1300,693.00,1.2999,2.2978,2.1541,3.6700,5.0656
64,10000,200,80,64,285.00,796.00,2.2685,5.1903,0.9540,7971.06,0.1255,693.00,1.2545,2.2970,2.1743,3.5682,4.6907
64,10000,200,80,80,285.00,796.00,2.2685,5.1903,0.9547,7837.36,0.1276,702.00,1.2759,2.3013,2.1544,3.5883,4.8791
64,10000,200,80,120,285.00,796.00,2.2685,5.1903,0.9549,7603.71,0.1315,692.00,1.3151,2.3769,2.2350,3.7068,4.8855
64,10000,200,80,160,285.00,796.00,2.2685,5.1903,0.9550,7807.06,0.1281,699.00,1.2809,2.3996,2.2572,3.6742,4.9918
64,10000,200,160,32,285.00,796.00,2.2685,5.1903,0.9717,4188.08,0.2388,704.00,2.3877,4.3115,4.1237,6.3417,8.9417
64,10000,200,160,64,285.00,796.00,2.2685,5.1903,0.9829,4234.44,0.2362,703.00,2.3616,4.4027,4.2140,6.5082,8.5505
64,10000,200,160,128,285.00,796.00,2.2685,5.1903,0.9850,4159.94,0.2404,704.00,2.4039,4.4213,4.2253,6.5022,9.5249
64,10000,200,160,160,285.00,796.00,2.2685,5.1903,0.9851,4183.43,0.2390,702.00,2.3904,4.4537,4.2694,6.5314,8.5384
64,10000,200,160,240,285.00,796.00,2.2685,5.1903,0.9851,4035.92,0.2478,700.00,2.4777,4.5252,4.3081,6.6228,9.9676
64,10000,200,160,320,285.00,796.00,2.2685,5.1903,0.9851,4037.30,0.2477,697.00,2.4769,4.6376,4.4532,6.7309,8.8014
64,10000,200,320,64,285.00,796.00,2.2685,5.1903,0.9920,2254.24,0.4436,713.00,4.4361,8.3589,8.1420,11.6957,15.4354
64,10000,200,320,128,285.00,796.00,2.2685,5.1903,0.9957,2231.98,0.4480,708.00,4.4803,8.4781,8.2206,12.0720,15.6464
64,10000,200,320,256,285.00,796.00,2.2685,5.1903,0.9962,2227.76,0.4489,710.00,4.4888,8.4210,8.1571,11.7106,17.8249
64,10000,200,320,320,285.00,796.00,2.2685,5.1903,0.9962,2275.51,0.4395,718.00,4.3946,8.4519,8.2615,11.8226,14.7240
64,10000,200,320,480,285.00,796.00,2.2685,5.1903,0.9962,2226.13,0.4492,713.00,4.4921,8.7372,8.5036,12.1367,16.0149
64,10000,200,320,640,285.00,796.00,2.2685,5.1903,0.9962,2151.27,0.4648,706.00,4.6484,9.0217,8.8210,12.4003,15.6424
64,10000,200,640,128,285.00,796.00,2.2685,5.1903,0.9980,1254.80,0.7969,723.00,7.9694,15.4693,15.1131,21.4333,27.9129
64,10000,200,640,256,285.00,796.00,2.2685,5.1903,0.9989,1222.50,0.8180,733.00,8.1800,15.8406,15.6048,21.7459,27.3617
64,10000,200,640,512,285.00,796.00,2.2685,5.1903,0.9990,1187.42,0.8422,726.00,8.4216,16.1358,15.8757,22.1316,26.3148
64,10000,200,640,640,285.00,796.00,2.2685,5.1903,0.9990,1178.52,0.8485,740.00,8.4853,16.3457,16.1007,22.5048,26.7465
64,10000,200,640,960,285.00,796.00,2.2685,5.1903,0.9990,1127.34,0.8870,728.00,8.8705,17.1177,16.8254,23.2752,28.1014
64,10000,200,640,1280,285.00,796.00,2.2685,5.1903,0.9990,1056.80,0.9462,727.00,9.4625,18.3232,18.0420,24.2534,29.1956
64,14000,40,14,2,310.00,792.00,3.1038,7.1768,0.6732,36168.61,0.0276,681.00,0.2765,0.4309,0.4016,0.7736,1.0805
64,14000,40,14,5,310.00,792.00,3.1038,7.1768,0.7131,36910.59,0.0271,681.00,0.2709,0.3956,0.3653,0.7345,0.9539
64,14000,40,14,11,310.00,792.00,3.1038,7.1768,0.7251,37113.60,0.0269,682.00,0.2694,0.3890,0.3614,0.6887,0.9834
64,14000,40,14,14,310.00,792.00,3.1038,7.1768,0.7263,38521.47,0.0260,683.00,0.2596,0.3829,0.3525,0.6761,0.9487
64,14000,40,14,21,310.00,792.00,3.1038,7.1768,0.7274,38249.27,0.0261,684.00,0.2614,0.3668,0.3383,0.6597,0.9001
64,14000,40,14,28,310.00,792.00,3.1038,7.1768,0.7277,36845.82,0.0271,684.00,0.2714,0.3732,0.3447,0.6634,0.8860
64,14000,40,28,5,310.00,792.00,3.1038,7.1768,0.8062,23904.84,0.0418,682.00,0.4183,0.6838,0.6372,1.1776,1.6165
64,14000,40,28,11,310.00,792.00,3.1038,7.1768,0.8269,23782.75,0.0420,684.00,0.4205,0.6831,0.6388,1.1663,1.5908
64,14000,40,28,22,310.00,792.00,3.1038,7.1768,0.8316,22895.26,0.0437,685.00,0.4368,0.6832,0.6388,1.1678,1.5617
64,14000,40,28,28,310.00,792.00,3.1038,7.1768,0.8319,23501.99,0.0425,683.00,0.4255,0.6760,0.6295,1.1619,1.5828
64,14000,40,28,42,310.00,792.00,3.1038,7.1768,0.8320,23359.11,0.0428,679.00,0.4281,0.7001,0.6560,1.1714,1.5469
64,14000,40,28,56,310.00,792.00,3.1038,7.1768,0.8322,22678.85,0.0441,681.00,0.4409,0.7096,0.6709,1.1791,1.5647
64,14000,40,56,11,310.00,792.00,3.1038,7.1768,0.9018,13631.89,0.0734,690.00,0.7336,1.2998,1.2308,2.0930,2.7167
64,14000,40,56,22,310.00,792.00,3.1038,7.1768,0.9106,13665.85,0.0732,686.00,0.7318,1.2779,1.2150,2.0414,2.6146
64,14000,40,56,44,310.00,792.00,3.1038,7.1768,0.9121,13431.23,0.0745,684.00,0.7445,1.2954,1.2314,2.0657,2.5367
64,14000,40,56,56,310.00,792.00,3.1038,7.1768,0.9123,13410.23,0.0746,686.00,0.7457,1.2973,1.2242,2.0745,2.7845
64,14000,40,56,84,310.00,792.00,3.1038,7.1768,0.9123,13302.55,0.0752,680.00,0.7517,1.3352,1.2693,2.0970,2.6839
64,14000,40,56,112,310.00,792.00,3.1038,7.1768,0.9123,12363.36,0.0809,679.00,0.8088,1.3717,1.2899,2.1806,2.8670
64,14000,40,112,22,310.00,792.00,3.1038,7.1768,0.9573,7556.70,0.1323,683.00,1.3233,2.4360,2.3330,3.6846,4.6690
64,14000,40,112,44,310.00,792.00,3.1038,7.1768,0.9616,7395.93,0.1352,678.00,1.3521,2.4346,2.3233,3.6577,4.8570
64,14000,40,112,89,310.00,792.00,3.1038,7.1768,0.9621,7496.63,0.1334,679.00,1.3339,2.4645,2.3476,3.6919,4.9547
64,14000,40,112,112,310.00,792.00,3.1038,7.1768,0.9621,7500.69,0.1333,692.00,1.3332,2.4977,2.4003,3.7018,4.6669
64,14000,40,112,168,310.00,792.00,3.1038,7.1768,0.9622,7333.28,0.1364,686.00,1.3636,2.5416,2.4359,3.7772,4.8841
64,14000,40,112,224,310.00,792.00,3.1038,7.1768,0.9622,7068.31,0.1415,684.00,1.4148,2.6440,2.5342,3.8873,4.8704
64,14000,40,224,44,310.00,792.00,3.1038,7.1768,0.9848,4148.35,0.2411,686.00,2.4106,4.6347,4.4951,6.6219,8.2837
64,14000,40,224,89,310.00,792.00,3.1038,7.1768,0.9864,4074.11,0.2455,680.00,2.4545,4.6453,4.5390,6.5678,8.0633
64,14000,40,224,179,310.00,792.00,3.1038,7.1768,0.9866,3973.02,0.2517,685.00,2.5170,4.7711,4.6364,6.7492,8.3811
64,14000,40,224,224,310.00,792.00,3.1038,7.1768,0.9865,3989.44,0.2507,698.00,2.5066,4.7900,4.6394,6.7788,8.7342
64,14000,40,224,336,310.00,792.00,3.1038,7.1768,0.9865,3889.67,0.2571,700.00,2.5709,4.9022,4.7619,6.8426,8.9947
64,14000,40,224,448,310.00,792.00,3.1038,7.1768,0.9865,3758.40,0.2661,697.00,2.6607,5.1049,4.9470,7.1621,9.4007
64,14000,40,448,89,310.00,792.00,3.1038,7.1768,0.9949,2141.21,0.4670,714.00,4.6703,8.8707,8.7113,12.2893,14.8981
64,14000,40,448,179,310.00,792.00,3.1038,7.1768,0.9954,2099.77,0.4762,703.00,4.7624,8.9779,8.7973,12.3856,14.5479
64,14000,40,448,358,310.00,792.00,3.1038,7.1768,0.9955,2069.46,0.4832,703.00,4.8322,9.2264,9.0289,12.5778,15.7130
64,14000,40,448,448,310.00,792.00,3.1038,7.1768,0.9955,2044.48,0.4891,707.00,4.8912,9.3078,9.1294,12.6368,15.2808
64,14000,40,448,672,310.00,792.00,3.1038,7.1768,0.9955,1941.09,0.5152,718.00,5.1517,9.7766,9.5821,13.3621,15.5807
64,14000,40,448,896,310.00,792.00,3.1038,7.1768,0.9956,1817.79,0.5501,715.00,5.5012,10.4481,10.2607,13.8893,16.8020
64,14000,40,896,179,310.00,792.00,3.1038,7.1768,0.9977,1129.63,0.8852,756.00,8.8525,16.6893,16.4376,22.1914,26.3147
64,14000,40,896,358,310.00,792.00,3.1038,7.1768,0.9978,1129.33,0.8855,759.00,8.8548,16.8782,16.6270,22.9458,27.4818
64,14000,40,896,716,310.00,792.00,3.1038,7.1768,0.9978,1076.12,0.9293,773.00,9.2927,17.6820,17.3965,23.8230,28.4598
64,14000,40,896,896,310.00,792.00,3.1038,7.1768,0.9978,1073.58,0.9315,779.00,9.3146,17.8765,17.6225,24.1411,27.0012
64,14000,40,896,1344,310.00,792.00,3.1038,7.1768,0.9979,1002.58,0.9974,766.00,9.9743,19.4611,19.2693,24.9957,29.2673
64,14000,40,896,1792,310.00,792.00,3.1038,7.1768,0.9979,893.05,1.1198,783.00,11.1976,21.7896,21.5458,27.4192,30.8567
64,14000,100,14,2,351.00,792.00,4.1055,8.1038,0.6705,33589.84,0.0298,679.00,0.2977,0.4259,0.3970,0.7642,1.0442
64,14000,100,14,5,351.00,792.00,4.1055,8.1038,0.7161,35686.63,0.0280,681.00,0.2802,0.3949,0.3668,0.7008,0.9956
64,14000,100,14,11,351.00,792.00,4.1055,8.1038,0.7281,37271.59,0.0268,679.00,0.2683,0.3800,0.3506,0.6823,0.9387
64,14000,100,14,14,351.00,792.00,4.1055,8.1038,0.7293,37442.00,0.0267,684.00,0.2671,0.3818,0.3529,0.6846,0.9183
64,14000,100,14,21,351.00,792.00,4.1055,8.1038,0.7298,36844.16,0.0271,679.00,0.2714,0.3863,0.3566,0.6739,0.8896
64,14000,100,14,28,351.00,792.00,4.1055,8.1038,0.7300,36223.08,0.0276,682.00,0.2761,0.3881,0.3541,0.6908,0.9986
64,14000,100,28,5,351.00,792.00,4.1055,8.1038,0.8072,24250.73,0.0412,677.00,0.4124,0.6803,0.6396,1.1591,1.5586
64,14000,100,28,11,351.00,792.00,4.1055,8.1038,0.8294,23509.40,0.0425,677.00,0.4254,0.6873,0.6406,1.1785,1.6570
64,14000,100,28,22,351.00,792.00,4.1055,8.1038,0.8341,23753.19,0.0421,683.00,0.4210,0.6805,0.6316,1.1612,1.5230
64,14000,100,28,28,351.00,792.00,4.1055,8.1038,0.8345,23128.92,0.0432,674.00,0.4324,0.6821,0.6444,1.1564,1.5584
64,14000,100,28,42,351.00,792.00,4.1055,8.1038,0.8347,22899.51,0.0437,678.00,0.4367,0.6994,0.6516,1.1784,1.6377
64,14000,100,28,56,351.00,792.00,4.1055,8.1038,0.8347,22541.57,0.0444,680.00,0.4436,0.7247,0.6885,1.1643,1.4848
64,14000,100,56,11,351.00,792.00,4.1055,8.1038,0.9018,13569.25,0.0737,679.00,0.7370,1.2853,1.2189,2.0429,2.6788
64,14000,100,56,22,351.00,792.00,4.1055,8.1038,0.9125,13693.03,0.0730,680.00,0.7303,1.2984,1.2287,2.0393,2.6518
64,14000,100,56,44,351.00,792.00,4.1055,8.1038,0.9148,13308.55,0.0751,674.00,0.7514,1.3096,1.2286,2.1112,2.7939
64,14000,100,56,56,351.00,792.00,4.1055,8.1038,0.9150,13492.23,0.0741,673.00,0.7412,1.2962,1.2321,2.0494,2.5581
64,14000,100,56,84,351.00,792.00,4.1055,8.1038,0.9150,12953.72,0.0772,679.00,0.7720,1.3419,1.2675,2.1302,2.9425
64,14000,100,56,112,351.00,792.00,4.1055,8.1038,0.9150,12760.47,0.0784,678.00,0.7837,1.4003,1.3347,2.1496,2.6853
64,14000,100,112,22,351.00,792.00,4.1055,8.1038,0.9589,7265.83,0.1376,674.00,1.3763,2.4307,2.3187,3.7660,5.0610
64,14000,100,112,44,351.00,792.00,4.1055,8.1038,0.9641,7329.79,0.1364,681.00,1.3643,2.4587,2.3386,3.7736,4.9454
64,14000,100,112,89,351.00,792.00,4.1055,8.1038,0.9646,7253.35,0.1379,678.00,1.3787,2.4948,2.3781,3.7355,4.8665
64,14000,100,112,112,351.00,792.00,4.1055,8.1038,0.9646,7222.61,0.1385,693.00,1.3845,2.4967,2.3872,3.7843,4.9323
64,14000,100,112,168,351.00,792.00,4.1055,8.1038,0.9646,7190.26,0.1391,688.00,1.3908,2.5714,2.4730,3.7852,4.6839
64,14000,100,112,224,351.00,792.00,4.1055,8.1038,0.9646,6945.11,0.1440,686.00,1.4399,2.6614,2.5467,3.9204,5.0680
64,14000,100,224,44,351.00,792.00,4.1055,8.1038,0.9870,4153.87,0.2407,684.00,2.4074,4.6305,4.4790,6.6013,8.1267
64,14000,100,224,89,351.00,792.00,4.1055,8.1038,0.9887,4073.47,0.2455,682.00,2.4549,4.6373,4.4997,6.5821,8.4158
64,14000,100,224,179,351.00,792.00,4.1055,8.1038,0.9888,3926.61,0.2547,689.00,2.5467,4.7712,4.6247,6.7880,8.3670
64,14000,100,224,224,351.00,792.00,4.1055,8.1038,0.9888,3947.51,0.2533,685.00,2.5332,4.8256,4.7002,6.7404,8.1301
64,14000,100,224,336,351.00,792.00,4.1055,8.1038,0.9888,3811.35,0.2624,687.00,2.6237,5.0161,4.8753,6.9976,8.3413
64,14000,100,224,448,351.00,792.00,4.1055,8.1038,0.9888,3653.54,0.2737,683.00,2.7371,5.1851,5.0621,7.1320,8.6862
64,14000,100,448,89,351.00,792.00,4.1055,8.1038,0.9966,2153.50,0.4644,701.00,4.6436,8.8154,8.6970,12.0983,13.8128
64,14000,100,448,179,351.00,792.00,4.1055,8.1038,0.9970,2126.40,0.4703,697.00,4.7028,9.0117,8.8394,12.2229,14.7240
64,14000,100,448,358,351.00,792.00,4.1055,8.1038,0.9970,1990.63,0.5024,699.00,5.0235,9.3553,9.1916,12.7855,14.6553
64,14000,100,448,448,351.00,792.00,4.1055,8.1038,0.9970,2032.37,0.4920,703.00,4.9204,9.1900,8.9757,12.5794,16.5158
64,14000,100,448,672,351.00,792.00,4.1055,8.1038,0.9970,1961.54,0.5098,704.00,5.0980,9.7832,9.6009,13.3045,16.0543
64,14000,100,448,896,351.00,792.00,4.1055,8.1038,0.9970,1833.48,0.5454,706.00,5.4541,10.3234,10.1401,13.6221,16.3680
64,14000,100,896,179,351.00,792.00,4.1055,8.1038,0.9990,1131.78,0.8836,742.00,8.8356,16.6555,16.3954,22.2059,26.4404
64,14000,100,896,358,351.00,792.00,4.1055,8.1038,0.9991,1106.82,0.9035,745.00,9.0349,17.1797,16.8806,23.1346,26.8721
64,14000,100,896,716,351.00,792.00,4.1055,8.1038,0.9991,1070.78,0.9339,770.00,9.3390,17.7049,17.4559,23.3703,26.4873
64,14000,100,896,896,351.00,792.00,4.1055,8.1038,0.9991,1055.03,0.9478,753.00,9.4784,18.0044,17.7567,23.6241,26.4063
64,14000,100,896,1344,351.00,792.00,4.1055,8.1038,0.9991,959.52,1.0422,776.00,10.4218,19.9095,19.7175,25.7237,28.5842
64,14000,100,896,1792,351.00,792.00,4.1055,8.1038,0.9991,876.29,1.1412,783.00,11.4117,21.9522,21.7090,27.8079,31.4457
64,14000,200,14,2,349.00,791.00,3.0871,6.1997,0.5977,33702.02,0.0297,666.00,0.2967,0.4110,0.3789,0.7811,1.0863
64,14000,200,14,5,349.00,791.00,3.0871,6.1997,0.6871,36822.91,0.0272,676.00,0.2716,0.3818,0.3530,0.6926,0.9339
64,14000,200,14,11,349.00,791.00,3.0871,6.1997,0.7207,37272.16,0.0268,672.00,0.2683,0.3771,0.3467,0.6874,0.9409
64,14000,200,14,14,349.00,791.00,3.0871,6.1997,0.7253,39073.32,0.0256,674.00,0.2559,0.3579,0.3280,0.6558,0.8899
64,14000,200,14,21,349.00,791.00,3.0871,6.1997,0.7296,37283.46,0.0268,673.00,0.2682,0.3666,0.3380,0.6524,0.9005
64,14000,200,14,28,349.00,791.00,3.0871,6.1997,0.7308,38222.07,0.0262,674.00,0.2616,0.3660,0.3372,0.6574,0.8744
64,14000,200,28,5,349.00,791.00,3.0871,6.1997,0.7543,22751.04,0.0440,675.00,0.4395,0.6857,0.6421,1.1714,1.5291
64,14000,200,28,11,349.00,791.00,3.0871,6.1997,0.8124,22670.88,0.0441,672.00,0.4411,0.6901,0.6421,1.1829,1.5960
64,14000,200,28,22,349.00,791.00,3.0871,6.1997,0.8326,22663.90,0.0441,674.00,0.4412,0.6929,0.6449,1.1902,1.6084
64,14000,200,28,28,349.00,791.00,3.0871,6.1997,0.8345,22735.18,0.0440,672.00,0.4398,0.6832,0.6379,1.1661,1.5317
64,14000,200,28,42,349.00,791.00,3.0871,6.1997,0.8360,23291.26,0.0429,673.00,0.4293,0.7050,0.6655,1.1630,1.5359
64,14000,200,28,56,349.00,791.00,3.0871,6.1997,0.8362,22125.10,0.0452,670.00,0.4520,0.7049,0.6627,1.1888,1.5614
64,14000,200,56,11,349.00,791.00,3.0871,6.1997,0.8665,12764.27,0.0783,673.00,0.7834,1.3135,1.2372,2.1364,2.7120
64,14000,200,56,22,349.00,791.00,3.0871,6.1997,0.9026,12495.24,0.0800,670.00,0.8003,1.3402,1.2774,2.1660,2.6619
64,14000,200,56,44,349.00,791.00,3.0871,6.1997,0.9135,12267.65,0.0815,669.00,0.8152,1.3489,1.2892,2.1842,2.7439
64,14000,200,56,56,349.00,791.00,3.0871,6.1997,0.9145,12982.55,0.0770,677.00,0.7703,1.2959,1.2161,2.1564,2.8654
64,14000,200,56,84,349.00,791.00,3.0871,6.1997,0.9150,13047.88,0.0766,671.00,0.7664,1.3349,1.2536,2.1364,2.8623
64,14000,200,56,112,349.00,791.00,3.0871,6.1997,0.9150,12979.20,0.0770,678.00,0.7705,1.3547,1.2886,2.1197,2.6545
64,14000,200,112,22,349.00,791.00,3.0871,6.1997,0.9386,7206.46,0.1388,672.00,1.3876,2.4449,2.3269,3.7386,4.8987
64,14000,200,112,44,349.00,791.00,3.0871,6.1997,0.9594,7345.12,0.1361,674.00,1.3614,2.4487,2.3205,3.7274,4.9947
64,14000,200,112,89,349.00,791.00,3.0871,6.1997,0.9638,7551.94,0.1324,684.00,1.3242,2.4355,2.3366,3.6915,4.5906
64,14000,200,112,112,349.00,791.00,3.0871,6.1997,0.9639,7643.60,0.1308,674.00,1.3083,2.4621,2.3541,3.6759,4.7166
64,14000,200,112,168,349.00,791.00,3.0871,6.1997,0.9641,7370.37,0.1357,682.00,1.3568,2.5589,2.4521,3.7707,4.7518
64,14000,200,112,224,349.00,791.00,3.0871,6.1997,0.9641,7080.69,0.1412,680.00,1.4123,2.6403,2.5336,3.8991,4.8493
64,14000,200,224,44,349.00,791.00,3.0871,6.1997,0.9779,3977.63,0.2514,686.00,2.5141,4.6808,4.5512,6.7042,8.1246
64,14000,200,224,89,349.00,791.00,3.0871,6.1997,0.9871,4081.06,0.2450,689.00,2.4503,4.6761,4.5545,6.6795,8.0684
64,14000,200,224,179,349.00,791.00,3.0871,6.1997,0.9883,3886.30,0.2573,690.00,2.5731,4.8173,4.6716,6.9039,8.6280
64,14000,200,224,224,349.00,791.00,3.0871,6.1997,0.9883,3929.98,0.2545,692.00,2.5445,4.7305,4.5415,6.8575,9.5607
64,14000,200,224,336,349.00,791.00,3.0871,6.1997,0.9884,3858.83,0.2591,684.00,2.5915,4.9323,4.7870,6.9111,8.8960
64,14000,200,224,448,349.00,791.00,3.0871,6.1997,0.9884,3626.74,0.2757,678.00,2.7573,5.1662,5.0119,7.2668,8.9590
64,14000,200,448,89,349.00,791.00,3.0871,6.1997,0.9940,2103.23,0.4755,690.00,4.7546,8.7972,8.4830,12.4281,17.3833
64,14000,200,448,179,349.00,791.00,3.0871,6.1997,0.9964,2079.85,0.4808,696.00,4.8080,9.0614,8.8750,12.5778,15.1035
64,14000,200,448,358,349.00,791.00,3.0871,6.1997,0.9968,2050.34,0.4877,697.00,4.8772,9.2481,9.0605,12.7441,15.4491
64,14000,200,448,448,349.00,791.00,3.0871,6.1997,0.9969,2026.00,0.4936,707.00,4.9358,9.2701,9.0614,12.8173,15.0978
64,14000,200,448,672,349.00,791.00,3.0871,6.1997,0.9969,1995.39,0.5012,693.00,5.0116,9.5622,9.3603,13.1571,17.0320
64,14000,200,448,896,349.00,791.00,3.0871,6.1997,0.9969,1876.26,0.5330,711.00,5.3297,10.2561,10.0667,13.6365,16.9643
64,14000,200,896,179,349.00,791.00,3.0871,6.1997,0.9983,1158.27,0.8634,747.00,8.6336,16.4366,16.1875,22.0631,25.3828
64,14000,200,896,358,349.00,791.00,3.0871,6.1997,0.9990,1147.13,0.8717,757.00,8.7174,16.9188,16.6860,22.7372,26.7462
64,14000,200,896,716,349.00,791.00,3.0871,6.1997,0.9990,1105.31,0.9047,749.00,9.0472,17.6188,17.3779,22.9228,28.8845
64,14000,200,896,896,349.00,791.00,3.0871,6.1997,0.9990,1077.00,0.9285,747.00,9.2850,17.7491,17.5246,23.2934,30.3929
64,14000,200,896,1344,349.00,791.00,3.0871,6.1997,0.9991,986.28,1.0139,768.00,10.1391,19.4406,19.2032,25.1774,28.1336
64,14000,200,896,1792,349.00,791.00,3.0871,6.1997,0.9991,893.10,1.1197,752.00,11.1969,21.6037,21.3975,27.2844,30.4220
64,18000,40,18,3,338.00,793.00,3.6073,7.7238,0.7192,33960.47,0.0294,666.00,0.2945,0.4464,0.4188,0.7879,1.0851
64,18000,40,18,7,338.00,793.00,3.6073,7.7238,0.7411,35956.54,0.0278,665.00,0.2781,0.4115,0.3886,0.7153,0.9636
64,18000,40,18,14,338.00,793.00,3.6073,7.7238,0.7469,34927.04,0.0286,667.00,0.2863,0.3995,0.3695,0.6963,0.9096
64,18000,40,18,18,338.00,793.00,3.6073,7.7238,0.7476,36535.07,0.0274,663.00,0.2737,0.4117,0.3897,0.6919,0.9022
64,18000,40,18,27,338.00,793.00,3.6073,7.7238,0.7480,34103.11,0.0293,665.00,0.2932,0.4085,0.3845,0.6956,0.9211
64,18000,40,18,36,338.00,793.00,3.6073,7.7238,0.7481,35072.06,0.0285,665.00,0.2851,0.4166,0.3892,0.7003,0.9524
64,18000,40,36,7,338.00,793.00,3.6073,7.7238,0.8346,22303.49,0.0448,663.00,0.4484,0.7065,0.6682,1.1949,1.5182
64,18000,40,36,14,338.00,793.00,3.6073,7.7238,0.8460,22401.85,0.0446,665.00,0.4464,0.7150,0.6826,1.1554,1.4897
64,18000,40,36,28,338.00,793.00,3.6073,7.7238,0.8494,22118.62,0.0452,663.00,0.4521,0.7243,0.6874,1.2002,1.5068
64,18000,40,36,36,338.00,793.00,3.6073,7.7238,0.8496,22721.68,0.0440,662.00,0.4401,0.7313,0.7027,1.1557,1.4481
64,18000,40,36,54,338.00,793.00,3.6073,7.7238,0.8498,21928.41,0.0456,666.00,0.4560,0.7584,0.7239,1.2129,1.5318
64,18000,40,36,72,338.00,793.00,3.6073,7.7238,0.8499,20821.70,0.0480,665.00,0.4803,0.7657,0.7221,1.2440,1.6312
64,18000,40,72,14,338.00,793.00,3.6073,7.7238,0.9152,12678.63,0.0789,665.00,0.7887,1.3726,1.3089,2.1278,2.6885
64,18000,40,72,28,338.00,793.00,3.6073,7.7238,0.9233,12899.00,0.0775,660.00,0.7753,1.3405,1.2795,2.1022,2.6026
64,18000,40,72,57,338.00,793.00,3.6073,7.7238,0.9247,13068.47,0.0765,676.00,0.7652,1.3686,1.3075,2.1113,2.6654
64,18000,40,72,72,338.00,793.00,3.6073,7.7238,0.9248,12818.02,0.0780,671.00,0.7802,1.3933,1.3357,2.1241,2.6142
64,18000,40,72,108,338.00,793.00,3.6073,7.7238,0.9249,12290.32,0.0814,669.00,0.8136,1.4300,1.3818,2.1715,2.6595
64,18000,40,72,144,338.00,793.00,3.6073,7.7238,0.9249,12274.06,0.0815,666.00,0.8147,1.4665,1.4147,2.1812,2.7268
64,18000,40,144,28,338.00,793.00,3.6073,7.7238,0.9655,7348.52,0.1361,667.00,1.3608,2.5046,2.4221,3.6964,4.5516
64,18000,40,144,57,338.00,793.00,3.6073,7.7238,0.9688,7279.22,0.1374,670.00,1.3738,2.5664,2.4747,3.7639,4.6227
64,18000,40,144,115,338.00,793.00,3.6073,7.7238,0.9693,7039.92,0.1420,681.00,1.4205,2.6691,2.5837,3.8470,4.6238
64,18000,40,144,144,338.00,793.00,3.6073,7.7238,0.9694,6837.34,0.1463,669.00,1.4626,2.6837,2.6039,3.8665,4.6078
64,18000,40,144,216,338.00,793.00,3.6073,7.7238,0.9694,6642.32,0.1505,670.00,1.5055,2.7909,2.7196,3.9877,4.8079
64,18000,40,144,288,338.00,793.00,3.6073,7.7238,0.9694,6390.64,0.1565,667.00,1.5648,2.8709,2.7776,4.1135,5.0114
64,18000,40,288,57,338.00,793.00,3.6073,7.7238,0.9887,3844.54,0.2601,682.00,2.6011,4.8064,4.6833,6.8186,8.3392
64,18000,40,288,115,338.00,793.00,3.6073,7.7238,0.9901,3711.82,0.2694,681.00,2.6941,5.0433,4.9353,7.0686,8.2681
64,18000,40,288,230,338.00,793.00,3.6073,7.7238,0.9903,3628.42,0.2756,678.00,2.7560,5.1527,5.0475,7.1003,8.3611
64,18000,40,288,288,338.00,793.00,3.6073,7.7238,0.9903,3615.67,0.2766,676.00,2.7657,5.1804,5.0667,7.1791,8.7612
64,18000,40,288,432,338.00,793.00,3.6073,7.7238,0.9904,3454.79,0.2895,680.00,2.8945,5.5048,5.4073,7.4377,8.7443
64,18000,40,288,576,338.00,793.00,3.6073,7.7238,0.9904,3255.19,0.3072,677.00,3.0720,5.8199,5.7027,7.8345,9.0685
64,18000,40,576,115,338.00,793.00,3.6073,7.7238,0.9966,2022.87,0.4943,707.00,4.9435,9.1847,9.0599,12.4875,14.4740
64,18000,40,576,230,338.00,793.00,3.6073,7.7238,0.9970,2018.27,0.4955,719.00,4.9547,9.4417,9.3553,12.8551,14.7571
64,18000,40,576,460,338.00,793.00,3.6073,7.7238,0.9972,1992.54,0.5019,709.00,5.0187,9.7044,9.5910,12.8155,15.3301
64,18000,40,576,576,338.00,793.00,3.6073,7.7238,0.9972,1959.27,0.5104,710.00,5.1039,9.8626,9.7198,13.0273,15.6489
64,18000,40,576,864,338.00,793.00,3.6073,7.7238,0.9972,1811.34,0.5521,726.00,5.5208,10.6486,10.5158,13.8408,16.1497
64,18000,40,576,1152,338.00,793.00,3.6073,7.7238,0.9972,1661.38,0.6019,723.00,6.0191,11.6161,11.4884,14.8751,16.8392
64,18000,40,1152,230,338.00,793.00,3.6073,7.7238,0.9989,1054.19,0.9486,771.00,9.4859,17.7193,17.5122,23.0156,25.4380
64,18000,40,1152,460,338.00,793.00,3.6073,7.7238,0.9990,1042.04,0.9597,797.00,9.5965,18.1144,17.9213,23.5297,26.2871
64,18000,40,1152,921,338.00,793.00,3.6073,7.7238,0.9991,987.77,1.0124,809.00,10.1238,19.3220,19.1384,24.5087,27.1117
64,18000,40,1152,1152,338.00,793.00,3.6073,7.7238,0.9991,973.65,1.0271,805.00,10.2706,19.5186,19.2724,25.0277,28.4963
64,18000,40,1152,1728,338.00,793.00,3.6073,7.7238,0.9991,867.93,1.1522,821.00,11.5217,22.1818,21.9653,27.6454,30.2100
64,18000,40,1152,2304,338.00,793.00,3.6073,7.7238,0.9991,748.41,1.3362,821.00,13.3617,25.6538,25.5000,31.5707,37.7306
64,18000,100,18,3,393.00,793.00,4.9357,9.1064,0.7054,32939.74,0.0304,653.00,0.3036,0.4597,0.4259,0.8269,1.0800
64,18000,100,18,7,393.00,793.00,4.9357,9.1064,0.7398,35415.79,0.0282,654.00,0.2824,0.4343,0.4073,0.7489,0.9706
64,18000,100,18,14,393.00,793.00,4.9357,9.1064,0.7482,33886.75,0.0295,657.00,0.2951,0.4147,0.3834,0.7268,0.9680
64,18000,100,18,18,393.00,793.00,4.9357,9.1064,0.7488,34562.39,0.0289,658.00,0.2893,0.4148,0.3824,0.7337,0.9534
64,18000,100,18,27,393.00,793.00,4.9357,9.1064,0.7496,33444.58,0.0299,656.00,0.2990,0.4287,0.3961,0.7494,1.0078
64,18000,100,18,36,393.00,793.00,4.9357,9.1064,0.7495,34861.11,0.0287,651.00,0.2869,0.4400,0.4115,0.7302,0.9463
64,18000,100,36,7,393.00,793.00,4.9357,9.1064,0.8285,21848.92,0.0458,653.00,0.4577,0.7450,0.7057,1.2348,1.5960
64,18000,100,36,14,393.00,793.00,4.9357,9.1064,0.8460,21585.04,0.0463,649.00,0.4633,0.7450,0.7040,1.2205,1.5666
64,18000,100,36,28,393.00,793.00,4.9357,9.1064,0.8504,21282.96,0.0470,656.00,0.4699,0.7581,0.7182,1.2290,1.5558
64,18000,100,36,36,393.00,793.00,4.9357,9.1064,0.8506,21484.72,0.0465,652.00,0.4654,0.7573,0.7229,1.2360,1.5802
64,18000,100,36,54,393.00,793.00,4.9357,9.1064,0.8509,20458.37,0.0489,650.00,0.4888,0.7966,0.7584,1.2647,1.5686
64,18000,100,36,72,393.00,793.00,4.9357,9.1064,0.8509,20545.33,0.0487,655.00,0.4867,0.7985,0.7656,1.2432,1.5693
64,18000,100,72,14,393.00,793.00,4.9357,9.1064,0.9140,12747.64,0.0784,655.00,0.7845,1.3692,1.3035,2.1344,2.6846
64,18000,100,72,28,393.00,793.00,4.9357,9.1064,0.9238,12427.80,0.0805,659.00,0.8046,1.3988,1.3395,2.1552,2.7250
64,18000,100,72,57,393.00,793.00,4.9357,9.1064,0.9257,11859.62,0.0843,654.00,0.8432,1.4392,1.3838,2.2221,2.7099
64,18000,100,72,72,393.00,793.00,4.9357,9.1064,0.9259,11856.96,0.0843,652.00,0.8434,1.4409,1.3620,2.2794,2.9812
64,18000,100,72,108,393.00,793.00,4.9357,9.1064,0.9260,11629.64,0.0860,652.00,0.8599,1.4973,1.4302,2.2928,2.8344
64,18000,100,72,144,393.00,793.00,4.9357,9.1064,0.9260,11551.31,0.0866,657.00,0.8657,1.5390,1.4727,2.3082,2.9084
64,18000,100,144,28,393.00,793.00,4.9357,9.1064,0.9651,6791.33,0.1472,657.00,1.4725,2.6984,2.6039,3.9570,4.8000
64,18000,100,144,57,393.00,793.00,4.9357,9.1064,0.9695,6860.66,0.1458,659.00,1.4576,2.6664,2.5713,3.9143,4.8305
64,18000,100,144,115,393.00,793.00,4.9357,9.1064,0.9701,6719.20,0.1488,656.00,1.4883,2.6908,2.5869,4.0111,4.9975
64,18000,100,144,144,393.00,793.00,4.9357,9.1064,0.9701,6393.18,0.1564,659.00,1.5642,2.8284,2.7370,4.0976,4.9964
64,18000,100,144,216,393.00,793.00,4.9357,9.1064,0.9701,6361.08,0.1572,659.00,1.5721,2.8051,2.7048,4.0945,5.0805
64,18000,100,144,288,393.00,793.00,4.9357,9.1064,0.9702,6238.80,0.1603,660.00,1.6029,2.9509,2.8665,4.1941,5.0367
64,18000,100,288,57,393.00,793.00,4.9357,9.1064,0.9889,3728.23,0.2682,683.00,2.6822,4.9061,4.7894,6.9335,8.5833
64,18000,100,288,115,393.00,793.00,4.9357,9.1064,0.9903,3566.23,0.2804,686.00,2.8041,5.1248,5.0202,7.2502,8.5808
64,18000,100,288,230,393.00,793.00,4.9357,9.1064,0.9904,3496.85,0.2860,682.00,2.8597,5.2417,5.0755,7.4036,9.5207
64,18000,100,288,288,393.00,793.00,4.9357,9.1064,0.9905,3483.16,0.2871,689.00,2.8710,5.2724,5.1639,7.3042,8.5799
64,18000,100,288,432,393.00,793.00,4.9357,9.1064,0.9905,3364.96,0.2972,689.00,2.9718,5.5291,5.4209,7.6056,8.9472
64,18000,100,288,576,393.00,793.00,4.9357,9.1064,0.9905,2922.51,0.3422,670.00,3.4217,6.1194,6.1576,8.5051,9.6852
64,18000,100,576,115,393.00,793.00,4.9357,9.1064,0.9971,1885.06,0.5305,718.00,5.3049,9.4667,9.3267,14.1105,16.5653
64,18000,100,576,230,393.00,793.00,4.9357,9.1064,0.9974,1812.58,0.5517,710.00,5.5170,9.9317,9.7130,13.9237,17.2235
64,18000,100,576,460,393.00,793.00,4.9357,9.1064,0.9974,1754.83,0.5699,729.00,5.6986,10.1248,9.9273,14.4918,17.0273
64,18000,100,576,576,393.00,793.00,4.9357,9.1064,0.9974,1741.86,0.5741,714.00,5.7410,10.1670,9.9779,15.1531,17.8355
64,18000,100,576,864,393.00,793.00,4.9357,9.1064,0.9974,1701.17,0.5878,726.00,5.8783,10.9400,10.7005,14.8851,18.4636
64,18000,100,576,1152,393.00,793.00,4.9357,9.1064,0.9974,1578.18,0.6336,725.00,6.3364,12.0651,11.9337,15.3668,17.2728
64,18000,100,1152,230,393.00,793.00,4.9357,9.1064,0.9991,1034.74,0.9664,795.00,9.6643,18.0468,17.8073,24.8494,30.4309
64,18000,100,1152,460,393.00,793.00,4.9357,9.1064,0.9992,1007.47,0.9926,788.00,9.9258,18.6554,18.4288,24.5270,28.1301
64,18000,100,1152,921,393.00,793.00,4.9357,9.1064,0.9992,975.56,1.0251,793.00,10.2505,19.4114,19.1718,25.1461,29.1593
64,18000,100,1152,1152,393.00,793.00,4.9357,9.1064,0.9992,939.22,1.0647,817.00,10.6471,19.9836,19.5585,27.9452,34.2641
64,18000,100,1152,1728,393.00,793.00,4.9357,9.1064,0.9992,841.31,1.1886,799.00,11.8862,22.7365,22.5286,28.3866,31.3580
64,18000,100,1152,2304,393.00,793.00,4.9357,9.1064,0.9992,727.29,1.3750,826.00,13.7498,26.4013,26.2304,31.9970,34.5535
64,18000,200,18,3,397.00,793.00,3.7870,7.0006,0.6563,33154.67,0.0302,668.00,0.3016,0.4488,0.4198,0.8064,1.0612
64,18000,200,18,7,397.00,793.00,3.7870,7.0006,0.7219,34001.80,0.0294,674.00,0.2941,0.4133,0.3882,0.7435,0.9755
64,18000,200,18,14,397.00,793.00,3.7870,7.0006,0.7444,35390.30,0.0283,673.00,0.2826,0.3954,0.3673,0.7091,0.9775
64,18000,200,18,18,397.00,793.00,3.7870,7.0006,0.7477,35821.08,0.0279,673.00,0.2792,0.3997,0.3726,0.6889,0.9038
64,18000,200,18,27,397.00,793.00,3.7870,7.0006,0.7503,35748.38,0.0280,669.00,0.2797,0.3916,0.3651,0.6823,0.9358
64,18000,200,18,36,397.00,793.00,3.7870,7.0006,0.7512,36019.97,0.0278,669.00,0.2776,0.4170,0.3911,0.7070,0.9273
64,18000,200,36,7,397.00,793.00,3.7870,7.0006,0.7889,22044.71,0.0454,674.00,0.4536,0.7334,0.6952,1.2213,1.6073
64,18000,200,36,14,397.00,793.00,3.7870,7.0006,0.8321,22499.13,0.0444,676.00,0.4445,0.7424,0.6986,1.2441,1.6676
64,18000,200,36,28,397.00,793.00,3.7870,7.0006,0.8481,21811.30,0.0458,672.00,0.4585,0.7301,0.6867,1.2258,1.6526
64,18000,200,36,36,397.00,793.00,3.7870,7.0006,0.8506,20943.28,0.0477,673.00,0.4775,0.7261,0.6804,1.2228,1.5757
64,18000,200,36,54,397.00,793.00,3.7870,7.0006,0.8516,21550.28,0.0464,669.00,0.4640,0.7529,0.7075,1.2466,1.6384
64,18000,200,36,72,397.00,793.00,3.7870,7.0006,0.8519,21133.39,0.0473,671.00,0.4732,0.7743,0.7241,1.2744,1.6612
64,18000,200,72,14,397.00,793.00,3.7870,7.0006,0.8847,12836.88,0.0779,667.00,0.7790,1.3522,1.2834,2.1460,2.7780
64,18000,200,72,28,397.00,793.00,3.7870,7.0006,0.9164,12490.08,0.0801,669.00,0.8006,1.3698,1.3006,2.1791,2.8597
64,18000,200,72,57,397.00,793.00,3.7870,7.0006,0.9254,12627.03,0.0792,672.00,0.7920,1.4093,1.3399,2.1751,2.8032
64,18000,200,72,72,397.00,793.00,3.7870,7.0006,0.9262,12208.06,0.0819,669.00,0.8191,1.4238,1.3661,2.1718,2.6523
64,18000,200,72,108,397.00,793.00,3.7870,7.0006,0.9265,11694.16,0.0855,670.00,0.8551,1.4642,1.3952,2.3598,3.1281
64,18000,200,72,144,397.00,793.00,3.7870,7.0006,0.9266,11600.42,0.0862,668.00,0.8620,1.4959,1.4147,2.3522,3.0498
64,18000,200,144,28,397.00,793.00,3.7870,7.0006,0.9498,6938.19,0.1441,671.00,1.4413,2.6378,2.5385,3.9144,4.9130
64,18000,200,144,57,397.00,793.00,3.7870,7.0006,0.9674,6922.67,0.1445,674.00,1.4445,2.6584,2.5640,3.9232,4.9199
64,18000,200,144,115,397.00,793.00,3.7870,7.0006,0.9703,6774.18,0.1476,676.00,1.4762,2.6533,2.5517,3.9200,5.1283
64,18000,200,144,144,397.00,793.00,3.7870,7.0006,0.9707,6791.24,0.1472,674.00,1.4725,2.7027,2.6076,3.9579,4.9065
64,18000,200,144,216,397.00,793.00,3.7870,7.0006,0.9707,6566.03,0.1523,682.00,1.5230,2.8053,2.7151,4.0917,4.9918
64,18000,200,144,288,397.00,793.00,3.7870,7.0006,0.9708,6486.52,0.1542,681.00,1.5417,2.8635,2.7623,4.0975,5.0369
64,18000,200,288,57,397.00,793.00,3.7870,7.0006,0.9836,3822.87,0.2616,686.00,2.6158,4.9637,4.8229,7.0123,8.6760
64,18000,200,288,115,397.00,793.00,3.7870,7.0006,0.9899,3772.73,0.2651,696.00,2.6506,5.0287,4.8996,7.0137,8.5290
64,18000,200,288,230,397.00,793.00,3.7870,7.0006,0.9909,3687.23,0.2712,697.00,2.7121,5.1258,4.9869,7.2213,8.8684
64,18000,200,288,288,397.00,793.00,3.7870,7.0006,0.9910,3680.42,0.2717,687.00,2.7171,5.1521,5.0167,7.1983,8.7302
64,18000,200,288,432,397.00,793.00,3.7870,7.0006,0.9911,3522.56,0.2839,684.00,2.8388,5.3462,5.1905,7.5438,9.8192
64,18000,200,288,576,397.00,793.00,3.7870,7.0006,0.9911,3369.10,0.2968,691.00,2.9681,5.6806,5.5557,7.6622,9.1121
64,18000,200,576,115,397.00,793.00,3.7870,7.0006,0.9957,2033.50,0.4918,725.00,4.9176,9.3651,9.1894,12.8261,14.9729
64,18000,200,576,230,397.00,793.00,3.7870,7.0006,0.9976,1984.74,0.5038,710.00,5.0385,9.6094,9.4211,13.0550,15.8342
64,18000,200,576,460,397.00,793.00,3.7870,7.0006,0.9978,1918.64,0.5212,716.00,5.2120,9.9115,9.7678,13.2344,15.5120
64,18000,200,576,576,397.00,793.00,3.7870,7.0006,0.9978,1903.11,0.5255,717.00,5.2546,9.9823,9.8494,13.3529,15.3006
64,18000,200,576,864,397.00,793.00,3.7870,7.0006,0.9978,1773.15,0.5640,743.00,5.6397,10.7725,10.6590,14.1169,16.1135
64,18000,200,576,1152,397.00,793.00,3.7870,7.0006,0.9978,1662.04,0.6017,731.00,6.0167,11.5611,11.4333,14.9095,17.3164
64,18000,200,1152,230,397.00,793.00,3.7870,7.0006,0.9988,1095.60,0.9127,787.00,9.1274,17.3628,17.0830,22.9378,26.1756
64,18000,200,1152,460,397.00,793.00,3.7870,7.0006,0.9992,1041.88,0.9598,798.00,9.5980,18.3444,18.1367,23.7934,26.4881
64,18000,200,1152,921,397.00,793.00,3.7870,7.0006,0.9993,989.99,1.0101,806.00,10.1011,19.3515,19.1219,24.8725,27.8979
64,18000,200,1152,1152,397.00,793.00,3.7870,7.0006,0.9993,999.45,1.0006,817.00,10.0055,19.5328,19.2239,25.3444,29.3564
64,18000,200,1152,1728,397.00,793.00,3.7870,7.0006,0.9993,876.74,1.1406,816.00,11.4058,22.2277,21.9779,27.6032,31.2017
64,18000,200,1152,2304,397.00,793.00,3.7870,7.0006,0.9993,755.75,1.3232,832.00,13.2318,25.5601,25.3332,31.4424,34.5625
64,22000,40,22,4,412.00,796.00,4.1728,8.3304,0.7484,32678.86,0.0306,682.00,0.3060,0.4705,0.4519,0.7946,1.0101
64,22000,40,22,8,412.00,796.00,4.1728,8.3304,0.7647,32963.39,0.0303,696.00,0.3034,0.4409,0.4158,0.7454,1.0109
64,22000,40,22,17,412.00,796.00,4.1728,8.3304,0.7705,34724.40,0.0288,687.00,0.2880,0.4219,0.3972,0.7117,0.9049
64,22000,40,22,22,412.00,796.00,4.1728,8.3304,0.7712,33841.56,0.0295,686.00,0.2955,0.4345,0.4127,0.7204,0.9446
64,22000,40,22,33,412.00,796.00,4.1728,8.3304,0.7717,34110.91,0.0293,681.00,0.2932,0.4384,0.4118,0.7264,0.9290
64,22000,40,22,44,412.00,796.00,4.1728,8.3304,0.7717,33808.94,0.0296,687.00,0.2958,0.4446,0.4220,0.7152,0.9023
64,22000,40,44,8,412.00,796.00,4.1728,8.3304,0.8494,22063.68,0.0453,681.00,0.4532,0.7452,0.7121,1.2133,1.5760
64,22000,40,44,17,412.00,796.00,4.1728,8.3304,0.8616,21555.95,0.0464,683.00,0.4639,0.7395,0.7154,1.2031,1.5028
64,22000,40,44,35,412.00,796.00,4.1728,8.3304,0.8644,21244.65,0.0471,680.00,0.4707,0.7696,0.7424,1.2171,1.5249
64,22000,40,44,44,412.00,796.00,4.1728,8.3304,0.8646,21149.93,0.0473,683.00,0.4728,0.7870,0.7450,1.2622,1.6367
64,22000,40,44,66,412.00,796.00,4.1728,8.3304,0.8648,20704.68,0.0483,688.00,0.4830,0.8010,0.7642,1.2794,1.5888
64,22000,40,44,88,412.00,796.00,4.1728,8.3304,0.8648,20349.44,0.0491,683.00,0.4914,0.8511,0.8121,1.3104,1.6697
64,22000,40,88,17,412.00,796.00,4.1728,8.3304,0.9245,12280.00,0.0814,682.00,0.8143,1.4389,1.3945,2.1450,2.6355
64,22000,40,88,35,412.00,796.00,4.1728,8.3304,0.9312,12294.60,0.0813,679.00,0.8134,1.4577,1.4101,2.1729,2.6897
64,22000,40,88,70,412.00,796.00,4.1728,8.3304,0.9324,12073.89,0.0828,680.00,0.8282,1.4776,1.4404,2.1879,2.6651
64,22000,40,88,88,412.00,796.00,4.1728,8.3304,0.9324,12120.16,0.0825,685.00,0.8251,1.5001,1.4596,2.1974,2.6035
64,22000,40,88,132,412.00,796.00,4.1728,8.3304,0.9324,11669.56,0.0857,682.00,0.8569,1.5537,1.5109,2.2729,2.6748
64,22000,40,88,176,412.00,796.00,4.1728,8.3304,0.9324,11042.70,0.0906,681.00,0.9056,1.6311,1.5912,2.3589,2.7725
64,22000,40,176,35,412.00,796.00,4.1728,8.3304,0.9692,6710.83,0.1490,699.00,1.4901,2.7125,2.6419,3.8903,4.6596
64,22000,40,176,70,412.00,796.00,4.1728,8.3304,0.9722,6589.53,0.1518,701.00,1.5176,2.7145,2.6231,3.9840,5.0663
64,22000,40,176,140,412.00,796.00,4.1728,8.3304,0.9727,6464.41,0.1547,696.00,1.5469,2.8626,2.7838,4.0882,5.0633
64,22000,40,176,176,412.00,796.00,4.1728,8.3304,0.9728,6506.76,0.1537,690.00,1.5369,2.8715,2.7927,4.0834,4.9072
64,22000,40,176,264,412.00,796.00,4.1728,8.3304,0.9728,6049.32,0.1653,687.00,1.6531,2.9813,2.8824,4.2670,5.2609
64,22000,40,176,352,412.00,796.00,4.1728,8.3304,0.9727,5866.69,0.1705,686.00,1.7045,3.1477,3.0553,4.3914,5.4431
64,22000,40,352,70,412.00,796.00,4.1728,8.3304,0.9901,3624.23,0.2759,690.00,2.7592,5.1905,5.0960,7.1597,8.3640
64,22000,40,352,140,412.00,796.00,4.1728,8.3304,0.9914,3497.14,0.2859,712.00,2.8595,5.3607,5.2433,7.4029,8.8605
64,22000,40,352,281,412.00,796.00,4.1728,8.3304,0.9915,3427.15,0.2918,711.00,2.9179,5.4804,5.4017,7.3464,8.4329
64,22000,40,352,352,412.00,796.00,4.1728,8.3304,0.9915,3495.05,0.2861,699.00,2.8612,5.4952,5.4025,7.4043,8.8242
64,22000,40,352,528,412.00,796.00,4.1728,8.3304,0.9915,3294.03,0.3036,712.00,3.0358,5.8086,5.7104,7.8517,9.3212
64,22000,40,352,704,412.00,796.00,4.1728,8.3304,0.9915,3091.86,0.3234,696.00,3.2343,6.1458,6.0581,8.2065,9.5664
64,22000,40,704,140,412.00,796.00,4.1728,8.3304,0.9970,1973.19,0.5068,739.00,5.0679,9.6893,9.5763,12.6645,14.7305
64,22000,40,704,281,412.00,796.00,4.1728,8.3304,0.9973,1933.52,0.5172,725.00,5.1719,10.0103,9.8869,13.1232,15.4054
64,22000,40,704,563,412.00,796.00,4.1728,8.3304,0.9974,1818.17,0.5500,729.00,5.5000,10.4303,10.3538,13.5097,15.1605
64,22000,40,704,704,412.00,796.00,4.1728,8.3304,0.9974,1770.49,0.5648,730.00,5.6481,10.7039,10.5939,13.8936,15.7065
64,22000,40,704,1056,412.00,796.00,4.1728,8.3304,0.9974,1608.17,0.6218,743.00,6.2183,11.9014,11.8072,15.0676,16.6732
64,22000,40,704,1408,412.00,796.00,4.1728,8.3304,0.9975,1461.09,0.6844,750.00,6.8442,13.0903,12.9424,16.5559,18.9478
64,22000,40,1408,281,412.00,796.00,4.1728,8.3304,0.9987,1049.36,0.9530,815.00,9.5296,18.3194,18.1264,23.3369,26.5313
64,22000,40,1408,563,412.00,796.00,4.1728,8.3304,0.9989,1008.81,0.9913,827.00,9.9127,19.1746,18.9585,24.5556,27.3722
64,22000,40,1408,1126,412.00,796.00,4.1728,8.3304,0.9989,945.96,1.0571,822.00,10.5713,20.5126,20.2750,26.0071,31.7375
64,22000,40,1408,1408,412.00,796.00,4.1728,8.3304,0.9990,919.30,1.0878,838.00,10.8778,21.2206,20.9175,26.7663,32.5519
64,22000,40,1408,2112,412.00,796.00,4.1728,8.3304,0.9990,774.09,1.2918,849.00,12.9184,25.3175,25.0459,30.4865,33.2674
64,22000,40,1408,2816,412.00,796.00,4.1728,8.3304,0.9991,632.18,1.5818,841.00,15.8184,30.8592,30.6799,35.9402,38.5532
64,22000,100,22,4,424.00,798.00,5.6911,9.9875,0.7378,32067.07,0.0312,676.00,0.3118,0.4786,0.4527,0.8290,1.0507
64,22000,100,22,8,424.00,798.00,5.6911,9.9875,0.7625,33086.20,0.0302,676.00,0.3022,0.4352,0.4139,0.7504,0.9798
64,22000,100,22,17,424.00,798.00,5.6911,9.9875,0.7717,33758.54,0.0296,669.00,0.2962,0.4399,0.4200,0.7302,0.9458
64,22000,100,22,22,424.00,798.00,5.6911,9.9875,0.7728,32452.06,0.0308,673.00,0.3081,0.4381,0.4149,0.7289,0.9478
64,22000,100,22,33,424.00,798.00,5.6911,9.9875,0.7732,32521.51,0.0307,669.00,0.3075,0.4462,0.4252,0.7140,0.9201
64,22000,100,22,44,424.00,798.00,5.6911,9.9875,0.7731,31614.81,0.0316,676.00,0.3163,0.4791,0.4530,0.7685,0.9852
64,22000,100,44,8,424.00,798.00,5.6911,9.9875,0.8451,21320.36,0.0469,673.00,0.4690,0.7721,0.7388,1.2555,1.5797
64,22000,100,44,17,424.00,798.00,5.6911,9.9875,0.8625,20630.87,0.0485,674.00,0.4847,0.7743,0.7338,1.2832,1.6502
64,22000,100,44,35,424.00,798.00,5.6911,9.9875,0.8660,20153.55,0.0496,677.00,0.4962,0.8106,0.7747,1.2956,1.5930
64,22000,100,44,44,424.00,798.00,5.6911,9.9875,0.8662,20186.09,0.0495,670.00,0.4954,0.8011,0.7619,1.2806,1.5925
64,22000,100,44,66,424.00,798.00,5.6911,9.9875,0.8662,19633.38,0.0509,676.00,0.5093,0.8410,0.8091,1.3014,1.5898
64,22000,100,44,88,424.00,798.00,5.6911,9.9875,0.8662,19281.71,0.0519,673.00,0.5186,0.8655,0.8334,1.3120,1.6201
64,22000,100,88,17,424.00,798.00,5.6911,9.9875,0.9235,11934.07,0.0838,672.00,0.8379,1.4434,1.3837,2.2416,2.8654
64,22000,100,88,35,424.00,798.00,5.6911,9.9875,0.9323,11564.97,0.0865,673.00,0.8647,1.4829,1.4160,2.3049,2.9395
64,22000,100,88,70,424.00,798.00,5.6911,9.9875,0.9334,11586.01,0.0863,671.00,0.8631,1.5272,1.4692,2.2855,2.8324
64,22000,100,88,88,424.00,798.00,5.6911,9.9875,0.9335,11465.47,0.0872,676.00,0.8722,1.5471,1.4905,2.3112,2.8682
64,22000,100,88,132,424.00,798.00,5.6911,9.9875,0.9334,11216.60,0.0892,668.00,0.8915,1.5552,1.4923,2.3470,2.9061
64,22000,100,88,176,424.00,798.00,5.6911,9.9875,0.9334,10719.14,0.0933,672.00,0.9329,1.6234,1.5570,2.4545,3.1554
64,22000,100,176,35,424.00,798.00,5.6911,9.9875,0.9690,6620.33,0.1510,675.00,1.5105,2.7192,2.6304,3.9834,4.8793
64,22000,100,176,70,424.00,798.00,5.6911,9.9875,0.9723,6637.15,0.1507,678.00,1.5067,2.8056,2.7258,4.0509,4.7966
64,22000,100,176,140,424.00,798.00,5.6911,9.9875,0.9728,6471.47,0.1545,674.00,1.5452,2.8233,2.7357,4.0385,5.0236
64,22000,100,176,176,424.00,798.00,5.6911,9.9875,0.9728,6406.22,0.1561,679.00,1.5610,2.8703,2.7798,4.1598,5.1265
64,22000,100,176,264,424.00,798.00,5.6911,9.9875,0.9728,6032.86,0.1658,674.00,1.6576,3.0663,2.9947,4.3047,5.0827
64,22000,100,176,352,424.00,798.00,5.6911,9.9875,0.9728,5674.36,0.1762,681.00,1.7623,3.2032,3.0986,4.5790,5.4800
64,22000,100,352,70,424.00,798.00,5.6911,9.9875,0.9907,3549.60,0.2817,693.00,2.8172,5.3382,5.2354,7.3682,8.6171
64,22000,100,352,140,424.00,798.00,5.6911,9.9875,0.9920,3412.57,0.2930,692.00,2.9303,5.3264,5.1810,7.5183,9.1778
64,22000,100,352,281,424.00,798.00,5.6911,9.9875,0.9920,3452.32,0.2897,692.00,2.8966,5.3689,5.2507,7.4543,9.2360
64,22000,100,352,352,424.00,798.00,5.6911,9.9875,0.9920,3346.45,0.2988,695.00,2.9882,5.5361,5.4084,7.5609,9.4674
64,22000,100,352,528,424.00,798.00,5.6911,9.9875,0.9920,3199.53,0.3125,704.00,3.1255,5.9224,5.8253,7.9303,9.1429
64,22000,100,352,704,424.00,798.00,5.6911,9.9875,0.9920,3025.69,0.3305,702.00,3.3050,6.3015,6.1939,8.3422,9.6449
64,22000,100,704,140,424.00,798.00,5.6911,9.9875,0.9976,1964.14,0.5091,741.00,5.0913,9.6361,9.4100,13.1780,17.8145
64,22000,100,704,281,424.00,798.00,5.6911,9.9875,0.9978,1938.78,0.5158,733.00,5.1579,9.9431,9.8321,13.1908,15.4736
64,22000,100,704,563,424.00,798.00,5.6911,9.9875,0.9978,1848.98,0.5408,733.00,5.4084,10.4663,10.3046,13.6403,16.2771
64,22000,100,704,704,424.00,798.00,5.6911,9.9875,0.9978,1804.37,0.5542,733.00,5.5421,10.6516,10.5049,13.9110,16.5855
64,22000,100,704,1056,424.00,798.00,5.6911,9.9875,0.9979,1609.53,0.6213,752.00,6.2130,11.9281,11.8152,15.1774,17.0800
64,22000,100,704,1408,424.00,798.00,5.6911,9.9875,0.9979,1458.84,0.6855,752.00,6.8547,13.2343,13.1055,16.5693,18.7862
64,22000,100,1408,281,424.00,798.00,5.6911,9.9875,0.9990,1017.77,0.9825,827.00,9.8254,18.7171,18.6384,23.5996,26.1959
64,22000,100,1408,563,424.00,798.00,5.6911,9.9875,0.9991,1009.92,0.9902,840.00,9.9018,19.1569,19.0203,24.0428,26.5039
64,22000,100,1408,1126,424.00,798.00,5.6911,9.9875,0.9992,928.25,1.0773,840.00,10.7729,20.7132,20.6113,25.6219,28.0789
64,22000,100,1408,1408,424.00,798.00,5.6911,9.9875,0.9992,910.93,1.0978,824.00,10.9777,21.3939,21.2388,26.1731,28.8846
64,22000,100,1408,2112,424.00,798.00,5.6911,9.9875,0.9992,769.62,1.2993,839.00,12.9934,25.4270,25.2354,30.2374,32.9057
64,22000,100,1408,2816,424.00,798.00,5.6911,9.9875,0.9992,638.37,1.5665,850.00,15.6649,30.8530,30.5802,36.4459,39.4078
64,22000,200,22,4,426.00,797.00,4.5405,7.8916,0.6921,33607.39,0.0298,674.00,0.2976,0.4717,0.4521,0.8045,1.0279
64,22000,200,22,8,426.00,797.00,4.5405,7.8916,0.7429,34626.45,0.0289,676.00,0.2888,0.4276,0.4019,0.7463,0.9564
64,22000,200,22,17,426.00,797.00,4.5405,7.8916,0.7664,34111.18,0.0293,679.00,0.2932,0.4163,0.3933,0.7188,0.9485
64,22000,200,22,22,426.00,797.00,4.5405,7.8916,0.7691,34033.55,0.0294,676.00,0.2938,0.4159,0.3910,0.7161,0.9243
64,22000,200,22,33,426.00,797.00,4.5405,7.8916,0.7710,34506.76,0.0290,680.00,0.2898,0.4327,0.4092,0.7254,0.9609
64,22000,200,22,44,426.00,797.00,4.5405,7.8916,0.7718,33149.88,0.0302,676.00,0.3017,0.4279,0.4034,0.7226,0.9741
64,22000,200,44,8,426.00,797.00,4.5405,7.8916,0.8075,21608.44,0.0463,684.00,0.4628,0.7653,0.7373,1.2330,1.5370
64,22000,200,44,17,426.00,797.00,4.5405,7.8916,0.8508,20851.25,0.0480,679.00,0.4796,0.7668,0.7318,1.2297,1.5090
64,22000,200,44,35,426.00,797.00,4.5405,7.8916,0.8643,21141.38,0.0473,678.00,0.4730,0.7819,0.7504,1.2601,1.5859
64,22000,200,44,44,426.00,797.00,4.5405,7.8916,0.8659,21147.88,0.0473,680.00,0.4729,0.7733,0.7395,1.2373,1.5532
64,22000,200,44,66,426.00,797.00,4.5405,7.8916,0.8665,20601.13,0.0485,677.00,0.4854,0.7918,0.7559,1.2665,1.6324
64,22000,200,44,88,426.00,797.00,4.5405,7.8916,0.8666,20660.25,0.0484,676.00,0.4840,0.8101,0.7803,1.2712,1.5824
64,22000,200,88,17,426.00,797.00,4.5405,7.8916,0.8997,12171.97,0.0822,678.00,0.8216,1.4469,1.4058,2.1655,2.5992
64,22000,200,88,35,426.00,797.00,4.5405,7.8916,0.9268,12073.87,0.0828,691.00,0.8282,1.4529,1.3922,2.2269,2.8328
64,22000,200,88,70,426.00,797.00,4.5405,7.8916,0.9335,11626.82,0.0860,676.00,0.8601,1.4889,1.4170,2.3056,3.0163
64,22000,200,88,88,426.00,797.00,4.5405,7.8916,0.9341,11758.98,0.0850,683.00,0.8504,1.5089,1.4523,2.2832,2.8337
64,22000,200,88,132,426.00,797.00,4.5405,7.8916,0.9342,11439.27,0.0874,680.00,0.8742,1.5524,1.5008,2.2806,2.8168
64,22000,200,88,176,426.00,797.00,4.5405,7.8916,0.9341,11290.76,0.0886,680.00,0.8857,1.5842,1.5335,2.3471,2.8481
64,22000,200,176,35,426.00,797.00,4.5405,7.8916,0.9578,6684.88,0.1496,694.00,1.4959,2.7638,2.6829,4.0119,4.8570
64,22000,200,176,70,426.00,797.00,4.5405,7.8916,0.9707,6588.78,0.1518,680.00,1.5177,2.8042,2.7284,3.9963,4.8023
64,22000,200,176,140,426.00,797.00,4.5405,7.8916,0.9729,6478.18,0.1544,681.00,1.5436,2.8396,2.7536,4.1058,4.9325
64,22000,200,176,176,426.00,797.00,4.5405,7.8916,0.9730,6409.47,0.1560,679.00,1.5602,2.8824,2.8085,4.1174,4.8378
64,22000,200,176,264,426.00,797.00,4.5405,7.8916,0.9731,6116.92,0.1635,679.00,1.6348,2.9986,2.9311,4.2304,4.9943
64,22000,200,176,352,426.00,797.00,4.5405,7.8916,0.9732,5919.07,0.1689,683.00,1.6895,3.1030,3.0100,4.4547,5.4014
64,22000,200,352,70,426.00,797.00,4.5405,7.8916,0.9863,3472.62,0.2880,692.00,2.8797,5.3143,5.2270,7.2654,8.2921
64,22000,200,352,140,426.00,797.00,4.5405,7.8916,0.9911,3465.28,0.2886,690.00,2.8858,5.3495,5.2293,7.4320,9.1037
64,22000,200,352,281,426.00,797.00,4.5405,7.8916,0.9918,3365.84,0.2971,694.00,2.9710,5.4755,5.3474,7.6697,9.2057
64,22000,200,352,352,426.00,797.00,4.5405,7.8916,0.9919,3338.53,0.2995,709.00,2.9953,5.6054,5.4828,7.6622,8.9633
64,22000,200,352,528,426.00,797.00,4.5405,7.8916,0.9919,3259.57,0.3068,695.00,3.0679,5.7653,5.6553,7.8603,9.3251
64,22000,200,352,704,426.00,797.00,4.5405,7.8916,0.9919,3027.86,0.3303,714.00,3.3027,6.3633,6.2596,8.4414,9.7433
64,22000,200,704,140,426.00,797.00,4.5405,7.8916,0.9961,1933.33,0.5172,741.00,5.1724,9.8075,9.7085,12.9131,14.7718
64,22000,200,704,281,426.00,797.00,4.5405,7.8916,0.9976,1900.33,0.5262,742.00,5.2623,10.0530,9.8572,13.4776,16.3841
64,22000,200,704,563,426.00,797.00,4.5405,7.8916,0.9978,1812.18,0.5518,734.00,5.5182,10.5238,10.3456,13.8481,16.6784
64,22000,200,704,704,426.00,797.00,4.5405,7.8916,0.9978,1785.90,0.5599,732.00,5.5994,10.5946,10.4372,13.9195,16.5562
64,22000,200,704,1056,426.00,797.00,4.5405,7.8916,0.9978,1643.14,0.6086,736.00,6.0859,11.7537,11.6037,15.0976,17.0801
64,22000,200,704,1408,426.00,797.00,4.5405,7.8916,0.9978,1443.28,0.6929,742.00,6.9286,13.1527,13.0244,16.5263,18.6759
64,22000,200,1408,281,426.00,797.00,4.5405,7.8916,0.9990,1024.27,0.9763,829.00,9.7631,18.4371,18.3017,23.7039,26.3996
64,22000,200,1408,563,426.00,797.00,4.5405,7.8916,0.9993,969.84,1.0311,839.00,10.3109,19.6218,19.5021,24.7764,26.9846
64,22000,200,1408,1126,426.00,797.00,4.5405,7.8916,0.9992,914.28,1.0938,842.00,10.9376,20.8642,20.6360,26.6392,29.7509
64,22000,200,1408,1408,426.00,797.00,4.5405,7.8916,0.9993,894.75,1.1176,868.00,11.1763,21.2628,21.0342,26.8725,32.8150
64,22000,200,1408,2112,426.00,797.00,4.5405,7.8916,0.9993,762.22,1.3120,871.00,13.1195,25.4377,25.2762,30.4956,33.2684
64,22000,200,1408,2816,426.00,797.00,4.5405,7.8916,0.9993,639.83,1.5629,869.00,15.6292,30.5485,30.3173,35.8580,38.9861
64,26000,40,26,5,449.00,802.00,4.7589,9.0839,0.7634,31274.29,0.0320,684.00,0.3198,0.4918,0.4629,0.8406,1.1282
64,26000,40,26,10,449.00,802.00,4.7589,9.0839,0.7784,31736.18,0.0315,688.00,0.3151,0.4375,0.4131,0.7498,0.9518
64,26000,40,26,20,449.00,802.00,4.7589,9.0839,0.7835,32426.55,0.0308,689.00,0.3084,0.4556,0.4363,0.7429,0.9250
64,26000,40,26,26,449.00,802.00,4.7589,9.0839,0.7841,31942.15,0.0313,688.00,0.3131,0.4527,0.4331,0.7306,0.9397
64,26000,40,26,39,449.00,802.00,4.7589,9.0839,0.7844,31417.88,0.0318,688.00,0.3183,0.4898,0.4681,0.7702,0.9732
64,26000,40,26,52,449.00,802.00,4.7589,9.0839,0.7847,29487.79,0.0339,686.00,0.3391,0.4908,0.4701,0.7691,0.9824
64,26000,40,52,10,449.00,802.00,4.7589,9.0839,0.8607,20237.29,0.0494,687.00,0.4941,0.8118,0.7861,1.2882,1.5967
64,26000,40,52,20,449.00,802.00,4.7589,9.0839,0.8718,19870.22,0.0503,682.00,0.5033,0.8235,0.7910,1.3083,1.7302
64,26000,40,52,41,449.00,802.00,4.7589,9.0839,0.8739,20003.08,0.0500,686.00,0.4999,0.8523,0.8266,1.2994,1.5996
64,26000,40,52,52,449.00,802.00,4.7589,9.0839,0.8742,19502.48,0.0513,685.00,0.5128,0.8532,0.8186,1.3372,1.6661
64,26000,40,52,78,449.00,802.00,4.7589,9.0839,0.8745,18971.93,0.0527,687.00,0.5271,0.8800,0.8461,1.3536,1.6914
64,26000,40,52,104,449.00,802.00,4.7589,9.0839,0.8746,18399.74,0.0543,682.00,0.5435,0.9209,0.8855,1.3935,1.7631
64,26000,40,104,20,449.00,802.00,4.7589,9.0839,0.9313,11513.44,0.0869,687.00,0.8685,1.5053,1.4613,2.2689,2.8333
64,26000,40,104,41,449.00,802.00,4.7589,9.0839,0.9383,11631.76,0.0860,685.00,0.8597,1.5381,1.4894,2.3037,2.8001
64,26000,40,104,83,449.00,802.00,4.7589,9.0839,0.9396,10999.61,0.0909,688.00,0.9091,1.5746,1.5249,2.3622,2.9239
64,26000,40,104,104,449.00,802.00,4.7589,9.0839,0.9397,11296.39,0.0885,689.00,0.8852,1.5873,1.5428,2.3014,2.7634
64,26000,40,104,156,449.00,802.00,4.7589,9.0839,0.9397,10632.74,0.0940,683.00,0.9405,1.6972,1.6564,2.4416,3.0045
64,26000,40,104,208,449.00,802.00,4.7589,9.0839,0.9398,10174.82,0.0983,686.00,0.9828,1.7502,1.7105,2.4898,2.9295
64,26000,40,208,41,449.00,802.00,4.7589,9.0839,0.9724,6297.34,0.1588,690.00,1.5880,2.8949,2.8213,4.1680,4.9852
64,26000,40,208,83,449.00,802.00,4.7589,9.0839,0.9756,6235.70,0.1604,689.00,1.6037,2.9094,2.8280,4.1701,5.1843
64,26000,40,208,166,449.00,802.00,4.7589,9.0839,0.9761,6091.71,0.1642,693.00,1.6416,3.0465,2.9868,4.2256,4.9269
64,26000,40,208,208,449.00,802.00,4.7589,9.0839,0.9761,6032.97,0.1658,702.00,1.6576,3.0824,3.0251,4.2847,4.9578
64,26000,40,208,312,449.00,802.00,4.7589,9.0839,0.9761,5935.50,0.1685,704.00,1.6848,3.1579,3.0727,4.4010,5.4097
64,26000,40,208,416,449.00,802.00,4.7589,9.0839,0.9761,5602.31,0.1785,688.00,1.7850,3.3451,3.2881,4.5488,5.2929
64,26000,40,416,83,449.00,802.00,4.7589,9.0839,0.9912,3524.15,0.2838,699.00,2.8376,5.2982,5.2382,7.2429,8.5508
64,26000,40,416,166,449.00,802.00,4.7589,9.0839,0.9924,3468.51,0.2883,703.00,2.8831,5.4618,5.3790,7.3428,8.6812
64,26000,40,416,332,449.00,802.00,4.7589,9.0839,0.9924,3341.29,0.2993,703.00,2.9929,5.7168,5.6437,7.5991,8.7540
64,26000,40,416,416,449.00,802.00,4.7589,9.0839,0.9924,3279.65,0.3049,706.00,3.0491,5.8236,5.7193,7.7893,9.2363
64,26000,40,416,624,449.00,802.00,4.7589,9.0839,0.9925,3048.17,0.3281,711.00,3.2807,6.2758,6.1847,8.2335,9.6586
64,26000,40,416,832,449.00,802.00,4.7589,9.0839,0.9925,2815.32,0.3552,702.00,3.5520,6.8595,6.7668,8.8240,10.3548
64,26000,40,832,166,449.00,802.00,4.7589,9.0839,0.9974,1871.86,0.5342,746.00,5.3423,10.2141,10.1187,13.2834,15.0313
64,26000,40,832,332,449.00,802.00,4.7589,9.0839,0.9976,1831.87,0.5459,752.00,5.4589,10.3702,10.2183,13.7806,16.9089
64,26000,40,832,665,449.00,802.00,4.7589,9.0839,0.9977,1711.06,0.5844,768.00,5.8443,11.1783,11.0780,14.3331,16.2101
64,26000,40,832,832,449.00,802.00,4.7589,9.0839,0.9977,1690.25,0.5916,755.00,5.9163,11.3245,11.2371,14.2891,16.4218
64,26000,40,832,1248,449.00,802.00,4.7589,9.0839,0.9978,1484.41,0.6737,761.00,6.7367,12.9968,12.9099,16.1098,17.6666
64,26000,40,832,1664,449.00,802.00,4.7589,9.0839,0.9979,1284.44,0.7785,759.00,7.7855,14.8613,14.6818,18.4001,23.0591
64,26000,40,1664,332,449.00,802.00,4.7589,9.0839,0.9986,1007.45,0.9926,855.00,9.9260,19.0700,18.8737,24.1408,27.7108
64,26000,40,1664,665,449.00,802.00,4.7589,9.0839,0.9988,963.38,1.0380,881.00,10.3801,20.1412,19.9539,25.1264,28.4680
64,26000,40,1664,1331,449.00,802.00,4.7589,9.0839,0.9989,841.53,1.1883,877.00,11.8832,22.6480,22.7123,27.5364,30.4947
64,26000,40,1664,1664,449.00,802.00,4.7589,9.0839,0.9990,836.44,1.1955,881.00,11.9554,23.2028,23.0514,27.9416,30.5861
64,26000,40,1664,2496,449.00,802.00,4.7589,9.0839,0.9990,665.18,1.5034,880.00,15.0336,29.0503,29.0541,34.0283,36.3801
64,26000,40,1664,3328,449.00,802.00,4.7589,9.0839,0.9990,527.94,1.8941,870.00,18.9414,36.8287,36.8092,41.7538,44.3063
64,26000,100,26,5,433.00,804.00,6.6430,11.0538,0.7570,31354.18,0.0319,685.00,0.3189,0.4931,0.4685,0.8621,1.0992
64,26000,100,26,10,433.00,804.00,6.6430,11.0538,0.7790,32621.87,0.0307,684.00,0.3065,0.4695,0.4498,0.7755,0.9812
64,26000,100,26,20,433.00,804.00,6.6430,11.0538,0.7860,32600.98,0.0307,686.00,0.3067,0.4648,0.4482,0.7440,0.9159
64,26000,100,26,26,433.00,804.00,6.6430,11.0538,0.7864,31405.71,0.0318,683.00,0.3184,0.4595,0.4362,0.7573,0.9315
64,26000,100,26,39,433.00,804.00,6.6430,11.0538,0.7870,30854.03,0.0324,689.00,0.3241,0.4777,0.4568,0.7710,0.9731
64,26000,100,26,52,433.00,804.00,6.6430,11.0538,0.7870,29855.70,0.0335,687.00,0.3349,0.5148,0.4852,0.8194,1.0495
64,26000,100,52,10,433.00,804.00,6.6430,11.0538,0.8581,20187.17,0.0495,684.00,0.4954,0.8126,0.7886,1.2648,1.5802
64,26000,100,52,20,433.00,804.00,6.6430,11.0538,0.8725,19803.48,0.0505,687.00,0.5050,0.8183,0.7907,1.2739,1.5972
64,26000,100,52,41,433.00,804.00,6.6430,11.0538,0.8760,19573.10,0.0511,689.00,0.5109,0.8597,0.8256,1.3337,1.6272
64,26000,100,52,52,433.00,804.00,6.6430,11.0538,0.8762,19032.74,0.0525,691.00,0.5254,0.8554,0.8218,1.3251,1.7339
64,26000,100,52,78,433.00,804.00,6.6430,11.0538,0.8764,18834.29,0.0531,694.00,0.5309,0.8812,0.8484,1.3342,1.7654
64,26000,100,52,104,433.00,804.00,6.6430,11.0538,0.8764,18166.02,0.0550,689.00,0.5505,0.9237,0.8908,1.3860,1.7473
64,26000,100,104,20,433.00,804.00,6.6430,11.0538,0.9312,11529.32,0.0867,699.00,0.8674,1.5238,1.4846,2.2876,2.7617
64,26000,100,104,41,433.00,804.00,6.6430,11.0538,0.9395,11137.33,0.0898,685.00,0.8979,1.5097,1.4585,2.3246,2.9072
64,26000,100,104,83,433.00,804.00,6.6430,11.0538,0.9405,11205.58,0.0892,685.00,0.8924,1.5859,1.5446,2.2993,2.7680
64,26000,100,104,104,433.00,804.00,6.6430,11.0538,0.9406,11110.22,0.0900,686.00,0.9001,1.6258,1.5818,2.3588,2.7961
64,26000,100,104,156,433.00,804.00,6.6430,11.0538,0.9407,10606.69,0.0943,686.00,0.9428,1.6838,1.6375,2.4266,2.8938
64,26000,100,104,208,433.00,804.00,6.6430,11.0538,0.9407,10034.32,0.0997,684.00,0.9966,1.7856,1.7335,2.5774,3.1318
64,26000,100,208,41,433.00,804.00,6.6430,11.0538,0.9731,6401.58,0.1562,688.00,1.5621,2.8691,2.8076,4.1048,4.8525
64,26000,100,208,83,433.00,804.00,6.6430,11.0538,0.9764,6275.48,0.1594,689.00,1.5935,2.9076,2.8364,4.1549,4.9200
64,26000,100,208,166,433.00,804.00,6.6430,11.0538,0.9768,6056.15,0.1651,688.00,1.6512,3.0140,2.9255,4.3840,5.3794
64,26000,100,208,208,433.00,804.00,6.6430,11.0538,0.9768,5933.18,0.1685,703.00,1.6854,3.0819,3.0085,4.3381,5.3180
64,26000,100,208,312,433.00,804.00,6.6430,11.0538,0.9768,5726.68,0.1746,701.00,1.7462,3.2348,3.1497,4.4889,5.4314
64,26000,100,208,416,433.00,804.00,6.6430,11.0538,0.9768,5435.73,0.1840,689.00,1.8397,3.4296,3.3563,4.6227,5.4608
64,26000,100,416,83,433.00,804.00,6.6430,11.0538,0.9917,3451.37,0.2897,706.00,2.8974,5.3973,5.2921,7.4701,9.0797
64,26000,100,416,166,433.00,804.00,6.6430,11.0538,0.9928,3357.69,0.2978,710.00,2.9782,5.6230,5.5365,7.6199,8.9830
64,26000,100,416,332,433.00,804.00,6.6430,11.0538,0.9928,3235.25,0.3091,705.00,3.0909,5.8131,5.7313,7.8364,8.8738
64,26000,100,416,416,433.00,804.00,6.6430,11.0538,0.9928,3232.00,0.3094,712.00,3.0941,5.8819,5.8203,7.7576,8.7906
64,26000,100,416,624,433.00,804.00,6.6430,11.0538,0.9929,2951.49,0.3388,712.00,3.3881,6.4005,6.3473,8.3149,9.4203
64,26000,100,416,832,433.00,804.00,6.6430,11.0538,0.9929,2728.22,0.3665,723.00,3.6654,6.9605,6.8993,8.8805,9.9434
64,26000,100,832,166,433.00,804.00,6.6430,11.0538,0.9979,1887.43,0.5298,748.00,5.2982,10.1921,10.0967,13.2824,15.1280
64,26000,100,832,332,433.00,804.00,6.6430,11.0538,0.9980,1784.59,0.5604,754.00,5.6035,10.4781,10.3821,13.5969,15.7321
64,26000,100,832,665,433.00,804.00,6.6430,11.0538,0.9981,1705.12,0.5865,764.00,5.8647,11.0933,10.9992,14.2656,16.0962
64,26000,100,832,832,433.00,804.00,6.6430,11.0538,0.9981,1675.75,0.5967,771.00,5.9675,11.4061,11.3067,14.6007,16.6933
64,26000,100,832,1248,433.00,804.00,6.6430,11.0538,0.9981,1472.57,0.6791,781.00,6.7908,13.0049,12.9213,16.0081,17.6182
64,26000,100,832,1664,433.00,804.00,6.6430,11.0538,0.9981,1297.84,0.7705,767.00,7.7051,14.9192,14.8485,18.0370,19.8739
64,26000,100,1664,332,433.00,804.00,6.6430,11.0538,0.9993,979.23,1.0212,857.00,10.2121,19.4775,19.4129,24.4408,26.9318
64,26000,100,1664,665,433.00,804.00,6.6430,11.0538,0.9993,926.79,1.0790,885.00,10.7899,20.3717,20.2702,25.6907,28.5614
64,26000,100,1664,1331,433.00,804.00,6.6430,11.0538,0.9993,843.82,1.1851,889.00,11.8508,22.5114,22.3987,27.8575,31.2530
64,26000,100,1664,1664,433.00,804.00,6.6430,11.0538,0.9993,819.43,1.2204,898.00,12.2036,23.3933,23.2133,28.8994,31.7782
64,26000,100,1664,2496,433.00,804.00,6.6430,11.0538,0.9993,666.87,1.4995,898.00,14.9955,29.1205,29.0743,33.9092,36.1869
64,26000,100,1664,3328,433.00,804.00,6.6430,11.0538,0.9993,522.44,1.9141,888.00,19.1408,37.0166,36.9521,42.2863,45.8221
64,26000,200,26,5,458.00,806.00,5.3749,8.8190,0.7188,31168.94,0.0321,683.00,0.3208,0.4899,0.4601,0.8548,1.1312
64,26000,200,26,10,458.00,806.00,5.3749,8.8190,0.7629,31444.47,0.0318,680.00,0.3180,0.4642,0.4410,0.7861,1.0033
64,26000,200,26,20,458.00,806.00,5.3749,8.8190,0.7822,32314.37,0.0309,680.00,0.3095,0.4530,0.4313,0.7496,0.9493
64,26000,200,26,26,458.00,806.00,5.3749,8.8190,0.7847,33158.08,0.0302,676.00,0.3016,0.4646,0.4446,0.7583,0.9618
64,26000,200,26,39,458.00,806.00,5.3749,8.8190,0.7862,32739.72,0.0305,680.00,0.3054,0.4529,0.4282,0.7599,0.9808
64,26000,200,26,52,458.00,806.00,5.3749,8.8190,0.7869,32651.76,0.0306,680.00,0.3063,0.4692,0.4448,0.7611,0.9729
64,26000,200,52,10,458.00,806.00,5.3749,8.8190,0.8266,20269.28,0.0493,680.00,0.4934,0.8178,0.7826,1.2963,1.6007
64,26000,200,52,20,458.00,806.00,5.3749,8.8190,0.8628,20375.51,0.0491,678.00,0.4908,0.8145,0.7857,1.2817,1.6240
64,26000,200,52,41,458.00,806.00,5.3749,8.8190,0.8746,19417.35,0.0515,683.00,0.5150,0.8518,0.8165,1.3446,1.6720
64,26000,200,52,52,458.00,806.00,5.3749,8.8190,0.8757,19379.36,0.0516,679.00,0.5160,0.8592,0.8206,1.3405,1.6463
64,26000,200,52,78,458.00,806.00,5.3749,8.8190,0.8763,18562.30,0.0539,680.00,0.5387,0.8602,0.8217,1.3562,1.6918
64,26000,200,52,104,458.00,806.00,5.3749,8.8190,0.8764,18539.25,0.0539,683.00,0.5394,0.8719,0.8368,1.3542,1.6737
64,26000,200,104,20,458.00,806.00,5.3749,8.8190,0.9110,11293.10,0.0885,683.00,0.8855,1.5298,1.4778,2.3292,2.9289
64,26000,200,104,41,458.00,806.00,5.3749,8.8190,0.9348,11386.24,0.0878,675.00,0.8783,1.5578,1.5032,2.3565,2.9257
64,26000,200,104,83,458.00,806.00,5.3749,8.8190,0.9405,11013.94,0.0908,682.00,0.9079,1.5864,1.5279,2.3667,2.9129
64,26000,200,104,104,458.00,806.00,5.3749,8.8190,0.9407,11038.28,0.0906,680.00,0.9059,1.5469,1.4877,2.3767,3.0827
64,26000,200,104,156,458.00,806.00,5.3749,8.8190,0.9409,10399.12,0.0962,694.00,0.9616,1.6632,1.6062,2.4766,3.0872
64,26000,200,104,208,458.00,806.00,5.3749,8.8190,0.9410,9745.55,0.1026,682.00,1.0261,1.7434,1.6778,2.6461,3.2132
64,26000,200,208,41,458.00,806.00,5.3749,8.8190,0.9633,6174.05,0.1620,687.00,1.6197,2.9315,2.8305,4.3357,5.4627
64,26000,200,208,83,458.00,806.00,5.3749,8.8190,0.9750,6113.57,0.1636,683.00,1.6357,2.9364,2.8303,4.3616,5.5442
64,26000,200,208,166,458.00,806.00,5.3749,8.8190,0.9766,6142.09,0.1628,687.00,1.6281,2.9277,2.8327,4.3012,5.7767
64,26000,200,208,208,458.00,806.00,5.3749,8.8190,0.9766,6063.93,0.1649,685.00,1.6491,2.9555,2.8722,4.3120,5.4830
64,26000,200,208,312,458.00,806.00,5.3749,8.8190,0.9767,5558.22,0.1799,687.00,1.7991,3.1993,3.1121,4.6203,5.7687
64,26000,200,208,416,458.00,806.00,5.3749,8.8190,0.9767,5548.35,0.1802,684.00,1.8023,3.3150,3.2204,4.6989,5.8575
64,26000,200,416,83,458.00,806.00,5.3749,8.8190,0.9885,3289.21,0.3040,699.00,3.0402,5.5693,5.4722,7.6553,8.8423
64,26000,200,416,166,458.00,806.00,5.3749,8.8190,0.9925,3178.02,0.3147,717.00,3.1466,5.7943,5.6929,7.9841,9.3818
64,26000,200,416,332,458.00,806.00,5.3749,8.8190,0.9928,3017.00,0.3315,720.00,3.3146,6.0768,5.9184,8.5306,10.3070
64,26000,200,416,416,458.00,806.00,5.3749,8.8190,0.9928,3057.81,0.3270,712.00,3.2703,6.0457,5.9798,8.2274,9.4631
64,26000,200,416,624,458.00,806.00,5.3749,8.8190,0.9928,3003.08,0.3330,707.00,3.3299,6.2077,6.0669,8.5399,10.8597
64,26000,200,416,832,458.00,806.00,5.3749,8.8190,0.9928,2717.39,0.3680,726.00,3.6800,6.8650,6.7269,9.1424,10.6270
64,26000,200,832,166,458.00,806.00,5.3749,8.8190,0.9969,1680.33,0.5951,763.00,5.9512,10.5729,10.7735,14.4168,16.0368
64,26000,200,832,332,458.00,806.00,5.3749,8.8190,0.9979,1677.97,0.5960,770.00,5.9596,10.9508,10.8534,14.8156,16.9430
64,26000,200,832,665,458.00,806.00,5.3749,8.8190,0.9981,1614.80,0.6193,757.00,6.1927,11.4597,11.3362,15.0807,16.8864
64,26000,200,832,832,458.00,806.00,5.3749,8.8190,0.9981,1576.05,0.6345,753.00,6.3450,11.6741,11.4777,15.4675,17.6667
64,26000,200,832,1248,458.00,806.00,5.3749,8.8190,0.9981,1415.13,0.7067,770.00,7.0665,13.0644,12.9681,17.0639,18.8302
64,26000,200,832,1664,458.00,806.00,5.3749,8.8190,0.9981,1241.31,0.8056,770.00,8.0560,15.0795,15.1751,18.9462,20.3838
64,26000,200,1664,332,458.00,806.00,5.3749,8.8190,0.9989,965.39,1.0358,860.00,10.3585,19.3249,19.1101,25.2053,28.3495
64,26000,200,1664,665,458.00,806.00,5.3749,8.8190,0.9992,882.11,1.1336,871.00,11.3364,20.6331,20.6672,29.3525,32.6247
64,26000,200,1664,1331,458.00,806.00,5.3749,8.8190,0.9992,839.83,1.1907,871.00,11.9072,22.3538,21.8727,30.4322,33.4759
64,26000,200,1664,1664,458.00,806.00,5.3749,8.8190,0.9993,806.08,1.2406,885.00,12.4057,23.3878,23.2247,29.1491,32.4493
64,26000,200,1664,2496,458.00,806.00,5.3749,8.8190,0.9993,665.48,1.5027,881.00,15.0268,28.7152,28.5710,34.2835,38.3002
64,26000,200,1664,3328,458.00,806.00,5.3749,8.8190,0.9993,530.43,1.8853,897.00,18.8528,36.5006,36.2846,42.5680,44.8973
64,30000,40,30,6,451.00,806.00,5.4121,9.7655,0.7786,30531.49,0.0328,694.00,0.3275,0.5153,0.4954,0.8504,1.0546
64,30000,40,30,12,451.00,806.00,5.4121,9.7655,0.7932,31419.43,0.0318,691.00,0.3183,0.4868,0.4716,0.7867,0.9759
64,30000,40,30,24,451.00,806.00,5.4121,9.7655,0.7969,30801.89,0.0325,692.00,0.3247,0.4864,0.4681,0.7738,0.9513
64,30000,40,30,30,451.00,806.00,5.4121,9.7655,0.7970,31177.32,0.0321,691.00,0.3207,0.4872,0.4623,0.7839,0.9867
64,30000,40,30,45,451.00,806.00,5.4121,9.7655,0.7974,30920.79,0.0323,691.00,0.3234,0.5147,0.4988,0.7839,0.9685
64,30000,40,30,60,451.00,806.00,5.4121,9.7655,0.7974,29979.74,0.0334,691.00,0.3336,0.5370,0.5171,0.8084,0.9788
64,30000,40,60,12,451.00,806.00,5.4121,9.7655,0.8729,19621.05,0.0510,692.00,0.5097,0.8549,0.8338,1.3152,1.5985
64,30000,40,60,24,451.00,806.00,5.4121,9.7655,0.8820,19623.83,0.0510,694.00,0.5096,0.8463,0.8165,1.3172,1.6037
64,30000,40,60,48,451.00,806.00,5.4121,9.7655,0.8836,18770.38,0.0533,703.00,0.5328,0.8689,0.8400,1.3357,1.6284
64,30000,40,60,60,451.00,806.00,5.4121,9.7655,0.8837,18368.16,0.0544,694.00,0.5444,0.8951,0.8615,1.3850,1.6972
64,30000,40,60,90,451.00,806.00,5.4121,9.7655,0.8837,18581.22,0.0538,692.00,0.5382,0.9273,0.9061,1.3613,1.6562
64,30000,40,60,120,451.00,806.00,5.4121,9.7655,0.8838,17913.65,0.0558,695.00,0.5582,0.9611,0.9379,1.4101,1.6530
64,30000,40,120,24,451.00,806.00,5.4121,9.7655,0.9379,11218.12,0.0891,707.00,0.8914,1.5548,1.5308,2.2679,2.7023
64,30000,40,120,48,451.00,806.00,5.4121,9.7655,0.9437,11126.10,0.0899,693.00,0.8988,1.5838,1.5334,2.3760,2.9569
64,30000,40,120,96,451.00,806.00,5.4121,9.7655,0.9448,10867.32,0.0920,693.00,0.9202,1.6629,1.6302,2.3789,2.8927
64,30000,40,120,120,451.00,806.00,5.4121,9.7655,0.9449,10633.65,0.0940,695.00,0.9404,1.6685,1.6389,2.3792,2.8506
64,30000,40,120,180,451.00,806.00,5.4121,9.7655,0.9449,10062.63,0.0994,694.00,0.9938,1.7504,1.6949,2.5552,3.3357
64,30000,40,120,240,451.00,806.00,5.4121,9.7655,0.9449,9650.60,0.1036,696.00,1.0362,1.8604,1.8105,2.6581,3.3354
64,30000,40,240,48,451.00,806.00,5.4121,9.7655,0.9750,6216.40,0.1609,704.00,1.6086,2.9401,2.8659,4.2420,5.0878
64,30000,40,240,96,451.00,806.00,5.4121,9.7655,0.9776,6172.80,0.1620,697.00,1.6200,2.9935,2.9516,4.1527,4.9272
64,30000,40,240,192,451.00,806.00,5.4121,9.7655,0.9781,5847.53,0.1710,695.00,1.7101,3.1616,3.1260,4.2904,4.9780
64,30000,40,240,240,451.00,806.00,5.4121,9.7655,0.9781,5796.77,0.1725,696.00,1.7251,3.2022,3.1610,4.3893,5.1628
64,30000,40,240,360,451.00,806.00,5.4121,9.7655,0.9783,5305.63,0.1885,715.00,1.8848,3.4066,3.3140,4.8269,6.0976
64,30000,40,240,480,451.00,806.00,5.4121,9.7655,0.9786,5007.05,0.1997,711.00,1.9972,3.6889,3.6570,4.8619,5.4243
64,30000,40,480,96,451.00,806.00,5.4121,9.7655,0.9922,3422.67,0.2922,717.00,2.9217,5.5583,5.5041,7.4497,8.5748
64,30000,40,480,192,451.00,806.00,5.4121,9.7655,0.9932,3312.83,0.3019,721.00,3.0186,5.6945,5.6212,7.7078,8.8623
64,30000,40,480,384,451.00,806.00,5.4121,9.7655,0.9936,3152.90,0.3172,717.00,3.1717,5.9597,5.8463,8.1650,9.9025
64,30000,40,480,480,451.00,806.00,5.4121,9.7655,0.9938,3116.47,0.3209,725.00,3.2088,6.1532,6.0986,8.0362,9.2218
64,30000,40,480,720,451.00,806.00,5.4121,9.7655,0.9938,2837.26,0.3525,723.00,3.5245,6.7856,6.7234,8.7420,10.1103
64,30000,40,480,960,451.00,806.00,5.4121,9.7655,0.9938,2544.31,0.3930,730.00,3.9303,7.4617,7.3938,9.5122,10.8088
64,30000,40,960,192,451.00,806.00,5.4121,9.7655,0.9973,1777.48,0.5626,775.00,5.6259,10.6001,10.5649,13.7630,15.2530
64,30000,40,960,384,451.00,806.00,5.4121,9.7655,0.9979,1735.43,0.5762,783.00,5.7623,10.9676,10.8795,14.2625,16.2800
64,30000,40,960,768,451.00,806.00,5.4121,9.7655,0.9982,1610.42,0.6210,783.00,6.2095,11.8296,11.7622,15.0716,16.9793
64,30000,40,960,960,451.00,806.00,5.4121,9.7655,0.9982,1558.10,0.6418,783.00,6.4181,12.1246,11.9005,15.9912,20.1909
64,30000,40,960,1440,451.00,806.00,5.4121,9.7655,0.9982,1359.60,0.7355,804.00,7.3551,14.0862,13.9686,17.3913,19.6048
64,30000,40,960,1920,451.00,806.00,5.4121,9.7655,0.9982,1153.52,0.8669,804.00,8.6691,16.7872,16.7347,19.7697,21.4960
64,30000,40,1920,384,451.00,806.00,5.4121,9.7655,0.9988,933.69,1.0710,914.00,10.7101,20.2781,20.3470,25.1159,27.6187
64,30000,40,1920,768,451.00,806.00,5.4121,9.7655,0.9990,889.53,1.1242,929.00,11.2419,21.4554,21.5076,26.4551,28.4760
64,30000,40,1920,1536,451.00,806.00,5.4121,9.7655,0.9990,778.14,1.2851,932.00,12.8511,24.6430,24.6719,29.3725,32.1408
64,30000,40,1920,1920,451.00,806.00,5.4121,9.7655,0.9991,748.54,1.3359,927.00,13.3593,25.4094,25.3889,30.5067,32.7105
64,30000,40,1920,2880,451.00,806.00,5.4121,9.7655,0.9992,603.58,1.6568,944.00,16.5677,32.5631,32.0816,40.4999,44.3434
64,30000,40,1920,3840,451.00,806.00,5.4121,9.7655,0.9992,452.25,2.2112,944.00,22.1115,43.4360,43.3619,48.4471,51.7368
64,30000,100,30,6,507.00,812.00,7.5196,11.9761,0.7720,30338.21,0.0330,693.00,0.3296,0.5290,0.5082,0.8614,1.0672
64,30000,100,30,12,507.00,812.00,7.5196,11.9761,0.7913,31525.81,0.0317,694.00,0.3172,0.4826,0.4634,0.7901,0.9982
64,30000,100,30,24,507.00,812.00,7.5196,11.9761,0.7976,30985.00,0.0323,693.00,0.3227,0.4927,0.4711,0.7933,1.0298
64,30000,100,30,30,507.00,812.00,7.5196,11.9761,0.7981,30183.48,0.0331,695.00,0.3313,0.4773,0.4535,0.7784,0.9563
64,30000,100,30,45,507.00,812.00,7.5196,11.9761,0.7984,29316.42,0.0341,695.00,0.3411,0.5330,0.5084,0.8315,1.0032
64,30000,100,30,60,507.00,812.00,7.5196,11.9761,0.7985,29268.49,0.0342,692.00,0.3417,0.5423,0.5222,0.8276,1.0173
64,30000,100,60,12,507.00,812.00,7.5196,11.9761,0.8698,19094.96,0.0524,689.00,0.5237,0.8600,0.8250,1.3478,1.6385
64,30000,100,60,24,507.00,812.00,7.5196,11.9761,0.8827,19273.79,0.0519,709.00,0.5188,0.8656,0.8366,1.3263,1.6821
64,30000,100,60,48,507.00,812.00,7.5196,11.9761,0.8847,18213.54,0.0549,690.00,0.5490,0.8905,0.8558,1.3916,1.7454
64,30000,100,60,60,507.00,812.00,7.5196,11.9761,0.8849,18497.05,0.0541,695.00,0.5406,0.9024,0.8671,1.3868,1.7378
64,30000,100,60,90,507.00,812.00,7.5196,11.9761,0.8850,17822.94,0.0561,703.00,0.5611,0.9391,0.9124,1.4016,1.6778
64,30000,100,60,120,507.00,812.00,7.5196,11.9761,0.8850,16817.23,0.0595,698.00,0.5946,0.9935,0.9617,1.4650,1.8236
64,30000,100,120,24,507.00,812.00,7.5196,11.9761,0.9393,10911.02,0.0917,698.00,0.9165,1.5976,1.5482,2.4130,2.9956
64,30000,100,120,48,507.00,812.00,7.5196,11.9761,0.9449,10891.56,0.0918,695.00,0.9181,1.6183,1.5832,2.3647,2.8295
64,30000,100,120,96,507.00,812.00,7.5196,11.9761,0.9456,10416.18,0.0960,695.00,0.9600,1.6932,1.6586,2.4370,2.9200
64,30000,100,120,120,507.00,812.00,7.5196,11.9761,0.9457,10447.07,0.0957,705.00,0.9572,1.7182,1.6824,2.4717,2.9354
64,30000,100,120,180,507.00,812.00,7.5196,11.9761,0.9457,9734.52,0.1027,695.00,1.0273,1.8228,1.7761,2.5950,3.1078
64,30000,100,120,240,507.00,812.00,7.5196,11.9761,0.9457,9395.15,0.1064,696.00,1.0644,1.9109,1.8788,2.6573,3.1415
64,30000,100,240,48,507.00,812.00,7.5196,11.9761,0.9758,6094.13,0.1641,700.00,1.6409,3.0470,3.0005,4.2274,4.9526
64,30000,100,240,96,507.00,812.00,7.5196,11.9761,0.9783,5813.15,0.1720,701.00,1.7202,3.1700,3.1139,4.4122,5.0966
64,30000,100,240,192,507.00,812.00,7.5196,11.9761,0.9785,5528.69,0.1809,701.00,1.8087,3.2460,3.1653,4.6239,5.6170
64,30000,100,240,240,507.00,812.00,7.5196,11.9761,0.9785,5727.28,0.1746,702.00,1.7460,3.2595,3.1991,4.5007,5.2567
64,30000,100,240,360,507.00,812.00,7.5196,11.9761,0.9785,5350.84,0.1869,702.00,1.8689,3.4985,3.4483,4.7165,5.5204
64,30000,100,240,480,507.00,812.00,7.5196,11.9761,0.9785,5059.22,0.1977,699.00,1.9766,3.7192,3.6719,4.8678,5.5432
64,30000,100,480,96,507.00,812.00,7.5196,11.9761,0.9933,3256.71,0.3071,720.00,3.0706,5.7665,5.7007,7.6877,8.8103
64,30000,100,480,192,507.00,812.00,7.5196,11.9761,0.9941,3148.71,0.3176,724.00,3.1759,5.9020,5.8387,7.8460,8.9380
64,30000,100,480,384,507.00,812.00,7.5196,11.9761,0.9941,2976.42,0.3360,725.00,3.3597,6.2102,6.1737,8.3172,9.5010
64,30000,100,480,480,507.00,812.00,7.5196,11.9761,0.9941,2914.42,0.3431,731.00,3.4312,6.3423,6.2582,8.4060,9.5700
64,30000,100,480,720,507.00,812.00,7.5196,11.9761,0.9941,2698.06,0.3706,728.00,3.7064,7.0514,6.9874,9.0721,10.1423
64,30000,100,480,960,507.00,812.00,7.5196,11.9761,0.9941,2353.60,0.4249,726.00,4.2488,7.8542,7.7386,10.1011,11.4073
64,30000,100,960,192,507.00,812.00,7.5196,11.9761,0.9983,1715.86,0.5828,796.00,5.8280,10.8832,10.7496,14.4382,16.0607
64,30000,100,960,384,507.00,812.00,7.5196,11.9761,0.9984,1665.33,0.6005,797.00,6.0048,11.2810,11.2435,14.5453,16.0423
64,30000,100,960,768,507.00,812.00,7.5196,11.9761,0.9984,1597.50,0.6260,802.00,6.2598,11.9412,11.8958,14.9992,16.5572
64,30000,100,960,960,507.00,812.00,7.5196,11.9761,0.9985,1550.05,0.6451,803.00,6.4514,12.2478,12.1836,15.4283,17.2159
64,30000,100,960,1440,507.00,812.00,7.5196,11.9761,0.9985,1314.56,0.7607,805.00,7.6071,14.3533,14.2734,17.7299,20.0060
64,30000,100,960,1920,507.00,812.00,7.5196,11.9761,0.9985,1124.29,0.8894,792.00,8.8945,16.9846,16.9089,20.2032,21.9284
64,30000,100,1920,384,507.00,812.00,7.5196,11.9761,0.9993,918.22,1.0891,917.00,10.8906,20.5744,20.5975,25.3610,27.1746
64,30000,100,1920,768,507.00,812.00,7.5196,11.9761,0.9993,845.59,1.1826,908.00,11.8261,22.1374,22.1083,27.2525,29.8534
64,30000,100,1920,1536,507.00,812.00,7.5196,11.9761,0.9993,792.67,1.2616,917.00,12.6155,24.3596,24.1515,29.5555,33.4876
64,30000,100,1920,1920,507.00,812.00,7.5196,11.9761,0.9993,742.96,1.3460,906.00,13.4598,25.8754,25.8774,30.6281,32.7534
64,30000,100,1920,2880,507.00,812.00,7.5196,11.9761,0.9993,572.43,1.7469,917.00,17.4694,33.5482,33.5594,38.6070,40.7987
64,30000,100,1920,3840,507.00,812.00,7.5196,11.9761,0.9993,437.93,2.2835,917.00,22.8349,44.3158,44.2688,49.7743,52.8795
64,30000,200,30,6,495.00,810.00,6.2048,9.7533,0.7421,30747.77,0.0325,708.00,0.3252,0.5128,0.4940,0.8363,1.0346
64,30000,200,30,12,495.00,810.00,6.2048,9.7533,0.7803,31475.68,0.0318,712.00,0.3177,0.4777,0.4605,0.7877,0.9904
64,30000,200,30,24,495.00,810.00,6.2048,9.7533,0.7973,32353.95,0.0309,714.00,0.3091,0.4657,0.4475,0.7536,0.9644
64,30000,200,30,30,495.00,810.00,6.2048,9.7533,0.7985,32087.31,0.0312,714.00,0.3116,0.4735,0.4544,0.7691,0.9606
64,30000,200,30,45,495.00,810.00,6.2048,9.7533,0.8002,31154.85,0.0321,711.00,0.3210,0.4751,0.4568,0.7560,0.9396
64,30000,200,30,60,495.00,810.00,6.2048,9.7533,0.8003,30841.55,0.0324,719.00,0.3242,0.4960,0.4732,0.7899,1.0317
64,30000,200,60,12,495.00,810.00,6.2048,9.7533,0.8440,18969.87,0.0527,718.00,0.5272,0.8172,0.7762,1.3318,1.6994
64,30000,200,60,24,495.00,810.00,6.2048,9.7533,0.8767,19258.94,0.0519,714.00,0.5192,0.8589,0.8311,1.3213,1.6950
64,30000,200,60,48,495.00,810.00,6.2048,9.7533,0.8851,19001.19,0.0526,710.00,0.5263,0.8596,0.8321,1.3322,1.7052
64,30000,200,60,60,495.00,810.00,6.2048,9.7533,0.8857,18854.18,0.0530,708.00,0.5304,0.8605,0.8349,1.3340,1.6166
64,30000,200,60,90,495.00,810.00,6.2048,9.7533,0.8861,18956.64,0.0528,709.00,0.5275,0.9077,0.8811,1.3597,1.6707
64,30000,200,60,120,495.00,810.00,6.2048,9.7533,0.8862,18537.16,0.0539,713.00,0.5395,0.9198,0.8955,1.3590,1.6503
64,30000,200,120,24,495.00,810.00,6.2048,9.7533,0.9227,11188.39,0.0894,715.00,0.8938,1.5972,1.5596,2.3391,2.8266
64,30000,200,120,48,495.00,810.00,6.2048,9.7533,0.9419,10907.15,0.0917,716.00,0.9168,1.6199,1.5626,2.4239,2.9714
64,30000,200,120,96,495.00,810.00,6.2048,9.7533,0.9456,10568.10,0.0946,715.00,0.9462,1.6748,1.6333,2.4267,2.8889
64,30000,200,120,120,495.00,810.00,6.2048,9.7533,0.9460,10551.32,0.0948,712.00,0.9477,1.7186,1.6779,2.4817,2.9358
64,30000,200,120,180,495.00,810.00,6.2048,9.7533,0.9463,10338.24,0.0967,717.00,0.9673,1.7550,1.7224,2.4840,2.9272
64,30000,200,120,240,495.00,810.00,6.2048,9.7533,0.9463,10120.32,0.0988,714.00,0.9881,1.8021,1.7675,2.5457,3.0466
64,30000,200,240,48,495.00,810.00,6.2048,9.7533,0.9683,6046.31,0.1654,716.00,1.6539,3.0402,2.9879,4.3028,5.0154
64,30000,200,240,96,495.00,810.00,6.2048,9.7533,0.9772,5965.35,0.1676,719.00,1.6763,3.0674,3.0233,4.2850,4.9830
64,30000,200,240,192,495.00,810.00,6.2048,9.7533,0.9791,5798.00,0.1725,731.00,1.7247,3.1493,3.1032,4.3772,5.1061
64,30000,200,240,240,495.00,810.00,6.2048,9.7533,0.9792,5688.77,0.1758,730.00,1.7578,3.2041,3.1361,4.4955,5.3890
64,30000,200,240,360,495.00,810.00,6.2048,9.7533,0.9792,5411.69,0.1848,723.00,1.8479,3.4109,3.3591,4.6845,5.5238
64,30000,200,240,480,495.00,810.00,6.2048,9.7533,0.9792,5099.93,0.1961,721.00,1.9608,3.6017,3.5538,4.8491,5.6092
64,30000,200,480,96,495.00,810.00,6.2048,9.7533,0.9896,3238.70,0.3088,748.00,3.0877,5.6368,5.5211,7.9317,9.5854
64,30000,200,480,192,495.00,810.00,6.2048,9.7533,0.9935,3168.06,0.3157,750.00,3.1565,5.7795,5.6879,7.9194,9.2926
64,30000,200,480,384,495.00,810.00,6.2048,9.7533,0.9940,3034.31,0.3296,749.00,3.2956,6.1312,6.0641,8.1009,9.1531
64,30000,200,480,480,495.00,810.00,6.2048,9.7533,0.9940,2960.16,0.3378,743.00,3.3782,6.2593,6.2024,8.3423,9.3891
64,30000,200,480,720,495.00,810.00,6.2048,9.7533,0.9940,2840.72,0.3520,762.00,3.5202,6.7394,6.6481,8.8329,10.0019
64,30000,200,480,960,495.00,810.00,6.2048,9.7533,0.9940,2522.22,0.3965,761.00,3.9648,7.5313,7.4794,9.5410,10.6158
64,30000,200,960,192,495.00,810.00,6.2048,9.7533,0.9973,1739.60,0.5748,813.00,5.7484,10.7696,10.7197,13.9628,15.4826
64,30000,200,960,384,495.00,810.00,6.2048,9.7533,0.9982,1673.21,0.5977,806.00,5.9765,11.2738,11.1977,14.4827,16.0412
64,30000,200,960,768,495.00,810.00,6.2048,9.7533,0.9984,1585.37,0.6308,820.00,6.3077,11.9794,11.9124,15.1539,16.7138
64,30000,200,960,960,495.00,810.00,6.2048,9.7533,0.9984,1545.68,0.6470,825.00,6.4697,12.2366,12.1856,15.5338,17.0106
64,30000,200,960,1440,495.00,810.00,6.2048,9.7533,0.9984,1340.90,0.7458,834.00,7.4577,14.2144,14.2023,17.3149,18.9444
64,30000,200,960,1920,495.00,810.00,6.2048,9.7533,0.9984,1168.14,0.8561,834.00,8.5606,16.6185,16.5505,19.7425,21.4726
64,30000,200,1920,384,495.00,810.00,6.2048,9.7533,0.9990,931.71,1.0733,926.00,10.7330,20.1156,20.0718,25.4976,27.8251
64,30000,200,1920,768,495.00,810.00,6.2048,9.7533,0.9992,867.27,1.1530,951.00,11.5305,21.8326,21.9127,26.6864,28.7927
64,30000,200,1920,1536,495.00,810.00,6.2048,9.7533,0.9993,791.26,1.2638,952.00,12.6381,24.4097,24.4337,29.2248,31.7057
64,30000,200,1920,1920,495.00,810.00,6.2048,9.7533,0.9993,766.40,1.3048,938.00,13.0480,25.1204,25.0752,29.9286,32.3494
64,30000,200,1920,2880,495.00,810.00,6.2048,9.7533,0.9993,594.62,1.6817,959.00,16.8175,32.3555,32.2619,37.7009,40.6774
64,30000,200,1920,3840,495.00,810.00,6.2048,9.7533,0.9993,453.20,2.2065,960.00,22.0652,42.9879,43.0594,47.8691,49.7563
