M,nlist,efconstruction,nprobe,efsearch,training_memory_mb,add_memory_mb,training_time_s,total_time_s,recall,qps,mspq,search_memory_mb,search_time_s,mean_latency_ms,p50_latency_ms,p95_latency_ms,p99_latency_ms
8,1000,40,1,1,61.00,746.00,0.5365,2.5312,0.3054,43990.94,0.0227,534.00,0.2273,0.2814,0.2309,0.6558,1.0204
8,1000,40,1,1,61.00,746.00,0.5365,2.5312,0.3054,46503.78,0.0215,537.00,0.2150,0.2628,0.2107,0.6308,0.9750
8,1000,40,1,1,61.00,746.00,0.5365,2.5312,0.3054,46533.75,0.0215,533.00,0.2149,0.2473,0.1998,0.5955,0.9251
8,1000,40,1,1,61.00,746.00,0.5365,2.5312,0.3054,49169.83,0.0203,536.00,0.2034,0.2402,0.1939,0.5668,0.8547
8,1000,40,1,1,61.00,746.00,0.5365,2.5312,0.3054,49969.26,0.0200,537.00,0.2001,0.2422,0.1951,0.5701,0.8950
8,1000,40,1,2,61.00,746.00,0.5365,2.5312,0.3554,49168.00,0.0203,540.00,0.2034,0.2481,0.2002,0.5866,0.9137
8,1000,40,2,1,61.00,746.00,0.5365,2.5312,0.4113,28645.18,0.0349,539.00,0.3491,0.4725,0.4045,1.0041,1.4817
8,1000,40,2,1,61.00,746.00,0.5365,2.5312,0.4113,31192.97,0.0321,547.00,0.3206,0.4623,0.3946,0.9785,1.5448
8,1000,40,2,1,61.00,746.00,0.5365,2.5312,0.4113,31443.72,0.0318,540.00,0.3180,0.4371,0.3824,0.8959,1.4633
8,1000,40,2,2,61.00,746.00,0.5365,2.5312,0.4863,31378.01,0.0319,541.00,0.3187,0.4448,0.3881,0.9359,1.4473
8,1000,40,2,3,61.00,746.00,0.5365,2.5312,0.5174,30483.51,0.0328,543.00,0.3280,0.4399,0.3816,0.8955,1.5489
8,1000,40,2,4,61.00,746.00,0.5365,2.5312,0.5326,29883.52,0.0335,543.00,0.3346,0.4407,0.3845,0.8990,1.4456
8,1000,40,4,1,61.00,746.00,0.5365,2.5312,0.4937,18475.87,0.0541,542.00,0.5412,0.8607,0.7670,1.6105,2.7459
8,1000,40,4,1,61.00,746.00,0.5365,2.5312,0.4937,18635.30,0.0537,539.00,0.5366,0.8647,0.7773,1.6362,2.4855
8,1000,40,4,3,61.00,746.00,0.5365,2.5312,0.6470,18037.96,0.0554,540.00,0.5544,0.8669,0.7703,1.6567,2.7631
8,1000,40,4,4,61.00,746.00,0.5365,2.5312,0.6706,18908.39,0.0529,541.00,0.5289,0.8692,0.7733,1.6541,2.3795
8,1000,40,4,6,61.00,746.00,0.5365,2.5312,0.6919,18428.46,0.0543,540.00,0.5426,0.8549,0.7576,1.6126,2.5275
8,1000,40,4,8,61.00,746.00,0.5365,2.5312,0.7008,19261.21,0.0519,543.00,0.5192,0.8286,0.7342,1.6399,2.4070
8,1000,40,8,1,61.00,746.00,0.5365,2.5312,0.5361,10381.68,0.0963,548.00,0.9632,1.6335,1.4835,2.7966,4.7806
8,1000,40,8,3,61.00,746.00,0.5365,2.5312,0.7356,9814.30,0.1019,544.00,1.0189,1.7174,1.5499,2.8634,5.3338
8,1000,40,8,6,61.00,746.00,0.5365,2.5312,0.8035,9937.19,0.1006,543.00,1.0063,1.7009,1.5401,2.8476,5.1159
8,1000,40,8,8,61.00,746.00,0.5365,2.5312,0.8186,10188.27,0.0982,542.00,0.9815,1.6814,1.5141,2.8257,5.1869
8,1000,40,8,12,61.00,746.00,0.5365,2.5312,0.8303,10194.04,0.0981,548.00,0.9810,1.6822,1.5190,2.8258,4.8254
8,1000,40,8,16,61.00,746.00,0.5365,2.5312,0.8346,10227.99,0.0978,539.00,0.9777,1.6681,1.5080,2.8326,4.9345
8,1000,40,16,3,61.00,746.00,0.5365,2.5312,0.7773,5372.59,0.1861,545.00,1.8613,3.2983,3.0498,5.0092,10.0118
8,1000,40,16,6,61.00,746.00,0.5365,2.5312,0.8693,5462.47,0.1831,549.00,1.8307,3.3082,3.0426,5.0802,9.8469
8,1000,40,16,12,61.00,746.00,0.5365,2.5312,0.9130,5503.38,0.1817,546.00,1.8171,3.3331,3.0944,5.1397,8.9810
8,1000,40,16,16,61.00,746.00,0.5365,2.5312,0.9210,5326.59,0.1877,550.00,1.8774,3.3871,3.1193,5.1211,10.2064
8,1000,40,16,24,61.00,746.00,0.5365,2.5312,0.9265,5284.51,0.1892,546.00,1.8923,3.3802,3.1081,5.1631,10.6144
8,1000,40,16,32,61.00,746.00,0.5365,2.5312,0.9275,5282.73,0.1893,541.00,1.8930,3.3714,3.1037,5.1348,10.3684
8,1000,40,32,6,61.00,746.00,0.5365,2.5312,0.8913,2803.53,0.3567,547.00,3.5669,6.6641,6.3320,9.4642,16.9452
8,1000,40,32,12,61.00,746.00,0.5365,2.5312,0.9497,2744.04,0.3644,546.00,3.6443,6.6573,6.2511,9.3035,22.1584
8,1000,40,32,25,61.00,746.00,0.5365,2.5312,0.9731,2763.82,0.3618,538.00,3.6182,6.5360,6.1462,9.1686,21.0987
8,1000,40,32,32,61.00,746.00,0.5365,2.5312,0.9752,2843.58,0.3517,539.00,3.5167,6.6017,6.2253,9.3226,16.8978
8,1000,40,32,48,61.00,746.00,0.5365,2.5312,0.9763,2806.00,0.3564,540.00,3.5638,6.4964,6.1207,9.0560,20.0015
8,1000,40,32,64,61.00,746.00,0.5365,2.5312,0.9765,2808.28,0.3561,543.00,3.5609,6.5073,6.0810,9.0713,21.3359
8,1000,40,64,12,61.00,746.00,0.5365,2.5312,0.9581,1523.25,0.6565,552.00,6.5649,12.2085,11.7301,15.6512,36.7413
8,1000,40,64,25,61.00,746.00,0.5365,2.5312,0.9884,1488.32,0.6719,540.00,6.7190,12.4986,11.9645,16.0687,40.0217
8,1000,40,64,51,61.00,746.00,0.5365,2.5312,0.9942,1460.65,0.6846,543.00,6.8463,12.6764,12.1109,16.3824,43.1148
8,1000,40,64,64,61.00,746.00,0.5365,2.5312,0.9946,1481.82,0.6748,552.00,6.7485,12.5493,11.9899,16.4280,37.8295
8,1000,40,64,96,61.00,746.00,0.5365,2.5312,0.9948,1468.01,0.6812,542.00,6.8119,12.6583,12.1009,16.5004,36.8967
8,1000,40,64,128,61.00,746.00,0.5365,2.5312,0.9949,1492.96,0.6698,546.00,6.6981,12.6909,12.0972,16.6821,36.2552
8,1000,100,1,1,91.00,768.00,0.5362,2.4437,0.3100,45800.59,0.0218,544.00,0.2183,0.2728,0.2307,0.6144,0.9252
8,1000,100,1,1,91.00,768.00,0.5362,2.4437,0.3100,46164.76,0.0217,547.00,0.2166,0.2444,0.2017,0.5560,0.9020
8,1000,100,1,1,91.00,768.00,0.5362,2.4437,0.3100,48145.12,0.0208,545.00,0.2077,0.2354,0.1960,0.5287,0.8528
8,1000,100,1,1,91.00,768.00,0.5362,2.4437,0.3100,46727.88,0.0214,543.00,0.2140,0.2350,0.1915,0.5483,0.8941
8,1000,100,1,1,91.00,768.00,0.5362,2.4437,0.3100,48902.94,0.0204,545.00,0.2045,0.2198,0.1791,0.5023,0.8109
8,1000,100,1,2,91.00,768.00,0.5362,2.4437,0.3571,47806.85,0.0209,548.00,0.2092,0.2264,0.1849,0.5257,0.8556
8,1000,100,2,1,91.00,768.00,0.5362,2.4437,0.4171,29037.64,0.0344,549.00,0.3444,0.4684,0.4086,0.9827,1.4794
8,1000,100,2,1,91.00,768.00,0.5362,2.4437,0.4171,29286.03,0.0341,548.00,0.3415,0.4937,0.4234,1.0524,1.6642
8,1000,100,2,1,91.00,768.00,0.5362,2.4437,0.4171,29877.12,0.0335,549.00,0.3347,0.4529,0.3862,0.9757,1.5558
8,1000,100,2,2,91.00,768.00,0.5362,2.4437,0.4891,29333.71,0.0341,549.00,0.3409,0.4706,0.4048,0.9873,1.5631
8,1000,100,2,3,91.00,768.00,0.5362,2.4437,0.5196,28200.28,0.0355,553.00,0.3546,0.4807,0.4121,1.0430,1.5927
8,1000,100,2,4,91.00,768.00,0.5362,2.4437,0.5346,30633.76,0.0326,550.00,0.3264,0.4636,0.4017,0.9691,1.4449
8,1000,100,4,1,91.00,768.00,0.5362,2.4437,0.4966,18369.81,0.0544,547.00,0.5444,0.8972,0.7998,1.7084,2.5147
8,1000,100,4,1,91.00,768.00,0.5362,2.4437,0.4966,17918.14,0.0558,549.00,0.5581,0.9074,0.8133,1.7052,2.4765
8,1000,100,4,3,91.00,768.00,0.5362,2.4437,0.6468,17416.67,0.0574,551.00,0.5742,0.9144,0.8223,1.7233,2.5814
8,1000,100,4,4,91.00,768.00,0.5362,2.4437,0.6706,17623.39,0.0567,550.00,0.5674,0.9143,0.8161,1.6875,2.7508
8,1000,100,4,6,91.00,768.00,0.5362,2.4437,0.6918,16636.17,0.0601,552.00,0.6011,0.9296,0.8483,1.7432,2.4945
8,1000,100,4,8,91.00,768.00,0.5362,2.4437,0.7004,17432.34,0.0574,549.00,0.5736,0.9123,0.8288,1.7347,2.4705
8,1000,100,8,1,91.00,768.00,0.5362,2.4437,0.5401,9677.86,0.1033,551.00,1.0333,1.7302,1.5731,3.0506,4.9903
8,1000,100,8,3,91.00,768.00,0.5362,2.4437,0.7365,9855.02,0.1015,553.00,1.0147,1.7263,1.5602,3.0380,4.9047
8,1000,100,8,6,91.00,768.00,0.5362,2.4437,0.8057,9951.47,0.1005,554.00,1.0049,1.7097,1.5368,2.9389,5.0731
8,1000,100,8,8,91.00,768.00,0.5362,2.4437,0.8204,10021.57,0.0998,552.00,0.9978,1.7431,1.5824,2.9642,4.5730
8,1000,100,8,12,91.00,768.00,0.5362,2.4437,0.8333,10212.39,0.0979,554.00,0.9792,1.6810,1.5160,2.8650,5.0292
8,1000,100,8,16,91.00,768.00,0.5362,2.4437,0.8371,9873.26,0.1013,550.00,1.0128,1.7225,1.5550,2.9334,5.0150
8,1000,100,16,3,91.00,768.00,0.5362,2.4437,0.7785,5463.09,0.1830,549.00,1.8305,3.3013,3.0591,5.0130,9.7458
8,1000,100,16,6,91.00,768.00,0.5362,2.4437,0.8709,5388.68,0.1856,560.00,1.8557,3.3231,3.0792,5.0993,8.4747
8,1000,100,16,12,91.00,768.00,0.5362,2.4437,0.9150,5315.66,0.1881,547.00,1.8812,3.3451,3.0748,5.1527,10.1791
8,1000,100,16,16,91.00,768.00,0.5362,2.4437,0.9219,5254.56,0.1903,560.00,1.9031,3.3825,3.1264,5.1875,9.6301
8,1000,100,16,24,91.00,768.00,0.5362,2.4437,0.9263,5380.63,0.1859,559.00,1.8585,3.3402,3.0826,5.1139,10.0285
8,1000,100,16,32,91.00,768.00,0.5362,2.4437,0.9275,5411.34,0.1848,557.00,1.8480,3.2747,3.0110,5.0544,9.7713
8,1000,100,32,6,91.00,768.00,0.5362,2.4437,0.8934,2993.51,0.3341,559.00,3.3406,6.2579,5.9188,8.6810,18.5300
8,1000,100,32,12,91.00,768.00,0.5362,2.4437,0.9527,2932.91,0.3410,556.00,3.4096,6.3386,5.9769,8.9389,14.1459
8,1000,100,32,25,91.00,768.00,0.5362,2.4437,0.9732,2968.83,0.3368,554.00,3.3683,6.4197,6.0104,8.8688,18.5833
8,1000,100,32,32,91.00,768.00,0.5362,2.4437,0.9753,2935.70,0.3406,553.00,3.4063,6.3305,5.9715,8.9131,15.0411
8,1000,100,32,48,91.00,768.00,0.5362,2.4437,0.9762,2998.83,0.3335,552.00,3.3346,6.3887,5.9855,8.7479,19.2654
8,1000,100,32,64,91.00,768.00,0.5362,2.4437,0.9763,2960.38,0.3378,550.00,3.3779,6.4391,6.0380,8.9209,19.5230
8,1000,100,64,12,91.00,768.00,0.5362,2.4437,0.9611,1577.81,0.6338,561.00,6.3379,12.1289,11.6575,15.5666,24.7095
8,1000,100,64,25,91.00,768.00,0.5362,2.4437,0.9891,1577.73,0.6338,555.00,6.3382,12.4027,11.7815,15.2675,40.7050
8,1000,100,64,51,91.00,768.00,0.5362,2.4437,0.9949,1539.30,0.6496,556.00,6.4965,12.3619,11.8597,16.9043,23.8625
8,1000,100,64,64,91.00,768.00,0.5362,2.4437,0.9952,1537.41,0.6504,556.00,6.5044,12.3430,11.8649,16.7750,23.0641
8,1000,100,64,96,91.00,768.00,0.5362,2.4437,0.9955,1541.56,0.6487,559.00,6.4869,12.4324,11.8412,15.7394,40.0553
8,1000,100,64,128,91.00,768.00,0.5362,2.4437,0.9954,1509.54,0.6625,562.00,6.6245,12.3586,11.8994,15.8883,39.0450
8,1000,200,1,1,104.00,760.00,0.5646,2.4779,0.3072,45738.21,0.0219,554.00,0.2186,0.2704,0.2284,0.6159,0.9736
8,1000,200,1,1,104.00,760.00,0.5646,2.4779,0.3072,46517.36,0.0215,551.00,0.2150,0.2491,0.2038,0.5800,0.9246
8,1000,200,1,1,104.00,760.00,0.5646,2.4779,0.3072,47195.10,0.0212,555.00,0.2119,0.2399,0.1990,0.5515,0.8619
8,1000,200,1,1,104.00,760.00,0.5646,2.4779,0.3072,46410.03,0.0215,554.00,0.2155,0.2355,0.1929,0.5402,0.8910
8,1000,200,1,1,104.00,760.00,0.5646,2.4779,0.3072,49784.22,0.0201,557.00,0.2009,0.2181,0.1778,0.4989,0.7951
8,1000,200,1,2,104.00,760.00,0.5646,2.4779,0.3590,50198.53,0.0199,558.00,0.1992,0.2253,0.1834,0.5184,0.8038
8,1000,200,2,1,104.00,760.00,0.5646,2.4779,0.4140,31114.51,0.0321,557.00,0.3214,0.4685,0.4133,0.9255,1.5204
8,1000,200,2,1,104.00,760.00,0.5646,2.4779,0.4140,31738.58,0.0315,554.00,0.3151,0.4619,0.4063,0.9485,1.4850
8,1000,200,2,1,104.00,760.00,0.5646,2.4779,0.4140,30930.89,0.0323,555.00,0.3233,0.4503,0.3927,0.9367,1.5047
8,1000,200,2,2,104.00,760.00,0.5646,2.4779,0.4919,31160.39,0.0321,559.00,0.3209,0.4503,0.3903,0.9283,1.4541
8,1000,200,2,3,104.00,760.00,0.5646,2.4779,0.5210,32319.66,0.0309,560.00,0.3094,0.4588,0.4065,0.9006,1.4936
8,1000,200,2,4,104.00,760.00,0.5646,2.4779,0.5346,31102.41,0.0322,560.00,0.3215,0.4556,0.3943,0.9610,1.4727
8,1000,200,4,1,104.00,760.00,0.5646,2.4779,0.4946,18395.87,0.0544,554.00,0.5436,0.8780,0.7878,1.6467,2.5450
8,1000,200,4,1,104.00,760.00,0.5646,2.4779,0.4946,19179.46,0.0521,557.00,0.5214,0.8681,0.7708,1.6222,2.7334
8,1000,200,4,3,104.00,760.00,0.5646,2.4779,0.6500,18784.63,0.0532,566.00,0.5324,0.8645,0.7709,1.6808,2.5361
8,1000,200,4,4,104.00,760.00,0.5646,2.4779,0.6720,19083.43,0.0524,560.00,0.5240,0.8498,0.7546,1.6351,2.5982
8,1000,200,4,6,104.00,760.00,0.5646,2.4779,0.6935,18243.99,0.0548,563.00,0.5481,0.8780,0.7821,1.6495,2.6568
8,1000,200,4,8,104.00,760.00,0.5646,2.4779,0.7025,18673.42,0.0536,560.00,0.5355,0.8373,0.7445,1.5724,2.6218
8,1000,200,8,1,104.00,760.00,0.5646,2.4779,0.5374,10418.61,0.0960,556.00,0.9598,1.6359,1.4873,2.7873,4.7196
8,1000,200,8,3,104.00,760.00,0.5646,2.4779,0.7393,10704.49,0.0934,567.00,0.9342,1.6799,1.5264,2.7837,4.7021
8,1000,200,8,6,104.00,760.00,0.5646,2.4779,0.8075,10592.97,0.0944,560.00,0.9440,1.6697,1.5171,2.8175,4.6960
8,1000,200,8,8,104.00,760.00,0.5646,2.4779,0.8220,10756.70,0.0930,557.00,0.9297,1.6589,1.5061,2.8333,4.5357
8,1000,200,8,12,104.00,760.00,0.5646,2.4779,0.8328,10384.82,0.0963,562.00,0.9629,1.6555,1.5033,2.8284,4.6065
8,1000,200,8,16,104.00,760.00,0.5646,2.4779,0.8365,10540.15,0.0949,567.00,0.9488,1.6490,1.5051,2.7589,4.7192
8,1000,200,16,3,104.00,760.00,0.5646,2.4779,0.7811,5606.34,0.1784,559.00,1.7837,3.2913,3.0472,4.9707,9.4840
8,1000,200,16,6,104.00,760.00,0.5646,2.4779,0.8728,5583.68,0.1791,564.00,1.7909,3.3129,3.0483,5.0640,9.3518
8,1000,200,16,12,104.00,760.00,0.5646,2.4779,0.9154,5662.00,0.1766,564.00,1.7662,3.2798,3.0381,5.0441,8.9784
8,1000,200,16,16,104.00,760.00,0.5646,2.4779,0.9228,5818.46,0.1719,555.00,1.7187,3.2309,2.9633,4.9101,10.0752
8,1000,200,16,24,104.00,760.00,0.5646,2.4779,0.9277,5705.27,0.1753,566.00,1.7528,3.2305,2.9664,4.9390,9.8463
8,1000,200,16,32,104.00,760.00,0.5646,2.4779,0.9289,5775.75,0.1731,556.00,1.7314,3.2473,2.9752,4.9252,9.9241
8,1000,200,32,6,104.00,760.00,0.5646,2.4779,0.8943,3042.35,0.3287,560.00,3.2869,6.2767,5.9556,8.9539,12.8357
8,1000,200,32,12,104.00,760.00,0.5646,2.4779,0.9517,3040.99,0.3288,558.00,3.2884,6.3487,5.9560,8.5254,20.1536
8,1000,200,32,25,104.00,760.00,0.5646,2.4779,0.9738,2966.74,0.3371,565.00,3.3707,6.2977,5.9532,8.7473,18.1759
8,1000,200,32,32,104.00,760.00,0.5646,2.4779,0.9756,3011.57,0.3321,567.00,3.3205,6.3794,5.9810,8.7461,18.8893
8,1000,200,32,48,104.00,760.00,0.5646,2.4779,0.9767,3023.57,0.3307,567.00,3.3073,6.3407,5.9913,9.1050,13.2130
8,1000,200,32,64,104.00,760.00,0.5646,2.4779,0.9768,2990.80,0.3344,559.00,3.3436,6.3387,5.9905,9.1852,13.2761
8,1000,200,64,12,104.00,760.00,0.5646,2.4779,0.9603,1600.89,0.6247,568.00,6.2465,12.1797,11.6267,14.5672,42.3774
8,1000,200,64,25,104.00,760.00,0.5646,2.4779,0.9897,1539.64,0.6495,568.00,6.4950,12.5572,11.9879,15.8566,39.3349
8,1000,200,64,51,104.00,760.00,0.5646,2.4779,0.9951,1496.59,0.6682,561.00,6.6818,12.7420,12.1684,16.6046,37.0507
8,1000,200,64,64,104.00,760.00,0.5646,2.4779,0.9954,1503.15,0.6653,568.00,6.6527,12.4718,11.9859,16.4596,23.3268
8,1000,200,64,96,104.00,760.00,0.5646,2.4779,0.9955,1507.26,0.6635,560.00,6.6346,12.3956,11.8558,16.2124,27.2773
8,1000,200,64,128,104.00,760.00,0.5646,2.4779,0.9955,1460.74,0.6846,559.00,6.8459,12.6710,12.1015,16.3039,41.4741
8,2000,40,2,1,104.00,750.00,0.6086,2.5792,0.3638,43551.47,0.0230,534.00,0.2296,0.2864,0.2456,0.6267,0.9389
8,2000,40,2,1,104.00,750.00,0.6086,2.5792,0.3638,44328.50,0.0226,535.00,0.2256,0.2688,0.2303,0.5823,0.8769
8,2000,40,2,1,104.00,750.00,0.6086,2.5792,0.3638,47840.42,0.0209,534.00,0.2090,0.2568,0.2194,0.5606,0.8647
8,2000,40,2,2,104.00,750.00,0.6086,2.5792,0.4318,45412.24,0.0220,538.00,0.2202,0.2447,0.2045,0.5386,0.8616
8,2000,40,2,3,104.00,750.00,0.6086,2.5792,0.4601,46873.44,0.0213,539.00,0.2133,0.2437,0.2079,0.5231,0.8534
8,2000,40,2,4,104.00,750.00,0.6086,2.5792,0.4746,46133.79,0.0217,538.00,0.2168,0.2314,0.1945,0.5155,0.8174
8,2000,40,4,1,104.00,750.00,0.6086,2.5792,0.4397,30656.43,0.0326,537.00,0.3262,0.4812,0.4353,0.9192,1.3873
8,2000,40,4,1,104.00,750.00,0.6086,2.5792,0.4397,29325.73,0.0341,535.00,0.3410,0.4519,0.3990,0.9084,1.4608
8,2000,40,4,3,104.00,750.00,0.6086,2.5792,0.5808,29562.06,0.0338,546.00,0.3383,0.4719,0.4205,0.9359,1.4033
8,2000,40,4,4,104.00,750.00,0.6086,2.5792,0.6033,28925.59,0.0346,542.00,0.3457,0.4729,0.4173,0.9393,1.5535
8,2000,40,4,6,104.00,750.00,0.6086,2.5792,0.6261,28877.73,0.0346,543.00,0.3463,0.4865,0.4326,0.9542,1.3923
8,2000,40,4,8,104.00,750.00,0.6086,2.5792,0.6359,28903.23,0.0346,542.00,0.3460,0.4755,0.4217,0.9338,1.4215
8,2000,40,8,1,104.00,750.00,0.6086,2.5792,0.4825,17920.22,0.0558,544.00,0.5580,0.8985,0.8183,1.6098,2.4964
8,2000,40,8,3,104.00,750.00,0.6086,2.5792,0.6713,17956.58,0.0557,540.00,0.5569,0.8965,0.8130,1.5894,2.5630
8,2000,40,8,6,104.00,750.00,0.6086,2.5792,0.7418,18697.49,0.0535,542.00,0.5348,0.8911,0.7981,1.6411,2.6736
8,2000,40,8,8,104.00,750.00,0.6086,2.5792,0.7589,18815.12,0.0531,544.00,0.5315,0.8900,0.8006,1.6361,2.3451
8,2000,40,8,12,104.00,750.00,0.6086,2.5792,0.7727,18883.53,0.0530,542.00,0.5296,0.8805,0.7952,1.5773,2.6283
8,2000,40,8,16,104.00,750.00,0.6086,2.5792,0.7781,17937.10,0.0558,543.00,0.5575,0.9223,0.8372,1.6714,2.4669
8,2000,40,16,3,104.00,750.00,0.6086,2.5792,0.7185,10418.17,0.0960,549.00,0.9599,1.7384,1.5921,2.8125,5.0883
8,2000,40,16,6,104.00,750.00,0.6086,2.5792,0.8152,10297.39,0.0971,542.00,0.9711,1.7507,1.5952,2.9106,5.0612
8,2000,40,16,12,104.00,750.00,0.6086,2.5792,0.8659,10020.77,0.0998,543.00,0.9979,1.7464,1.6089,2.8417,4.3225
8,2000,40,16,16,104.00,750.00,0.6086,2.5792,0.8757,10053.51,0.0995,540.00,0.9947,1.7432,1.5911,2.8750,4.9713
8,2000,40,16,24,104.00,750.00,0.6086,2.5792,0.8820,10425.24,0.0959,539.00,0.9592,1.7220,1.5853,2.8148,4.2587
8,2000,40,16,32,104.00,750.00,0.6086,2.5792,0.8840,10458.46,0.0956,549.00,0.9562,1.7372,1.5796,2.9040,4.7605
8,2000,40,32,6,104.00,750.00,0.6086,2.5792,0.8434,5564.60,0.1797,548.00,1.7971,3.4013,3.1534,4.9572,10.2097
8,2000,40,32,12,104.00,750.00,0.6086,2.5792,0.9140,5523.79,0.1810,542.00,1.8104,3.4157,3.1753,4.9724,9.7735
8,2000,40,32,25,104.00,750.00,0.6086,2.5792,0.9441,5417.08,0.1846,542.00,1.8460,3.4342,3.1918,5.0500,9.8370
8,2000,40,32,32,104.00,750.00,0.6086,2.5792,0.9478,5315.38,0.1881,549.00,1.8813,3.5067,3.2904,5.2433,9.8355
8,2000,40,32,48,104.00,750.00,0.6086,2.5792,0.9506,5319.60,0.1880,547.00,1.8798,3.4747,3.2571,5.1847,9.3334
8,2000,40,32,64,104.00,750.00,0.6086,2.5792,0.9514,5313.91,0.1882,547.00,1.8819,3.3830,3.1733,5.0596,10.0645
8,2000,40,64,12,104.00,750.00,0.6086,2.5792,0.9281,2896.19,0.3453,546.00,3.4528,6.5878,6.2652,8.7961,18.6126
8,2000,40,64,25,104.00,750.00,0.6086,2.5792,0.9701,2881.60,0.3470,550.00,3.4703,6.6831,6.2891,8.8853,20.4635
8,2000,40,64,51,104.00,750.00,0.6086,2.5792,0.9822,2791.33,0.3583,546.00,3.5825,6.6216,6.3001,9.1163,13.6049
8,2000,40,64,64,104.00,750.00,0.6086,2.5792,0.9831,2813.39,0.3554,542.00,3.5544,6.7361,6.3802,9.1869,19.1056
8,2000,40,64,96,104.00,750.00,0.6086,2.5792,0.9840,2816.31,0.3551,551.00,3.5507,6.7597,6.3947,9.2118,18.6977
8,2000,40,64,128,104.00,750.00,0.6086,2.5792,0.9842,2789.56,0.3585,548.00,3.5848,6.6408,6.3138,9.1335,15.7412
8,2000,40,128,25,104.00,750.00,0.6086,2.5792,0.9757,1505.41,0.6643,549.00,6.6427,12.5451,12.0918,16.7879,23.9936
8,2000,40,128,51,104.00,750.00,0.6086,2.5792,0.9917,1480.74,0.6753,557.00,6.7534,13.0115,12.5006,16.3983,39.2830
8,2000,40,128,102,104.00,750.00,0.6086,2.5792,0.9950,1450.56,0.6894,551.00,6.8939,13.1522,12.6164,16.7105,39.3417
8,2000,40,128,128,104.00,750.00,0.6086,2.5792,0.9953,1447.08,0.6910,555.00,6.9104,12.8695,12.4316,16.4885,40.9040
8,2000,40,128,192,104.00,750.00,0.6086,2.5792,0.9954,1478.43,0.6764,549.00,6.7639,12.8731,12.3739,16.4077,34.5811
8,2000,40,128,256,104.00,750.00,0.6086,2.5792,0.9955,1464.88,0.6826,545.00,6.8265,13.1265,12.6099,16.6600,38.8404
8,2000,100,2,1,90.00,749.00,0.6737,2.6821,0.3673,42444.03,0.0236,572.00,0.2356,0.2875,0.2484,0.6203,0.9210
8,2000,100,2,1,90.00,749.00,0.6737,2.6821,0.3673,46599.40,0.0215,573.00,0.2146,0.2627,0.2259,0.5678,0.8673
8,2000,100,2,1,90.00,749.00,0.6737,2.6821,0.3673,46206.01,0.0216,571.00,0.2164,0.2511,0.2149,0.5450,0.8258
8,2000,100,2,2,90.00,749.00,0.6737,2.6821,0.4380,45475.57,0.0220,576.00,0.2199,0.2447,0.2039,0.5397,0.8638
8,2000,100,2,3,90.00,749.00,0.6737,2.6821,0.4656,48392.76,0.0207,574.00,0.2066,0.2501,0.2127,0.5523,0.8720
8,2000,100,2,4,90.00,749.00,0.6737,2.6821,0.4793,47926.03,0.0209,577.00,0.2087,0.2389,0.2002,0.5149,0.8361
8,2000,100,4,1,90.00,749.00,0.6737,2.6821,0.4461,30130.96,0.0332,573.00,0.3319,0.4668,0.4130,0.9224,1.5909
8,2000,100,4,1,90.00,749.00,0.6737,2.6821,0.4461,29745.53,0.0336,570.00,0.3362,0.4688,0.4177,0.9122,1.4449
8,2000,100,4,3,90.00,749.00,0.6737,2.6821,0.5881,29215.35,0.0342,576.00,0.3423,0.4849,0.4297,0.9616,1.5696
8,2000,100,4,4,90.00,749.00,0.6737,2.6821,0.6106,29758.99,0.0336,578.00,0.3360,0.4664,0.4137,0.9104,1.4655
8,2000,100,4,6,90.00,749.00,0.6737,2.6821,0.6334,29294.42,0.0341,575.00,0.3414,0.4612,0.4077,0.9306,1.4496
8,2000,100,4,8,90.00,749.00,0.6737,2.6821,0.6429,31407.05,0.0318,575.00,0.3184,0.4510,0.3960,0.9372,1.3978
8,2000,100,8,1,90.00,749.00,0.6737,2.6821,0.4903,18156.74,0.0551,573.00,0.5508,0.9100,0.8179,1.6338,2.5450
8,2000,100,8,3,90.00,749.00,0.6737,2.6821,0.6799,17530.53,0.0570,575.00,0.5704,0.9467,0.8598,1.6905,2.5456
8,2000,100,8,6,90.00,749.00,0.6737,2.6821,0.7489,17474.33,0.0572,577.00,0.5723,0.9200,0.8254,1.6749,2.7152
8,2000,100,8,8,90.00,749.00,0.6737,2.6821,0.7645,17246.17,0.0580,573.00,0.5798,0.9317,0.8329,1.7377,2.6918
8,2000,100,8,12,90.00,749.00,0.6737,2.6821,0.7772,17036.58,0.0587,577.00,0.5870,0.9361,0.8493,1.7286,2.6119
8,2000,100,8,16,90.00,749.00,0.6737,2.6821,0.7817,17006.82,0.0588,575.00,0.5880,0.9321,0.8372,1.6859,2.7112
8,2000,100,16,3,90.00,749.00,0.6737,2.6821,0.7278,9636.98,0.1038,577.00,1.0377,1.8168,1.6816,2.9541,4.3993
8,2000,100,16,6,90.00,749.00,0.6737,2.6821,0.8232,9916.69,0.1008,574.00,1.0084,1.7955,1.6500,2.9712,4.6930
8,2000,100,16,12,90.00,749.00,0.6737,2.6821,0.8714,9702.21,0.1031,575.00,1.0307,1.7743,1.6133,2.9207,5.4589
8,2000,100,16,16,90.00,749.00,0.6737,2.6821,0.8803,9867.54,0.1013,576.00,1.0134,1.7438,1.5935,2.8736,5.0734
8,2000,100,16,24,90.00,749.00,0.6737,2.6821,0.8862,10192.00,0.0981,584.00,0.9812,1.7388,1.5904,2.8662,4.9077
8,2000,100,16,32,90.00,749.00,0.6737,2.6821,0.8880,10334.26,0.0968,577.00,0.9677,1.7305,1.5856,2.9181,4.6526
8,2000,100,32,6,90.00,749.00,0.6737,2.6821,0.8526,5455.12,0.1833,575.00,1.8331,3.3647,3.1255,5.0011,9.6375
8,2000,100,32,12,90.00,749.00,0.6737,2.6821,0.9205,5359.90,0.1866,576.00,1.8657,3.3563,3.1279,5.0029,10.0145
8,2000,100,32,25,90.00,749.00,0.6737,2.6821,0.9487,5370.95,0.1862,576.00,1.8619,3.4304,3.1842,5.1458,9.3941
8,2000,100,32,32,90.00,749.00,0.6737,2.6821,0.9522,5353.16,0.1868,577.00,1.8681,3.3701,3.1418,5.0047,9.8703
8,2000,100,32,48,90.00,749.00,0.6737,2.6821,0.9539,5050.70,0.1980,573.00,1.9799,3.5588,3.3147,5.2834,10.2420
8,2000,100,32,64,90.00,749.00,0.6737,2.6821,0.9545,5009.31,0.1996,575.00,1.9963,3.6516,3.4279,5.4716,8.4114
8,2000,100,64,12,90.00,749.00,0.6737,2.6821,0.9350,2765.23,0.3616,578.00,3.6163,6.7108,6.3644,9.2029,18.6935
8,2000,100,64,25,90.00,749.00,0.6737,2.6821,0.9748,2711.54,0.3688,572.00,3.6879,6.6854,6.3275,9.2718,21.7091
8,2000,100,64,51,90.00,749.00,0.6737,2.6821,0.9845,2770.08,0.3610,573.00,3.6100,6.6375,6.2736,9.1189,20.6747
8,2000,100,64,64,90.00,749.00,0.6737,2.6821,0.9856,2830.98,0.3532,577.00,3.5323,6.7103,6.3527,9.1603,19.1810
8,2000,100,64,96,90.00,749.00,0.6737,2.6821,0.9861,2730.72,0.3662,578.00,3.6620,6.8719,6.5460,9.5474,18.6840
8,2000,100,64,128,90.00,749.00,0.6737,2.6821,0.9862,2750.47,0.3636,572.00,3.6357,6.8544,6.4997,9.5703,18.5447
8,2000,100,128,25,90.00,749.00,0.6737,2.6821,0.9804,1483.70,0.6740,581.00,6.7399,12.8919,12.3947,16.6702,36.8465
8,2000,100,128,51,90.00,749.00,0.6737,2.6821,0.9943,1470.79,0.6799,579.00,6.7991,12.7451,12.2837,16.2681,39.6779
8,2000,100,128,102,90.00,749.00,0.6737,2.6821,0.9970,1477.21,0.6770,582.00,6.7695,12.9450,12.4113,16.5000,38.3313
8,2000,100,128,128,90.00,749.00,0.6737,2.6821,0.9972,1476.79,0.6771,587.00,6.7715,12.9591,12.4143,16.6388,39.0120
8,2000,100,128,192,90.00,749.00,0.6737,2.6821,0.9972,1492.38,0.6701,591.00,6.7007,12.8944,12.3250,15.8986,39.6198
8,2000,100,128,256,90.00,749.00,0.6737,2.6821,0.9972,1481.24,0.6751,591.00,6.7511,13.0346,12.5159,16.2244,39.4194
8,2000,200,2,1,134.00,757.00,0.7287,2.7065,0.3590,43677.41,0.0229,557.00,0.2290,0.2672,0.2206,0.5916,0.9157
8,2000,200,2,1,134.00,757.00,0.7287,2.7065,0.3590,47253.87,0.0212,556.00,0.2116,0.2619,0.2228,0.5741,0.9249
8,2000,200,2,1,134.00,757.00,0.7287,2.7065,0.3590,48319.59,0.0207,552.00,0.2070,0.2284,0.1907,0.5166,0.7640
8,2000,200,2,2,134.00,757.00,0.7287,2.7065,0.4323,47619.85,0.0210,556.00,0.2100,0.2289,0.1863,0.5210,0.7734
8,2000,200,2,3,134.00,757.00,0.7287,2.7065,0.4635,45472.86,0.0220,560.00,0.2199,0.2450,0.2082,0.5285,0.8374
8,2000,200,2,4,134.00,757.00,0.7287,2.7065,0.4794,46746.07,0.0214,556.00,0.2139,0.2424,0.2082,0.5174,0.8329
8,2000,200,4,1,134.00,757.00,0.7287,2.7065,0.4367,30124.14,0.0332,557.00,0.3320,0.4961,0.4453,0.9525,1.5297
8,2000,200,4,1,134.00,757.00,0.7287,2.7065,0.4367,28883.93,0.0346,558.00,0.3462,0.4753,0.4183,0.9385,1.5292
8,2000,200,4,3,134.00,757.00,0.7287,2.7065,0.5845,29648.18,0.0337,559.00,0.3373,0.4958,0.4480,0.9484,1.4226
8,2000,200,4,4,134.00,757.00,0.7287,2.7065,0.6083,30222.65,0.0331,559.00,0.3309,0.4820,0.4263,0.9402,1.5085
8,2000,200,4,6,134.00,757.00,0.7287,2.7065,0.6312,29912.35,0.0334,561.00,0.3343,0.4728,0.4175,0.9379,1.3881
8,2000,200,4,8,134.00,757.00,0.7287,2.7065,0.6404,29592.69,0.0338,559.00,0.3379,0.4804,0.4266,0.9420,1.3844
8,2000,200,8,1,134.00,757.00,0.7287,2.7065,0.4795,18066.28,0.0554,558.00,0.5535,0.9137,0.8395,1.6043,2.4082
8,2000,200,8,3,134.00,757.00,0.7287,2.7065,0.6757,18189.54,0.0550,561.00,0.5498,0.9247,0.8440,1.6297,2.4699
8,2000,200,8,6,134.00,757.00,0.7287,2.7065,0.7477,17880.92,0.0559,561.00,0.5593,0.9167,0.8238,1.6530,2.6450
8,2000,200,8,8,134.00,757.00,0.7287,2.7065,0.7636,17435.23,0.0574,562.00,0.5736,0.9358,0.8487,1.6753,2.5157
8,2000,200,8,12,134.00,757.00,0.7287,2.7065,0.7771,18062.86,0.0554,562.00,0.5536,0.9125,0.8186,1.6872,2.5628
8,2000,200,8,16,134.00,757.00,0.7287,2.7065,0.7822,17628.54,0.0567,557.00,0.5673,0.9322,0.8539,1.6738,2.4995
8,2000,200,16,3,134.00,757.00,0.7287,2.7065,0.7222,10490.38,0.0953,568.00,0.9533,1.7158,1.5695,2.8119,4.8888
8,2000,200,16,6,134.00,757.00,0.7287,2.7065,0.8200,10409.53,0.0961,564.00,0.9607,1.7473,1.5925,2.8691,4.9910
8,2000,200,16,12,134.00,757.00,0.7287,2.7065,0.8688,10105.63,0.0990,562.00,0.9895,1.7495,1.6023,2.8679,4.9281
8,2000,200,16,16,134.00,757.00,0.7287,2.7065,0.8784,10354.35,0.0966,559.00,0.9658,1.7510,1.6034,2.8726,4.7823
8,2000,200,16,24,134.00,757.00,0.7287,2.7065,0.8848,10178.37,0.0982,559.00,0.9825,1.7604,1.6107,2.8999,4.7919
8,2000,200,16,32,134.00,757.00,0.7287,2.7065,0.8868,9949.58,0.1005,558.00,1.0051,1.7697,1.6175,2.9388,4.7748
8,2000,200,32,6,134.00,757.00,0.7287,2.7065,0.8497,5439.91,0.1838,566.00,1.8383,3.3524,3.1348,4.9883,9.0956
8,2000,200,32,12,134.00,757.00,0.7287,2.7065,0.9184,5371.12,0.1862,563.00,1.8618,3.3799,3.1482,5.0221,10.0724
8,2000,200,32,25,134.00,757.00,0.7287,2.7065,0.9474,5558.01,0.1799,553.00,1.7992,3.4067,3.1571,5.0222,9.8223
8,2000,200,32,32,134.00,757.00,0.7287,2.7065,0.9504,5487.32,0.1822,561.00,1.8224,3.4229,3.1636,5.0700,9.9882
8,2000,200,32,48,134.00,757.00,0.7287,2.7065,0.9528,5472.79,0.1827,568.00,1.8272,3.4087,3.1646,5.0198,9.6674
8,2000,200,32,64,134.00,757.00,0.7287,2.7065,0.9534,5493.32,0.1820,557.00,1.8204,3.4014,3.1524,5.0675,9.4607
8,2000,200,64,12,134.00,757.00,0.7287,2.7065,0.9333,2943.82,0.3397,559.00,3.3969,6.5349,6.1935,8.6300,19.2266
8,2000,200,64,25,134.00,757.00,0.7287,2.7065,0.9741,2824.48,0.3540,556.00,3.5405,6.5742,6.2576,9.0443,14.3586
8,2000,200,64,51,134.00,757.00,0.7287,2.7065,0.9845,2846.14,0.3514,562.00,3.5135,6.6064,6.2445,9.1207,14.7334
8,2000,200,64,64,134.00,757.00,0.7287,2.7065,0.9852,2918.60,0.3426,560.00,3.4263,6.6311,6.2262,8.8185,19.8787
8,2000,200,64,96,134.00,757.00,0.7287,2.7065,0.9856,2914.95,0.3431,563.00,3.4306,6.6323,6.2451,8.7979,19.7620
8,2000,200,64,128,134.00,757.00,0.7287,2.7065,0.9856,2845.30,0.3515,569.00,3.5146,6.6863,6.3239,8.9496,19.8933
8,2000,200,128,25,134.00,757.00,0.7287,2.7065,0.9801,1531.16,0.6531,570.00,6.5310,12.6265,12.1210,15.6869,39.1136
8,2000,200,128,51,134.00,757.00,0.7287,2.7065,0.9948,1509.02,0.6627,574.00,6.6268,12.8598,12.3490,15.7933,39.3012
8,2000,200,128,102,134.00,757.00,0.7287,2.7065,0.9969,1513.55,0.6607,563.00,6.6070,12.8600,12.3399,15.8941,40.4349
8,2000,200,128,128,134.00,757.00,0.7287,2.7065,0.9970,1513.77,0.6606,564.00,6.6060,12.8864,12.3524,15.8561,39.4249
8,2000,200,128,192,134.00,757.00,0.7287,2.7065,0.9971,1485.35,0.6732,571.00,6.7324,12.9497,12.4297,16.1381,38.9359
8,2000,200,128,256,134.00,757.00,0.7287,2.7065,0.9971,1484.29,0.6737,572.00,6.7372,12.9759,12.4453,16.3229,38.7930
8,3000,40,3,1,118.00,738.00,0.7268,2.7606,0.3863,41894.45,0.0239,554.00,0.2387,0.2988,0.2585,0.6243,0.9752
8,3000,40,3,1,118.00,738.00,0.7268,2.7606,0.3863,46941.42,0.0213,556.00,0.2130,0.2568,0.2137,0.5747,0.8835
8,3000,40,3,2,118.00,738.00,0.7268,2.7606,0.4666,47424.67,0.0211,561.00,0.2109,0.2499,0.2088,0.5476,0.7849
8,3000,40,3,3,118.00,738.00,0.7268,2.7606,0.5027,45062.14,0.0222,561.00,0.2219,0.2545,0.2163,0.5571,0.8446
8,3000,40,3,4,118.00,738.00,0.7268,2.7606,0.5207,47754.50,0.0209,564.00,0.2094,0.2694,0.2339,0.5593,0.8846
8,3000,40,3,6,118.00,738.00,0.7268,2.7606,0.5380,46194.52,0.0216,563.00,0.2165,0.2512,0.2145,0.5342,0.8394
8,3000,40,6,1,118.00,738.00,0.7268,2.7606,0.4425,29192.77,0.0343,562.00,0.3426,0.5139,0.4572,1.0170,1.5096
8,3000,40,6,2,118.00,738.00,0.7268,2.7606,0.5538,29024.37,0.0345,561.00,0.3445,0.5172,0.4641,1.0028,1.4776
8,3000,40,6,4,118.00,738.00,0.7268,2.7606,0.6344,28507.13,0.0351,565.00,0.3508,0.5135,0.4584,0.9936,1.5355
8,3000,40,6,6,118.00,738.00,0.7268,2.7606,0.6620,29500.77,0.0339,562.00,0.3390,0.4969,0.4353,0.9837,1.5141
8,3000,40,6,9,118.00,738.00,0.7268,2.7606,0.6793,28456.25,0.0351,562.00,0.3514,0.5026,0.4475,0.9628,1.5335
8,3000,40,6,12,118.00,738.00,0.7268,2.7606,0.6867,29029.56,0.0344,561.00,0.3445,0.5097,0.4575,0.9668,1.4614
8,3000,40,12,2,118.00,738.00,0.7268,2.7606,0.6036,16321.11,0.0613,562.00,0.6127,0.9982,0.9134,1.8163,2.5693
8,3000,40,12,4,118.00,738.00,0.7268,2.7606,0.7146,17403.04,0.0575,562.00,0.5746,0.9798,0.8889,1.7820,2.6285
8,3000,40,12,9,118.00,738.00,0.7268,2.7606,0.7875,16875.24,0.0593,562.00,0.5926,0.9365,0.8398,1.7065,2.8146
8,3000,40,12,12,118.00,738.00,0.7268,2.7606,0.8007,18002.49,0.0555,564.00,0.5555,0.9227,0.8346,1.6823,2.6442
8,3000,40,12,18,118.00,738.00,0.7268,2.7606,0.8106,17650.49,0.0567,561.00,0.5666,0.9368,0.8440,1.7044,2.5816
8,3000,40,12,24,118.00,738.00,0.7268,2.7606,0.8133,17971.18,0.0556,561.00,0.5564,0.9261,0.8318,1.7262,2.6651
8,3000,40,24,4,118.00,738.00,0.7268,2.7606,0.7507,10084.99,0.0992,563.00,0.9916,1.7959,1.6421,3.0306,4.7259
8,3000,40,24,9,118.00,738.00,0.7268,2.7606,0.8526,9915.00,0.1009,562.00,1.0086,1.8154,1.6534,3.0295,4.7712
8,3000,40,24,19,118.00,738.00,0.7268,2.7606,0.8951,9844.34,0.1016,561.00,1.0158,1.8391,1.6734,3.0720,5.1232
8,3000,40,24,24,118.00,738.00,0.7268,2.7606,0.8998,9767.65,0.1024,564.00,1.0238,1.8137,1.6542,2.9507,5.1770
8,3000,40,24,36,118.00,738.00,0.7268,2.7606,0.9040,9863.34,0.1014,561.00,1.0139,1.8246,1.6586,3.0357,5.1640
8,3000,40,24,48,118.00,738.00,0.7268,2.7606,0.9051,9536.61,0.1049,563.00,1.0486,1.8125,1.6555,2.9975,5.0334
8,3000,40,48,9,118.00,738.00,0.7268,2.7606,0.8773,5273.01,0.1896,561.00,1.8964,3.5486,3.2949,5.2695,10.1605
8,3000,40,48,19,118.00,738.00,0.7268,2.7606,0.9396,5184.12,0.1929,563.00,1.9290,3.5128,3.2644,5.2181,10.3887
8,3000,40,48,38,118.00,738.00,0.7268,2.7606,0.9588,5199.33,0.1923,561.00,1.9233,3.5195,3.2657,5.2132,9.8618
8,3000,40,48,48,118.00,738.00,0.7268,2.7606,0.9609,5132.42,0.1948,562.00,1.9484,3.5110,3.2662,5.2392,10.1503
8,3000,40,48,72,118.00,738.00,0.7268,2.7606,0.9620,5095.22,0.1963,563.00,1.9626,3.6112,3.3600,5.4161,9.2929
8,3000,40,48,96,118.00,738.00,0.7268,2.7606,0.9622,5082.46,0.1968,562.00,1.9676,3.5422,3.2872,5.3260,10.3456
8,3000,40,96,19,118.00,738.00,0.7268,2.7606,0.9519,2797.59,0.3575,565.00,3.5745,6.7207,6.4027,9.3292,15.5794
8,3000,40,96,38,118.00,738.00,0.7268,2.7606,0.9803,2784.59,0.3591,561.00,3.5912,6.8876,6.4901,9.3685,19.1567
8,3000,40,96,76,118.00,738.00,0.7268,2.7606,0.9871,2739.82,0.3650,565.00,3.6499,6.9444,6.5650,9.4505,19.1536
8,3000,40,96,96,118.00,738.00,0.7268,2.7606,0.9877,2537.65,0.3941,565.00,3.9407,7.3159,6.9781,10.4692,17.3726
8,3000,40,96,144,118.00,738.00,0.7268,2.7606,0.9880,2719.42,0.3677,575.00,3.6773,6.9778,6.5957,9.6799,18.5622
8,3000,40,96,192,118.00,738.00,0.7268,2.7606,0.9882,2685.06,0.3724,565.00,3.7243,6.8563,6.5068,9.4560,19.7948
8,3000,40,192,38,118.00,738.00,0.7268,2.7606,0.9844,1492.70,0.6699,573.00,6.6993,12.7773,12.2571,17.6379,26.6323
8,3000,40,192,76,118.00,738.00,0.7268,2.7606,0.9945,1402.21,0.7132,573.00,7.1316,13.5273,12.9521,17.8456,35.9860
8,3000,40,192,153,118.00,738.00,0.7268,2.7606,0.9964,1440.25,0.6943,583.00,6.9432,13.1429,12.6380,16.7096,38.5883
8,3000,40,192,192,118.00,738.00,0.7268,2.7606,0.9966,1453.33,0.6881,573.00,6.8807,13.3549,12.7786,16.8209,37.7272
8,3000,40,192,288,118.00,738.00,0.7268,2.7606,0.9969,1447.15,0.6910,577.00,6.9101,13.4071,12.8322,17.0094,37.0120
8,3000,40,192,384,118.00,738.00,0.7268,2.7606,0.9969,1422.91,0.7028,585.00,7.0278,13.3457,12.8762,17.3059,37.4600
8,3000,100,3,1,128.00,738.00,0.8429,2.8771,0.3911,54751.15,0.0183,558.00,0.1826,0.2314,0.1909,0.5160,0.7303
8,3000,100,3,1,128.00,738.00,0.8429,2.8771,0.3911,48594.62,0.0206,562.00,0.2058,0.2525,0.2057,0.5684,0.8731
8,3000,100,3,2,128.00,738.00,0.8429,2.8771,0.4721,45769.77,0.0218,561.00,0.2185,0.2766,0.2397,0.5922,0.8983
8,3000,100,3,3,128.00,738.00,0.8429,2.8771,0.5061,46062.82,0.0217,564.00,0.2171,0.2804,0.2476,0.5807,0.8812
8,3000,100,3,4,128.00,738.00,0.8429,2.8771,0.5242,44213.05,0.0226,564.00,0.2262,0.2676,0.2243,0.5708,0.9067
8,3000,100,3,6,128.00,738.00,0.8429,2.8771,0.5406,45523.74,0.0220,561.00,0.2197,0.2656,0.2301,0.5624,0.8590
8,3000,100,6,1,128.00,738.00,0.8429,2.8771,0.4498,28015.07,0.0357,561.00,0.3570,0.5209,0.4680,0.9813,1.4855
8,3000,100,6,2,128.00,738.00,0.8429,2.8771,0.5618,27758.73,0.0360,563.00,0.3602,0.5136,0.4613,1.0174,1.5044
8,3000,100,6,4,128.00,738.00,0.8429,2.8771,0.6404,30147.69,0.0332,571.00,0.3317,0.4902,0.4347,0.9474,1.4659
8,3000,100,6,6,128.00,738.00,0.8429,2.8771,0.6667,30506.17,0.0328,563.00,0.3278,0.4873,0.4315,0.9678,1.5125
8,3000,100,6,9,128.00,738.00,0.8429,2.8771,0.6847,29365.90,0.0341,566.00,0.3405,0.4822,0.4298,0.9258,1.4523
8,3000,100,6,12,128.00,738.00,0.8429,2.8771,0.6906,30057.80,0.0333,565.00,0.3327,0.4826,0.4264,0.9448,1.4196
8,3000,100,12,2,128.00,738.00,0.8429,2.8771,0.6129,17918.80,0.0558,565.00,0.5581,0.9216,0.8235,1.7087,2.6693
8,3000,100,12,4,128.00,738.00,0.8429,2.8771,0.7209,17878.21,0.0559,572.00,0.5593,0.9375,0.8443,1.7084,2.3568
8,3000,100,12,9,128.00,738.00,0.8429,2.8771,0.7940,17859.34,0.0560,567.00,0.5599,0.9428,0.8440,1.7270,2.5913
8,3000,100,12,12,128.00,738.00,0.8429,2.8771,0.8053,17776.38,0.0563,565.00,0.5625,0.9410,0.8509,1.6779,2.5315
8,3000,100,12,18,128.00,738.00,0.8429,2.8771,0.8146,17852.37,0.0560,563.00,0.5601,0.9398,0.8481,1.7349,2.5396
8,3000,100,12,24,128.00,738.00,0.8429,2.8771,0.8173,17955.86,0.0557,564.00,0.5569,0.9536,0.8510,1.7653,2.6481
8,3000,100,24,4,128.00,738.00,0.8429,2.8771,0.7582,9987.02,0.1001,562.00,1.0013,1.8132,1.6562,3.0299,4.9216
8,3000,100,24,9,128.00,738.00,0.8429,2.8771,0.8597,9549.26,0.1047,572.00,1.0472,1.8838,1.7330,3.0973,4.5610
8,3000,100,24,19,128.00,738.00,0.8429,2.8771,0.8988,9766.16,0.1024,561.00,1.0239,1.8619,1.6964,3.0807,4.7984
8,3000,100,24,24,128.00,738.00,0.8429,2.8771,0.9037,9618.44,0.1040,563.00,1.0397,1.8150,1.6557,2.9756,5.0336
8,3000,100,24,36,128.00,738.00,0.8429,2.8771,0.9077,9624.06,0.1039,571.00,1.0391,1.8338,1.6720,3.0041,4.9762
8,3000,100,24,48,128.00,738.00,0.8429,2.8771,0.9086,9759.32,0.1025,564.00,1.0247,1.8303,1.6671,3.0241,4.9805
8,3000,100,48,9,128.00,738.00,0.8429,2.8771,0.8844,5302.24,0.1886,565.00,1.8860,3.5224,3.2665,5.2481,9.7143
8,3000,100,48,19,128.00,738.00,0.8429,2.8771,0.9426,5286.35,0.1892,566.00,1.8917,3.5410,3.2800,5.2996,9.5847
8,3000,100,48,38,128.00,738.00,0.8429,2.8771,0.9615,5324.31,0.1878,561.00,1.8782,3.5375,3.2729,5.3023,9.4748
8,3000,100,48,48,128.00,738.00,0.8429,2.8771,0.9632,5302.05,0.1886,570.00,1.8861,3.5566,3.2961,5.3184,9.3860
8,3000,100,48,72,128.00,738.00,0.8429,2.8771,0.9640,5271.61,0.1897,569.00,1.8970,3.5752,3.3158,5.3490,9.7814
8,3000,100,48,96,128.00,738.00,0.8429,2.8771,0.9642,5308.88,0.1884,562.00,1.8836,3.5667,3.3001,5.2781,9.4321
8,3000,100,96,19,128.00,738.00,0.8429,2.8771,0.9554,2752.50,0.3633,565.00,3.6331,6.8661,6.5199,9.4950,18.4192
8,3000,100,96,38,128.00,738.00,0.8429,2.8771,0.9824,2580.72,0.3875,565.00,3.8749,7.2360,6.8962,10.2504,17.7839
8,3000,100,96,76,128.00,738.00,0.8429,2.8771,0.9886,2630.99,0.3801,571.00,3.8008,7.1766,6.8342,10.2298,17.9517
8,3000,100,96,96,128.00,738.00,0.8429,2.8771,0.9891,2708.37,0.3692,575.00,3.6923,7.0102,6.6248,9.7011,18.6160
8,3000,100,96,144,128.00,738.00,0.8429,2.8771,0.9893,2666.25,0.3751,562.00,3.7506,7.0779,6.7154,9.8860,18.1233
8,3000,100,96,192,128.00,738.00,0.8429,2.8771,0.9894,2667.55,0.3749,564.00,3.7488,7.0938,6.7277,9.9209,18.8377
8,3000,100,192,38,128.00,738.00,0.8429,2.8771,0.9868,1420.99,0.7037,572.00,7.0373,13.0972,12.5953,17.0520,37.9789
8,3000,100,192,76,128.00,738.00,0.8429,2.8771,0.9960,1389.44,0.7197,578.00,7.1972,13.3797,12.8801,17.3024,39.5492
8,3000,100,192,153,128.00,738.00,0.8429,2.8771,0.9976,1483.60,0.6740,581.00,6.7403,13.1717,12.6359,18.7574,26.2980
8,3000,100,192,192,128.00,738.00,0.8429,2.8771,0.9977,1448.28,0.6905,584.00,6.9047,13.3106,12.6854,16.5436,36.9646
8,3000,100,192,288,128.00,738.00,0.8429,2.8771,0.9977,1457.99,0.6859,585.00,6.8588,13.3640,12.7830,16.6427,36.9981
8,3000,100,192,384,128.00,738.00,0.8429,2.8771,0.9977,1447.99,0.6906,575.00,6.9061,13.5268,12.9487,16.6605,36.9931
8,3000,200,3,1,119.00,740.00,0.9050,2.9654,0.3928,45599.65,0.0219,570.00,0.2193,0.2940,0.2542,0.6179,0.9537
8,3000,200,3,1,119.00,740.00,0.9050,2.9654,0.3928,43277.62,0.0231,571.00,0.2311,0.2855,0.2456,0.6009,0.9171
8,3000,200,3,2,119.00,740.00,0.9050,2.9654,0.4763,44829.33,0.0223,573.00,0.2231,0.2903,0.2543,0.6023,0.9650
8,3000,200,3,3,119.00,740.00,0.9050,2.9654,0.5088,45176.89,0.0221,574.00,0.2214,0.2772,0.2388,0.5823,0.9080
8,3000,200,3,4,119.00,740.00,0.9050,2.9654,0.5267,44351.92,0.0225,574.00,0.2255,0.2695,0.2309,0.5734,0.9360
8,3000,200,3,6,119.00,740.00,0.9050,2.9654,0.5433,47774.68,0.0209,574.00,0.2093,0.2591,0.2248,0.5398,0.8472
8,3000,200,6,1,119.00,740.00,0.9050,2.9654,0.4507,29466.90,0.0339,573.00,0.3394,0.5038,0.4525,0.9829,1.4529
8,3000,200,6,2,119.00,740.00,0.9050,2.9654,0.5653,29858.39,0.0335,573.00,0.3349,0.4979,0.4421,0.9674,1.5158
8,3000,200,6,4,119.00,740.00,0.9050,2.9654,0.6427,30046.93,0.0333,581.00,0.3328,0.5075,0.4527,0.9771,1.4852
8,3000,200,6,6,119.00,740.00,0.9050,2.9654,0.6698,29849.46,0.0335,574.00,0.3350,0.4897,0.4328,0.9447,1.4730
8,3000,200,6,9,119.00,740.00,0.9050,2.9654,0.6843,29460.13,0.0339,577.00,0.3394,0.4808,0.4241,0.9551,1.4962
8,3000,200,6,12,119.00,740.00,0.9050,2.9654,0.6907,29382.44,0.0340,577.00,0.3403,0.4864,0.4296,0.9552,1.4992
8,3000,200,12,2,119.00,740.00,0.9050,2.9654,0.6156,17310.61,0.0578,575.00,0.5777,0.9354,0.8446,1.6584,2.6016
8,3000,200,12,4,119.00,740.00,0.9050,2.9654,0.7222,17377.56,0.0575,574.00,0.5755,0.9508,0.8531,1.7708,2.7698
8,3000,200,12,9,119.00,740.00,0.9050,2.9654,0.7923,17264.40,0.0579,574.00,0.5792,0.9568,0.8627,1.7214,2.6150
8,3000,200,12,12,119.00,740.00,0.9050,2.9654,0.8043,16990.24,0.0589,573.00,0.5886,0.9702,0.8708,1.7382,2.5299
8,3000,200,12,18,119.00,740.00,0.9050,2.9654,0.8135,17469.18,0.0572,574.00,0.5724,0.9516,0.8561,1.7568,2.6285
8,3000,200,12,24,119.00,740.00,0.9050,2.9654,0.8166,16960.74,0.0590,572.00,0.5896,0.9508,0.8570,1.6777,2.8114
8,3000,200,24,4,119.00,740.00,0.9050,2.9654,0.7581,9831.85,0.1017,583.00,1.0171,1.8180,1.6631,2.9765,4.7811
8,3000,200,24,9,119.00,740.00,0.9050,2.9654,0.8567,9530.32,0.1049,581.00,1.0493,1.8733,1.7020,3.1091,5.0619
8,3000,200,24,19,119.00,740.00,0.9050,2.9654,0.8972,9717.08,0.1029,576.00,1.0291,1.8432,1.6825,3.0553,4.9170
8,3000,200,24,24,119.00,740.00,0.9050,2.9654,0.9027,9602.44,0.1041,582.00,1.0414,1.8749,1.7238,3.0516,4.7609
8,3000,200,24,36,119.00,740.00,0.9050,2.9654,0.9068,9469.26,0.1056,574.00,1.0560,1.8967,1.7326,3.1083,4.9134
8,3000,200,24,48,119.00,740.00,0.9050,2.9654,0.9080,9413.06,0.1062,578.00,1.0624,1.8477,1.6902,2.9693,5.4096
8,3000,200,48,9,119.00,740.00,0.9050,2.9654,0.8806,5054.89,0.1978,574.00,1.9783,3.5410,3.2887,5.2962,10.5869
8,3000,200,48,19,119.00,740.00,0.9050,2.9654,0.9407,5031.30,0.1988,580.00,1.9876,3.6848,3.4496,5.6291,9.1299
8,3000,200,48,38,119.00,740.00,0.9050,2.9654,0.9604,5032.07,0.1987,579.00,1.9873,3.6612,3.4102,5.5677,8.8516
8,3000,200,48,48,119.00,740.00,0.9050,2.9654,0.9623,5296.43,0.1888,575.00,1.8881,3.5459,3.2780,5.2872,10.4018
8,3000,200,48,72,119.00,740.00,0.9050,2.9654,0.9636,5309.06,0.1884,574.00,1.8836,3.5658,3.2898,5.3336,9.8650
8,3000,200,48,96,119.00,740.00,0.9050,2.9654,0.9638,5293.38,0.1889,581.00,1.8892,3.5827,3.3105,5.3767,9.3267
8,3000,200,96,19,119.00,740.00,0.9050,2.9654,0.9536,2832.63,0.3530,584.00,3.5303,6.7975,6.4260,9.1592,18.8286
8,3000,200,96,38,119.00,740.00,0.9050,2.9654,0.9818,2806.27,0.3563,586.00,3.5635,6.8607,6.4731,9.2404,18.8787
8,3000,200,96,76,119.00,740.00,0.9050,2.9654,0.9888,2804.83,0.3565,582.00,3.5653,6.9093,6.5018,9.2522,19.7164
8,3000,200,96,96,119.00,740.00,0.9050,2.9654,0.9893,2793.71,0.3579,578.00,3.5795,6.9214,6.4984,9.3598,19.2240
8,3000,200,96,144,119.00,740.00,0.9050,2.9654,0.9897,2744.02,0.3644,584.00,3.6443,6.8901,6.5382,9.5690,14.5178
8,3000,200,96,192,119.00,740.00,0.9050,2.9654,0.9897,2720.69,0.3676,576.00,3.6755,7.0058,6.6165,9.6679,18.3568
8,3000,200,192,38,119.00,740.00,0.9050,2.9654,0.9861,1469.95,0.6803,584.00,6.8029,13.0354,12.5061,17.0113,33.8739
8,3000,200,192,76,119.00,740.00,0.9050,2.9654,0.9961,1438.81,0.6950,585.00,6.9502,13.1987,12.7120,17.3171,32.5576
8,3000,200,192,153,119.00,740.00,0.9050,2.9654,0.9977,1414.39,0.7070,596.00,7.0702,13.2458,12.7432,17.2576,37.3041
8,3000,200,192,192,119.00,740.00,0.9050,2.9654,0.9978,1446.21,0.6915,599.00,6.9146,13.3905,12.8397,16.9782,37.0157
8,3000,200,192,288,119.00,740.00,0.9050,2.9654,0.9979,1413.13,0.7077,601.00,7.0765,13.3625,12.8688,17.2779,37.7718
8,3000,200,192,384,119.00,740.00,0.9050,2.9654,0.9979,1423.24,0.7026,601.00,7.0262,13.5742,13.0346,17.0309,37.8111
8,4000,40,4,1,145.00,740.00,0.8168,2.9010,0.3896,42729.35,0.0234,565.00,0.2340,0.3179,0.2776,0.6674,1.0067
8,4000,40,4,1,145.00,740.00,0.8168,2.9010,0.3896,44375.62,0.0225,567.00,0.2253,0.2861,0.2471,0.5992,0.8871
8,4000,40,4,3,145.00,740.00,0.8168,2.9010,0.5287,44417.63,0.0225,570.00,0.2251,0.2853,0.2490,0.5995,0.9014
8,4000,40,4,4,145.00,740.00,0.8168,2.9010,0.5512,45668.93,0.0219,569.00,0.2190,0.2754,0.2391,0.5741,0.8648
8,4000,40,4,6,145.00,740.00,0.8168,2.9010,0.5720,44506.48,0.0225,571.00,0.2247,0.2657,0.2244,0.5710,0.8748
8,4000,40,4,8,145.00,740.00,0.8168,2.9010,0.5823,46038.65,0.0217,567.00,0.2172,0.2623,0.2257,0.5525,0.8669
8,4000,40,8,1,145.00,740.00,0.8168,2.9010,0.4320,30439.95,0.0329,567.00,0.3285,0.5059,0.4592,0.9503,1.4050
8,4000,40,8,3,145.00,740.00,0.8168,2.9010,0.6181,28561.82,0.0350,570.00,0.3501,0.5120,0.4589,0.9825,1.5317
8,4000,40,8,6,145.00,740.00,0.8168,2.9010,0.6855,29011.99,0.0345,567.00,0.3447,0.5047,0.4489,0.9835,1.4807
8,4000,40,8,8,145.00,740.00,0.8168,2.9010,0.7018,28925.57,0.0346,571.00,0.3457,0.5050,0.4530,0.9500,1.4648
8,4000,40,8,12,145.00,740.00,0.8168,2.9010,0.7162,29494.25,0.0339,570.00,0.3390,0.4996,0.4416,0.9825,1.4615
8,4000,40,8,16,145.00,740.00,0.8168,2.9010,0.7215,29944.87,0.0334,570.00,0.3339,0.5079,0.4538,0.9922,1.4308
8,4000,40,16,3,145.00,740.00,0.8168,2.9010,0.6685,17135.38,0.0584,569.00,0.5836,0.9593,0.8704,1.6752,2.6087
8,4000,40,16,6,145.00,740.00,0.8168,2.9010,0.7640,16980.71,0.0589,569.00,0.5889,0.9685,0.8778,1.7218,2.7655
8,4000,40,16,12,145.00,740.00,0.8168,2.9010,0.8160,17172.91,0.0582,568.00,0.5823,0.9678,0.8731,1.7209,2.7518
8,4000,40,16,16,145.00,740.00,0.8168,2.9010,0.8268,17560.89,0.0569,570.00,0.5694,0.9755,0.8829,1.7359,2.5658
8,4000,40,16,24,145.00,740.00,0.8168,2.9010,0.8349,17233.00,0.0580,570.00,0.5803,0.9714,0.8781,1.7312,2.5474
8,4000,40,16,32,145.00,740.00,0.8168,2.9010,0.8376,16742.44,0.0597,569.00,0.5973,0.9707,0.8791,1.7008,2.7417
8,4000,40,32,6,145.00,740.00,0.8168,2.9010,0.8004,8999.75,0.1111,568.00,1.1111,1.9222,1.7744,3.1487,5.1526
8,4000,40,32,12,145.00,740.00,0.8168,2.9010,0.8756,9527.73,0.1050,566.00,1.0496,1.9180,1.7586,3.1337,4.6252
8,4000,40,32,25,145.00,740.00,0.8168,2.9010,0.9119,8943.38,0.1118,568.00,1.1181,1.9202,1.7531,3.1125,5.5201
8,4000,40,32,32,145.00,740.00,0.8168,2.9010,0.9165,9060.64,0.1104,572.00,1.1037,1.9967,1.8367,3.2371,4.9055
8,4000,40,32,48,145.00,740.00,0.8168,2.9010,0.9199,9392.91,0.1065,566.00,1.0646,1.8791,1.7247,3.0437,5.1669
8,4000,40,32,64,145.00,740.00,0.8168,2.9010,0.9211,9188.64,0.1088,569.00,1.0883,1.8966,1.7344,3.0743,5.1980
8,4000,40,64,12,145.00,740.00,0.8168,2.9010,0.8971,5159.07,0.1938,575.00,1.9383,3.6228,3.3899,5.3363,9.4810
8,4000,40,64,25,145.00,740.00,0.8168,2.9010,0.9497,5118.71,0.1954,563.00,1.9536,3.6283,3.3954,5.3371,8.9524
8,4000,40,64,51,145.00,740.00,0.8168,2.9010,0.9667,5006.57,0.1997,570.00,1.9974,3.6240,3.3816,5.3761,9.6998
8,4000,40,64,64,145.00,740.00,0.8168,2.9010,0.9686,5058.49,0.1977,567.00,1.9769,3.6236,3.3897,5.4039,9.0204
8,4000,40,64,96,145.00,740.00,0.8168,2.9010,0.9698,5107.26,0.1958,564.00,1.9580,3.7109,3.4536,5.5285,9.1733
8,4000,40,64,128,145.00,740.00,0.8168,2.9010,0.9702,4951.26,0.2020,578.00,2.0197,3.6907,3.4466,5.5314,9.6832
8,4000,40,128,25,145.00,740.00,0.8168,2.9010,0.9595,2684.17,0.3726,581.00,3.7255,6.9303,6.6275,9.6004,18.4063
8,4000,40,128,51,145.00,740.00,0.8168,2.9010,0.9845,2664.26,0.3753,577.00,3.7534,7.1464,6.7728,9.9294,17.6157
8,4000,40,128,102,145.00,740.00,0.8168,2.9010,0.9908,2743.68,0.3645,582.00,3.6447,7.0427,6.6710,9.8100,16.5567
8,4000,40,128,128,145.00,740.00,0.8168,2.9010,0.9913,2708.91,0.3692,573.00,3.6915,7.0767,6.6881,9.7406,17.4948
8,4000,40,128,192,145.00,740.00,0.8168,2.9010,0.9915,2650.98,0.3772,576.00,3.7722,7.1283,6.7886,9.9049,16.2213
8,4000,40,128,256,145.00,740.00,0.8168,2.9010,0.9916,2661.07,0.3758,582.00,3.7579,7.2260,6.8368,9.7918,18.7096
8,4000,40,256,51,145.00,740.00,0.8168,2.9010,0.9876,1453.17,0.6882,583.00,6.8815,13.1880,12.6207,17.3660,34.4248
8,4000,40,256,102,145.00,740.00,0.8168,2.9010,0.9961,1396.74,0.7160,584.00,7.1595,13.7767,13.2692,17.8283,33.8808
8,4000,40,256,204,145.00,740.00,0.8168,2.9010,0.9975,1426.30,0.7011,593.00,7.0111,13.7220,13.1920,17.3273,35.9623
8,4000,40,256,256,145.00,740.00,0.8168,2.9010,0.9977,1423.87,0.7023,586.00,7.0231,13.7274,13.2154,17.1838,34.9344
8,4000,40,256,384,145.00,740.00,0.8168,2.9010,0.9977,1402.69,0.7129,584.00,7.1292,13.9225,13.4055,17.7248,34.6151
8,4000,40,256,512,145.00,740.00,0.8168,2.9010,0.9977,1374.77,0.7274,596.00,7.2739,13.9398,13.5035,18.3855,34.6365
8,4000,100,4,1,140.00,743.00,0.9363,3.3452,0.3893,45003.23,0.0222,596.00,0.2222,0.3042,0.2691,0.6087,0.9117
8,4000,100,4,1,140.00,743.00,0.9363,3.3452,0.3893,43802.22,0.0228,593.00,0.2283,0.2983,0.2632,0.6071,0.8727
8,4000,100,4,3,140.00,743.00,0.9363,3.3452,0.5329,43720.85,0.0229,598.00,0.2287,0.2886,0.2517,0.5965,0.8960
8,4000,100,4,4,140.00,743.00,0.9363,3.3452,0.5531,45393.72,0.0220,600.00,0.2203,0.2870,0.2530,0.5844,0.8676
8,4000,100,4,6,140.00,743.00,0.9363,3.3452,0.5731,42485.43,0.0235,602.00,0.2354,0.2722,0.2348,0.5638,0.8605
8,4000,100,4,8,140.00,743.00,0.9363,3.3452,0.5836,45352.65,0.0220,601.00,0.2205,0.2759,0.2401,0.5716,0.8445
8,4000,100,8,1,140.00,743.00,0.9363,3.3452,0.4305,28656.25,0.0349,596.00,0.3490,0.5186,0.4719,0.9697,1.4296
8,4000,100,8,3,140.00,743.00,0.9363,3.3452,0.6221,27754.20,0.0360,601.00,0.3603,0.5480,0.4968,1.0170,1.4030
8,4000,100,8,6,140.00,743.00,0.9363,3.3452,0.6848,27487.94,0.0364,599.00,0.3638,0.5411,0.4882,1.0318,1.4519
8,4000,100,8,8,140.00,743.00,0.9363,3.3452,0.7016,27340.69,0.0366,598.00,0.3658,0.5334,0.4848,1.0047,1.4508
8,4000,100,8,12,140.00,743.00,0.9363,3.3452,0.7173,27361.36,0.0365,602.00,0.3655,0.5322,0.4795,1.0200,1.4566
8,4000,100,8,16,140.00,743.00,0.9363,3.3452,0.7226,27539.44,0.0363,600.00,0.3631,0.5339,0.4862,0.9946,1.4251
8,4000,100,16,3,140.00,743.00,0.9363,3.3452,0.6741,15527.30,0.0644,599.00,0.6440,1.0427,0.9659,1.8626,2.4840
8,4000,100,16,6,140.00,743.00,0.9363,3.3452,0.7648,16049.05,0.0623,599.00,0.6231,1.0631,0.9702,1.8764,2.5505
8,4000,100,16,12,140.00,743.00,0.9363,3.3452,0.8181,16360.51,0.0611,601.00,0.6112,1.0136,0.9196,1.8018,2.5276
8,4000,100,16,16,140.00,743.00,0.9363,3.3452,0.8287,15892.26,0.0629,598.00,0.6292,1.0553,0.9597,1.8860,2.6066
8,4000,100,16,24,140.00,743.00,0.9363,3.3452,0.8365,15898.25,0.0629,602.00,0.6290,1.0277,0.9461,1.7988,2.4752
8,4000,100,16,32,140.00,743.00,0.9363,3.3452,0.8391,15492.11,0.0645,602.00,0.6455,1.0208,0.9239,1.8850,2.8261
8,4000,100,32,6,140.00,743.00,0.9363,3.3452,0.8018,9353.85,0.1069,602.00,1.0691,1.9568,1.7996,3.1589,4.9725
8,4000,100,32,12,140.00,743.00,0.9363,3.3452,0.8786,9026.35,0.1108,600.00,1.1079,1.9928,1.8485,3.2664,4.7841
8,4000,100,32,25,140.00,743.00,0.9363,3.3452,0.9123,9181.74,0.1089,599.00,1.0891,1.9625,1.8120,3.1996,4.9295
8,4000,100,32,32,140.00,743.00,0.9363,3.3452,0.9173,9167.66,0.1091,598.00,1.0908,1.9769,1.8230,3.1927,4.7330
8,4000,100,32,48,140.00,743.00,0.9363,3.3452,0.9206,9334.28,0.1071,598.00,1.0713,1.9661,1.8135,3.1628,4.6946
8,4000,100,32,64,140.00,743.00,0.9363,3.3452,0.9217,8746.64,0.1143,602.00,1.1433,2.0571,1.9101,3.3466,4.5287
8,4000,100,64,12,140.00,743.00,0.9363,3.3452,0.9006,5039.02,0.1985,598.00,1.9845,3.7327,3.4964,5.5495,9.0679
8,4000,100,64,25,140.00,743.00,0.9363,3.3452,0.9504,4929.59,0.2029,598.00,2.0286,3.8115,3.5578,5.7307,8.9784
8,4000,100,64,51,140.00,743.00,0.9363,3.3452,0.9666,4793.73,0.2086,600.00,2.0861,3.7406,3.4767,5.5672,10.6057
8,4000,100,64,64,140.00,743.00,0.9363,3.3452,0.9683,5085.77,0.1966,603.00,1.9663,3.6556,3.3971,5.4910,9.7204
8,4000,100,64,96,140.00,743.00,0.9363,3.3452,0.9691,5123.01,0.1952,601.00,1.9520,3.6956,3.4358,5.5530,9.3580
8,4000,100,64,128,140.00,743.00,0.9363,3.3452,0.9693,5099.67,0.1961,601.00,1.9609,3.7295,3.4735,5.5699,9.3243
8,4000,100,128,25,140.00,743.00,0.9363,3.3452,0.9616,2721.81,0.3674,603.00,3.6740,7.0382,6.6987,9.6976,17.1681
8,4000,100,128,51,140.00,743.00,0.9363,3.3452,0.9854,2647.32,0.3777,601.00,3.7774,7.2119,6.8359,10.0919,17.8640
8,4000,100,128,102,140.00,743.00,0.9363,3.3452,0.9905,2650.14,0.3773,611.00,3.7734,7.2031,6.8525,10.0037,18.3016
8,4000,100,128,128,140.00,743.00,0.9363,3.3452,0.9909,2636.25,0.3793,612.00,3.7933,7.2090,6.8417,10.1044,16.8862
8,4000,100,128,192,140.00,743.00,0.9363,3.3452,0.9910,2675.20,0.3738,613.00,3.7380,7.1660,6.7904,9.9815,16.8888
8,4000,100,128,256,140.00,743.00,0.9363,3.3452,0.9910,2659.82,0.3760,611.00,3.7597,7.2792,6.8717,9.9433,18.6777
8,4000,100,256,51,140.00,743.00,0.9363,3.3452,0.9887,1425.04,0.7017,621.00,7.0174,13.4275,12.9028,18.1900,30.7750
8,4000,100,256,102,140.00,743.00,0.9363,3.3452,0.9965,1386.57,0.7212,610.00,7.2121,13.8796,13.3532,18.2872,33.8415
8,4000,100,256,204,140.00,743.00,0.9363,3.3452,0.9977,1377.23,0.7261,621.00,7.2609,13.6929,13.2177,18.4927,33.2672
8,4000,100,256,256,140.00,743.00,0.9363,3.3452,0.9979,1391.78,0.7185,610.00,7.1851,13.8345,13.3440,17.6183,34.5312
8,4000,100,256,384,140.00,743.00,0.9363,3.3452,0.9980,1344.97,0.7435,608.00,7.4351,14.1504,13.6559,18.5442,34.0859
8,4000,100,256,512,140.00,743.00,0.9363,3.3452,0.9981,1316.02,0.7599,623.00,7.5987,14.4223,13.8892,19.6351,32.9017
8,4000,200,4,1,167.00,743.00,1.0650,3.1887,0.3930,40491.92,0.0247,568.00,0.2470,0.3206,0.2808,0.6686,0.9958
8,4000,200,4,1,167.00,743.00,1.0650,3.1887,0.3930,43042.48,0.0232,566.00,0.2323,0.2820,0.2422,0.5928,0.9752
8,4000,200,4,3,167.00,743.00,1.0650,3.1887,0.5299,44747.94,0.0223,568.00,0.2235,0.2956,0.2564,0.6025,0.9661
8,4000,200,4,4,167.00,743.00,1.0650,3.1887,0.5512,43865.50,0.0228,571.00,0.2280,0.2848,0.2479,0.5933,0.9296
8,4000,200,4,6,167.00,743.00,1.0650,3.1887,0.5718,43446.26,0.0230,571.00,0.2302,0.2834,0.2455,0.5866,0.9045
8,4000,200,4,8,167.00,743.00,1.0650,3.1887,0.5818,45823.63,0.0218,568.00,0.2182,0.2636,0.2245,0.5471,0.8263
8,4000,200,8,1,167.00,743.00,1.0650,3.1887,0.4352,27970.36,0.0358,565.00,0.3575,0.5307,0.4853,0.9911,1.5220
8,4000,200,8,3,167.00,743.00,1.0650,3.1887,0.6191,27337.82,0.0366,568.00,0.3658,0.5422,0.4863,1.0327,1.5348
8,4000,200,8,6,167.00,743.00,1.0650,3.1887,0.6857,27293.41,0.0366,569.00,0.3664,0.5509,0.4946,1.0340,1.5546
8,4000,200,8,8,167.00,743.00,1.0650,3.1887,0.7021,27550.72,0.0363,571.00,0.3630,0.5353,0.4784,1.0430,1.5073
8,4000,200,8,12,167.00,743.00,1.0650,3.1887,0.7164,27921.95,0.0358,570.00,0.3581,0.5303,0.4741,1.0190,1.5283
8,4000,200,8,16,167.00,743.00,1.0650,3.1887,0.7211,27334.86,0.0366,572.00,0.3658,0.5200,0.4651,1.0151,1.6056
8,4000,200,16,3,167.00,743.00,1.0650,3.1887,0.6695,16131.23,0.0620,569.00,0.6199,1.0551,0.9647,1.8469,2.7252
8,4000,200,16,6,167.00,743.00,1.0650,3.1887,0.7654,16222.40,0.0616,569.00,0.6164,1.0095,0.9083,1.8254,2.7464
8,4000,200,16,12,167.00,743.00,1.0650,3.1887,0.8173,16548.87,0.0604,569.00,0.6043,0.9987,0.9016,1.7613,2.8236
8,4000,200,16,16,167.00,743.00,1.0650,3.1887,0.8270,16532.72,0.0605,571.00,0.6049,0.9749,0.8751,1.7897,2.8345
8,4000,200,16,24,167.00,743.00,1.0650,3.1887,0.8348,17022.80,0.0587,567.00,0.5874,0.9831,0.8868,1.7605,2.6519
8,4000,200,16,32,167.00,743.00,1.0650,3.1887,0.8374,17417.76,0.0574,568.00,0.5741,0.9678,0.8814,1.7464,2.6601
8,4000,200,32,6,167.00,743.00,1.0650,3.1887,0.8018,9332.13,0.1072,569.00,1.0716,1.9138,1.7609,3.1258,4.9018
8,4000,200,32,12,167.00,743.00,1.0650,3.1887,0.8777,8984.57,0.1113,570.00,1.1130,1.9623,1.8034,3.2171,4.8035
8,4000,200,32,25,167.00,743.00,1.0650,3.1887,0.9123,8846.06,0.1130,570.00,1.1304,1.9917,1.8335,3.2548,4.7309
8,4000,200,32,32,167.00,743.00,1.0650,3.1887,0.9170,8573.90,0.1166,568.00,1.1663,2.0377,1.8988,3.3368,4.6017
8,4000,200,32,48,167.00,743.00,1.0650,3.1887,0.9201,8711.56,0.1148,568.00,1.1479,2.0151,1.8431,3.3477,5.4029
8,4000,200,32,64,167.00,743.00,1.0650,3.1887,0.9207,8904.24,0.1123,579.00,1.1231,1.9624,1.7922,3.2616,5.2158
8,4000,200,64,12,167.00,743.00,1.0650,3.1887,0.8994,5075.25,0.1970,579.00,1.9703,3.6874,3.4629,5.5110,8.7033
8,4000,200,64,25,167.00,743.00,1.0650,3.1887,0.9514,4874.02,0.2052,577.00,2.0517,3.7200,3.4528,5.6054,10.4276
8,4000,200,64,51,167.00,743.00,1.0650,3.1887,0.9674,4958.41,0.2017,576.00,2.0168,3.7467,3.4891,5.6766,9.1058
8,4000,200,64,64,167.00,743.00,1.0650,3.1887,0.9687,5008.76,0.1997,577.00,1.9965,3.7395,3.4863,5.5534,10.0057
8,4000,200,64,96,167.00,743.00,1.0650,3.1887,0.9696,4947.99,0.2021,569.00,2.0210,3.6835,3.4442,5.4794,9.9355
8,4000,200,64,128,167.00,743.00,1.0650,3.1887,0.9696,4982.76,0.2007,579.00,2.0069,3.7083,3.4726,5.5603,9.2336
8,4000,200,128,25,167.00,743.00,1.0650,3.1887,0.9619,2597.68,0.3850,579.00,3.8496,7.2573,6.9481,10.3013,16.4133
8,4000,200,128,51,167.00,743.00,1.0650,3.1887,0.9859,2572.23,0.3888,571.00,3.8877,7.3720,6.9927,10.2932,18.2783
8,4000,200,128,102,167.00,743.00,1.0650,3.1887,0.9908,2539.43,0.3938,583.00,3.9379,7.4492,7.1256,10.6752,16.0073
8,4000,200,128,128,167.00,743.00,1.0650,3.1887,0.9913,2590.19,0.3861,581.00,3.8607,7.3267,6.9658,10.3110,17.3835
8,4000,200,128,192,167.00,743.00,1.0650,3.1887,0.9914,2553.56,0.3916,584.00,3.9161,7.4037,7.0472,10.3876,18.3077
8,4000,200,128,256,167.00,743.00,1.0650,3.1887,0.9915,2500.91,0.3999,571.00,3.9985,7.4606,7.0643,10.6447,17.7453
8,4000,200,256,51,167.00,743.00,1.0650,3.1887,0.9897,1386.54,0.7212,587.00,7.2122,13.7654,13.2453,18.3598,31.7201
8,4000,200,256,102,167.00,743.00,1.0650,3.1887,0.9967,1378.63,0.7254,591.00,7.2536,13.9738,13.5352,18.4534,36.2722
8,4000,200,256,204,167.00,743.00,1.0650,3.1887,0.9979,1412.77,0.7078,589.00,7.0783,13.8068,13.2722,17.5457,34.3468
8,4000,200,256,256,167.00,743.00,1.0650,3.1887,0.9979,1390.25,0.7193,589.00,7.1930,13.7527,13.3199,18.7611,27.9183
8,4000,200,256,384,167.00,743.00,1.0650,3.1887,0.9979,1401.60,0.7135,600.00,7.1347,13.9765,13.4349,17.5904,35.0707
8,4000,200,256,512,167.00,743.00,1.0650,3.1887,0.9980,1376.21,0.7266,592.00,7.2663,14.1441,13.6267,17.9499,34.4463
8,6000,40,6,1,140.00,734.00,1.0362,3.1886,0.3954,42348.37,0.0236,569.00,0.2361,0.3379,0.3011,0.6750,0.9664
8,6000,40,6,2,140.00,734.00,1.0362,3.1886,0.5010,42375.93,0.0236,575.00,0.2360,0.3158,0.2824,0.6247,0.8732
8,6000,40,6,4,140.00,734.00,1.0362,3.1886,0.5788,41230.11,0.0243,576.00,0.2425,0.3072,0.2765,0.5942,0.8334
8,6000,40,6,6,140.00,734.00,1.0362,3.1886,0.6047,43383.12,0.0231,578.00,0.2305,0.2987,0.2640,0.5876,0.8321
8,6000,40,6,9,140.00,734.00,1.0362,3.1886,0.6233,44486.65,0.0225,576.00,0.2248,0.2843,0.2538,0.5608,0.7954
8,6000,40,6,12,140.00,734.00,1.0362,3.1886,0.6307,43064.09,0.0232,574.00,0.2322,0.2826,0.2486,0.5595,0.8155
8,6000,40,12,2,140.00,734.00,1.0362,3.1886,0.5501,27406.94,0.0365,574.00,0.3649,0.5701,0.5228,1.0567,1.4722
8,6000,40,12,4,140.00,734.00,1.0362,3.1886,0.6595,26799.88,0.0373,577.00,0.3731,0.5618,0.5120,1.0365,1.4897
8,6000,40,12,9,140.00,734.00,1.0362,3.1886,0.7311,26634.56,0.0375,574.00,0.3755,0.5691,0.5164,1.0444,1.4806
8,6000,40,12,12,140.00,734.00,1.0362,3.1886,0.7442,26281.19,0.0381,577.00,0.3805,0.5768,0.5230,1.0819,1.5315
8,6000,40,12,18,140.00,734.00,1.0362,3.1886,0.7556,26109.20,0.0383,577.00,0.3830,0.5602,0.4987,1.0881,1.5206
8,6000,40,12,24,140.00,734.00,1.0362,3.1886,0.7596,27882.69,0.0359,575.00,0.3586,0.5439,0.4999,0.9870,1.3748
8,6000,40,24,4,140.00,734.00,1.0362,3.1886,0.6998,16211.06,0.0617,577.00,0.6169,1.0528,0.9739,1.8098,2.6296
8,6000,40,24,9,140.00,734.00,1.0362,3.1886,0.8036,15849.72,0.0631,571.00,0.6309,1.0439,0.9561,1.7673,2.8287
8,6000,40,24,19,140.00,734.00,1.0362,3.1886,0.8493,16586.47,0.0603,584.00,0.6029,1.0466,0.9628,1.7811,2.6453
8,6000,40,24,24,140.00,734.00,1.0362,3.1886,0.8563,16201.82,0.0617,575.00,0.6172,1.0289,0.9417,1.7541,2.7030
8,6000,40,24,36,140.00,734.00,1.0362,3.1886,0.8630,16160.22,0.0619,577.00,0.6188,1.0290,0.9424,1.7922,2.4920
8,6000,40,24,48,140.00,734.00,1.0362,3.1886,0.8647,16412.82,0.0609,576.00,0.6093,1.0417,0.9537,1.7979,2.5504
8,6000,40,48,9,140.00,734.00,1.0362,3.1886,0.8343,8752.31,0.1143,582.00,1.1426,1.9877,1.8405,3.1380,5.3781
8,6000,40,48,19,140.00,734.00,1.0362,3.1886,0.9049,8725.90,0.1146,578.00,1.1460,2.0324,1.8766,3.1441,5.3948
8,6000,40,48,38,140.00,734.00,1.0362,3.1886,0.9316,8431.79,0.1186,574.00,1.1860,2.0852,1.9382,3.3630,5.1650
8,6000,40,48,48,140.00,734.00,1.0362,3.1886,0.9344,8744.21,0.1144,576.00,1.1436,2.0504,1.9136,3.2234,4.6851
8,6000,40,48,72,140.00,734.00,1.0362,3.1886,0.9372,8705.34,0.1149,575.00,1.1487,2.0527,1.9192,3.3152,4.4663
8,6000,40,48,96,140.00,734.00,1.0362,3.1886,0.9377,8870.92,0.1127,583.00,1.1273,2.0620,1.9180,3.2552,4.9001
8,6000,40,96,19,140.00,734.00,1.0362,3.1886,0.9224,4677.31,0.2138,577.00,2.1380,3.9420,3.7412,5.9933,8.3106
8,6000,40,96,38,140.00,734.00,1.0362,3.1886,0.9630,4659.21,0.2146,576.00,2.1463,3.9052,3.6806,5.6917,10.1501
8,6000,40,96,76,140.00,734.00,1.0362,3.1886,0.9752,4693.61,0.2131,586.00,2.1306,3.9708,3.7486,5.8959,9.0320
8,6000,40,96,96,140.00,734.00,1.0362,3.1886,0.9763,4596.50,0.2176,580.00,2.1756,3.9532,3.7240,5.7528,9.9982
8,6000,40,96,144,140.00,734.00,1.0362,3.1886,0.9769,4703.46,0.2126,578.00,2.1261,3.9227,3.7228,5.6303,10.0399
8,6000,40,96,192,140.00,734.00,1.0362,3.1886,0.9770,4733.77,0.2112,584.00,2.1125,3.9941,3.7724,5.8927,9.0104
8,6000,40,192,38,140.00,734.00,1.0362,3.1886,0.9704,2568.03,0.3894,590.00,3.8940,7.3332,7.0543,10.0789,18.0863
8,6000,40,192,76,140.00,734.00,1.0362,3.1886,0.9886,2554.37,0.3915,581.00,3.9149,7.5813,7.2522,10.6874,16.9246
8,6000,40,192,153,140.00,734.00,1.0362,3.1886,0.9927,2528.19,0.3955,584.00,3.9554,7.5866,7.2789,10.7706,16.1921
8,6000,40,192,192,140.00,734.00,1.0362,3.1886,0.9930,2529.66,0.3953,594.00,3.9531,7.6278,7.3048,10.6827,16.8377
8,6000,40,192,288,140.00,734.00,1.0362,3.1886,0.9931,2496.27,0.4006,581.00,4.0060,7.7107,7.3744,10.9015,17.0343
8,6000,40,192,384,140.00,734.00,1.0362,3.1886,0.9932,2405.93,0.4156,583.00,4.1564,7.9096,7.5972,11.1016,16.5044
8,6000,40,384,76,140.00,734.00,1.0362,3.1886,0.9909,1279.70,0.7814,602.00,7.8144,14.5193,14.0681,21.2369,28.0304
8,6000,40,384,153,140.00,734.00,1.0362,3.1886,0.9967,1255.48,0.7965,601.00,7.9651,15.1273,14.6265,21.5962,29.0748
8,6000,40,384,307,140.00,734.00,1.0362,3.1886,0.9977,1269.28,0.7878,601.00,7.8785,15.0071,14.5177,21.9474,27.8848
8,6000,40,384,384,140.00,734.00,1.0362,3.1886,0.9978,1262.70,0.7920,617.00,7.9195,14.9315,14.4538,20.8425,31.3201
8,6000,40,384,576,140.00,734.00,1.0362,3.1886,0.9979,1253.83,0.7976,606.00,7.9756,15.2287,14.7433,20.7355,31.7234
8,6000,40,384,768,140.00,734.00,1.0362,3.1886,0.9979,1228.96,0.8137,619.00,8.1369,15.5917,15.0840,21.2408,32.3339
8,6000,100,6,1,161.00,731.00,1.1952,3.3766,0.3892,40729.76,0.0246,606.00,0.2455,0.3324,0.2927,0.6752,0.9972
8,6000,100,6,2,161.00,731.00,1.1952,3.3766,0.5087,40923.02,0.0244,605.00,0.2444,0.3147,0.2777,0.6357,0.9483
8,6000,100,6,4,161.00,731.00,1.1952,3.3766,0.5871,43650.80,0.0229,607.00,0.2291,0.3110,0.2786,0.6033,0.8986
8,6000,100,6,6,161.00,731.00,1.1952,3.3766,0.6128,41138.93,0.0243,609.00,0.2431,0.2877,0.2512,0.5881,0.8622
8,6000,100,6,9,161.00,731.00,1.1952,3.3766,0.6299,44262.44,0.0226,606.00,0.2259,0.2889,0.2554,0.5771,0.8554
8,6000,100,6,12,161.00,731.00,1.1952,3.3766,0.6365,43961.58,0.0227,606.00,0.2275,0.2888,0.2539,0.5759,0.8328
8,6000,100,12,2,161.00,731.00,1.1952,3.3766,0.5587,26578.53,0.0376,608.00,0.3762,0.5575,0.5028,1.0540,1.5075
8,6000,100,12,4,161.00,731.00,1.1952,3.3766,0.6677,27260.39,0.0367,606.00,0.3668,0.5640,0.5056,1.0474,1.6080
8,6000,100,12,9,161.00,731.00,1.1952,3.3766,0.7380,27999.58,0.0357,608.00,0.3571,0.5572,0.5021,1.0342,1.4880
8,6000,100,12,12,161.00,731.00,1.1952,3.3766,0.7498,28336.60,0.0353,608.00,0.3529,0.5300,0.4776,1.0130,1.4705
8,6000,100,12,18,161.00,731.00,1.1952,3.3766,0.7604,28167.63,0.0355,605.00,0.3550,0.5237,0.4702,1.0029,1.4758
8,6000,100,12,24,161.00,731.00,1.1952,3.3766,0.7643,26643.55,0.0375,607.00,0.3753,0.5538,0.4996,1.0248,1.5576
8,6000,100,24,4,161.00,731.00,1.1952,3.3766,0.7078,16163.62,0.0619,603.00,0.6187,1.0615,0.9805,1.8471,2.6458
8,6000,100,24,9,161.00,731.00,1.1952,3.3766,0.8097,15995.52,0.0625,603.00,0.6252,1.0813,0.9892,1.8261,2.7355
8,6000,100,24,19,161.00,731.00,1.1952,3.3766,0.8529,15686.84,0.0637,605.00,0.6375,1.0545,0.9583,1.8432,2.7597
8,6000,100,24,24,161.00,731.00,1.1952,3.3766,0.8587,16228.33,0.0616,606.00,0.6162,1.0762,0.9846,1.8563,2.4986
8,6000,100,24,36,161.00,731.00,1.1952,3.3766,0.8645,15751.51,0.0635,604.00,0.6349,1.0709,0.9734,1.8584,2.7754
8,6000,100,24,48,161.00,731.00,1.1952,3.3766,0.8659,15951.77,0.0627,606.00,0.6269,1.0794,0.9904,1.8723,2.5955
8,6000,100,48,9,161.00,731.00,1.1952,3.3766,0.8412,8661.95,0.1154,610.00,1.1545,2.0162,1.8640,3.2048,5.5553
8,6000,100,48,19,161.00,731.00,1.1952,3.3766,0.9083,9060.58,0.1104,611.00,1.1037,2.0361,1.8888,3.2192,5.1150
8,6000,100,48,38,161.00,731.00,1.1952,3.3766,0.9329,8750.36,0.1143,608.00,1.1428,2.0157,1.8765,3.1537,5.2692
8,6000,100,48,48,161.00,731.00,1.1952,3.3766,0.9356,8780.89,0.1139,607.00,1.1388,2.0357,1.8921,3.2561,4.6927
8,6000,100,48,72,161.00,731.00,1.1952,3.3766,0.9377,8704.84,0.1149,615.00,1.1488,2.0374,1.8822,3.3069,5.1439
8,6000,100,48,96,161.00,731.00,1.1952,3.3766,0.9382,8857.10,0.1129,609.00,1.1290,2.0562,1.9138,3.2607,4.7871
8,6000,100,96,19,161.00,731.00,1.1952,3.3766,0.9276,4821.93,0.2074,609.00,2.0739,3.8984,3.6747,5.7513,9.3136
8,6000,100,96,38,161.00,731.00,1.1952,3.3766,0.9654,4796.60,0.2085,611.00,2.0848,3.9364,3.7077,5.8719,9.0306
8,6000,100,96,76,161.00,731.00,1.1952,3.3766,0.9765,4672.91,0.2140,617.00,2.1400,3.9178,3.6866,5.6949,10.3437
8,6000,100,96,96,161.00,731.00,1.1952,3.3766,0.9775,4714.53,0.2121,608.00,2.1211,3.9680,3.7407,5.9286,9.3528
8,6000,100,96,144,161.00,731.00,1.1952,3.3766,0.9780,4676.94,0.2138,614.00,2.1381,4.0003,3.7722,5.9828,9.1091
8,6000,100,96,192,161.00,731.00,1.1952,3.3766,0.9781,4648.81,0.2151,602.00,2.1511,4.0139,3.7810,5.8483,9.5886
8,6000,100,192,38,161.00,731.00,1.1952,3.3766,0.9732,2550.62,0.3921,618.00,3.9206,7.4760,7.1784,10.6165,16.6456
8,6000,100,192,76,161.00,731.00,1.1952,3.3766,0.9899,2531.82,0.3950,610.00,3.9497,7.5044,7.2019,10.2112,18.8169
8,6000,100,192,153,161.00,731.00,1.1952,3.3766,0.9933,2530.24,0.3952,612.00,3.9522,7.5507,7.2464,10.4594,16.5698
8,6000,100,192,192,161.00,731.00,1.1952,3.3766,0.9936,2479.26,0.4033,625.00,4.0335,7.5856,7.2981,10.3680,18.6650
8,6000,100,192,288,161.00,731.00,1.1952,3.3766,0.9938,2449.40,0.4083,626.00,4.0826,7.7716,7.4523,10.9145,17.2634
8,6000,100,192,384,161.00,731.00,1.1952,3.3766,0.9938,2400.42,0.4166,625.00,4.1659,7.9231,7.6135,11.1357,16.9393
8,6000,100,384,76,161.00,731.00,1.1952,3.3766,0.9924,1409.00,0.7097,639.00,7.0972,13.7999,13.2792,19.5043,30.1058
8,6000,100,384,153,161.00,731.00,1.1952,3.3766,0.9973,1329.69,0.7521,628.00,7.5206,14.5309,14.1056,21.0815,29.5546
8,6000,100,384,307,161.00,731.00,1.1952,3.3766,0.9981,1316.26,0.7597,633.00,7.5973,14.7264,14.2718,20.9448,31.1640
8,6000,100,384,384,161.00,731.00,1.1952,3.3766,0.9981,1288.66,0.7760,640.00,7.7600,14.8273,14.3581,20.5498,30.9924
8,6000,100,384,576,161.00,731.00,1.1952,3.3766,0.9982,1261.50,0.7927,648.00,7.9271,15.1635,14.6865,20.9600,30.3622
8,6000,100,384,768,161.00,731.00,1.1952,3.3766,0.9982,1184.72,0.8441,641.00,8.4408,15.8798,15.3485,22.6401,29.2152
8,6000,200,6,1,184.00,733.00,1.3951,3.5819,0.3911,39398.15,0.0254,606.00,0.2538,0.3267,0.2918,0.6515,0.9264
8,6000,200,6,2,184.00,733.00,1.3951,3.5819,0.5044,41591.88,0.0240,608.00,0.2404,0.3085,0.2749,0.6240,0.9177
8,6000,200,6,4,184.00,733.00,1.3951,3.5819,0.5817,41245.16,0.0242,611.00,0.2425,0.3008,0.2639,0.6171,0.8941
8,6000,200,6,6,184.00,733.00,1.3951,3.5819,0.6094,43327.27,0.0231,610.00,0.2308,0.3025,0.2660,0.6131,0.9037
8,6000,200,6,9,184.00,733.00,1.3951,3.5819,0.6254,42864.64,0.0233,610.00,0.2333,0.2856,0.2523,0.5795,0.8294
8,6000,200,6,12,184.00,733.00,1.3951,3.5819,0.6329,43999.64,0.0227,610.00,0.2273,0.2895,0.2525,0.5940,0.8917
8,6000,200,12,2,184.00,733.00,1.3951,3.5819,0.5534,27109.63,0.0369,608.00,0.3689,0.5645,0.5174,1.0231,1.4511
8,6000,200,12,4,184.00,733.00,1.3951,3.5819,0.6602,26569.00,0.0376,607.00,0.3764,0.5583,0.5122,1.0168,1.4650
8,6000,200,12,9,184.00,733.00,1.3951,3.5819,0.7328,27141.28,0.0368,610.00,0.3684,0.5558,0.5010,1.0339,1.5648
8,6000,200,12,12,184.00,733.00,1.3951,3.5819,0.7461,27802.67,0.0360,608.00,0.3597,0.5492,0.4948,1.0194,1.5075
8,6000,200,12,18,184.00,733.00,1.3951,3.5819,0.7579,27243.44,0.0367,610.00,0.3671,0.5523,0.5046,1.0127,1.4461
8,6000,200,12,24,184.00,733.00,1.3951,3.5819,0.7616,26152.50,0.0382,610.00,0.3824,0.5541,0.4952,1.0564,1.5667
8,6000,200,24,4,184.00,733.00,1.3951,3.5819,0.7002,15802.48,0.0633,607.00,0.6328,1.0675,0.9692,1.8414,2.8860
8,6000,200,24,9,184.00,733.00,1.3951,3.5819,0.8044,15401.23,0.0649,608.00,0.6493,1.0898,0.9963,1.8754,2.7996
8,6000,200,24,19,184.00,733.00,1.3951,3.5819,0.8507,16341.64,0.0612,607.00,0.6119,1.0449,0.9588,1.8189,2.6064
8,6000,200,24,24,184.00,733.00,1.3951,3.5819,0.8569,16065.44,0.0622,612.00,0.6225,1.0550,0.9636,1.8343,2.7130
8,6000,200,24,36,184.00,733.00,1.3951,3.5819,0.8637,15022.46,0.0666,613.00,0.6657,1.0857,0.9927,1.8807,2.8209
8,6000,200,24,48,184.00,733.00,1.3951,3.5819,0.8656,14869.61,0.0673,613.00,0.6725,1.1103,1.0121,1.9438,2.8493
8,6000,200,48,9,184.00,733.00,1.3951,3.5819,0.8360,8355.21,0.1197,612.00,1.1969,2.1342,2.0022,3.4228,4.6915
8,6000,200,48,19,184.00,733.00,1.3951,3.5819,0.9059,8490.15,0.1178,618.00,1.1778,2.1129,1.9717,3.3767,4.7109
8,6000,200,48,38,184.00,733.00,1.3951,3.5819,0.9318,8816.33,0.1134,609.00,1.1343,2.0414,1.8952,3.2807,4.8734
8,6000,200,48,48,184.00,733.00,1.3951,3.5819,0.9347,8569.58,0.1167,611.00,1.1669,2.0583,1.9086,3.2594,5.2824
8,6000,200,48,72,184.00,733.00,1.3951,3.5819,0.9375,8640.49,0.1157,618.00,1.1573,2.0402,1.8815,3.2320,5.0806
8,6000,200,48,96,184.00,733.00,1.3951,3.5819,0.9379,8618.43,0.1160,609.00,1.1603,2.1003,1.9522,3.3335,4.8623
8,6000,200,96,19,184.00,733.00,1.3951,3.5819,0.9251,4744.07,0.2108,610.00,2.1079,3.8487,3.6233,5.6073,9.9461
8,6000,200,96,38,184.00,733.00,1.3951,3.5819,0.9651,4617.85,0.2166,611.00,2.1655,3.9404,3.7098,5.7253,10.5117
8,6000,200,96,76,184.00,733.00,1.3951,3.5819,0.9766,4535.97,0.2205,609.00,2.2046,4.0037,3.7631,5.8853,10.4057
8,6000,200,96,96,184.00,733.00,1.3951,3.5819,0.9774,4708.51,0.2124,619.00,2.1238,4.0007,3.7777,5.9623,8.7886
8,6000,200,96,144,184.00,733.00,1.3951,3.5819,0.9781,4742.29,0.2109,611.00,2.1087,4.0065,3.7565,5.9977,9.2173
8,6000,200,96,192,184.00,733.00,1.3951,3.5819,0.9781,4750.43,0.2105,607.00,2.1051,4.0270,3.7832,5.9349,9.1795
8,6000,200,192,38,184.00,733.00,1.3951,3.5819,0.9727,2587.28,0.3865,624.00,3.8651,7.3505,7.0787,10.3679,16.2398
8,6000,200,192,76,184.00,733.00,1.3951,3.5819,0.9902,2521.13,0.3966,622.00,3.9665,7.5334,7.2348,10.4278,17.3157
8,6000,200,192,153,184.00,733.00,1.3951,3.5819,0.9934,2520.39,0.3968,614.00,3.9676,7.6764,7.3247,10.6646,17.4666
8,6000,200,192,192,184.00,733.00,1.3951,3.5819,0.9935,2527.06,0.3957,625.00,3.9572,7.6702,7.3523,10.7138,16.7880
8,6000,200,192,288,184.00,733.00,1.3951,3.5819,0.9937,2492.56,0.4012,619.00,4.0119,7.7629,7.4504,10.8756,16.8390
8,6000,200,192,384,184.00,733.00,1.3951,3.5819,0.9937,2438.00,0.4102,616.00,4.1017,7.8739,7.5467,10.9223,17.4592
8,6000,200,384,76,184.00,733.00,1.3951,3.5819,0.9929,1385.59,0.7217,640.00,7.2172,14.0152,13.4750,19.3216,29.6015
8,6000,200,384,153,184.00,733.00,1.3951,3.5819,0.9974,1321.61,0.7567,631.00,7.5665,14.6657,14.2463,20.1419,30.9958
8,6000,200,384,307,184.00,733.00,1.3951,3.5819,0.9981,1314.27,0.7609,630.00,7.6088,14.7517,14.3174,20.6586,31.8989
8,6000,200,384,384,184.00,733.00,1.3951,3.5819,0.9981,1259.07,0.7942,643.00,7.9424,15.0208,14.5333,20.7152,31.7324
8,6000,200,384,576,184.00,733.00,1.3951,3.5819,0.9982,1239.45,0.8068,634.00,8.0681,15.1364,14.6761,21.2015,31.6617
8,6000,200,384,768,184.00,733.00,1.3951,3.5819,0.9982,1209.64,0.8267,641.00,8.2669,15.8040,15.3284,22.1435,30.9707
8,8000,40,8,1,186.00,726.00,1.2170,3.4009,0.3845,40630.23,0.0246,581.00,0.2461,0.3463,0.3125,0.6605,0.9332
8,8000,40,8,3,186.00,726.00,1.2170,3.4009,0.5576,40521.46,0.0247,583.00,0.2468,0.3272,0.2967,0.6329,0.8888
8,8000,40,8,6,186.00,726.00,1.2170,3.4009,0.6250,41554.51,0.0241,580.00,0.2406,0.3077,0.2763,0.5956,0.9233
8,8000,40,8,8,186.00,726.00,1.2170,3.4009,0.6412,42990.61,0.0233,584.00,0.2326,0.3078,0.2743,0.6021,0.8733
8,8000,40,8,12,186.00,726.00,1.2170,3.4009,0.6562,42707.86,0.0234,584.00,0.2341,0.2977,0.2669,0.5729,0.7961
8,8000,40,8,16,186.00,726.00,1.2170,3.4009,0.6616,42025.98,0.0238,585.00,0.2379,0.3017,0.2693,0.5917,0.8927
8,8000,40,16,3,186.00,726.00,1.2170,3.4009,0.6103,25970.41,0.0385,580.00,0.3851,0.5659,0.5241,1.0126,1.4203
8,8000,40,16,6,186.00,726.00,1.2170,3.4009,0.7063,25725.82,0.0389,581.00,0.3887,0.5614,0.5132,1.0138,1.5577
8,8000,40,16,12,186.00,726.00,1.2170,3.4009,0.7594,25901.47,0.0386,580.00,0.3861,0.5772,0.5355,1.0269,1.3711
8,8000,40,16,16,186.00,726.00,1.2170,3.4009,0.7696,26682.65,0.0375,577.00,0.3748,0.5784,0.5343,1.0268,1.3742
8,8000,40,16,24,186.00,726.00,1.2170,3.4009,0.7804,27261.62,0.0367,583.00,0.3668,0.5639,0.5184,1.0048,1.4270
8,8000,40,16,32,186.00,726.00,1.2170,3.4009,0.7838,26624.80,0.0376,584.00,0.3756,0.5440,0.4990,0.9719,1.4078
8,8000,40,32,6,186.00,726.00,1.2170,3.4009,0.7473,15297.47,0.0654,580.00,0.6537,1.0774,1.0002,1.8154,2.5615
8,8000,40,32,12,186.00,726.00,1.2170,3.4009,0.8262,15553.61,0.0643,583.00,0.6429,1.0816,1.0077,1.8045,2.5794
8,8000,40,32,25,186.00,726.00,1.2170,3.4009,0.8662,15626.39,0.0640,579.00,0.6399,1.0852,1.0123,1.7991,2.5069
8,8000,40,32,32,186.00,726.00,1.2170,3.4009,0.8727,15216.70,0.0657,579.00,0.6572,1.0767,1.0037,1.7829,2.7156
8,8000,40,32,48,186.00,726.00,1.2170,3.4009,0.8774,14888.38,0.0672,579.00,0.6717,1.0941,1.0109,1.8483,2.7599
8,8000,40,32,64,186.00,726.00,1.2170,3.4009,0.8789,15707.46,0.0637,582.00,0.6366,1.1095,1.0417,1.8101,2.4774
8,8000,40,64,12,186.00,726.00,1.2170,3.4009,0.8541,8495.50,0.1177,580.00,1.1771,2.1251,2.0049,3.3132,4.5319
8,8000,40,64,25,186.00,726.00,1.2170,3.4009,0.9168,8310.41,0.1203,579.00,1.2033,2.1508,2.0213,3.3609,4.8213
8,8000,40,64,51,186.00,726.00,1.2170,3.4009,0.9403,8504.07,0.1176,587.00,1.1759,2.0851,1.9609,3.1655,5.2332
8,8000,40,64,64,186.00,726.00,1.2170,3.4009,0.9432,8392.95,0.1191,587.00,1.1915,2.1023,1.9843,3.3016,5.1334
8,8000,40,64,96,186.00,726.00,1.2170,3.4009,0.9451,8718.33,0.1147,583.00,1.1470,2.1101,1.9848,3.2230,4.5795
8,8000,40,64,128,186.00,726.00,1.2170,3.4009,0.9453,8662.04,0.1154,584.00,1.1545,2.1172,1.9827,3.2908,4.7164
8,8000,40,128,25,186.00,726.00,1.2170,3.4009,0.9327,4711.76,0.2122,584.00,2.1223,3.9636,3.7711,5.8569,9.2338
8,8000,40,128,51,186.00,726.00,1.2170,3.4009,0.9694,4604.13,0.2172,587.00,2.1720,4.1038,3.9083,5.9180,8.8026
8,8000,40,128,102,186.00,726.00,1.2170,3.4009,0.9798,4600.37,0.2174,595.00,2.1737,4.0896,3.8792,5.9523,8.7374
8,8000,40,128,128,186.00,726.00,1.2170,3.4009,0.9804,4626.59,0.2161,586.00,2.1614,4.0977,3.9043,5.9616,8.5750
8,8000,40,128,192,186.00,726.00,1.2170,3.4009,0.9813,4574.02,0.2186,595.00,2.1863,4.1548,3.9384,6.0727,9.1120
8,8000,40,128,256,186.00,726.00,1.2170,3.4009,0.9813,4450.29,0.2247,581.00,2.2470,4.2252,4.0396,6.1131,8.4755
8,8000,40,256,51,186.00,726.00,1.2170,3.4009,0.9758,2496.67,0.4005,600.00,4.0053,7.6483,7.3546,11.2385,14.5677
8,8000,40,256,102,186.00,726.00,1.2170,3.4009,0.9913,2462.09,0.4062,594.00,4.0616,7.8631,7.5812,11.0397,16.3635
8,8000,40,256,204,186.00,726.00,1.2170,3.4009,0.9947,2448.87,0.4084,605.00,4.0835,7.9266,7.6419,11.1773,15.8944
8,8000,40,256,256,186.00,726.00,1.2170,3.4009,0.9950,2440.42,0.4098,595.00,4.0977,7.9389,7.6600,11.2863,15.8560
8,8000,40,256,384,186.00,726.00,1.2170,3.4009,0.9953,2407.82,0.4153,597.00,4.1531,8.0546,7.7825,11.2470,15.9767
8,8000,40,256,512,186.00,726.00,1.2170,3.4009,0.9953,2349.42,0.4256,595.00,4.2564,8.2613,7.9758,11.5505,16.1353
8,8000,40,512,102,186.00,726.00,1.2170,3.4009,0.9927,1366.51,0.7318,621.00,7.3179,14.1955,13.7631,19.9588,28.1875
8,8000,40,512,204,186.00,726.00,1.2170,3.4009,0.9975,1272.10,0.7861,614.00,7.8610,15.2169,14.8298,21.4344,27.1161
8,8000,40,512,409,186.00,726.00,1.2170,3.4009,0.9985,1268.67,0.7882,625.00,7.8823,15.4085,14.9794,21.2867,30.1280
8,8000,40,512,512,186.00,726.00,1.2170,3.4009,0.9986,1246.91,0.8020,628.00,8.0198,15.4656,15.0636,21.7428,28.3773
8,8000,40,512,768,186.00,726.00,1.2170,3.4009,0.9987,1211.53,0.8254,636.00,8.2540,15.9393,15.4467,21.6165,31.6103
8,8000,40,512,1024,186.00,726.00,1.2170,3.4009,0.9987,1151.08,0.8688,619.00,8.6875,16.7533,16.3356,22.5589,30.3221
8,8000,100,8,1,171.00,729.00,1.3997,3.6157,0.3840,39307.74,0.0254,602.00,0.2544,0.3405,0.3008,0.6874,0.9693
8,8000,100,8,3,171.00,729.00,1.3997,3.6157,0.5635,39781.92,0.0251,606.00,0.2514,0.3364,0.3025,0.6489,0.9175
8,8000,100,8,6,171.00,729.00,1.3997,3.6157,0.6293,40306.53,0.0248,604.00,0.2481,0.3264,0.2898,0.6450,0.8863
8,8000,100,8,8,171.00,729.00,1.3997,3.6157,0.6458,39512.00,0.0253,607.00,0.2531,0.3190,0.2789,0.6363,0.9256
8,8000,100,8,12,171.00,729.00,1.3997,3.6157,0.6610,40333.08,0.0248,606.00,0.2479,0.3238,0.2910,0.6202,0.8747
8,8000,100,8,16,171.00,729.00,1.3997,3.6157,0.6670,39687.75,0.0252,604.00,0.2520,0.3300,0.2891,0.6581,0.9640
8,8000,100,16,3,171.00,729.00,1.3997,3.6157,0.6155,25348.74,0.0394,606.00,0.3945,0.5784,0.5243,1.0642,1.6038
8,8000,100,16,6,171.00,729.00,1.3997,3.6157,0.7104,26215.40,0.0381,603.00,0.3815,0.5931,0.5431,1.0562,1.5726
8,8000,100,16,12,171.00,729.00,1.3997,3.6157,0.7631,25485.16,0.0392,607.00,0.3924,0.5800,0.5284,1.0778,1.5068
8,8000,100,16,16,171.00,729.00,1.3997,3.6157,0.7736,26471.45,0.0378,603.00,0.3778,0.5931,0.5377,1.0805,1.4871
8,8000,100,16,24,171.00,729.00,1.3997,3.6157,0.7830,25785.54,0.0388,603.00,0.3878,0.5715,0.5200,1.0259,1.5469
8,8000,100,16,32,171.00,729.00,1.3997,3.6157,0.7856,26228.59,0.0381,603.00,0.3813,0.5775,0.5294,1.0459,1.5658
8,8000,100,32,6,171.00,729.00,1.3997,3.6157,0.7519,15008.28,0.0666,606.00,0.6663,1.1199,1.0400,1.9045,2.6158
8,8000,100,32,12,171.00,729.00,1.3997,3.6157,0.8317,14628.77,0.0684,606.00,0.6836,1.1536,1.0657,1.9517,2.5764
8,8000,100,32,25,171.00,729.00,1.3997,3.6157,0.8707,15282.81,0.0654,607.00,0.6543,1.1382,1.0522,1.9251,2.5705
8,8000,100,32,32,171.00,729.00,1.3997,3.6157,0.8765,14910.71,0.0671,608.00,0.6707,1.1127,1.0167,1.9239,2.7901
8,8000,100,32,48,171.00,729.00,1.3997,3.6157,0.8807,15006.74,0.0666,611.00,0.6664,1.1382,1.0447,1.8881,2.9059
8,8000,100,32,64,171.00,729.00,1.3997,3.6157,0.8819,15014.57,0.0666,603.00,0.6660,1.1258,1.0297,1.8915,2.7883
8,8000,100,64,12,171.00,729.00,1.3997,3.6157,0.8602,8329.54,0.1201,611.00,1.2005,2.0967,1.9594,3.2618,5.2706
8,8000,100,64,25,171.00,729.00,1.3997,3.6157,0.9205,8367.79,0.1195,608.00,1.1951,2.1790,2.0347,3.4331,4.5801
8,8000,100,64,51,171.00,729.00,1.3997,3.6157,0.9418,8139.84,0.1229,601.00,1.2285,2.2038,2.0669,3.4691,4.7677
8,8000,100,64,64,171.00,729.00,1.3997,3.6157,0.9440,7916.10,0.1263,604.00,1.2632,2.2348,2.1092,3.5424,4.6478
8,8000,100,64,96,171.00,729.00,1.3997,3.6157,0.9458,8199.74,0.1220,606.00,1.2196,2.2768,2.1430,3.5182,4.8509
8,8000,100,64,128,171.00,729.00,1.3997,3.6157,0.9462,8450.76,0.1183,607.00,1.1833,2.1688,2.0187,3.3609,5.1443
8,8000,100,128,25,171.00,729.00,1.3997,3.6157,0.9370,4705.43,0.2125,615.00,2.1252,4.0386,3.8466,6.0142,8.4310
8,8000,100,128,51,171.00,729.00,1.3997,3.6157,0.9713,4555.57,0.2195,612.00,2.1951,4.1297,3.9010,6.1993,9.1762
8,8000,100,128,102,171.00,729.00,1.3997,3.6157,0.9802,4607.68,0.2170,609.00,2.1703,4.1414,3.9247,6.0887,8.7643
8,8000,100,128,128,171.00,729.00,1.3997,3.6157,0.9809,4419.93,0.2262,604.00,2.2625,4.2576,4.0594,6.2599,8.6013
8,8000,100,128,192,171.00,729.00,1.3997,3.6157,0.9813,4415.73,0.2265,617.00,2.2646,4.1731,3.9705,5.9437,10.2520
8,8000,100,128,256,171.00,729.00,1.3997,3.6157,0.9813,4451.44,0.2246,608.00,2.2465,4.2522,4.0532,6.2030,8.7772
8,8000,100,256,51,171.00,729.00,1.3997,3.6157,0.9780,2450.12,0.4081,613.00,4.0814,7.6400,7.3590,10.6266,17.1522
8,8000,100,256,102,171.00,729.00,1.3997,3.6157,0.9921,2412.19,0.4146,624.00,4.1456,7.9901,7.6797,11.1371,16.5169
8,8000,100,256,204,171.00,729.00,1.3997,3.6157,0.9950,2389.24,0.4185,615.00,4.1854,8.0279,7.7365,11.4021,16.3511
8,8000,100,256,256,171.00,729.00,1.3997,3.6157,0.9952,2389.04,0.4186,608.00,4.1858,8.0583,7.7512,11.3382,17.0269
8,8000,100,256,384,171.00,729.00,1.3997,3.6157,0.9952,2319.02,0.4312,611.00,4.3122,8.0960,7.8178,10.7234,20.3483
8,8000,100,256,512,171.00,729.00,1.3997,3.6157,0.9952,2332.49,0.4287,622.00,4.2873,8.3414,8.0507,11.6589,16.2470
8,8000,100,512,102,171.00,729.00,1.3997,3.6157,0.9941,1282.79,0.7795,638.00,7.7955,14.8136,14.3735,20.8571,26.5344
8,8000,100,512,204,171.00,729.00,1.3997,3.6157,0.9983,1231.96,0.8117,634.00,8.1171,15.2348,14.7950,20.9113,30.8988
8,8000,100,512,409,171.00,729.00,1.3997,3.6157,0.9988,1221.66,0.8186,629.00,8.1856,15.3947,14.9578,21.6444,30.5124
8,8000,100,512,512,171.00,729.00,1.3997,3.6157,0.9988,1223.34,0.8174,633.00,8.1744,15.4856,15.0586,20.5253,37.1482
8,8000,100,512,768,171.00,729.00,1.3997,3.6157,0.9988,1191.24,0.8395,653.00,8.3946,16.1713,15.7292,22.7306,29.9667
8,8000,100,512,1024,171.00,729.00,1.3997,3.6157,0.9989,1169.80,0.8548,642.00,8.5485,16.6094,16.2084,22.9294,29.9528
8,8000,200,8,1,188.00,730.00,1.6602,3.8893,0.3827,39047.08,0.0256,594.00,0.2561,0.3343,0.2985,0.6668,0.8995
8,8000,200,8,3,188.00,730.00,1.6602,3.8893,0.5670,42022.90,0.0238,594.00,0.2380,0.3386,0.3082,0.6458,0.9134
8,8000,200,8,6,188.00,730.00,1.6602,3.8893,0.6332,40553.54,0.0247,593.00,0.2466,0.3194,0.2865,0.6260,0.9350
8,8000,200,8,8,188.00,730.00,1.6602,3.8893,0.6483,39078.61,0.0256,595.00,0.2559,0.3140,0.2802,0.6222,0.8884
8,8000,200,8,12,188.00,730.00,1.6602,3.8893,0.6613,42240.21,0.0237,593.00,0.2367,0.3108,0.2761,0.6132,0.8511
8,8000,200,8,16,188.00,730.00,1.6602,3.8893,0.6666,41826.79,0.0239,593.00,0.2391,0.3079,0.2793,0.5773,0.8265
8,8000,200,16,3,188.00,730.00,1.6602,3.8893,0.6198,25837.80,0.0387,594.00,0.3870,0.6182,0.5729,1.0884,1.5662
8,8000,200,16,6,188.00,730.00,1.6602,3.8893,0.7146,24402.50,0.0410,595.00,0.4098,0.5983,0.5384,1.1419,1.6061
8,8000,200,16,12,188.00,730.00,1.6602,3.8893,0.7649,25907.67,0.0386,594.00,0.3860,0.5944,0.5481,1.0629,1.4270
8,8000,200,16,16,188.00,730.00,1.6602,3.8893,0.7758,26478.84,0.0378,591.00,0.3777,0.5734,0.5224,1.0476,1.4628
8,8000,200,16,24,188.00,730.00,1.6602,3.8893,0.7839,26466.42,0.0378,594.00,0.3778,0.5941,0.5418,1.0666,1.5878
8,8000,200,16,32,188.00,730.00,1.6602,3.8893,0.7869,26526.50,0.0377,594.00,0.3770,0.5750,0.5287,1.0377,1.5145
8,8000,200,32,6,188.00,730.00,1.6602,3.8893,0.7568,14801.12,0.0676,594.00,0.6756,1.1230,1.0351,1.9413,2.7537
8,8000,200,32,12,188.00,730.00,1.6602,3.8893,0.8333,15137.13,0.0661,592.00,0.6606,1.1211,1.0386,1.9176,2.6003
8,8000,200,32,25,188.00,730.00,1.6602,3.8893,0.8720,14913.65,0.0671,591.00,0.6705,1.1364,1.0453,1.9003,2.8425
8,8000,200,32,32,188.00,730.00,1.6602,3.8893,0.8778,14242.78,0.0702,590.00,0.7021,1.1246,1.0392,2.0360,2.9467
8,8000,200,32,48,188.00,730.00,1.6602,3.8893,0.8816,15083.46,0.0663,592.00,0.6630,1.1213,1.0430,1.8709,2.4989
8,8000,200,32,64,188.00,730.00,1.6602,3.8893,0.8829,14949.49,0.0669,592.00,0.6689,1.1564,1.0761,1.9471,2.6491
8,8000,200,64,12,188.00,730.00,1.6602,3.8893,0.8609,8463.89,0.1181,600.00,1.1815,2.1217,1.9854,3.3451,4.8768
8,8000,200,64,25,188.00,730.00,1.6602,3.8893,0.9212,8237.35,0.1214,596.00,1.2140,2.2173,2.0751,3.4951,5.0422
8,8000,200,64,51,188.00,730.00,1.6602,3.8893,0.9424,8374.00,0.1194,596.00,1.1942,2.1763,2.0334,3.4099,4.5868
8,8000,200,64,64,188.00,730.00,1.6602,3.8893,0.9450,8443.50,0.1184,590.00,1.1843,2.1760,2.0394,3.3967,4.9583
8,8000,200,64,96,188.00,730.00,1.6602,3.8893,0.9463,8331.34,0.1200,600.00,1.2003,2.1796,2.0356,3.3994,4.9222
8,8000,200,64,128,188.00,730.00,1.6602,3.8893,0.9465,8498.36,0.1177,596.00,1.1767,2.1995,2.0583,3.4012,4.7079
8,8000,200,128,25,188.00,730.00,1.6602,3.8893,0.9383,4593.61,0.2177,598.00,2.1769,4.0820,3.8741,5.9963,9.1974
8,8000,200,128,51,188.00,730.00,1.6602,3.8893,0.9718,4622.41,0.2163,603.00,2.1634,4.1431,3.9200,6.0966,9.1174
8,8000,200,128,102,188.00,730.00,1.6602,3.8893,0.9803,4453.09,0.2246,600.00,2.2456,4.1294,3.9051,5.9831,9.7103
8,8000,200,128,128,188.00,730.00,1.6602,3.8893,0.9807,4527.60,0.2209,591.00,2.2087,4.1776,3.9554,6.0786,9.3704
8,8000,200,128,192,188.00,730.00,1.6602,3.8893,0.9812,4519.68,0.2213,596.00,2.2125,4.2127,3.9943,6.1148,9.2957
8,8000,200,128,256,188.00,730.00,1.6602,3.8893,0.9813,4467.56,0.2238,592.00,2.2384,4.2681,4.0597,6.2142,9.0463
8,8000,200,256,51,188.00,730.00,1.6602,3.8893,0.9788,2461.98,0.4062,614.00,4.0618,7.7456,7.4766,10.8492,16.4279
8,8000,200,256,102,188.00,730.00,1.6602,3.8893,0.9924,2424.61,0.4124,604.00,4.1244,7.9725,7.6555,11.1303,17.5509
8,8000,200,256,204,188.00,730.00,1.6602,3.8893,0.9950,2322.43,0.4306,607.00,4.3058,8.1696,7.8728,11.5448,16.2830
8,8000,200,256,256,188.00,730.00,1.6602,3.8893,0.9952,2319.38,0.4311,608.00,4.3115,8.1901,7.9403,11.4179,17.3672
8,8000,200,256,384,188.00,730.00,1.6602,3.8893,0.9953,2346.63,0.4261,611.00,4.2614,8.1044,7.8200,11.2205,17.1148
8,8000,200,256,512,188.00,730.00,1.6602,3.8893,0.9953,2310.89,0.4327,614.00,4.3273,8.3804,8.0745,11.4442,17.3116
8,8000,200,512,102,188.00,730.00,1.6602,3.8893,0.9944,1330.69,0.7515,623.00,7.5149,14.4887,13.9674,20.1320,29.5192
8,8000,200,512,204,188.00,730.00,1.6602,3.8893,0.9982,1279.63,0.7815,625.00,7.8147,15.2100,14.7906,20.5620,29.9026
8,8000,200,512,409,188.00,730.00,1.6602,3.8893,0.9988,1243.43,0.8042,626.00,8.0423,15.4831,15.0667,21.2099,30.2986
8,8000,200,512,512,188.00,730.00,1.6602,3.8893,0.9988,1237.54,0.8081,636.00,8.0806,15.5788,15.1466,21.5460,30.9170
8,8000,200,512,768,188.00,730.00,1.6602,3.8893,0.9989,1212.56,0.8247,641.00,8.2470,15.9076,15.4647,23.0866,30.1802
8,8000,200,512,1024,188.00,730.00,1.6602,3.8893,0.9989,1163.39,0.8596,625.00,8.5956,16.6802,16.2506,23.1088,30.5708
8,10000,40,10,2,180.00,726.00,1.4431,3.6535,0.5046,38205.74,0.0262,630.00,0.2617,0.3811,0.3531,0.7006,0.9772
8,10000,40,10,4,180.00,726.00,1.4431,3.6535,0.6014,38749.97,0.0258,632.00,0.2581,0.3387,0.3077,0.6434,0.9294
8,10000,40,10,8,180.00,726.00,1.4431,3.6535,0.6564,41284.38,0.0242,632.00,0.2422,0.3239,0.2958,0.6055,0.8312
8,10000,40,10,10,180.00,726.00,1.4431,3.6535,0.6663,38418.74,0.0260,633.00,0.2603,0.3238,0.2965,0.6086,0.8695
8,10000,40,10,15,180.00,726.00,1.4431,3.6535,0.6788,41297.56,0.0242,635.00,0.2421,0.3175,0.2885,0.6008,0.8424
8,10000,40,10,20,180.00,726.00,1.4431,3.6535,0.6842,41964.21,0.0238,632.00,0.2383,0.3036,0.2732,0.5763,0.8477
8,10000,40,20,4,180.00,726.00,1.4431,3.6535,0.6525,25414.16,0.0393,628.00,0.3935,0.6185,0.5807,1.0593,1.4367
8,10000,40,20,8,180.00,726.00,1.4431,3.6535,0.7365,25437.58,0.0393,633.00,0.3931,0.6096,0.5702,1.0457,1.4183
8,10000,40,20,16,180.00,726.00,1.4431,3.6535,0.7814,25075.50,0.0399,634.00,0.3988,0.6152,0.5730,1.0818,1.4484
8,10000,40,20,20,180.00,726.00,1.4431,3.6535,0.7884,25917.48,0.0386,634.00,0.3858,0.6120,0.5752,1.0502,1.3929
8,10000,40,20,30,180.00,726.00,1.4431,3.6535,0.7965,26755.34,0.0374,633.00,0.3738,0.5836,0.5425,1.0288,1.4092
8,10000,40,20,40,180.00,726.00,1.4431,3.6535,0.7996,26562.50,0.0376,629.00,0.3765,0.5810,0.5426,1.0161,1.3640
8,10000,40,40,8,180.00,726.00,1.4431,3.6535,0.7767,15083.09,0.0663,632.00,0.6630,1.1557,1.0920,1.8516,2.4926
8,10000,40,40,16,180.00,726.00,1.4431,3.6535,0.8470,14999.58,0.0667,634.00,0.6667,1.1213,1.0443,1.8064,2.7783
8,10000,40,40,32,180.00,726.00,1.4431,3.6535,0.8810,14965.02,0.0668,642.00,0.6682,1.1565,1.0945,1.8666,2.5040
8,10000,40,40,40,180.00,726.00,1.4431,3.6535,0.8864,14348.90,0.0697,639.00,0.6969,1.1748,1.0923,1.9152,2.8654
8,10000,40,40,60,180.00,726.00,1.4431,3.6535,0.8906,14930.59,0.0670,634.00,0.6698,1.1815,1.1109,1.8901,2.6292
8,10000,40,40,80,180.00,726.00,1.4431,3.6535,0.8919,14850.93,0.0673,629.00,0.6734,1.1481,1.0750,1.8107,2.7575
8,10000,40,80,16,180.00,726.00,1.4431,3.6535,0.8733,8403.26,0.1190,641.00,1.1900,2.1801,2.0709,3.2610,4.7576
8,10000,40,80,32,180.00,726.00,1.4431,3.6535,0.9274,8428.73,0.1186,636.00,1.1864,2.2093,2.1040,3.2952,4.4528
8,10000,40,80,64,180.00,726.00,1.4431,3.6535,0.9479,8263.77,0.1210,635.00,1.2101,2.1917,2.0731,3.3150,4.7851
8,10000,40,80,80,180.00,726.00,1.4431,3.6535,0.9504,8294.62,0.1206,642.00,1.2056,2.2176,2.1069,3.3293,4.3838
8,10000,40,80,120,180.00,726.00,1.4431,3.6535,0.9522,8069.26,0.1239,637.00,1.2393,2.2146,2.0960,3.2918,5.0608
8,10000,40,80,160,180.00,726.00,1.4431,3.6535,0.9524,7856.72,0.1273,635.00,1.2728,2.2601,2.1389,3.4279,5.0590
8,10000,40,160,32,180.00,726.00,1.4431,3.6535,0.9413,4399.54,0.2273,642.00,2.2730,4.1438,3.9704,5.8489,9.5226
8,10000,40,160,64,180.00,726.00,1.4431,3.6535,0.9737,4322.77,0.2313,634.00,2.3133,4.3333,4.1685,6.2597,8.2359
8,10000,40,160,128,180.00,726.00,1.4431,3.6535,0.9824,4029.16,0.2482,634.00,2.4819,4.5407,4.3886,6.4293,8.3764
8,10000,40,160,160,180.00,726.00,1.4431,3.6535,0.9831,4123.86,0.2425,632.00,2.4249,4.4974,4.3314,6.4588,8.5241
8,10000,40,160,240,180.00,726.00,1.4431,3.6535,0.9837,4216.33,0.2372,633.00,2.3717,4.4281,4.2611,6.2835,8.5444
8,10000,40,160,320,180.00,726.00,1.4431,3.6535,0.9839,4174.50,0.2395,633.00,2.3955,4.5313,4.3585,6.3431,8.8818
8,10000,40,320,64,180.00,726.00,1.4431,3.6535,0.9789,2336.73,0.4279,635.00,4.2795,8.1292,7.8908,11.2161,15.5029
8,10000,40,320,128,180.00,726.00,1.4431,3.6535,0.9923,2236.79,0.4471,639.00,4.4707,8.4953,8.2045,11.8873,16.3679
8,10000,40,320,256,180.00,726.00,1.4431,3.6535,0.9952,2253.75,0.4437,639.00,4.4371,8.4382,8.1767,11.7756,15.7761
8,10000,40,320,320,180.00,726.00,1.4431,3.6535,0.9954,2229.41,0.4485,644.00,4.4855,8.5003,8.2476,11.6617,16.5221
8,10000,40,320,480,180.00,726.00,1.4431,3.6535,0.9957,2226.28,0.4492,653.00,4.4918,8.5856,8.3288,11.7809,17.2550
8,10000,40,320,640,180.00,726.00,1.4431,3.6535,0.9957,2052.46,0.4872,647.00,4.8722,9.1474,8.9510,12.4007,15.2026
8,10000,40,640,128,180.00,726.00,1.4431,3.6535,0.9937,1329.04,0.7524,677.00,7.5242,14.6035,14.2640,21.0728,26.9247
8,10000,40,640,256,180.00,726.00,1.4431,3.6535,0.9978,1221.59,0.8186,677.00,8.1861,15.8887,15.4259,22.1689,30.3563
8,10000,40,640,512,180.00,726.00,1.4431,3.6535,0.9988,1170.57,0.8543,675.00,8.5429,16.2729,15.8662,23.1075,27.4818
8,10000,40,640,640,180.00,726.00,1.4431,3.6535,0.9988,1156.27,0.8649,661.00,8.6485,16.5963,16.1893,22.6435,28.9909
8,10000,40,640,960,180.00,726.00,1.4431,3.6535,0.9989,1148.18,0.8709,677.00,8.7094,16.7092,16.3260,22.7803,32.1319
8,10000,40,640,1280,180.00,726.00,1.4431,3.6535,0.9989,1090.89,0.9167,661.00,9.1668,17.8501,17.4462,24.6057,30.2005
8,10000,100,10,2,203.00,724.00,1.6888,3.9207,0.5096,37988.77,0.0263,613.00,0.2632,0.3781,0.3482,0.7204,1.0143
8,10000,100,10,4,203.00,724.00,1.6888,3.9207,0.6064,39528.51,0.0253,612.00,0.2530,0.3352,0.3055,0.6418,0.8885
8,10000,100,10,8,203.00,724.00,1.6888,3.9207,0.6618,39303.92,0.0254,613.00,0.2544,0.3275,0.2965,0.6236,0.9403
8,10000,100,10,10,203.00,724.00,1.6888,3.9207,0.6733,41212.30,0.0243,614.00,0.2426,0.3204,0.2900,0.6314,0.8735
8,10000,100,10,15,203.00,724.00,1.6888,3.9207,0.6862,42387.28,0.0236,613.00,0.2359,0.3190,0.2889,0.5962,0.8841
8,10000,100,10,20,203.00,724.00,1.6888,3.9207,0.6905,41458.34,0.0241,612.00,0.2412,0.3164,0.2860,0.6059,0.8506
8,10000,100,20,4,203.00,724.00,1.6888,3.9207,0.6585,26104.24,0.0383,611.00,0.3831,0.6103,0.5658,1.0949,1.5208
8,10000,100,20,8,203.00,724.00,1.6888,3.9207,0.7421,25809.42,0.0387,613.00,0.3875,0.6228,0.5790,1.0737,1.5151
8,10000,100,20,16,203.00,724.00,1.6888,3.9207,0.7875,25822.43,0.0387,613.00,0.3873,0.6061,0.5643,1.0760,1.4883
8,10000,100,20,20,203.00,724.00,1.6888,3.9207,0.7939,25713.85,0.0389,613.00,0.3889,0.6087,0.5654,1.0659,1.4312
8,10000,100,20,30,203.00,724.00,1.6888,3.9207,0.8007,24577.22,0.0407,611.00,0.4069,0.6308,0.5816,1.1140,1.5199
8,10000,100,20,40,203.00,724.00,1.6888,3.9207,0.8032,22896.94,0.0437,608.00,0.4367,0.6686,0.6398,1.1996,1.5633
8,10000,100,40,8,203.00,724.00,1.6888,3.9207,0.7835,14326.90,0.0698,612.00,0.6980,1.2322,1.1562,1.9879,2.6592
8,10000,100,40,16,203.00,724.00,1.6888,3.9207,0.8558,15165.41,0.0659,622.00,0.6594,1.1464,1.0704,1.8795,2.5793
8,10000,100,40,32,203.00,724.00,1.6888,3.9207,0.8858,14889.44,0.0672,613.00,0.6716,1.1763,1.1000,1.9317,2.5925
8,10000,100,40,40,203.00,724.00,1.6888,3.9207,0.8903,15150.56,0.0660,614.00,0.6600,1.1400,1.0639,1.9093,2.5882
8,10000,100,40,60,203.00,724.00,1.6888,3.9207,0.8931,15165.37,0.0659,614.00,0.6594,1.1459,1.0736,1.9028,2.6057
8,10000,100,40,80,203.00,724.00,1.6888,3.9207,0.8941,15159.28,0.0660,610.00,0.6597,1.1658,1.0904,1.8946,2.4637
8,10000,100,80,16,203.00,724.00,1.6888,3.9207,0.8824,8443.57,0.1184,611.00,1.1843,2.1766,2.0630,3.3751,4.5713
8,10000,100,80,32,203.00,724.00,1.6888,3.9207,0.9329,8323.08,0.1201,623.00,1.2015,2.2013,2.0663,3.3662,4.8503
8,10000,100,80,64,203.00,724.00,1.6888,3.9207,0.9507,8221.32,0.1216,617.00,1.2163,2.2215,2.0980,3.4277,4.6327
8,10000,100,80,80,203.00,724.00,1.6888,3.9207,0.9522,8263.05,0.1210,610.00,1.2102,2.2491,2.1160,3.4309,4.9257
8,10000,100,80,120,203.00,724.00,1.6888,3.9207,0.9534,8248.22,0.1212,610.00,1.2124,2.2586,2.1291,3.4565,4.7431
8,10000,100,80,160,203.00,724.00,1.6888,3.9207,0.9536,8050.84,0.1242,611.00,1.2421,2.2851,2.1612,3.5049,4.6173
8,10000,100,160,32,203.00,724.00,1.6888,3.9207,0.9477,4541.15,0.2202,607.00,2.2021,4.2372,4.0660,6.1293,8.2909
8,10000,100,160,64,203.00,724.00,1.6888,3.9207,0.9765,4405.83,0.2270,626.00,2.2697,4.3142,4.1282,6.2703,8.7648
8,10000,100,160,128,203.00,724.00,1.6888,3.9207,0.9832,4394.70,0.2275,623.00,2.2755,4.3546,4.1535,6.2991,8.8089
8,10000,100,160,160,203.00,724.00,1.6888,3.9207,0.9836,4293.70,0.2329,622.00,2.3290,4.3926,4.2026,6.3644,8.5811
8,10000,100,160,240,203.00,724.00,1.6888,3.9207,0.9841,4218.05,0.2371,614.00,2.3708,4.4862,4.2912,6.4152,9.2380
8,10000,100,160,320,203.00,724.00,1.6888,3.9207,0.9841,4065.56,0.2460,627.00,2.4597,4.5331,4.3190,6.5295,9.5506
8,10000,100,320,64,203.00,724.00,1.6888,3.9207,0.9824,2320.43,0.4310,628.00,4.3095,8.2006,7.9347,11.5056,15.5957
8,10000,100,320,128,203.00,724.00,1.6888,3.9207,0.9933,2238.83,0.4467,620.00,4.4666,8.4715,8.2101,11.9212,15.7478
8,10000,100,320,256,203.00,724.00,1.6888,3.9207,0.9957,2229.58,0.4485,636.00,4.4851,8.5018,8.2344,12.0108,15.8381
8,10000,100,320,320,203.00,724.00,1.6888,3.9207,0.9959,2198.85,0.4548,634.00,4.5478,8.5807,8.3149,11.8412,17.0087
8,10000,100,320,480,203.00,724.00,1.6888,3.9207,0.9959,2162.54,0.4624,629.00,4.6242,8.7652,8.4801,12.1053,16.4969
8,10000,100,320,640,203.00,724.00,1.6888,3.9207,0.9959,2099.44,0.4763,622.00,4.7632,9.0831,8.8275,12.3345,17.1010
8,10000,100,640,128,203.00,724.00,1.6888,3.9207,0.9950,1258.11,0.7948,658.00,7.9484,14.9119,14.3681,20.9160,31.0570
8,10000,100,640,256,203.00,724.00,1.6888,3.9207,0.9983,1203.22,0.8311,645.00,8.3110,16.0390,15.5490,22.3621,30.2851
8,10000,100,640,512,203.00,724.00,1.6888,3.9207,0.9988,1175.14,0.8510,668.00,8.5096,16.2723,15.8800,23.1340,28.5592
8,10000,100,640,640,203.00,724.00,1.6888,3.9207,0.9988,1157.19,0.8642,653.00,8.6416,16.5446,16.0973,22.9477,29.3998
8,10000,100,640,960,203.00,724.00,1.6888,3.9207,0.9989,1104.63,0.9053,651.00,9.0528,17.4180,16.9339,24.2532,31.0355
8,10000,100,640,1280,203.00,724.00,1.6888,3.9207,0.9989,1051.66,0.9509,663.00,9.5088,18.1357,17.7003,25.0474,30.3740
8,10000,200,10,2,199.00,724.00,2.0482,4.3063,0.5152,37262.21,0.0268,606.00,0.2684,0.3818,0.3486,0.7134,1.0337
8,10000,200,10,4,199.00,724.00,2.0482,4.3063,0.6082,39271.68,0.0255,608.00,0.2546,0.3288,0.2957,0.6490,0.9200
8,10000,200,10,8,199.00,724.00,2.0482,4.3063,0.6642,39365.97,0.0254,610.00,0.2540,0.3165,0.2846,0.6042,0.8858
8,10000,200,10,10,199.00,724.00,2.0482,4.3063,0.6735,40013.30,0.0250,606.00,0.2499,0.3256,0.2884,0.6304,0.9600
8,10000,200,10,15,199.00,724.00,2.0482,4.3063,0.6857,40902.25,0.0244,607.00,0.2445,0.3435,0.3123,0.6448,0.9225
8,10000,200,10,20,199.00,724.00,2.0482,4.3063,0.6901,41581.48,0.0240,604.00,0.2405,0.3173,0.2849,0.5962,0.8701
8,10000,200,20,4,199.00,724.00,2.0482,4.3063,0.6612,25368.36,0.0394,606.00,0.3942,0.6113,0.5641,1.0827,1.4833
8,10000,200,20,8,199.00,724.00,2.0482,4.3063,0.7450,26123.02,0.0383,605.00,0.3828,0.6069,0.5614,1.0820,1.5081
8,10000,200,20,16,199.00,724.00,2.0482,4.3063,0.7882,25134.69,0.0398,609.00,0.3979,0.6045,0.5544,1.0801,1.5510
8,10000,200,20,20,199.00,724.00,2.0482,4.3063,0.7955,26113.31,0.0383,605.00,0.3829,0.5970,0.5478,1.0757,1.5323
8,10000,200,20,30,199.00,724.00,2.0482,4.3063,0.8027,25752.54,0.0388,601.00,0.3883,0.5977,0.5558,1.0543,1.4885
8,10000,200,20,40,199.00,724.00,2.0482,4.3063,0.8059,25681.21,0.0389,607.00,0.3894,0.5884,0.5466,1.0316,1.4232
8,10000,200,40,8,199.00,724.00,2.0482,4.3063,0.7865,14919.01,0.0670,605.00,0.6703,1.1469,1.0738,1.9017,2.6337
8,10000,200,40,16,199.00,724.00,2.0482,4.3063,0.8556,14593.98,0.0685,605.00,0.6852,1.1821,1.1021,1.9528,2.7625
8,10000,200,40,32,199.00,724.00,2.0482,4.3063,0.8872,14879.08,0.0672,602.00,0.6721,1.1536,1.0769,1.8664,2.6809
8,10000,200,40,40,199.00,724.00,2.0482,4.3063,0.8919,14339.69,0.0697,604.00,0.6974,1.1878,1.1048,1.9373,2.8994
8,10000,200,40,60,199.00,724.00,2.0482,4.3063,0.8948,14901.91,0.0671,604.00,0.6711,1.1856,1.1067,1.9302,2.6139
8,10000,200,40,80,199.00,724.00,2.0482,4.3063,0.8954,14237.43,0.0702,606.00,0.7024,1.1662,1.0956,1.9394,2.6615
8,10000,200,80,16,199.00,724.00,2.0482,4.3063,0.8827,8388.49,0.1192,617.00,1.1921,2.2011,2.0705,3.3921,4.9378
8,10000,200,80,32,199.00,724.00,2.0482,4.3063,0.9334,8057.91,0.1241,613.00,1.2410,2.2459,2.1207,3.5010,4.8561
8,10000,200,80,64,199.00,724.00,2.0482,4.3063,0.9512,7943.46,0.1259,611.00,1.2589,2.2321,2.0991,3.4249,5.1396
8,10000,200,80,80,199.00,724.00,2.0482,4.3063,0.9528,8220.99,0.1216,608.00,1.2164,2.2532,2.1183,3.4672,5.0298
8,10000,200,80,120,199.00,724.00,2.0482,4.3063,0.9539,7935.50,0.1260,609.00,1.2602,2.3096,2.1794,3.5711,4.7632
8,10000,200,80,160,199.00,724.00,2.0482,4.3063,0.9543,7898.41,0.1266,604.00,1.2661,2.3335,2.2008,3.5799,4.9605
8,10000,200,160,32,199.00,724.00,2.0482,4.3063,0.9482,4408.79,0.2268,620.00,2.2682,4.2703,4.0847,6.2539,8.6164
8,10000,200,160,64,199.00,724.00,2.0482,4.3063,0.9771,4198.46,0.2382,613.00,2.3818,4.3248,4.1157,6.2114,10.2971
8,10000,200,160,128,199.00,724.00,2.0482,4.3063,0.9839,4230.18,0.2364,606.00,2.3640,4.4085,4.2203,6.4469,8.7660
8,10000,200,160,160,199.00,724.00,2.0482,4.3063,0.9843,4301.85,0.2325,620.00,2.3246,4.3924,4.1977,6.3547,9.3680
8,10000,200,160,240,199.00,724.00,2.0482,4.3063,0.9846,4234.07,0.2362,607.00,2.3618,4.4501,4.2546,6.4124,8.6007
8,10000,200,160,320,199.00,724.00,2.0482,4.3063,0.9847,4151.39,0.2409,613.00,2.4088,4.5482,4.3576,6.5042,9.0922
8,10000,200,320,64,199.00,724.00,2.0482,4.3063,0.9832,2347.37,0.4260,610.00,4.2601,8.0924,7.8497,11.4783,14.6094
8,10000,200,320,128,199.00,724.00,2.0482,4.3063,0.9937,2252.99,0.4439,618.00,4.4385,8.3988,8.1057,11.6874,17.3175
8,10000,200,320,256,199.00,724.00,2.0482,4.3063,0.9957,2268.62,0.4408,630.00,4.4080,8.4348,8.1701,12.0001,15.7617
8,10000,200,320,320,199.00,724.00,2.0482,4.3063,0.9958,2276.21,0.4393,617.00,4.3933,8.4773,8.2179,11.9029,15.6217
8,10000,200,320,480,199.00,724.00,2.0482,4.3063,0.9959,2191.43,0.4563,621.00,4.5632,8.6166,8.3430,12.3361,15.7112
8,10000,200,320,640,199.00,724.00,2.0482,4.3063,0.9959,2165.12,0.4619,621.00,4.6187,8.9380,8.6679,12.2744,16.8597
8,10000,200,640,128,199.00,724.00,2.0482,4.3063,0.9955,1280.55,0.7809,659.00,7.8092,15.0137,14.5110,21.1297,27.7457
8,10000,200,640,256,199.00,724.00,2.0482,4.3063,0.9984,1203.87,0.8307,658.00,8.3066,15.8252,15.3966,22.7630,30.1127
8,10000,200,640,512,199.00,724.00,2.0482,4.3063,0.9988,1178.32,0.8487,640.00,8.4867,16.3322,15.9238,22.6080,28.9709
8,10000,200,640,640,199.00,724.00,2.0482,4.3063,0.9989,1154.20,0.8664,644.00,8.6640,16.5712,16.1510,23.3883,28.7971
8,10000,200,640,960,199.00,724.00,2.0482,4.3063,0.9989,1142.66,0.8751,656.00,8.7515,17.0400,16.6169,24.4106,29.0013
8,10000,200,640,1280,199.00,724.00,2.0482,4.3063,0.9989,1081.69,0.9245,633.00,9.2448,18.0817,17.6317,24.6002,32.1449
8,14000,40,14,2,180.00,719.00,2.4303,4.6997,0.4921,38488.76,0.0260,638.00,0.2598,0.3770,0.3577,0.6755,0.8830
8,14000,40,14,5,180.00,719.00,2.4303,4.6997,0.6271,37861.87,0.0264,635.00,0.2641,0.3424,0.3124,0.6359,0.9394
8,14000,40,14,11,180.00,719.00,2.4303,4.6997,0.6871,39530.11,0.0253,637.00,0.2530,0.3343,0.3060,0.6143,0.8795
8,14000,40,14,14,180.00,719.00,2.4303,4.6997,0.6973,41476.77,0.0241,638.00,0.2411,0.3196,0.2940,0.5950,0.7938
8,14000,40,14,21,180.00,719.00,2.4303,4.6997,0.7087,40929.10,0.0244,635.00,0.2443,0.3393,0.3156,0.5988,0.7950
8,14000,40,14,28,180.00,719.00,2.4303,4.6997,0.7136,39933.17,0.0250,639.00,0.2504,0.3406,0.3165,0.6129,0.8077
8,14000,40,28,5,180.00,719.00,2.4303,4.6997,0.6714,23386.40,0.0428,636.00,0.4276,0.6580,0.6218,1.1111,1.5433
8,14000,40,28,11,180.00,719.00,2.4303,4.6997,0.7646,24402.83,0.0410,645.00,0.4098,0.6425,0.6078,1.0860,1.4462
8,14000,40,28,22,180.00,719.00,2.4303,4.6997,0.8067,24344.01,0.0411,639.00,0.4108,0.6409,0.6039,1.0747,1.5134
8,14000,40,28,28,180.00,719.00,2.4303,4.6997,0.8140,23930.98,0.0418,637.00,0.4179,0.6443,0.6065,1.0877,1.4814
8,14000,40,28,42,180.00,719.00,2.4303,4.6997,0.8211,22348.57,0.0447,637.00,0.4475,0.6757,0.6504,1.1596,1.4538
8,14000,40,28,56,180.00,719.00,2.4303,4.6997,0.8239,22703.36,0.0440,636.00,0.4405,0.6649,0.6241,1.1191,1.4230
8,14000,40,56,11,180.00,719.00,2.4303,4.6997,0.7985,14532.75,0.0688,636.00,0.6881,1.1989,1.1535,1.8643,2.4170
8,14000,40,56,22,180.00,719.00,2.4303,4.6997,0.8676,14570.61,0.0686,647.00,0.6863,1.1762,1.1241,1.8980,2.4888
8,14000,40,56,44,180.00,719.00,2.4303,4.6997,0.8981,14277.47,0.0700,637.00,0.7004,1.2022,1.1465,1.9106,2.4979
8,14000,40,56,56,180.00,719.00,2.4303,4.6997,0.9027,14502.83,0.0690,637.00,0.6895,1.1903,1.1413,1.8679,2.4295
8,14000,40,56,84,180.00,719.00,2.4303,4.6997,0.9062,14457.17,0.0692,635.00,0.6917,1.2300,1.1741,1.9045,2.5589
8,14000,40,56,112,180.00,719.00,2.4303,4.6997,0.9072,14197.35,0.0704,635.00,0.7044,1.2477,1.2070,1.8817,2.3368
8,14000,40,112,22,180.00,719.00,2.4303,4.6997,0.8894,7996.76,0.1251,640.00,1.2505,2.3023,2.2280,3.5256,4.4989
8,14000,40,112,44,180.00,719.00,2.4303,4.6997,0.9389,7894.74,0.1267,635.00,1.2667,2.3317,2.2617,3.4397,4.3963
8,14000,40,112,89,180.00,719.00,2.4303,4.6997,0.9571,7907.65,0.1265,640.00,1.2646,2.3261,2.2448,3.5033,4.3743
8,14000,40,112,112,180.00,719.00,2.4303,4.6997,0.9589,7858.33,0.1273,634.00,1.2725,2.3348,2.2391,3.3765,4.8781
8,14000,40,112,168,180.00,719.00,2.4303,4.6997,0.9600,7808.36,0.1281,639.00,1.2807,2.3618,2.2934,3.4669,4.2169
8,14000,40,112,224,180.00,719.00,2.4303,4.6997,0.9604,7617.86,0.1313,632.00,1.3127,2.4231,2.3515,3.5413,4.5269
8,14000,40,224,44,180.00,719.00,2.4303,4.6997,0.9506,4297.69,0.2327,640.00,2.3268,4.3728,4.2680,6.3148,7.9149
8,14000,40,224,89,180.00,719.00,2.4303,4.6997,0.9780,4204.81,0.2378,652.00,2.3782,4.5148,4.3875,6.5408,8.3906
8,14000,40,224,179,180.00,719.00,2.4303,4.6997,0.9856,4195.07,0.2384,646.00,2.3838,4.5202,4.4054,6.4182,8.0186
8,14000,40,224,224,180.00,719.00,2.4303,4.6997,0.9861,4171.11,0.2397,641.00,2.3974,4.5568,4.4367,6.4773,7.9782
8,14000,40,224,336,180.00,719.00,2.4303,4.6997,0.9866,4094.45,0.2442,642.00,2.4423,4.6474,4.5348,6.5216,8.1389
8,14000,40,224,448,180.00,719.00,2.4303,4.6997,0.9866,3959.09,0.2526,650.00,2.5258,4.8055,4.6764,6.8408,8.6490
8,14000,40,448,89,180.00,719.00,2.4303,4.6997,0.9823,2322.86,0.4305,647.00,4.3050,8.2230,8.0536,11.6783,14.7722
8,14000,40,448,179,180.00,719.00,2.4303,4.6997,0.9934,2223.89,0.4497,650.00,4.4966,8.6610,8.4211,12.3674,15.3720
8,14000,40,448,358,180.00,719.00,2.4303,4.6997,0.9958,2213.09,0.4519,650.00,4.5186,8.7720,8.5436,12.4117,15.1740
8,14000,40,448,448,180.00,719.00,2.4303,4.6997,0.9959,2192.69,0.4561,655.00,4.5606,8.8144,8.5982,12.1887,15.4547
8,14000,40,448,672,180.00,719.00,2.4303,4.6997,0.9960,2074.05,0.4821,650.00,4.8215,9.1836,9.0068,12.7341,15.7225
8,14000,40,448,896,180.00,719.00,2.4303,4.6997,0.9961,1965.11,0.5089,653.00,5.0888,9.8090,9.5952,13.2993,16.6325
8,14000,40,896,179,180.00,719.00,2.4303,4.6997,0.9946,1260.71,0.7932,701.00,7.9321,15.2789,15.1775,21.8529,27.2801
8,14000,40,896,358,180.00,719.00,2.4303,4.6997,0.9980,1137.99,0.8787,698.00,8.7874,16.9008,16.4472,23.4843,30.0188
8,14000,40,896,716,180.00,719.00,2.4303,4.6997,0.9984,1089.55,0.9178,707.00,9.1781,17.5004,17.1012,23.5951,28.8127
8,14000,40,896,896,180.00,719.00,2.4303,4.6997,0.9986,1057.77,0.9454,691.00,9.4538,17.8922,17.5611,24.1216,27.4534
8,14000,40,896,1344,180.00,719.00,2.4303,4.6997,0.9987,977.80,1.0227,709.00,10.2271,19.2334,18.8283,25.9528,33.9665
8,14000,40,896,1792,180.00,719.00,2.4303,4.6997,0.9987,899.80,1.1114,691.00,11.1136,21.0796,20.7720,27.2987,33.5760
8,14000,100,14,2,247.00,715.00,2.4961,4.7883,0.5056,36408.93,0.0275,598.00,0.2747,0.3982,0.3696,0.7174,0.9659
8,14000,100,14,5,247.00,715.00,2.4961,4.7883,0.6407,36535.29,0.0274,603.00,0.2737,0.3800,0.3567,0.6704,0.8802
8,14000,100,14,11,247.00,715.00,2.4961,4.7883,0.6989,38735.97,0.0258,599.00,0.2582,0.3637,0.3382,0.6650,0.8952
8,14000,100,14,14,247.00,715.00,2.4961,4.7883,0.7079,39954.08,0.0250,602.00,0.2503,0.3663,0.3442,0.6422,0.8623
8,14000,100,14,21,247.00,715.00,2.4961,4.7883,0.7167,38636.98,0.0259,602.00,0.2588,0.3534,0.3261,0.6522,0.8905
8,14000,100,14,28,247.00,715.00,2.4961,4.7883,0.7200,39230.16,0.0255,600.00,0.2549,0.3478,0.3232,0.6169,0.8480
8,14000,100,28,5,247.00,715.00,2.4961,4.7883,0.6866,23582.25,0.0424,601.00,0.4240,0.6674,0.6274,1.1226,1.4833
8,14000,100,28,11,247.00,715.00,2.4961,4.7883,0.7778,23717.27,0.0422,603.00,0.4216,0.6391,0.5980,1.1071,1.5405
8,14000,100,28,22,247.00,715.00,2.4961,4.7883,0.8164,23967.24,0.0417,600.00,0.4172,0.6576,0.6143,1.1212,1.5723
8,14000,100,28,28,247.00,715.00,2.4961,4.7883,0.8227,24118.15,0.0415,600.00,0.4146,0.6522,0.6137,1.1195,1.5144
8,14000,100,28,42,247.00,715.00,2.4961,4.7883,0.8286,23979.17,0.0417,601.00,0.4170,0.6559,0.6194,1.0974,1.4208
8,14000,100,28,56,247.00,715.00,2.4961,4.7883,0.8302,23637.21,0.0423,606.00,0.4231,0.6846,0.6468,1.1290,1.4759
8,14000,100,56,11,247.00,715.00,2.4961,4.7883,0.8139,13194.67,0.0758,601.00,0.7579,1.2942,1.2384,2.0258,2.6056
8,14000,100,56,22,247.00,715.00,2.4961,4.7883,0.8777,13509.67,0.0740,606.00,0.7402,1.2694,1.2150,1.9840,2.6076
8,14000,100,56,44,247.00,715.00,2.4961,4.7883,0.9044,13646.85,0.0733,604.00,0.7328,1.2989,1.2390,2.0036,2.5814
8,14000,100,56,56,247.00,715.00,2.4961,4.7883,0.9082,13649.36,0.0733,600.00,0.7326,1.2609,1.2079,1.9720,2.5673
8,14000,100,56,84,247.00,715.00,2.4961,4.7883,0.9105,13238.71,0.0755,600.00,0.7554,1.2686,1.1991,1.9900,2.8940
8,14000,100,56,112,247.00,715.00,2.4961,4.7883,0.9110,13485.48,0.0742,598.00,0.7415,1.2672,1.2219,1.9760,2.5707
8,14000,100,112,22,247.00,715.00,2.4961,4.7883,0.9007,7568.99,0.1321,602.00,1.3212,2.3559,2.2537,3.4970,5.4291
8,14000,100,112,44,247.00,715.00,2.4961,4.7883,0.9448,7384.11,0.1354,605.00,1.3543,2.4696,2.3870,3.6583,4.5925
8,14000,100,112,89,247.00,715.00,2.4961,4.7883,0.9597,7370.07,0.1357,600.00,1.3568,2.4194,2.3103,3.6024,5.4663
8,14000,100,112,112,247.00,715.00,2.4961,4.7883,0.9609,7534.22,0.1327,599.00,1.3273,2.4362,2.3474,3.6002,4.7038
8,14000,100,112,168,247.00,715.00,2.4961,4.7883,0.9619,7250.52,0.1379,596.00,1.3792,2.5035,2.4120,3.6762,4.7009
8,14000,100,112,224,247.00,715.00,2.4961,4.7883,0.9621,6891.45,0.1451,600.00,1.4511,2.5730,2.4652,3.8358,5.2354
8,14000,100,224,44,247.00,715.00,2.4961,4.7883,0.9567,3956.92,0.2527,610.00,2.5272,4.6871,4.5673,6.6187,8.2308
8,14000,100,224,89,247.00,715.00,2.4961,4.7883,0.9807,3939.77,0.2538,608.00,2.5382,4.7650,4.6424,6.7489,8.5967
8,14000,100,224,179,247.00,715.00,2.4961,4.7883,0.9865,3875.85,0.2580,621.00,2.5801,4.8260,4.6881,6.7915,8.6231
8,14000,100,224,224,247.00,715.00,2.4961,4.7883,0.9871,3861.03,0.2590,613.00,2.5900,4.8182,4.6789,6.7965,8.3311
8,14000,100,224,336,247.00,715.00,2.4961,4.7883,0.9874,3786.98,0.2641,625.00,2.6406,4.9173,4.7798,6.9191,8.6817
8,14000,100,224,448,247.00,715.00,2.4961,4.7883,0.9875,3870.79,0.2583,624.00,2.5835,4.9444,4.8052,6.9093,8.6491
8,14000,100,448,89,247.00,715.00,2.4961,4.7883,0.9855,2208.75,0.4527,634.00,4.5274,8.5943,8.3686,12.1035,14.8075
8,14000,100,448,179,247.00,715.00,2.4961,4.7883,0.9947,2094.47,0.4774,643.00,4.7745,9.0789,8.8894,12.3776,14.8693
8,14000,100,448,358,247.00,715.00,2.4961,4.7883,0.9964,2038.78,0.4905,641.00,4.9049,9.2797,9.0546,12.8395,15.6073
8,14000,100,448,448,247.00,715.00,2.4961,4.7883,0.9966,2028.71,0.4929,644.00,4.9292,9.2703,9.0635,12.7126,15.2753
8,14000,100,448,672,247.00,715.00,2.4961,4.7883,0.9967,1938.15,0.5160,631.00,5.1596,9.7551,9.5945,13.0975,15.7258
8,14000,100,448,896,247.00,715.00,2.4961,4.7883,0.9967,1866.33,0.5358,634.00,5.3581,10.1781,9.9832,13.6655,16.1088
8,14000,100,896,179,247.00,715.00,2.4961,4.7883,0.9958,1160.32,0.8618,671.00,8.6183,16.1488,15.9172,22.1040,25.5838
8,14000,100,896,358,247.00,715.00,2.4961,4.7883,0.9985,1108.42,0.9022,684.00,9.0219,17.0808,16.6641,23.3467,27.7735
8,14000,100,896,716,247.00,715.00,2.4961,4.7883,0.9989,1086.49,0.9204,690.00,9.2040,17.7433,17.3194,23.7776,27.5983
8,14000,100,896,896,247.00,715.00,2.4961,4.7883,0.9990,1067.21,0.9370,673.00,9.3702,17.8050,17.4128,24.1883,29.0861
8,14000,100,896,1344,247.00,715.00,2.4961,4.7883,0.9990,1001.91,0.9981,690.00,9.9810,19.2321,18.9027,25.1645,33.7773
8,14000,100,896,1792,247.00,715.00,2.4961,4.7883,0.9990,921.42,1.0853,681.00,10.8528,21.0221,20.6530,27.5416,34.5623
8,14000,200,14,2,235.00,717.00,2.9325,5.3081,0.5055,36361.60,0.0275,630.00,0.2750,0.4151,0.3881,0.7377,0.9832
8,14000,200,14,5,235.00,717.00,2.9325,5.3081,0.6427,38094.48,0.0263,628.00,0.2625,0.3772,0.3522,0.6810,0.8913
8,14000,200,14,11,235.00,717.00,2.9325,5.3081,0.7000,37188.92,0.0269,628.00,0.2689,0.3497,0.3230,0.6424,0.8726
8,14000,200,14,14,235.00,717.00,2.9325,5.3081,0.7089,37686.46,0.0265,628.00,0.2653,0.3585,0.3324,0.6473,0.8522
8,14000,200,14,21,235.00,717.00,2.9325,5.3081,0.7198,35845.83,0.0279,622.00,0.2790,0.3491,0.3154,0.6504,0.8956
8,14000,200,14,28,235.00,717.00,2.9325,5.3081,0.7238,38916.66,0.0257,629.00,0.2570,0.3541,0.3277,0.6291,0.8627
8,14000,200,28,5,235.00,717.00,2.9325,5.3081,0.6866,23606.63,0.0424,628.00,0.4236,0.6882,0.6618,1.1213,1.4528
8,14000,200,28,11,235.00,717.00,2.9325,5.3081,0.7770,23096.35,0.0433,627.00,0.4330,0.6772,0.6387,1.1409,1.4900
8,14000,200,28,22,235.00,717.00,2.9325,5.3081,0.8175,24250.90,0.0412,627.00,0.4124,0.6681,0.6288,1.1215,1.4365
8,14000,200,28,28,235.00,717.00,2.9325,5.3081,0.8244,24024.28,0.0416,624.00,0.4162,0.6414,0.6105,1.0815,1.4400
8,14000,200,28,42,235.00,717.00,2.9325,5.3081,0.8312,23434.44,0.0427,629.00,0.4267,0.6597,0.6202,1.1178,1.5965
8,14000,200,28,56,235.00,717.00,2.9325,5.3081,0.8329,22837.39,0.0438,627.00,0.4379,0.6865,0.6480,1.1427,1.5173
8,14000,200,56,11,235.00,717.00,2.9325,5.3081,0.8133,13429.75,0.0745,638.00,0.7446,1.2437,1.1780,2.0083,2.8183
8,14000,200,56,22,235.00,717.00,2.9325,5.3081,0.8776,13940.31,0.0717,633.00,0.7173,1.2468,1.1878,1.9866,2.6172
8,14000,200,56,44,235.00,717.00,2.9325,5.3081,0.9067,13928.97,0.0718,638.00,0.7179,1.2658,1.2015,1.9929,2.5853
8,14000,200,56,56,235.00,717.00,2.9325,5.3081,0.9109,13666.68,0.0732,630.00,0.7317,1.2976,1.2381,2.0506,2.6887
8,14000,200,56,84,235.00,717.00,2.9325,5.3081,0.9132,13320.56,0.0751,631.00,0.7507,1.2468,1.1803,2.0018,2.8260
8,14000,200,56,112,235.00,717.00,2.9325,5.3081,0.9139,13324.32,0.0751,626.00,0.7505,1.2918,1.2352,2.0182,2.5483
8,14000,200,112,22,235.00,717.00,2.9325,5.3081,0.9013,7608.05,0.1314,631.00,1.3144,2.3682,2.2766,3.5734,4.6895
8,14000,200,112,44,235.00,717.00,2.9325,5.3081,0.9465,7350.42,0.1360,641.00,1.3605,2.4099,2.3053,3.6996,5.0750
8,14000,200,112,89,235.00,717.00,2.9325,5.3081,0.9605,7488.36,0.1335,636.00,1.3354,2.4563,2.3504,3.6477,4.6073
8,14000,200,112,112,235.00,717.00,2.9325,5.3081,0.9615,7480.19,0.1337,627.00,1.3369,2.4579,2.3556,3.6425,4.7878
8,14000,200,112,168,235.00,717.00,2.9325,5.3081,0.9623,7229.41,0.1383,632.00,1.3832,2.5234,2.4314,3.6664,4.6928
8,14000,200,112,224,235.00,717.00,2.9325,5.3081,0.9625,6878.87,0.1454,632.00,1.4537,2.5651,2.4514,3.7827,5.5735
8,14000,200,224,44,235.00,717.00,2.9325,5.3081,0.9588,4071.04,0.2456,646.00,2.4564,4.6102,4.4842,6.5385,8.2904
8,14000,200,224,89,235.00,717.00,2.9325,5.3081,0.9819,4002.26,0.2499,640.00,2.4986,4.6867,4.5473,6.6144,8.2697
8,14000,200,224,179,235.00,717.00,2.9325,5.3081,0.9874,3925.18,0.2548,645.00,2.5477,4.7784,4.6272,6.7361,8.6573
8,14000,200,224,224,235.00,717.00,2.9325,5.3081,0.9878,4007.71,0.2495,650.00,2.4952,4.7041,4.5619,6.6205,8.6568
8,14000,200,224,336,235.00,717.00,2.9325,5.3081,0.9882,3973.40,0.2517,635.00,2.5167,4.8239,4.6818,6.7755,8.7949
8,14000,200,224,448,235.00,717.00,2.9325,5.3081,0.9882,3840.41,0.2604,636.00,2.6039,4.9837,4.8311,6.9815,8.7402
8,14000,200,448,89,235.00,717.00,2.9325,5.3081,0.9866,2243.22,0.4458,649.00,4.4579,8.5395,8.3153,11.7834,14.7188
8,14000,200,448,179,235.00,717.00,2.9325,5.3081,0.9951,2127.16,0.4701,650.00,4.7011,8.9297,8.7587,12.2023,15.0143
8,14000,200,448,358,235.00,717.00,2.9325,5.3081,0.9967,2119.13,0.4719,651.00,4.7189,9.0587,8.8689,12.3105,15.6608
8,14000,200,448,448,235.00,717.00,2.9325,5.3081,0.9968,2079.51,0.4809,646.00,4.8088,9.1662,9.0037,12.4578,14.6304
8,14000,200,448,672,235.00,717.00,2.9325,5.3081,0.9968,1978.30,0.5055,668.00,5.0549,9.6348,9.4753,12.9896,15.4857
8,14000,200,448,896,235.00,717.00,2.9325,5.3081,0.9968,1903.23,0.5254,657.00,5.2542,10.1650,9.9467,13.5993,17.1004
8,14000,200,896,179,235.00,717.00,2.9325,5.3081,0.9963,1198.31,0.8345,681.00,8.3451,15.8634,15.5824,21.9153,26.6951
8,14000,200,896,358,235.00,717.00,2.9325,5.3081,0.9989,1104.17,0.9057,691.00,9.0566,17.2543,16.9298,23.1720,27.4425
8,14000,200,896,716,235.00,717.00,2.9325,5.3081,0.9992,1091.41,0.9162,689.00,9.1625,17.5948,17.2009,24.0080,30.7351
8,14000,200,896,896,235.00,717.00,2.9325,5.3081,0.9992,1058.50,0.9447,690.00,9.4474,18.0953,17.7722,24.0279,28.5371
8,14000,200,896,1344,235.00,717.00,2.9325,5.3081,0.9992,977.56,1.0230,710.00,10.2295,19.5252,19.1464,25.9802,30.2726
8,14000,200,896,1792,235.00,717.00,2.9325,5.3081,0.9992,890.94,1.1224,698.00,11.2242,21.4976,21.1785,27.5315,30.4781
8,18000,40,18,3,253.00,719.00,3.7576,6.0812,0.5444,34792.42,0.0287,711.00,0.2874,0.4197,0.3987,0.7235,1.0119
8,18000,40,18,7,253.00,719.00,3.7576,6.0812,0.6596,36509.51,0.0274,718.00,0.2739,0.3857,0.3658,0.6709,0.8764
8,18000,40,18,14,253.00,719.00,3.7576,6.0812,0.7088,35153.74,0.0284,711.00,0.2845,0.3711,0.3455,0.6564,0.9137
8,18000,40,18,18,253.00,719.00,3.7576,6.0812,0.7181,38084.43,0.0263,711.00,0.2626,0.3663,0.3440,0.6273,0.8128
8,18000,40,18,27,253.00,719.00,3.7576,6.0812,0.7282,38475.51,0.0260,716.00,0.2599,0.3585,0.3339,0.6288,0.7868
8,18000,40,18,36,253.00,719.00,3.7576,6.0812,0.7326,39274.63,0.0255,714.00,0.2546,0.3532,0.3318,0.6138,0.8486
8,18000,40,36,7,253.00,719.00,3.7576,6.0812,0.7041,23193.18,0.0431,710.00,0.4312,0.6730,0.6448,1.0971,1.5342
8,18000,40,36,14,253.00,719.00,3.7576,6.0812,0.7819,23510.34,0.0425,713.00,0.4253,0.6839,0.6535,1.1227,1.5623
8,18000,40,36,28,253.00,719.00,3.7576,6.0812,0.8220,24117.85,0.0415,714.00,0.4146,0.6610,0.6333,1.0757,1.3858
8,18000,40,36,36,253.00,719.00,3.7576,6.0812,0.8287,23337.45,0.0428,713.00,0.4285,0.6752,0.6474,1.0733,1.5441
8,18000,40,36,54,253.00,719.00,3.7576,6.0812,0.8354,22464.45,0.0445,714.00,0.4451,0.6909,0.6627,1.1280,1.4903
8,18000,40,36,72,253.00,719.00,3.7576,6.0812,0.8373,23306.89,0.0429,708.00,0.4291,0.6813,0.6570,1.0922,1.3483
8,18000,40,72,14,253.00,719.00,3.7576,6.0812,0.8144,13395.66,0.0747,710.00,0.7465,1.2855,1.2368,1.9614,2.7871
8,18000,40,72,28,253.00,719.00,3.7576,6.0812,0.8794,12999.54,0.0769,709.00,0.7693,1.2848,1.2253,2.0041,2.9211
8,18000,40,72,57,253.00,719.00,3.7576,6.0812,0.9088,12901.62,0.0775,709.00,0.7751,1.3708,1.3279,2.0179,2.4577
8,18000,40,72,72,253.00,719.00,3.7576,6.0812,0.9125,13338.60,0.0750,710.00,0.7497,1.3195,1.2776,1.9988,2.5472
8,18000,40,72,108,253.00,719.00,3.7576,6.0812,0.9152,12336.39,0.0811,709.00,0.8106,1.4014,1.3563,2.1104,2.5803
8,18000,40,72,144,253.00,719.00,3.7576,6.0812,0.9161,12092.46,0.0827,712.00,0.8270,1.4027,1.3516,2.1414,2.7641
8,18000,40,144,28,253.00,719.00,3.7576,6.0812,0.8989,7044.36,0.1420,713.00,1.4196,2.5602,2.5041,3.6795,4.3335
8,18000,40,144,57,253.00,719.00,3.7576,6.0812,0.9460,7114.45,0.1406,714.00,1.4056,2.5755,2.5159,3.6789,4.4405
8,18000,40,144,115,253.00,719.00,3.7576,6.0812,0.9620,7148.00,0.1399,712.00,1.3990,2.5561,2.4801,3.6704,4.4513
8,18000,40,144,144,253.00,719.00,3.7576,6.0812,0.9636,7281.83,0.1373,712.00,1.3733,2.5454,2.4626,3.6575,4.5733
8,18000,40,144,216,253.00,719.00,3.7576,6.0812,0.9651,7009.07,0.1427,714.00,1.4267,2.5979,2.5368,3.6884,4.4827
8,18000,40,144,288,253.00,719.00,3.7576,6.0812,0.9655,6743.84,0.1483,713.00,1.4828,2.6776,2.5752,3.9288,5.2293
8,18000,40,288,57,253.00,719.00,3.7576,6.0812,0.9560,3943.08,0.2536,727.00,2.5361,4.7257,4.6230,6.6079,8.1612
8,18000,40,288,115,253.00,719.00,3.7576,6.0812,0.9809,3740.75,0.2673,716.00,2.6733,4.9238,4.8165,6.8719,8.1703
8,18000,40,288,230,253.00,719.00,3.7576,6.0812,0.9875,3808.16,0.2626,722.00,2.6259,4.8662,4.7155,6.9493,9.4183
8,18000,40,288,288,253.00,719.00,3.7576,6.0812,0.9881,3776.95,0.2648,718.00,2.6476,5.0159,4.8932,6.8525,8.7483
8,18000,40,288,432,253.00,719.00,3.7576,6.0812,0.9885,3571.72,0.2800,716.00,2.7998,5.2878,5.1701,7.0946,8.5747
8,18000,40,288,576,253.00,719.00,3.7576,6.0812,0.9886,3473.95,0.2879,720.00,2.8786,5.4103,5.2872,7.2939,8.8778
8,18000,40,576,115,253.00,719.00,3.7576,6.0812,0.9844,2083.33,0.4800,731.00,4.8000,8.9557,8.8195,12.5244,14.9239
8,18000,40,576,230,253.00,719.00,3.7576,6.0812,0.9940,2078.77,0.4811,745.00,4.8105,9.1862,8.9325,12.8233,15.9890
8,18000,40,576,460,253.00,719.00,3.7576,6.0812,0.9962,2037.24,0.4909,730.00,4.9086,9.3652,9.0856,13.5690,16.9912
8,18000,40,576,576,253.00,719.00,3.7576,6.0812,0.9962,2027.60,0.4932,722.00,4.9319,9.5719,9.3265,12.9274,15.2246
8,18000,40,576,864,253.00,719.00,3.7576,6.0812,0.9963,1854.99,0.5391,736.00,5.3909,10.1655,9.8887,13.5380,18.7341
8,18000,40,576,1152,253.00,719.00,3.7576,6.0812,0.9964,1706.21,0.5861,747.00,5.8610,11.1621,10.9992,14.4590,17.0281
8,18000,40,1152,230,253.00,719.00,3.7576,6.0812,0.9948,1197.62,0.8350,780.00,8.3499,15.8621,15.8822,22.0498,27.1538
8,18000,40,1152,460,253.00,719.00,3.7576,6.0812,0.9978,1085.40,0.9213,789.00,9.2132,17.8620,17.2023,25.5607,30.7395
8,18000,40,1152,921,253.00,719.00,3.7576,6.0812,0.9983,1023.21,0.9773,766.00,9.7732,18.7933,18.4550,24.3388,28.9530
8,18000,40,1152,1152,253.00,719.00,3.7576,6.0812,0.9984,984.89,1.0153,767.00,10.1535,19.2954,19.0317,24.9459,27.6425
8,18000,40,1152,1728,253.00,719.00,3.7576,6.0812,0.9985,895.62,1.1165,773.00,11.1654,21.2219,20.8068,27.3958,33.5582
8,18000,40,1152,2304,253.00,719.00,3.7576,6.0812,0.9986,785.84,1.2725,758.00,12.7252,24.5436,24.3396,29.9903,33.2019
8,18000,100,18,3,307.00,716.00,3.6197,6.0123,0.5655,34521.83,0.0290,709.00,0.2897,0.4098,0.3862,0.7366,1.0250
8,18000,100,18,7,307.00,716.00,3.6197,6.0123,0.6727,36312.91,0.0275,708.00,0.2754,0.3715,0.3480,0.6637,0.9513
8,18000,100,18,14,307.00,716.00,3.6197,6.0123,0.7181,37234.76,0.0269,706.00,0.2686,0.3704,0.3473,0.6556,0.8899
8,18000,100,18,18,307.00,716.00,3.6197,6.0123,0.7273,38995.02,0.0256,704.00,0.2564,0.3535,0.3312,0.6141,0.8115
8,18000,100,18,27,307.00,716.00,3.6197,6.0123,0.7359,39268.40,0.0255,710.00,0.2547,0.3495,0.3238,0.6147,0.8728
8,18000,100,18,36,307.00,716.00,3.6197,6.0123,0.7386,38853.84,0.0257,706.00,0.2574,0.3607,0.3345,0.6223,0.8655
8,18000,100,36,7,307.00,716.00,3.6197,6.0123,0.7194,23936.44,0.0418,704.00,0.4178,0.6688,0.6419,1.1111,1.4346
8,18000,100,36,14,307.00,716.00,3.6197,6.0123,0.7937,23394.78,0.0427,707.00,0.4274,0.6687,0.6366,1.1094,1.4229
8,18000,100,36,28,307.00,716.00,3.6197,6.0123,0.8305,23253.52,0.0430,700.00,0.4300,0.6779,0.6521,1.0799,1.3372
8,18000,100,36,36,307.00,716.00,3.6197,6.0123,0.8363,23170.43,0.0432,705.00,0.4316,0.6922,0.6589,1.1283,1.5410
8,18000,100,36,54,307.00,716.00,3.6197,6.0123,0.8416,23202.14,0.0431,694.00,0.4310,0.6754,0.6460,1.0898,1.4896
8,18000,100,36,72,307.00,716.00,3.6197,6.0123,0.8430,23131.04,0.0432,689.00,0.4323,0.6996,0.6676,1.1326,1.4315
8,18000,100,72,14,307.00,716.00,3.6197,6.0123,0.8271,13780.74,0.0726,684.00,0.7257,1.2840,1.2381,1.9860,2.4820
8,18000,100,72,28,307.00,716.00,3.6197,6.0123,0.8887,13313.58,0.0751,687.00,0.7511,1.3203,1.2695,1.9932,2.4890
8,18000,100,72,57,307.00,716.00,3.6197,6.0123,0.9149,13527.38,0.0739,687.00,0.7392,1.2969,1.2563,1.9821,2.4537
8,18000,100,72,72,307.00,716.00,3.6197,6.0123,0.9178,13702.29,0.0730,691.00,0.7298,1.3066,1.2650,1.9544,2.4215
8,18000,100,72,108,307.00,716.00,3.6197,6.0123,0.9200,13181.82,0.0759,687.00,0.7586,1.3291,1.2820,2.0149,2.4303
8,18000,100,72,144,307.00,716.00,3.6197,6.0123,0.9203,12723.52,0.0786,702.00,0.7859,1.3789,1.3302,2.0857,2.5963
8,18000,100,144,28,307.00,716.00,3.6197,6.0123,0.9091,7503.14,0.1333,697.00,1.3328,2.4387,2.3819,3.5950,4.4321
8,18000,100,144,57,307.00,716.00,3.6197,6.0123,0.9520,7171.26,0.1394,702.00,1.3945,2.4937,2.4043,3.6403,5.5000
8,18000,100,144,115,307.00,716.00,3.6197,6.0123,0.9652,7289.47,0.1372,692.00,1.3718,2.5443,2.4703,3.6884,4.5783
8,18000,100,144,144,307.00,716.00,3.6197,6.0123,0.9662,7219.47,0.1385,693.00,1.3851,2.5584,2.4889,3.6965,4.4803
8,18000,100,144,216,307.00,716.00,3.6197,6.0123,0.9667,7120.29,0.1404,695.00,1.4044,2.6310,2.5567,3.7236,4.5309
8,18000,100,144,288,307.00,716.00,3.6197,6.0123,0.9669,6855.78,0.1459,691.00,1.4586,2.7082,2.6277,3.8154,4.7166
8,18000,100,288,57,307.00,716.00,3.6197,6.0123,0.9630,3862.11,0.2589,697.00,2.5893,4.8100,4.7132,6.7275,7.9328
8,18000,100,288,115,307.00,716.00,3.6197,6.0123,0.9844,3750.63,0.2666,704.00,2.6662,4.9569,4.8478,6.8714,8.0096
8,18000,100,288,230,307.00,716.00,3.6197,6.0123,0.9888,3591.79,0.2784,703.00,2.7841,5.1557,5.0557,7.0363,8.2886
8,18000,100,288,288,307.00,716.00,3.6197,6.0123,0.9892,3749.23,0.2667,703.00,2.6672,5.0235,4.9184,6.9079,8.1189
8,18000,100,288,432,307.00,716.00,3.6197,6.0123,0.9894,3496.87,0.2860,701.00,2.8597,5.2334,5.0479,7.0609,11.1335
8,18000,100,288,576,307.00,716.00,3.6197,6.0123,0.9894,3462.87,0.2888,706.00,2.8878,5.4500,5.3525,7.2755,8.3999
8,18000,100,576,115,307.00,716.00,3.6197,6.0123,0.9883,2101.65,0.4758,717.00,4.7582,8.9840,8.8402,12.1871,14.0792
8,18000,100,576,230,307.00,716.00,3.6197,6.0123,0.9956,2010.99,0.4973,714.00,4.9727,9.4945,9.2622,12.8812,15.8852
8,18000,100,576,460,307.00,716.00,3.6197,6.0123,0.9970,2011.75,0.4971,717.00,4.9708,9.5849,9.3699,12.7579,15.2487
8,18000,100,576,576,307.00,716.00,3.6197,6.0123,0.9971,1978.11,0.5055,724.00,5.0553,9.7213,9.5305,12.8040,14.6116
8,18000,100,576,864,307.00,716.00,3.6197,6.0123,0.9972,1808.61,0.5529,724.00,5.5291,10.4426,10.2861,13.5738,15.6790
8,18000,100,576,1152,307.00,716.00,3.6197,6.0123,0.9973,1669.23,0.5991,721.00,5.9908,11.3482,11.1597,14.8144,17.0464
8,18000,100,1152,230,307.00,716.00,3.6197,6.0123,0.9966,1118.73,0.8939,767.00,8.9387,16.7203,16.6694,22.6904,25.9622
8,18000,100,1152,460,307.00,716.00,3.6197,6.0123,0.9987,1059.81,0.9436,770.00,9.4356,18.1015,17.7692,23.5543,26.1934
8,18000,100,1152,921,307.00,716.00,3.6197,6.0123,0.9991,1023.63,0.9769,750.00,9.7692,18.8972,18.5330,24.4411,28.1942
8,18000,100,1152,1152,307.00,716.00,3.6197,6.0123,0.9991,993.22,1.0068,767.00,10.0683,19.3131,19.0164,24.6318,28.7939
8,18000,100,1152,1728,307.00,716.00,3.6197,6.0123,0.9991,865.43,1.1555,750.00,11.5549,21.8899,21.6606,27.4707,29.9274
8,18000,100,1152,2304,307.00,716.00,3.6197,6.0123,0.9991,764.02,1.3089,767.00,13.0886,24.9177,24.6401,31.0481,34.8360
8,18000,200,18,3,300.00,717.00,4.2261,6.6163,0.5643,33180.59,0.0301,712.00,0.3014,0.4204,0.3934,0.7569,0.9957
8,18000,200,18,7,300.00,717.00,4.2261,6.6163,0.6747,35373.60,0.0283,713.00,0.2827,0.4008,0.3751,0.7129,0.9026
8,18000,200,18,14,300.00,717.00,4.2261,6.6163,0.7217,37330.96,0.0268,713.00,0.2679,0.3774,0.3547,0.6668,0.9027
8,18000,200,18,18,300.00,717.00,4.2261,6.6163,0.7310,37661.11,0.0266,713.00,0.2655,0.3664,0.3451,0.6363,0.8522
8,18000,200,18,27,300.00,717.00,4.2261,6.6163,0.7399,36909.27,0.0271,711.00,0.2709,0.3584,0.3349,0.6287,0.8276
8,18000,200,18,36,300.00,717.00,4.2261,6.6163,0.7424,36283.63,0.0276,712.00,0.2756,0.3629,0.3403,0.6328,0.8887
8,18000,200,36,7,300.00,717.00,4.2261,6.6163,0.7206,23243.86,0.0430,711.00,0.4302,0.6819,0.6518,1.1389,1.4774
8,18000,200,36,14,300.00,717.00,4.2261,6.6163,0.7962,22659.74,0.0441,715.00,0.4413,0.6965,0.6659,1.1318,1.4458
8,18000,200,36,28,300.00,717.00,4.2261,6.6163,0.8345,22967.65,0.0435,712.00,0.4354,0.7235,0.6861,1.1803,1.5455
8,18000,200,36,36,300.00,717.00,4.2261,6.6163,0.8399,23160.96,0.0432,710.00,0.4318,0.6857,0.6446,1.1457,1.6455
8,18000,200,36,54,300.00,717.00,4.2261,6.6163,0.8450,22914.85,0.0436,712.00,0.4364,0.6743,0.6404,1.0923,1.5972
8,18000,200,36,72,300.00,717.00,4.2261,6.6163,0.8463,22685.94,0.0441,712.00,0.4408,0.7036,0.6631,1.1515,1.6214
8,18000,200,72,14,300.00,717.00,4.2261,6.6163,0.8294,13054.89,0.0766,707.00,0.7660,1.3188,1.2619,2.0719,2.7065
8,18000,200,72,28,300.00,717.00,4.2261,6.6163,0.8919,12794.69,0.0782,713.00,0.7816,1.3415,1.2867,2.1079,2.8714
8,18000,200,72,57,300.00,717.00,4.2261,6.6163,0.9170,12809.65,0.0781,709.00,0.7807,1.3385,1.2828,2.0825,2.8263
8,18000,200,72,72,300.00,717.00,4.2261,6.6163,0.9201,12540.37,0.0797,712.00,0.7974,1.3842,1.3337,2.1121,2.6727
8,18000,200,72,108,300.00,717.00,4.2261,6.6163,0.9223,11956.34,0.0836,703.00,0.8364,1.4049,1.3479,2.1952,2.8503
8,18000,200,72,144,300.00,717.00,4.2261,6.6163,0.9226,12131.12,0.0824,719.00,0.8243,1.4184,1.3606,2.1838,2.6724
8,18000,200,144,28,300.00,717.00,4.2261,6.6163,0.9135,7243.45,0.1381,723.00,1.3806,2.4950,2.4275,3.6801,4.5960
8,18000,200,144,57,300.00,717.00,4.2261,6.6163,0.9545,6917.22,0.1446,725.00,1.4457,2.5631,2.4661,3.9265,5.1925
8,18000,200,144,115,300.00,717.00,4.2261,6.6163,0.9665,6930.56,0.1443,714.00,1.4429,2.6340,2.5610,3.8354,4.6450
8,18000,200,144,144,300.00,717.00,4.2261,6.6163,0.9674,6319.67,0.1582,714.00,1.5824,2.7127,2.6287,4.1535,5.2297
8,18000,200,144,216,300.00,717.00,4.2261,6.6163,0.9681,6710.65,0.1490,709.00,1.4902,2.6890,2.6301,3.9548,4.8092
8,18000,200,144,288,300.00,717.00,4.2261,6.6163,0.9682,6567.32,0.1523,712.00,1.5227,2.7701,2.6688,4.0149,5.3339
8,18000,200,288,57,300.00,717.00,4.2261,6.6163,0.9656,3864.91,0.2587,724.00,2.5874,4.8098,4.7134,6.7631,8.0705
8,18000,200,288,115,300.00,717.00,4.2261,6.6163,0.9854,3729.26,0.2681,716.00,2.6815,4.8811,4.7517,7.0896,9.0925
8,18000,200,288,230,300.00,717.00,4.2261,6.6163,0.9899,3644.28,0.2744,728.00,2.7440,5.0980,4.9995,7.0553,8.5418
8,18000,200,288,288,300.00,717.00,4.2261,6.6163,0.9901,3543.63,0.2822,725.00,2.8220,5.1400,4.9921,7.3542,8.9341
8,18000,200,288,432,300.00,717.00,4.2261,6.6163,0.9903,3560.88,0.2808,714.00,2.8083,5.2972,5.1773,7.2688,8.9358
8,18000,200,288,576,300.00,717.00,4.2261,6.6163,0.9903,3379.33,0.2959,708.00,2.9592,5.5760,5.4713,7.5071,8.6439
8,18000,200,576,115,300.00,717.00,4.2261,6.6163,0.9891,2138.50,0.4676,721.00,4.6762,8.9670,8.7894,12.1935,14.5386
8,18000,200,576,230,300.00,717.00,4.2261,6.6163,0.9964,2049.83,0.4878,739.00,4.8785,9.2777,9.0639,12.4062,15.0884
8,18000,200,576,460,300.00,717.00,4.2261,6.6163,0.9974,1957.81,0.5108,722.00,5.1078,9.6924,9.5236,12.9942,15.3989
8,18000,200,576,576,300.00,717.00,4.2261,6.6163,0.9975,1917.03,0.5216,728.00,5.2164,9.6792,9.4917,13.0901,16.6960
8,18000,200,576,864,300.00,717.00,4.2261,6.6163,0.9976,1850.52,0.5404,732.00,5.4039,10.2575,10.0397,13.8992,16.8745
8,18000,200,576,1152,300.00,717.00,4.2261,6.6163,0.9976,1750.35,0.5713,722.00,5.7131,11.0860,10.8874,14.4190,16.9794
8,18000,200,1152,230,300.00,717.00,4.2261,6.6163,0.9972,1188.59,0.8413,771.00,8.4133,16.0845,15.9012,22.2939,26.3123
8,18000,200,1152,460,300.00,717.00,4.2261,6.6163,0.9987,1077.98,0.9277,750.00,9.2766,17.9292,17.5367,23.7152,27.3542
8,18000,200,1152,921,300.00,717.00,4.2261,6.6163,0.9991,1014.49,0.9857,743.00,9.8572,18.7311,18.3315,24.7671,31.2235
8,18000,200,1152,1152,300.00,717.00,4.2261,6.6163,0.9992,1001.14,0.9989,740.00,9.9886,19.0499,18.6489,25.3194,29.5034
8,18000,200,1152,1728,300.00,717.00,4.2261,6.6163,0.9992,896.21,1.1158,753.00,11.1580,21.5828,21.2820,27.1848,31.4047
8,18000,200,1152,2304,300.00,717.00,4.2261,6.6163,0.9992,784.50,1.2747,759.00,12.7470,24.5894,24.2851,30.3136,34.0317
8,22000,40,22,4,288.00,715.00,5.6081,8.0032,0.5894,35362.27,0.0283,640.00,0.2828,0.4309,0.4175,0.7251,0.9081
8,22000,40,22,8,288.00,715.00,5.6081,8.0032,0.6751,36211.20,0.0276,650.00,0.2762,0.3843,0.3678,0.6656,0.8633
8,22000,40,22,17,288.00,715.00,5.6081,8.0032,0.7294,36535.96,0.0274,646.00,0.2737,0.3728,0.3517,0.6458,0.9168
8,22000,40,22,22,288.00,715.00,5.6081,8.0032,0.7379,35968.37,0.0278,648.00,0.2780,0.3671,0.3436,0.6503,0.8677
8,22000,40,22,33,288.00,715.00,5.6081,8.0032,0.7465,35496.91,0.0282,648.00,0.2817,0.3763,0.3519,0.6388,0.7921
8,22000,40,22,44,288.00,715.00,5.6081,8.0032,0.7505,35828.15,0.0279,649.00,0.2791,0.3761,0.3562,0.6344,0.8652
8,22000,40,44,8,288.00,715.00,5.6081,8.0032,0.7142,22026.55,0.0454,648.00,0.4540,0.7100,0.6865,1.1471,1.4725
8,22000,40,44,17,288.00,715.00,5.6081,8.0032,0.7999,21564.17,0.0464,644.00,0.4637,0.7104,0.6772,1.1897,1.4672
8,22000,40,44,35,288.00,715.00,5.6081,8.0032,0.8387,21157.42,0.0473,644.00,0.4726,0.7339,0.7075,1.2219,1.6020
8,22000,40,44,44,288.00,715.00,5.6081,8.0032,0.8450,22092.79,0.0453,648.00,0.4526,0.7275,0.7152,1.1224,1.3754
8,22000,40,44,66,288.00,715.00,5.6081,8.0032,0.8500,21129.20,0.0473,644.00,0.4733,0.7356,0.7082,1.1835,1.4798
8,22000,40,44,88,288.00,715.00,5.6081,8.0032,0.8514,21240.46,0.0471,644.00,0.4708,0.7643,0.7259,1.2225,1.6744
8,22000,40,88,17,288.00,715.00,5.6081,8.0032,0.8298,11503.37,0.0869,644.00,0.8693,1.3843,1.3818,2.2127,2.7159
8,22000,40,88,35,288.00,715.00,5.6081,8.0032,0.8933,11310.24,0.0884,644.00,0.8842,1.4016,1.3920,2.3785,2.8946
8,22000,40,88,70,288.00,715.00,5.6081,8.0032,0.9191,11768.93,0.0850,648.00,0.8497,1.4244,1.4157,2.1306,2.5587
8,22000,40,88,88,288.00,715.00,5.6081,8.0032,0.9220,12541.11,0.0797,645.00,0.7974,1.3601,1.3227,2.0776,2.6852
8,22000,40,88,132,288.00,715.00,5.6081,8.0032,0.9245,12706.99,0.0787,649.00,0.7870,1.3605,1.3284,1.9944,2.6892
8,22000,40,88,176,288.00,715.00,5.6081,8.0032,0.9251,12177.77,0.0821,648.00,0.8212,1.4156,1.3744,2.1094,2.7798
8,22000,40,176,35,288.00,715.00,5.6081,8.0032,0.9116,6806.62,0.1469,649.00,1.4692,2.5676,2.4966,3.8043,5.3197
8,22000,40,176,70,288.00,715.00,5.6081,8.0032,0.9537,6971.67,0.1434,648.00,1.4344,2.5989,2.5562,3.7210,4.6175
8,22000,40,176,140,288.00,715.00,5.6081,8.0032,0.9672,6903.27,0.1449,645.00,1.4486,2.6530,2.6049,3.7412,4.4922
8,22000,40,176,176,288.00,715.00,5.6081,8.0032,0.9685,6870.81,0.1455,645.00,1.4554,2.6518,2.6104,3.7436,4.4590
8,22000,40,176,264,288.00,715.00,5.6081,8.0032,0.9696,6667.15,0.1500,649.00,1.4999,2.7393,2.7030,3.7973,4.5412
8,22000,40,176,352,288.00,715.00,5.6081,8.0032,0.9698,6442.42,0.1552,648.00,1.5522,2.7919,2.7211,3.8736,5.6675
8,22000,40,352,70,288.00,715.00,5.6081,8.0032,0.9625,3692.32,0.2708,655.00,2.7083,4.9217,4.8898,6.8654,8.0761
8,22000,40,352,140,288.00,715.00,5.6081,8.0032,0.9841,3646.51,0.2742,661.00,2.7424,5.0389,4.9869,6.9211,8.0258
8,22000,40,352,281,288.00,715.00,5.6081,8.0032,0.9895,3662.22,0.2731,672.00,2.7306,5.0311,4.9121,6.8010,9.8251
8,22000,40,352,352,288.00,715.00,5.6081,8.0032,0.9901,3627.59,0.2757,665.00,2.7566,5.0532,4.9888,6.9005,8.4365
8,22000,40,352,528,288.00,715.00,5.6081,8.0032,0.9903,3524.33,0.2837,672.00,2.8374,5.3187,5.2402,7.0950,8.6739
8,22000,40,352,704,288.00,715.00,5.6081,8.0032,0.9904,3347.03,0.2988,660.00,2.9877,5.6752,5.6092,7.3640,8.6663
8,22000,40,704,140,288.00,715.00,5.6081,8.0032,0.9869,2100.63,0.4760,697.00,4.7605,8.9103,8.8765,12.4557,15.0511
8,22000,40,704,281,288.00,715.00,5.6081,8.0032,0.9954,1973.56,0.5067,682.00,5.0670,9.6833,9.5173,12.7690,14.7341
8,22000,40,704,563,288.00,715.00,5.6081,8.0032,0.9973,1917.06,0.5216,679.00,5.2163,9.8494,9.6591,13.0534,16.7461
8,22000,40,704,704,288.00,715.00,5.6081,8.0032,0.9974,1865.60,0.5360,686.00,5.3602,10.0229,9.8371,13.2984,17.1068
8,22000,40,704,1056,288.00,715.00,5.6081,8.0032,0.9975,1739.59,0.5748,703.00,5.7485,10.9136,10.7770,14.0539,15.8807
8,22000,40,704,1408,288.00,715.00,5.6081,8.0032,0.9975,1570.96,0.6366,691.00,6.3655,12.2606,12.1601,15.0720,16.7791
8,22000,40,1408,281,288.00,715.00,5.6081,8.0032,0.9959,1143.80,0.8743,753.00,8.7428,16.3307,16.6155,22.2134,25.4120
8,22000,40,1408,563,288.00,715.00,5.6081,8.0032,0.9984,1012.26,0.9879,750.00,9.8789,18.7456,18.4972,24.0378,27.4326
8,22000,40,1408,1126,288.00,715.00,5.6081,8.0032,0.9987,969.98,1.0310,762.00,10.3095,19.8303,19.4791,25.1456,28.7335
8,22000,40,1408,1408,288.00,715.00,5.6081,8.0032,0.9988,919.05,1.0881,746.00,10.8807,20.6899,20.5466,25.7326,28.4343
8,22000,40,1408,2112,288.00,715.00,5.6081,8.0032,0.9990,793.99,1.2595,762.00,12.5946,24.0004,23.9225,29.0848,31.8543
8,22000,40,1408,2816,288.00,715.00,5.6081,8.0032,0.9990,674.28,1.4831,761.00,14.8306,28.5296,28.3889,33.6299,36.3645
8,22000,100,22,4,289.00,717.00,5.2852,7.7279,0.6053,33254.01,0.0301,659.00,0.3007,0.4201,0.3948,0.7592,1.0313
8,22000,100,22,8,289.00,717.00,5.2852,7.7279,0.6889,36116.32,0.0277,660.00,0.2769,0.3998,0.3822,0.6856,0.8790
8,22000,100,22,17,289.00,717.00,5.2852,7.7279,0.7378,35781.64,0.0279,662.00,0.2795,0.3779,0.3536,0.6520,0.9036
8,22000,100,22,22,289.00,717.00,5.2852,7.7279,0.7460,36941.57,0.0271,664.00,0.2707,0.3790,0.3599,0.6414,0.8173
8,22000,100,22,33,289.00,717.00,5.2852,7.7279,0.7536,35573.09,0.0281,663.00,0.2811,0.3715,0.3491,0.6381,0.8138
8,22000,100,22,44,289.00,717.00,5.2852,7.7279,0.7565,33689.38,0.0297,665.00,0.2968,0.3632,0.3331,0.6372,0.9052
8,22000,100,44,8,289.00,717.00,5.2852,7.7279,0.7302,23437.16,0.0427,669.00,0.4267,0.6894,0.6647,1.1102,1.3797
8,22000,100,44,17,289.00,717.00,5.2852,7.7279,0.8081,22369.93,0.0447,661.00,0.4470,0.7012,0.6730,1.1465,1.4805
8,22000,100,44,35,289.00,717.00,5.2852,7.7279,0.8453,22478.04,0.0445,660.00,0.4449,0.7049,0.6838,1.1287,1.4008
8,22000,100,44,44,289.00,717.00,5.2852,7.7279,0.8503,22689.91,0.0441,659.00,0.4407,0.6884,0.6573,1.1249,1.4135
8,22000,100,44,66,289.00,717.00,5.2852,7.7279,0.8543,23070.53,0.0433,658.00,0.4335,0.7164,0.6914,1.1386,1.3960
8,22000,100,44,88,289.00,717.00,5.2852,7.7279,0.8554,22005.50,0.0454,661.00,0.4544,0.7208,0.6990,1.1058,1.3413
8,22000,100,88,17,289.00,717.00,5.2852,7.7279,0.8407,13204.74,0.0757,661.00,0.7573,1.3117,1.2684,2.0465,2.7179
8,22000,100,88,35,289.00,717.00,5.2852,7.7279,0.9015,12858.02,0.0778,664.00,0.7777,1.3484,1.3023,2.0792,2.8743
8,22000,100,88,70,289.00,717.00,5.2852,7.7279,0.9241,12614.06,0.0793,668.00,0.7928,1.3799,1.3418,2.1208,2.6625
8,22000,100,88,88,289.00,717.00,5.2852,7.7279,0.9266,12862.73,0.0777,665.00,0.7774,1.3767,1.3384,2.0560,2.4971
8,22000,100,88,132,289.00,717.00,5.2852,7.7279,0.9284,12811.95,0.0781,664.00,0.7805,1.3800,1.3464,2.0485,2.5775
8,22000,100,88,176,289.00,717.00,5.2852,7.7279,0.9291,12305.31,0.0813,662.00,0.8127,1.4327,1.4002,2.0945,2.6301
8,22000,100,176,35,289.00,717.00,5.2852,7.7279,0.9216,7129.51,0.1403,666.00,1.4026,2.5705,2.5166,3.7025,4.4484
8,22000,100,176,70,289.00,717.00,5.2852,7.7279,0.9590,6981.43,0.1432,660.00,1.4324,2.6414,2.5874,3.7855,4.6670
8,22000,100,176,140,289.00,717.00,5.2852,7.7279,0.9701,6814.81,0.1467,665.00,1.4674,2.6448,2.5699,3.8435,4.9237
8,22000,100,176,176,289.00,717.00,5.2852,7.7279,0.9710,6885.23,0.1452,669.00,1.4524,2.6756,2.6250,3.7532,4.4159
8,22000,100,176,264,289.00,717.00,5.2852,7.7279,0.9716,6646.33,0.1505,670.00,1.5046,2.7716,2.7151,3.8973,4.6109
8,22000,100,176,352,289.00,717.00,5.2852,7.7279,0.9718,6454.38,0.1549,664.00,1.5493,2.8266,2.7441,3.9157,5.7682
8,22000,100,352,70,289.00,717.00,5.2852,7.7279,0.9687,3800.98,0.2631,670.00,2.6309,4.8971,4.8293,6.7751,8.0234
8,22000,100,352,140,289.00,717.00,5.2852,7.7279,0.9865,3707.31,0.2697,667.00,2.6974,5.0553,4.9740,6.8814,8.0165
8,22000,100,352,281,289.00,717.00,5.2852,7.7279,0.9910,3485.00,0.2869,667.00,2.8694,5.1588,4.9953,7.3506,10.4750
8,22000,100,352,352,289.00,717.00,5.2852,7.7279,0.9915,3568.54,0.2802,673.00,2.8023,5.2609,5.1933,7.1522,8.2840
8,22000,100,352,528,289.00,717.00,5.2852,7.7279,0.9917,3495.82,0.2861,689.00,2.8606,5.4084,5.2686,7.2986,9.5472
8,22000,100,352,704,289.00,717.00,5.2852,7.7279,0.9918,3285.87,0.3043,670.00,3.0433,5.8066,5.7029,7.7514,9.0004
8,22000,100,704,140,289.00,717.00,5.2852,7.7279,0.9897,2003.38,0.4992,689.00,4.9916,9.4146,9.3484,12.7357,14.8104
8,22000,100,704,281,289.00,717.00,5.2852,7.7279,0.9962,1956.93,0.5110,705.00,5.1101,9.6448,9.3523,13.3760,16.7897
8,22000,100,704,563,289.00,717.00,5.2852,7.7279,0.9977,1917.86,0.5214,711.00,5.2141,10.0955,9.9097,13.1575,15.0759
8,22000,100,704,704,289.00,717.00,5.2852,7.7279,0.9978,1854.44,0.5392,693.00,5.3924,10.2277,10.0620,13.4098,15.4899
8,22000,100,704,1056,289.00,717.00,5.2852,7.7279,0.9978,1675.42,0.5969,694.00,5.9687,11.2383,11.1856,14.2186,16.1118
8,22000,100,704,1408,289.00,717.00,5.2852,7.7279,0.9978,1550.06,0.6451,697.00,6.4513,12.3487,12.1117,15.7929,19.7094
8,22000,100,1408,281,289.00,717.00,5.2852,7.7279,0.9968,1138.68,0.8782,764.00,8.7821,16.7885,16.9836,22.6346,25.1391
8,22000,100,1408,563,289.00,717.00,5.2852,7.7279,0.9989,1009.07,0.9910,760.00,9.9101,18.8954,18.6487,24.1976,27.0538
8,22000,100,1408,1126,289.00,717.00,5.2852,7.7279,0.9991,937.14,1.0671,748.00,10.6707,20.2075,19.9507,25.9587,30.4984
8,22000,100,1408,1408,289.00,717.00,5.2852,7.7279,0.9992,936.35,1.0680,759.00,10.6797,20.6298,20.4243,25.6846,28.0546
8,22000,100,1408,2112,289.00,717.00,5.2852,7.7279,0.9992,791.85,1.2629,751.00,12.6286,24.2801,24.0787,29.6244,32.2378
8,22000,100,1408,2816,289.00,717.00,5.2852,7.7279,0.9992,690.33,1.4486,758.00,14.4858,28.3560,27.8437,34.9879,38.6779
8,22000,200,22,4,286.00,714.00,5.8262,8.2505,0.6080,32894.18,0.0304,633.00,0.3040,0.4557,0.4385,0.7816,0.9943
8,22000,200,22,8,286.00,714.00,5.8262,8.2505,0.6925,35874.77,0.0279,636.00,0.2787,0.4086,0.3845,0.7145,0.9995
8,22000,200,22,17,286.00,714.00,5.8262,8.2505,0.7413,35264.25,0.0284,637.00,0.2836,0.3967,0.3722,0.6961,0.9422
8,22000,200,22,22,286.00,714.00,5.8262,8.2505,0.7491,35165.29,0.0284,634.00,0.2844,0.3860,0.3622,0.6745,0.9206
8,22000,200,22,33,286.00,714.00,5.8262,8.2505,0.7568,35756.75,0.0280,637.00,0.2797,0.3875,0.3621,0.6718,0.9110
8,22000,200,22,44,286.00,714.00,5.8262,8.2505,0.7594,36420.92,0.0275,639.00,0.2746,0.3928,0.3732,0.6561,0.8327
8,22000,200,44,8,286.00,714.00,5.8262,8.2505,0.7339,21926.05,0.0456,631.00,0.4561,0.7315,0.7117,1.1932,1.5000
8,22000,200,44,17,286.00,714.00,5.8262,8.2505,0.8122,22031.48,0.0454,639.00,0.4539,0.7408,0.7131,1.1855,1.4690
8,22000,200,44,35,286.00,714.00,5.8262,8.2505,0.8483,20809.88,0.0481,640.00,0.4805,0.7401,0.6899,1.2639,1.6834
8,22000,200,44,44,286.00,714.00,5.8262,8.2505,0.8535,21719.92,0.0460,635.00,0.4604,0.7307,0.7015,1.1748,1.4625
8,22000,200,44,66,286.00,714.00,5.8262,8.2505,0.8582,20900.51,0.0478,636.00,0.4785,0.7464,0.7102,1.2191,1.4974
8,22000,200,44,88,286.00,714.00,5.8262,8.2505,0.8589,21135.01,0.0473,640.00,0.4731,0.7597,0.7284,1.2203,1.5543
8,22000,200,88,17,286.00,714.00,5.8262,8.2505,0.8433,12380.25,0.0808,648.00,0.8077,1.3897,1.3483,2.1535,2.6864
8,22000,200,88,35,286.00,714.00,5.8262,8.2505,0.9035,12596.07,0.0794,644.00,0.7939,1.3899,1.3508,2.1097,2.6042
8,22000,200,88,70,286.00,714.00,5.8262,8.2505,0.9257,12380.59,0.0808,635.00,0.8077,1.4141,1.3762,2.1302,2.5980
8,22000,200,88,88,286.00,714.00,5.8262,8.2505,0.9277,12293.95,0.0813,643.00,0.8134,1.4405,1.4000,2.1606,2.6749
8,22000,200,88,132,286.00,714.00,5.8262,8.2505,0.9294,12085.92,0.0827,643.00,0.8274,1.4668,1.4316,2.1781,2.6528
8,22000,200,88,176,286.00,714.00,5.8262,8.2505,0.9299,11384.82,0.0878,636.00,0.8784,1.5090,1.4603,2.2715,3.0261
8,22000,200,176,35,286.00,714.00,5.8262,8.2505,0.9238,7186.88,0.1391,643.00,1.3914,2.5838,2.5267,3.7865,4.6340
8,22000,200,176,70,286.00,714.00,5.8262,8.2505,0.9599,6961.25,0.1437,645.00,1.4365,2.6894,2.6324,3.8188,4.5837
8,22000,200,176,140,286.00,714.00,5.8262,8.2505,0.9701,6822.09,0.1466,638.00,1.4658,2.6830,2.6434,3.8702,4.5747
8,22000,200,176,176,286.00,714.00,5.8262,8.2505,0.9711,6871.57,0.1455,645.00,1.4553,2.7308,2.6731,3.8298,4.5962
8,22000,200,176,264,286.00,714.00,5.8262,8.2505,0.9719,6492.22,0.1540,641.00,1.5403,2.8014,2.7173,3.9818,5.6916
8,22000,200,176,352,286.00,714.00,5.8262,8.2505,0.9720,6235.24,0.1604,645.00,1.6038,2.9534,2.9023,4.1310,4.9097
8,22000,200,352,70,286.00,714.00,5.8262,8.2505,0.9698,3807.20,0.2627,665.00,2.6266,4.9989,4.8969,6.9910,8.7409
8,22000,200,352,140,286.00,714.00,5.8262,8.2505,0.9869,3610.20,0.2770,655.00,2.7699,5.1377,5.0121,7.2548,9.1068
8,22000,200,352,281,286.00,714.00,5.8262,8.2505,0.9910,3585.63,0.2789,668.00,2.7889,5.3205,5.2472,7.1971,8.4420
8,22000,200,352,352,286.00,714.00,5.8262,8.2505,0.9912,3513.39,0.2846,664.00,2.8463,5.3401,5.2752,7.2334,8.3958
8,22000,200,352,528,286.00,714.00,5.8262,8.2505,0.9913,3370.86,0.2967,656.00,2.9666,5.6664,5.5692,7.5431,8.8468
8,22000,200,352,704,286.00,714.00,5.8262,8.2505,0.9914,3115.77,0.3209,651.00,3.2095,6.0598,5.9768,7.9629,9.2278
8,22000,200,704,140,286.00,714.00,5.8262,8.2505,0.9903,1981.01,0.5048,691.00,5.0479,9.5493,9.4584,12.9328,15.0139
8,22000,200,704,281,286.00,714.00,5.8262,8.2505,0.9964,1881.64,0.5315,683.00,5.3145,10.0757,9.9665,13.2947,15.2959
8,22000,200,704,563,286.00,714.00,5.8262,8.2505,0.9974,1856.71,0.5386,678.00,5.3859,10.2614,10.0413,13.6019,15.6223
8,22000,200,704,704,286.00,714.00,5.8262,8.2505,0.9975,1818.64,0.5499,687.00,5.4986,10.5359,10.3772,13.6354,15.7125
8,22000,200,704,1056,286.00,714.00,5.8262,8.2505,0.9976,1657.29,0.6034,688.00,6.0340,11.3802,11.1057,15.0468,19.4449
8,22000,200,704,1408,286.00,714.00,5.8262,8.2505,0.9977,1492.32,0.6701,687.00,6.7010,12.7852,12.6392,15.9660,17.8338
8,22000,200,1408,281,286.00,714.00,5.8262,8.2505,0.9973,1089.49,0.9179,764.00,9.1786,17.2864,17.2762,23.4868,26.5262
8,22000,200,1408,563,286.00,714.00,5.8262,8.2505,0.9989,973.25,1.0275,741.00,10.2749,19.4987,19.3081,24.9466,27.9311
8,22000,200,1408,1126,286.00,714.00,5.8262,8.2505,0.9991,912.46,1.0959,757.00,10.9594,20.7911,20.6207,25.9763,28.8633
8,22000,200,1408,1408,286.00,714.00,5.8262,8.2505,0.9992,894.15,1.1184,742.00,11.1839,21.0639,20.7528,27.5245,31.4646
8,22000,200,1408,2112,286.00,714.00,5.8262,8.2505,0.9992,780.38,1.2814,756.00,12.8143,24.6075,24.3409,30.6332,33.4434
8,22000,200,1408,2816,286.00,714.00,5.8262,8.2505,0.9992,651.64,1.5346,741.00,15.3458,29.3388,29.0663,36.0836,40.1817
8,26000,40,26,5,274.00,716.00,8.0091,10.4397,0.6169,33026.48,0.0303,650.00,0.3028,0.4481,0.4269,0.7701,0.9912
8,26000,40,26,10,274.00,716.00,8.0091,10.4397,0.6989,35225.32,0.0284,648.00,0.2839,0.4221,0.4038,0.7126,0.8906
8,26000,40,26,20,274.00,716.00,8.0091,10.4397,0.7423,34736.03,0.0288,655.00,0.2879,0.4177,0.4005,0.6947,0.8840
8,26000,40,26,26,274.00,716.00,8.0091,10.4397,0.7520,35010.06,0.0286,644.00,0.2856,0.3950,0.3750,0.6632,0.8714
8,26000,40,26,39,274.00,716.00,8.0091,10.4397,0.7600,34683.84,0.0288,647.00,0.2883,0.3916,0.3709,0.6531,0.8056
8,26000,40,26,52,274.00,716.00,8.0091,10.4397,0.7628,34716.02,0.0288,646.00,0.2881,0.3920,0.3723,0.6524,0.8225
8,26000,40,52,10,274.00,716.00,8.0091,10.4397,0.7378,21627.25,0.0462,651.00,0.4624,0.7469,0.7282,1.1779,1.4078
8,26000,40,52,20,274.00,716.00,8.0091,10.4397,0.8087,21193.00,0.0472,646.00,0.4719,0.7544,0.7353,1.2053,1.5673
8,26000,40,52,41,274.00,716.00,8.0091,10.4397,0.8466,22124.89,0.0452,654.00,0.4520,0.7247,0.7106,1.1256,1.3661
8,26000,40,52,52,274.00,716.00,8.0091,10.4397,0.8518,22024.92,0.0454,646.00,0.4540,0.7241,0.7050,1.1365,1.5001
8,26000,40,52,78,274.00,716.00,8.0091,10.4397,0.8569,21306.69,0.0469,645.00,0.4693,0.7480,0.7237,1.1587,1.4592
8,26000,40,52,104,274.00,716.00,8.0091,10.4397,0.8582,21391.19,0.0467,648.00,0.4675,0.7672,0.7507,1.1582,1.3629
8,26000,40,104,20,274.00,716.00,8.0091,10.4397,0.8369,12447.80,0.0803,648.00,0.8034,1.3665,1.3306,2.0673,2.8934
8,26000,40,104,41,274.00,716.00,8.0091,10.4397,0.8995,12295.46,0.0813,651.00,0.8133,1.4295,1.4037,2.0834,2.5482
8,26000,40,104,83,274.00,716.00,8.0091,10.4397,0.9232,11923.21,0.0839,651.00,0.8387,1.4155,1.3829,2.0928,2.7042
8,26000,40,104,104,274.00,716.00,8.0091,10.4397,0.9261,12217.70,0.0818,650.00,0.8185,1.4465,1.4206,2.1206,2.5957
8,26000,40,104,156,274.00,716.00,8.0091,10.4397,0.9292,12170.01,0.0822,643.00,0.8217,1.4741,1.4463,2.1343,2.5667
8,26000,40,104,208,274.00,716.00,8.0091,10.4397,0.9294,11654.91,0.0858,650.00,0.8580,1.5033,1.4718,2.2030,2.8307
8,26000,40,208,41,274.00,716.00,8.0091,10.4397,0.9162,6665.86,0.1500,652.00,1.5002,2.7228,2.6965,3.8248,4.4396
8,26000,40,208,83,274.00,716.00,8.0091,10.4397,0.9560,6613.19,0.1512,650.00,1.5121,2.7650,2.7227,3.8885,4.6409
8,26000,40,208,166,274.00,716.00,8.0091,10.4397,0.9690,6486.08,0.1542,651.00,1.5418,2.7500,2.6863,3.9134,5.3905
8,26000,40,208,208,274.00,716.00,8.0091,10.4397,0.9699,6433.86,0.1554,647.00,1.5543,2.7995,2.7656,3.9255,4.6367
8,26000,40,208,312,274.00,716.00,8.0091,10.4397,0.9709,6256.90,0.1598,654.00,1.5982,2.9203,2.8953,3.9919,4.7726
8,26000,40,208,416,274.00,716.00,8.0091,10.4397,0.9710,5943.45,0.1683,649.00,1.6825,3.0463,2.9754,4.2645,5.5182
8,26000,40,416,83,274.00,716.00,8.0091,10.4397,0.9645,3564.11,0.2806,658.00,2.8057,5.2040,5.1835,7.2760,8.7021
8,26000,40,416,166,274.00,716.00,8.0091,10.4397,0.9846,3444.80,0.2903,659.00,2.9029,5.3738,5.3087,7.3633,8.7019
8,26000,40,416,332,274.00,716.00,8.0091,10.4397,0.9894,3352.80,0.2983,658.00,2.9826,5.5149,5.4569,7.4433,8.5405
8,26000,40,416,416,274.00,716.00,8.0091,10.4397,0.9899,3425.84,0.2919,671.00,2.9190,5.4744,5.4137,7.2917,8.5464
8,26000,40,416,624,274.00,716.00,8.0091,10.4397,0.9905,3346.23,0.2988,656.00,2.9884,5.7171,5.6584,7.4694,8.5711
8,26000,40,416,832,274.00,716.00,8.0091,10.4397,0.9906,3073.70,0.3253,665.00,3.2534,6.2008,6.1271,8.0451,9.4773
8,26000,40,832,166,274.00,716.00,8.0091,10.4397,0.9871,1986.70,0.5033,695.00,5.0335,9.5506,9.6576,13.0049,15.2626
8,26000,40,832,332,274.00,716.00,8.0091,10.4397,0.9943,1845.26,0.5419,701.00,5.4193,10.2945,10.1724,13.7216,15.3848
8,26000,40,832,665,274.00,716.00,8.0091,10.4397,0.9961,1786.13,0.5599,694.00,5.5987,10.6525,10.5999,13.6452,15.5675
8,26000,40,832,832,274.00,716.00,8.0091,10.4397,0.9962,1734.30,0.5766,708.00,5.7660,10.9889,10.9945,13.9023,15.2813
8,26000,40,832,1248,274.00,716.00,8.0091,10.4397,0.9963,1553.20,0.6438,693.00,6.4383,12.2017,12.1357,15.3333,16.8388
8,26000,40,832,1664,274.00,716.00,8.0091,10.4397,0.9963,1413.74,0.7073,708.00,7.0734,13.6236,13.3452,17.5145,19.9506
8,26000,40,1664,332,274.00,716.00,8.0091,10.4397,0.9949,1120.69,0.8923,779.00,8.9230,16.8991,17.2623,23.4518,27.0445
8,26000,40,1664,665,274.00,716.00,8.0091,10.4397,0.9972,959.33,1.0424,798.00,10.4239,19.6407,19.3998,25.6367,32.1182
8,26000,40,1664,1331,274.00,716.00,8.0091,10.4397,0.9976,888.26,1.1258,802.00,11.2580,21.7020,21.6239,26.7749,29.7961
8,26000,40,1664,1664,274.00,716.00,8.0091,10.4397,0.9976,856.23,1.1679,802.00,11.6791,22.2186,22.1760,27.4348,30.0770
8,26000,40,1664,2496,274.00,716.00,8.0091,10.4397,0.9978,705.73,1.4170,785.00,14.1698,27.0434,26.9221,32.3496,35.4266
8,26000,40,1664,3328,274.00,716.00,8.0091,10.4397,0.9980,581.04,1.7211,811.00,17.2107,33.2093,33.0432,38.9104,42.1383
8,26000,100,26,5,365.00,716.00,7.2123,9.6830,0.6314,33603.14,0.0298,652.00,0.2976,0.4523,0.4354,0.7663,0.9700
8,26000,100,26,10,365.00,716.00,7.2123,9.6830,0.7106,35232.38,0.0284,652.00,0.2838,0.4211,0.4024,0.7024,0.8756
8,26000,100,26,20,365.00,716.00,7.2123,9.6830,0.7525,32801.63,0.0305,655.00,0.3049,0.4299,0.4093,0.7098,0.9112
8,26000,100,26,26,365.00,716.00,7.2123,9.6830,0.7602,34086.44,0.0293,655.00,0.2934,0.3995,0.3795,0.6722,0.8769
8,26000,100,26,39,365.00,716.00,7.2123,9.6830,0.7675,35484.06,0.0282,663.00,0.2818,0.4074,0.3910,0.6584,0.8195
8,26000,100,26,52,365.00,716.00,7.2123,9.6830,0.7693,34406.13,0.0291,652.00,0.2906,0.4093,0.3882,0.6745,0.8233
8,26000,100,52,10,365.00,716.00,7.2123,9.6830,0.7515,21524.16,0.0465,653.00,0.4646,0.7385,0.7212,1.1628,1.3898
8,26000,100,52,20,365.00,716.00,7.2123,9.6830,0.8210,21050.59,0.0475,647.00,0.4750,0.7662,0.7419,1.2018,1.5704
8,26000,100,52,41,365.00,716.00,7.2123,9.6830,0.8562,21298.35,0.0470,653.00,0.4695,0.7718,0.7579,1.1692,1.3940
8,26000,100,52,52,365.00,716.00,7.2123,9.6830,0.8609,21332.57,0.0469,654.00,0.4688,0.7326,0.7082,1.1752,1.4220
8,26000,100,52,78,365.00,716.00,7.2123,9.6830,0.8651,21647.86,0.0462,652.00,0.4619,0.7582,0.7415,1.1585,1.3992
8,26000,100,52,104,365.00,716.00,7.2123,9.6830,0.8657,21238.47,0.0471,655.00,0.4708,0.7678,0.7451,1.1757,1.3859
8,26000,100,104,20,365.00,716.00,7.2123,9.6830,0.8507,12945.57,0.0772,651.00,0.7725,1.3552,1.3147,2.0785,2.7506
8,26000,100,104,41,365.00,716.00,7.2123,9.6830,0.9101,12443.34,0.0804,661.00,0.8036,1.4086,1.3646,2.1389,2.8287
8,26000,100,104,83,365.00,716.00,7.2123,9.6830,0.9310,12384.08,0.0807,652.00,0.8075,1.4181,1.3810,2.1361,2.8415
8,26000,100,104,104,365.00,716.00,7.2123,9.6830,0.9328,12268.77,0.0815,653.00,0.8151,1.4484,1.4259,2.0915,2.4859
8,26000,100,104,156,365.00,716.00,7.2123,9.6830,0.9341,11938.42,0.0838,651.00,0.8376,1.4604,1.4267,2.1298,2.8125
8,26000,100,104,208,365.00,716.00,7.2123,9.6830,0.9348,11588.85,0.0863,650.00,0.8629,1.5194,1.4977,2.1751,2.5498
8,26000,100,208,41,365.00,716.00,7.2123,9.6830,0.9281,6916.95,0.1446,654.00,1.4457,2.6402,2.6145,3.7372,4.4988
8,26000,100,208,83,365.00,716.00,7.2123,9.6830,0.9634,6464.45,0.1547,656.00,1.5469,2.8044,2.7728,3.9345,4.6327
8,26000,100,208,166,365.00,716.00,7.2123,9.6830,0.9727,6470.42,0.1545,652.00,1.5455,2.8371,2.7933,3.9074,4.4884
8,26000,100,208,208,365.00,716.00,7.2123,9.6830,0.9739,6332.44,0.1579,667.00,1.5792,2.8617,2.8268,3.9752,4.6665
8,26000,100,208,312,365.00,716.00,7.2123,9.6830,0.9743,6130.63,0.1631,661.00,1.6312,2.9663,2.9275,4.0877,4.7884
8,26000,100,208,416,365.00,716.00,7.2123,9.6830,0.9743,5810.46,0.1721,659.00,1.7210,3.1226,3.0637,4.2880,5.1077
8,26000,100,416,83,365.00,716.00,7.2123,9.6830,0.9721,3522.59,0.2839,674.00,2.8388,5.1381,5.0668,7.1547,8.8090
8,26000,100,416,166,365.00,716.00,7.2123,9.6830,0.9880,3552.68,0.2815,660.00,2.8148,5.2559,5.1522,7.2296,9.0111
8,26000,100,416,332,365.00,716.00,7.2123,9.6830,0.9917,3346.04,0.2989,662.00,2.9886,5.5540,5.5063,7.3882,8.3676
8,26000,100,416,416,365.00,716.00,7.2123,9.6830,0.9918,3388.06,0.2952,665.00,2.9515,5.5702,5.5013,7.3597,8.3531
8,26000,100,416,624,365.00,716.00,7.2123,9.6830,0.9920,3216.52,0.3109,660.00,3.1089,5.9071,5.8247,7.9221,9.3333
8,26000,100,416,832,365.00,716.00,7.2123,9.6830,0.9920,2924.18,0.3420,669.00,3.4198,6.3421,6.2008,8.5315,10.4768
8,26000,100,832,166,365.00,716.00,7.2123,9.6830,0.9909,1921.17,0.5205,704.00,5.2052,9.7711,9.7536,13.1231,14.7551
8,26000,100,832,332,365.00,716.00,7.2123,9.6830,0.9967,1791.72,0.5581,692.00,5.5812,10.4668,10.3762,13.8055,15.7136
8,26000,100,832,665,365.00,716.00,7.2123,9.6830,0.9977,1718.25,0.5820,707.00,5.8199,10.8323,10.6419,14.6502,17.1316
8,26000,100,832,832,365.00,716.00,7.2123,9.6830,0.9978,1696.93,0.5893,699.00,5.8930,11.0037,10.8399,14.6612,16.8692
8,26000,100,832,1248,365.00,716.00,7.2123,9.6830,0.9978,1554.92,0.6431,711.00,6.4312,12.3092,12.1921,15.5679,17.7281
8,26000,100,832,1664,365.00,716.00,7.2123,9.6830,0.9979,1347.91,0.7419,709.00,7.4189,14.0404,13.8866,17.4973,19.7280
8,26000,100,1664,332,365.00,716.00,7.2123,9.6830,0.9974,1058.64,0.9446,789.00,9.4461,17.6628,17.8673,23.7008,26.6404
8,26000,100,1664,665,365.00,716.00,7.2123,9.6830,0.9987,925.55,1.0804,785.00,10.8044,20.3398,20.1594,25.9918,28.9869
8,26000,100,1664,1331,365.00,716.00,7.2123,9.6830,0.9990,868.69,1.1512,796.00,11.5116,22.0038,21.8549,27.4293,30.2201
8,26000,100,1664,1664,365.00,716.00,7.2123,9.6830,0.9990,838.56,1.1925,804.00,11.9253,22.6509,22.5514,27.9127,30.1435
8,26000,100,1664,2496,365.00,716.00,7.2123,9.6830,0.9991,696.96,1.4348,813.00,14.3480,27.2483,26.9650,33.9215,38.7464
8,26000,100,1664,3328,365.00,716.00,7.2123,9.6830,0.9991,568.76,1.7582,813.00,17.5821,33.8432,33.5803,40.3137,44.6514
8,26000,200,26,5,365.00,719.00,7.7458,10.2182,0.6361,32365.72,0.0309,597.00,0.3090,0.4704,0.4448,0.8151,1.1446
8,26000,200,26,10,365.00,719.00,7.7458,10.2182,0.7141,33964.66,0.0294,601.00,0.2944,0.4338,0.4125,0.7452,1.0264
8,26000,200,26,20,365.00,719.00,7.7458,10.2182,0.7559,33693.83,0.0297,595.00,0.2968,0.4169,0.3949,0.7145,0.9656
8,26000,200,26,26,365.00,719.00,7.7458,10.2182,0.7636,34504.45,0.0290,597.00,0.2898,0.4082,0.3881,0.6913,0.9152
8,26000,200,26,39,365.00,719.00,7.7458,10.2182,0.7709,34553.92,0.0289,598.00,0.2894,0.4159,0.3929,0.7053,0.9297
8,26000,200,26,52,365.00,719.00,7.7458,10.2182,0.7730,33564.38,0.0298,611.00,0.2979,0.4468,0.4305,0.7105,0.8735
8,26000,200,52,10,365.00,719.00,7.7458,10.2182,0.7556,21254.69,0.0470,600.00,0.4705,0.7631,0.7467,1.2025,1.4775
8,26000,200,52,20,365.00,719.00,7.7458,10.2182,0.8258,20084.74,0.0498,598.00,0.4979,0.7851,0.7527,1.2764,1.6670
8,26000,200,52,41,365.00,719.00,7.7458,10.2182,0.8592,20774.58,0.0481,599.00,0.4814,0.7894,0.7678,1.2125,1.4876
8,26000,200,52,52,365.00,719.00,7.7458,10.2182,0.8635,21035.16,0.0475,599.00,0.4754,0.7631,0.7412,1.1995,1.4772
8,26000,200,52,78,365.00,719.00,7.7458,10.2182,0.8670,19884.59,0.0503,600.00,0.5029,0.7978,0.7732,1.2567,1.5719
8,26000,200,52,104,365.00,719.00,7.7458,10.2182,0.8679,20522.31,0.0487,602.00,0.4873,0.8235,0.7958,1.2441,1.4958
8,26000,200,104,20,365.00,719.00,7.7458,10.2182,0.8550,12091.54,0.0827,595.00,0.8270,1.4262,1.4009,2.1481,2.5563
8,26000,200,104,41,365.00,719.00,7.7458,10.2182,0.9126,12157.98,0.0823,601.00,0.8225,1.4798,1.4496,2.1798,2.6293
8,26000,200,104,83,365.00,719.00,7.7458,10.2182,0.9332,11431.81,0.0875,597.00,0.8748,1.5128,1.4821,2.2573,2.7253
8,26000,200,104,104,365.00,719.00,7.7458,10.2182,0.9353,11827.38,0.0845,599.00,0.8455,1.5089,1.4793,2.2001,2.6083
8,26000,200,104,156,365.00,719.00,7.7458,10.2182,0.9366,11352.11,0.0881,607.00,0.8809,1.5382,1.5132,2.2249,2.5958
8,26000,200,104,208,365.00,719.00,7.7458,10.2182,0.9371,10888.70,0.0918,596.00,0.9184,1.6194,1.5837,2.3257,2.7390
8,26000,200,208,41,365.00,719.00,7.7458,10.2182,0.9305,6459.81,0.1548,611.00,1.5480,2.7955,2.7597,3.9601,4.6369
8,26000,200,208,83,365.00,719.00,7.7458,10.2182,0.9648,6351.18,0.1575,600.00,1.5745,2.8605,2.8230,4.0298,4.7048
8,26000,200,208,166,365.00,719.00,7.7458,10.2182,0.9740,6018.62,0.1662,606.00,1.6615,2.9198,2.8330,4.2869,5.9356
8,26000,200,208,208,365.00,719.00,7.7458,10.2182,0.9748,6210.20,0.1610,605.00,1.6103,2.8662,2.7940,4.1871,5.5727
8,26000,200,208,312,365.00,719.00,7.7458,10.2182,0.9754,6147.09,0.1627,619.00,1.6268,3.0409,3.0016,4.0977,4.7219
8,26000,200,208,416,365.00,719.00,7.7458,10.2182,0.9754,5773.98,0.1732,609.00,1.7319,3.1922,3.1688,4.3114,4.9352
8,26000,200,416,83,365.00,719.00,7.7458,10.2182,0.9737,3490.11,0.2865,620.00,2.8652,5.3139,5.2956,7.2025,8.1633
8,26000,200,416,166,365.00,719.00,7.7458,10.2182,0.9889,3376.73,0.2961,618.00,2.9614,5.5143,5.4411,7.4720,8.5830
8,26000,200,416,332,365.00,719.00,7.7458,10.2182,0.9923,3329.09,0.3004,619.00,3.0038,5.6314,5.5719,7.4729,8.5234
8,26000,200,416,416,365.00,719.00,7.7458,10.2182,0.9923,3287.53,0.3042,624.00,3.0418,5.6903,5.6392,7.5679,8.5335
8,26000,200,416,624,365.00,719.00,7.7458,10.2182,0.9925,3034.33,0.3296,625.00,3.2956,6.1392,6.0739,8.0865,8.9830
8,26000,200,416,832,365.00,719.00,7.7458,10.2182,0.9926,2834.17,0.3528,623.00,3.5284,6.6271,6.5519,8.5568,9.8696
8,26000,200,832,166,365.00,719.00,7.7458,10.2182,0.9918,1915.00,0.5222,671.00,5.2219,9.8496,9.7796,13.4865,15.2448
8,26000,200,832,332,365.00,719.00,7.7458,10.2182,0.9972,1826.90,0.5474,666.00,5.4738,10.5302,10.3721,14.0517,15.9796
8,26000,200,832,665,365.00,719.00,7.7458,10.2182,0.9980,1753.59,0.5703,672.00,5.7026,10.9718,10.8426,14.1156,16.2724
8,26000,200,832,832,365.00,719.00,7.7458,10.2182,0.9981,1656.72,0.6036,673.00,6.0360,11.2486,11.0395,14.7873,18.6496
8,26000,200,832,1248,365.00,719.00,7.7458,10.2182,0.9981,1531.54,0.6529,696.00,6.5294,12.4549,12.3798,15.5872,17.1637
8,26000,200,832,1664,365.00,719.00,7.7458,10.2182,0.9981,1359.69,0.7355,684.00,7.3546,14.2567,14.1655,17.4958,19.3645
8,26000,200,1664,332,365.00,719.00,7.7458,10.2182,0.9978,1056.34,0.9467,771.00,9.4666,17.8347,18.0562,23.9329,26.3975
8,26000,200,1664,665,365.00,719.00,7.7458,10.2182,0.9990,923.76,1.0825,784.00,10.8253,20.4715,20.4385,25.8689,27.9374
8,26000,200,1664,1331,365.00,719.00,7.7458,10.2182,0.9992,855.02,1.1696,773.00,11.6957,22.3505,22.1991,27.7349,30.0079
8,26000,200,1664,1664,365.00,719.00,7.7458,10.2182,0.9992,823.85,1.2138,781.00,12.1381,22.9717,22.7230,29.1355,33.6225
8,26000,200,1664,2496,365.00,719.00,7.7458,10.2182,0.9992,686.00,1.4577,796.00,14.5773,27.9128,27.8232,33.4438,35.7666
8,26000,200,1664,3328,365.00,719.00,7.7458,10.2182,0.9993,558.41,1.7908,808.00,17.9079,34.3722,34.1873,40.6662,44.5444
8,30000,40,30,6,351.00,721.00,10.8182,13.3106,0.6324,32325.72,0.0309,596.00,0.3094,0.4717,0.4537,0.8081,0.9824
8,30000,40,30,12,351.00,721.00,10.8182,13.3106,0.7119,33365.48,0.0300,604.00,0.2997,0.4357,0.4201,0.7306,0.9156
8,30000,40,30,24,351.00,721.00,10.8182,13.3106,0.7549,34867.06,0.0287,600.00,0.2868,0.4274,0.4151,0.6830,0.8308
8,30000,40,30,30,351.00,721.00,10.8182,13.3106,0.7621,34900.75,0.0287,595.00,0.2865,0.4075,0.3901,0.6878,0.8503
8,30000,40,30,45,351.00,721.00,10.8182,13.3106,0.7702,34059.12,0.0294,598.00,0.2936,0.4171,0.3977,0.6903,0.9111
8,30000,40,30,60,351.00,721.00,10.8182,13.3106,0.7728,33489.71,0.0299,599.00,0.2986,0.4233,0.4069,0.6868,0.8320
8,30000,40,60,12,351.00,721.00,10.8182,13.3106,0.7501,20831.00,0.0480,600.00,0.4801,0.7965,0.7858,1.2196,1.4620
8,30000,40,60,24,351.00,721.00,10.8182,13.3106,0.8213,20558.16,0.0486,593.00,0.4864,0.8073,0.7968,1.2296,1.4899
8,30000,40,60,48,351.00,721.00,10.8182,13.3106,0.8568,20285.76,0.0493,597.00,0.4930,0.7916,0.7810,1.2159,1.4896
8,30000,40,60,60,351.00,721.00,10.8182,13.3106,0.8609,20743.51,0.0482,599.00,0.4821,0.7984,0.7719,1.2579,1.6215
8,30000,40,60,90,351.00,721.00,10.8182,13.3106,0.8653,19783.24,0.0505,596.00,0.5055,0.8141,0.8027,1.2039,1.4341
8,30000,40,60,120,351.00,721.00,10.8182,13.3106,0.8666,19342.76,0.0517,597.00,0.5170,0.8670,0.8415,1.3198,1.5815
8,30000,40,120,24,351.00,721.00,10.8182,13.3106,0.8481,12125.14,0.0825,604.00,0.8247,1.4539,1.4342,2.1369,2.5063
8,30000,40,120,48,351.00,721.00,10.8182,13.3106,0.9063,11387.59,0.0878,593.00,0.8781,1.5334,1.4999,2.2785,2.7915
8,30000,40,120,96,351.00,721.00,10.8182,13.3106,0.9284,11363.34,0.0880,597.00,0.8800,1.5276,1.4972,2.2618,2.7998
8,30000,40,120,120,351.00,721.00,10.8182,13.3106,0.9312,11831.45,0.0845,602.00,0.8452,1.5170,1.4949,2.1605,2.5832
8,30000,40,120,180,351.00,721.00,10.8182,13.3106,0.9336,11056.63,0.0904,601.00,0.9044,1.5720,1.5342,2.3214,2.9472
8,30000,40,120,240,351.00,721.00,10.8182,13.3106,0.9343,10646.96,0.0939,603.00,0.9392,1.6368,1.6205,2.3029,2.7038
8,30000,40,240,48,351.00,721.00,10.8182,13.3106,0.9233,6418.24,0.1558,601.00,1.5581,2.8651,2.8400,4.0138,4.6939
8,30000,40,240,96,351.00,721.00,10.8182,13.3106,0.9596,6001.31,0.1666,613.00,1.6663,2.9462,2.8946,4.2472,5.0548
8,30000,40,240,192,351.00,721.00,10.8182,13.3106,0.9714,6058.67,0.1651,602.00,1.6505,3.0640,3.0130,4.1587,4.8491
8,30000,40,240,240,351.00,721.00,10.8182,13.3106,0.9726,5861.43,0.1706,598.00,1.7061,3.0785,3.0598,4.1696,4.7355
8,30000,40,240,360,351.00,721.00,10.8182,13.3106,0.9736,5665.42,0.1765,605.00,1.7651,3.2062,3.1704,4.3479,4.9776
8,30000,40,240,480,351.00,721.00,10.8182,13.3106,0.9737,5383.41,0.1858,609.00,1.8576,3.3284,3.2741,4.5758,5.3634
8,30000,40,480,96,351.00,721.00,10.8182,13.3106,0.9674,3357.94,0.2978,629.00,2.9780,5.4839,5.5024,7.5145,8.5447
8,30000,40,480,192,351.00,721.00,10.8182,13.3106,0.9864,3236.48,0.3090,636.00,3.0898,5.7343,5.6496,7.8341,9.2421
8,30000,40,480,384,351.00,721.00,10.8182,13.3106,0.9917,3323.76,0.3009,645.00,3.0086,5.6919,5.6305,7.7087,9.2349
8,30000,40,480,480,351.00,721.00,10.8182,13.3106,0.9919,3230.68,0.3095,633.00,3.0953,5.7460,5.6576,7.8127,9.1793
8,30000,40,480,720,351.00,721.00,10.8182,13.3106,0.9921,3030.71,0.3300,636.00,3.2996,6.2371,6.1989,8.0914,9.1418
8,30000,40,480,960,351.00,721.00,10.8182,13.3106,0.9922,2730.79,0.3662,639.00,3.6619,6.9238,6.8790,8.8308,9.9268
8,30000,40,960,192,351.00,721.00,10.8182,13.3106,0.9885,1862.47,0.5369,683.00,5.3692,9.8970,9.9596,13.8077,16.2113
8,30000,40,960,384,351.00,721.00,10.8182,13.3106,0.9956,1758.41,0.5687,694.00,5.6870,10.8856,10.8535,14.1009,15.5192
8,30000,40,960,768,351.00,721.00,10.8182,13.3106,0.9972,1665.70,0.6003,708.00,6.0035,11.3461,11.2204,14.8244,17.2210
8,30000,40,960,960,351.00,721.00,10.8182,13.3106,0.9973,1658.41,0.6030,709.00,6.0299,11.5479,11.4875,14.8735,17.0811
8,30000,40,960,1440,351.00,721.00,10.8182,13.3106,0.9974,1449.03,0.6901,715.00,6.9011,13.2867,13.2492,16.4283,18.1915
8,30000,40,960,1920,351.00,721.00,10.8182,13.3106,0.9974,1228.93,0.8137,713.00,8.1371,15.5438,15.5502,18.6262,20.2727
8,30000,40,1920,384,351.00,721.00,10.8182,13.3106,0.9961,1041.05,0.9606,828.00,9.6057,17.8734,18.2317,24.7772,26.9830
8,30000,40,1920,768,351.00,721.00,10.8182,13.3106,0.9981,887.93,1.1262,841.00,11.2621,21.3598,21.3914,26.9675,29.2919
8,30000,40,1920,1536,351.00,721.00,10.8182,13.3106,0.9985,809.03,1.2360,830.00,12.3605,23.5245,23.4426,29.1318,32.0912
8,30000,40,1920,1920,351.00,721.00,10.8182,13.3106,0.9985,781.10,1.2803,842.00,12.8025,24.2386,24.0552,30.3360,35.5267
8,30000,40,1920,2880,351.00,721.00,10.8182,13.3106,0.9986,637.12,1.5696,842.00,15.6956,30.3744,30.3087,35.9300,38.5125
8,30000,40,1920,3840,351.00,721.00,10.8182,13.3106,0.9988,501.06,1.9958,842.00,19.9578,38.9181,38.9570,44.2598,47.3045
8,30000,100,30,6,396.00,719.00,9.5706,12.0604,0.6519,31497.72,0.0317,595.00,0.3175,0.4785,0.4605,0.8081,1.0228
8,30000,100,30,12,396.00,719.00,9.5706,12.0604,0.7249,32344.27,0.0309,600.00,0.3092,0.4443,0.4249,0.7538,0.9391
8,30000,100,30,24,396.00,719.00,9.5706,12.0604,0.7638,32853.15,0.0304,596.00,0.3044,0.4408,0.4250,0.7326,0.9066
8,30000,100,30,30,396.00,719.00,9.5706,12.0604,0.7700,33043.84,0.0303,603.00,0.3026,0.4015,0.3788,0.6831,0.8474
8,30000,100,30,45,396.00,719.00,9.5706,12.0604,0.7758,33995.79,0.0294,597.00,0.2942,0.4428,0.4270,0.7052,0.8649
8,30000,100,30,60,396.00,719.00,9.5706,12.0604,0.7777,32641.20,0.0306,596.00,0.3064,0.4525,0.4354,0.7137,0.8736
8,30000,100,60,12,396.00,719.00,9.5706,12.0604,0.7666,20396.58,0.0490,593.00,0.4903,0.8012,0.7733,1.2640,1.6603
8,30000,100,60,24,396.00,719.00,9.5706,12.0604,0.8337,20946.13,0.0477,591.00,0.4774,0.7882,0.7722,1.2248,1.5306
8,30000,100,60,48,396.00,719.00,9.5706,12.0604,0.8638,20591.90,0.0486,596.00,0.4856,0.7794,0.7640,1.2186,1.4555
8,30000,100,60,60,396.00,719.00,9.5706,12.0604,0.8674,20633.92,0.0485,595.00,0.4846,0.7751,0.7603,1.1850,1.4048
8,30000,100,60,90,396.00,719.00,9.5706,12.0604,0.8705,20088.89,0.0498,603.00,0.4978,0.7910,0.7587,1.2638,1.7404
8,30000,100,60,120,396.00,719.00,9.5706,12.0604,0.8712,19441.29,0.0514,598.00,0.5144,0.8352,0.8085,1.2826,1.5874
8,30000,100,120,24,396.00,719.00,9.5706,12.0604,0.8635,11935.30,0.0838,594.00,0.8379,1.5077,1.4944,2.1812,2.5441
8,30000,100,120,48,396.00,719.00,9.5706,12.0604,0.9164,11243.31,0.0889,590.00,0.8894,1.5152,1.4716,2.2996,3.1853
8,30000,100,120,96,396.00,719.00,9.5706,12.0604,0.9344,11334.35,0.0882,598.00,0.8823,1.5057,1.4625,2.2855,3.0875
8,30000,100,120,120,396.00,719.00,9.5706,12.0604,0.9366,11569.47,0.0864,599.00,0.8643,1.5241,1.5148,2.2093,2.5966
8,30000,100,120,180,396.00,719.00,9.5706,12.0604,0.9380,11185.44,0.0894,598.00,0.8940,1.5678,1.5345,2.3345,2.9181
8,30000,100,120,240,396.00,719.00,9.5706,12.0604,0.9383,10747.84,0.0930,594.00,0.9304,1.6566,1.6437,2.3386,2.7606
8,30000,100,240,48,396.00,719.00,9.5706,12.0604,0.9341,6383.44,0.1567,600.00,1.5666,2.8321,2.8193,3.9445,4.5274
8,30000,100,240,96,396.00,719.00,9.5706,12.0604,0.9658,6179.28,0.1618,601.00,1.6183,2.8953,2.8212,4.2412,5.7256
8,30000,100,240,192,396.00,719.00,9.5706,12.0604,0.9748,6151.20,0.1626,601.00,1.6257,2.9699,2.9537,4.1302,4.8329
8,30000,100,240,240,396.00,719.00,9.5706,12.0604,0.9754,6194.32,0.1614,604.00,1.6144,2.9805,2.9523,4.1411,4.9491
8,30000,100,240,360,396.00,719.00,9.5706,12.0604,0.9760,5934.55,0.1685,606.00,1.6850,3.1436,3.1259,4.2386,4.9266
8,30000,100,240,480,396.00,719.00,9.5706,12.0604,0.9759,5561.82,0.1798,615.00,1.7980,3.2831,3.2262,4.4514,6.1251
8,30000,100,480,96,396.00,719.00,9.5706,12.0604,0.9740,3488.69,0.2866,625.00,2.8664,5.3480,5.3218,7.3137,8.5017
8,30000,100,480,192,396.00,719.00,9.5706,12.0604,0.9891,3368.85,0.2968,641.00,2.9684,5.6240,5.5614,7.6163,8.7617
8,30000,100,480,384,396.00,719.00,9.5706,12.0604,0.9920,3265.53,0.3062,629.00,3.0623,5.7551,5.7021,7.6576,8.6747
8,30000,100,480,480,396.00,719.00,9.5706,12.0604,0.9923,3247.99,0.3079,641.00,3.0788,5.8567,5.7796,7.8188,9.1708
8,30000,100,480,720,396.00,719.00,9.5706,12.0604,0.9924,3011.45,0.3321,622.00,3.3207,6.3317,6.2647,8.2195,9.4629
8,30000,100,480,960,396.00,719.00,9.5706,12.0604,0.9925,2767.46,0.3613,622.00,3.6134,6.9216,6.8467,8.9013,10.2842
8,30000,100,960,192,396.00,719.00,9.5706,12.0604,0.9917,1845.42,0.5419,689.00,5.4188,9.9189,9.8542,13.9859,18.7216
8,30000,100,960,384,396.00,719.00,9.5706,12.0604,0.9966,1717.49,0.5822,692.00,5.8225,10.7788,10.5853,14.6712,19.1390
8,30000,100,960,768,396.00,719.00,9.5706,12.0604,0.9975,1641.96,0.6090,696.00,6.0903,11.4284,11.1913,15.3956,19.9484
8,30000,100,960,960,396.00,719.00,9.5706,12.0604,0.9977,1630.89,0.6132,699.00,6.1316,11.7176,11.6206,15.0689,17.5201
8,30000,100,960,1440,396.00,719.00,9.5706,12.0604,0.9978,1409.30,0.7096,714.00,7.0957,13.4192,13.1807,18.1006,22.7908
8,30000,100,960,1920,396.00,719.00,9.5706,12.0604,0.9978,1241.89,0.8052,714.00,8.0523,15.6027,15.5524,18.8332,21.2558
8,30000,100,1920,384,396.00,719.00,9.5706,12.0604,0.9972,1043.57,0.9583,807.00,9.5825,18.2905,18.6705,24.4022,28.1454
8,30000,100,1920,768,396.00,719.00,9.5706,12.0604,0.9985,906.60,1.1030,808.00,11.0303,21.3236,21.2549,26.7897,30.7007
8,30000,100,1920,1536,396.00,719.00,9.5706,12.0604,0.9989,796.78,1.2551,822.00,12.5505,23.9302,24.0265,28.8810,31.0036
8,30000,100,1920,1920,396.00,719.00,9.5706,12.0604,0.9990,761.35,1.3135,822.00,13.1346,24.8890,24.8624,30.1621,32.7010
8,30000,100,1920,2880,396.00,719.00,9.5706,12.0604,0.9990,632.75,1.5804,822.00,15.8040,30.6282,30.3868,37.0340,40.2764
8,30000,100,1920,3840,396.00,719.00,9.5706,12.0604,0.9991,500.24,1.9991,822.00,19.9905,39.1799,39.1226,45.0356,49.4061
8,30000,200,30,6,376.00,719.00,9.9704,12.4561,0.6572,36932.73,0.0271,605.00,0.2708,0.3944,0.3721,0.6890,0.8406
8,30000,200,30,12,376.00,719.00,9.9704,12.4561,0.7297,35507.09,0.0282,609.00,0.2816,0.3796,0.3541,0.6735,0.8152
8,30000,200,30,24,376.00,719.00,9.9704,12.4561,0.7686,35792.36,0.0279,611.00,0.2794,0.4009,0.3795,0.6831,0.8239
8,30000,200,30,30,376.00,719.00,9.9704,12.4561,0.7743,34962.26,0.0286,607.00,0.2860,0.4250,0.4071,0.7113,0.8537
8,30000,200,30,45,376.00,719.00,9.9704,12.4561,0.7813,33945.47,0.0295,611.00,0.2946,0.4265,0.4077,0.7092,0.8642
8,30000,200,30,60,376.00,719.00,9.9704,12.4561,0.7838,33094.61,0.0302,608.00,0.3022,0.4553,0.4413,0.7339,0.8868
8,30000,200,60,12,376.00,719.00,9.9704,12.4561,0.7705,20910.47,0.0478,608.00,0.4782,0.8054,0.7887,1.2652,1.5224
8,30000,200,60,24,376.00,719.00,9.9704,12.4561,0.8375,20997.51,0.0476,610.00,0.4762,0.7576,0.7378,1.2221,1.4702
8,30000,200,60,48,376.00,719.00,9.9704,12.4561,0.8672,20158.63,0.0496,608.00,0.4961,0.7763,0.7567,1.2395,1.4792
8,30000,200,60,60,376.00,719.00,9.9704,12.4561,0.8718,20676.25,0.0484,604.00,0.4836,0.8070,0.7886,1.2456,1.4852
8,30000,200,60,90,376.00,719.00,9.9704,12.4561,0.8757,20063.97,0.0498,607.00,0.4984,0.8184,0.7805,1.3174,1.7787
8,30000,200,60,120,376.00,719.00,9.9704,12.4561,0.8767,19453.85,0.0514,608.00,0.5140,0.8450,0.8288,1.2803,1.5147
8,30000,200,120,24,376.00,719.00,9.9704,12.4561,0.8666,12066.72,0.0829,605.00,0.8287,1.4678,1.4472,2.1802,2.6008
8,30000,200,120,48,376.00,719.00,9.9704,12.4561,0.9181,11636.95,0.0859,604.00,0.8593,1.5307,1.5158,2.2409,2.6420
8,30000,200,120,96,376.00,719.00,9.9704,12.4561,0.9371,11517.53,0.0868,609.00,0.8682,1.5385,1.5030,2.2970,3.1258
8,30000,200,120,120,376.00,719.00,9.9704,12.4561,0.9390,11382.84,0.0879,604.00,0.8785,1.5698,1.5451,2.3248,2.7599
8,30000,200,120,180,376.00,719.00,9.9704,12.4561,0.9404,11184.37,0.0894,610.00,0.8941,1.6151,1.5839,2.3317,2.7608
8,30000,200,120,240,376.00,719.00,9.9704,12.4561,0.9406,10493.43,0.0953,611.00,0.9530,1.6568,1.6368,2.4035,2.8164
8,30000,200,240,48,376.00,719.00,9.9704,12.4561,0.9361,6503.34,0.1538,617.00,1.5377,2.8253,2.7845,4.1142,4.9298
8,30000,200,240,96,376.00,719.00,9.9704,12.4561,0.9675,6227.45,0.1606,612.00,1.6058,2.9082,2.8674,4.1604,4.8621
8,30000,200,240,192,376.00,719.00,9.9704,12.4561,0.9757,6149.97,0.1626,614.00,1.6260,2.9961,2.9599,4.2527,4.9806
8,30000,200,240,240,376.00,719.00,9.9704,12.4561,0.9765,6181.49,0.1618,614.00,1.6177,3.0615,3.0022,4.2175,4.8616
8,30000,200,240,360,376.00,719.00,9.9704,12.4561,0.9769,5836.68,0.1713,615.00,1.7133,3.1724,3.1324,4.3779,5.0617
8,30000,200,240,480,376.00,719.00,9.9704,12.4561,0.9769,5542.74,0.1804,617.00,1.8042,3.3411,3.3120,4.5979,5.3283
8,30000,200,480,96,376.00,719.00,9.9704,12.4561,0.9763,3484.50,0.2870,636.00,2.8698,5.4060,5.3574,7.4106,8.5546
8,30000,200,480,192,376.00,719.00,9.9704,12.4561,0.9902,3304.50,0.3026,634.00,3.0262,5.6905,5.6013,7.7979,9.1090
8,30000,200,480,384,376.00,719.00,9.9704,12.4561,0.9932,3146.16,0.3178,653.00,3.1785,5.8895,5.8419,7.8922,9.2076
8,30000,200,480,480,376.00,719.00,9.9704,12.4561,0.9933,3185.79,0.3139,656.00,3.1389,5.8771,5.7798,8.1683,9.7606
8,30000,200,480,720,376.00,719.00,9.9704,12.4561,0.9934,2973.06,0.3364,657.00,3.3635,6.3859,6.2585,8.5857,10.6439
8,30000,200,480,960,376.00,719.00,9.9704,12.4561,0.9934,2710.52,0.3689,658.00,3.6893,7.0365,6.9762,9.0435,10.4107
8,30000,200,960,192,376.00,719.00,9.9704,12.4561,0.9927,1804.23,0.5543,699.00,5.5425,10.0808,10.1002,13.7544,16.0521
8,30000,200,960,384,376.00,719.00,9.9704,12.4561,0.9974,1754.20,0.5701,699.00,5.7006,10.9902,10.8602,14.4251,16.2655
8,30000,200,960,768,376.00,719.00,9.9704,12.4561,0.9982,1657.46,0.6033,692.00,6.0333,11.5724,11.4236,15.0394,17.5701
8,30000,200,960,960,376.00,719.00,9.9704,12.4561,0.9982,1625.90,0.6150,710.00,6.1505,11.7758,11.6823,15.1439,17.3797
8,30000,200,960,1440,376.00,719.00,9.9704,12.4561,0.9982,1425.00,0.7018,698.00,7.0176,13.5168,13.4312,16.7703,18.8917
8,30000,200,960,1920,376.00,719.00,9.9704,12.4561,0.9982,1217.56,0.8213,697.00,8.2132,15.8486,15.7413,19.2336,21.4700
8,30000,200,1920,384,376.00,719.00,9.9704,12.4561,0.9980,1021.28,0.9792,804.00,9.7917,18.5752,18.8673,24.7046,27.2384
8,30000,200,1920,768,376.00,719.00,9.9704,12.4561,0.9990,891.62,1.1216,829.00,11.2156,21.3339,21.3227,26.7607,29.7551
8,30000,200,1920,1536,376.00,719.00,9.9704,12.4561,0.9992,817.86,1.2227,826.00,12.2270,23.7201,23.4945,29.6272,32.4953
8,30000,200,1920,1920,376.00,719.00,9.9704,12.4561,0.9992,781.94,1.2789,833.00,12.7887,24.7146,24.6334,30.1469,33.5539
8,30000,200,1920,2880,376.00,719.00,9.9704,12.4561,0.9992,618.87,1.6158,846.00,16.1584,31.0844,30.9602,36.8812,39.8073
8,30000,200,1920,3840,376.00,719.00,9.9704,12.4561,0.9992,488.29,2.0480,846.00,20.4797,39.9471,39.9618,45.1468,47.3612
16,1000,40,1,1,365.00,765.00,0.5554,2.4447,0.3261,43100.92,0.0232,602.00,0.2320,0.2743,0.2288,0.6317,0.9865
16,1000,40,1,1,365.00,765.00,0.5554,2.4447,0.3261,47186.22,0.0212,606.00,0.2119,0.2474,0.2059,0.5528,0.8626
16,1000,40,1,1,365.00,765.00,0.5554,2.4447,0.3261,47187.29,0.0212,606.00,0.2119,0.2407,0.2015,0.5511,0.8619
16,1000,40,1,1,365.00,765.00,0.5554,2.4447,0.3261,48412.65,0.0207,610.00,0.2066,0.2328,0.1907,0.5247,0.8543
16,1000,40,1,1,365.00,765.00,0.5554,2.4447,0.3261,47028.49,0.0213,609.00,0.2126,0.2203,0.1771,0.5134,0.8137
16,1000,40,1,2,365.00,765.00,0.5554,2.4447,0.3664,46903.41,0.0213,611.00,0.2132,0.2272,0.1879,0.5201,0.8354
16,1000,40,2,1,365.00,765.00,0.5554,2.4447,0.4438,29311.93,0.0341,612.00,0.3412,0.4913,0.4313,1.0104,1.5333
16,1000,40,2,1,365.00,765.00,0.5554,2.4447,0.4438,29878.72,0.0335,610.00,0.3347,0.4697,0.4086,0.9703,1.4942
16,1000,40,2,1,365.00,765.00,0.5554,2.4447,0.4438,30814.17,0.0325,608.00,0.3245,0.4555,0.3967,0.9377,1.4653
16,1000,40,2,2,365.00,765.00,0.5554,2.4447,0.5045,30427.69,0.0329,611.00,0.3286,0.4614,0.4000,0.9466,1.5507
16,1000,40,2,3,365.00,765.00,0.5554,2.4447,0.5278,31670.77,0.0316,611.00,0.3157,0.4499,0.3927,0.9330,1.4402
16,1000,40,2,4,365.00,765.00,0.5554,2.4447,0.5394,31250.35,0.0320,620.00,0.3200,0.4407,0.3864,0.8895,1.4618
16,1000,40,4,1,365.00,765.00,0.5554,2.4447,0.5393,18952.64,0.0528,613.00,0.5276,0.8765,0.7773,1.6238,2.5576
16,1000,40,4,1,365.00,765.00,0.5554,2.4447,0.5393,18904.67,0.0529,611.00,0.5290,0.8733,0.7734,1.6385,2.5192
16,1000,40,4,3,365.00,765.00,0.5554,2.4447,0.6609,18646.76,0.0536,612.00,0.5363,0.8602,0.7696,1.6275,2.6542
16,1000,40,4,4,365.00,765.00,0.5554,2.4447,0.6793,19089.37,0.0524,613.00,0.5239,0.8555,0.7667,1.6051,2.5901
16,1000,40,4,6,365.00,765.00,0.5554,2.4447,0.6958,18823.07,0.0531,613.00,0.5313,0.8933,0.7931,1.6517,2.6186
16,1000,40,4,8,365.00,765.00,0.5554,2.4447,0.7037,18647.95,0.0536,614.00,0.5363,0.8582,0.7628,1.5848,2.4923
16,1000,40,8,1,365.00,765.00,0.5554,2.4447,0.5965,10514.15,0.0951,617.00,0.9511,1.6443,1.4879,2.7936,4.7251
16,1000,40,8,3,365.00,765.00,0.5554,2.4447,0.7583,10453.28,0.0957,616.00,0.9566,1.6542,1.5038,2.7881,4.4068
16,1000,40,8,6,365.00,765.00,0.5554,2.4447,0.8123,10726.69,0.0932,614.00,0.9323,1.6833,1.5230,2.8630,4.8007
16,1000,40,8,8,365.00,765.00,0.5554,2.4447,0.8249,10791.16,0.0927,613.00,0.9267,1.6701,1.5079,2.8215,4.8365
16,1000,40,8,12,365.00,765.00,0.5554,2.4447,0.8339,10759.01,0.0929,613.00,0.9295,1.6718,1.5094,2.8327,4.8092
16,1000,40,8,16,365.00,765.00,0.5554,2.4447,0.8366,10398.46,0.0962,619.00,0.9617,1.6943,1.5375,2.8635,4.8691
16,1000,40,16,3,365.00,765.00,0.5554,2.4447,0.8091,5617.31,0.1780,615.00,1.7802,3.2484,2.9929,4.9887,9.2154
16,1000,40,16,6,365.00,765.00,0.5554,2.4447,0.8832,5587.21,0.1790,614.00,1.7898,3.2453,2.9976,4.9840,8.6604
16,1000,40,16,12,365.00,765.00,0.5554,2.4447,0.9185,5550.09,0.1802,612.00,1.8018,3.2387,2.9844,4.9361,9.6982
16,1000,40,16,16,365.00,765.00,0.5554,2.4447,0.9241,5599.14,0.1786,612.00,1.7860,3.2847,3.0193,5.0968,8.9995
16,1000,40,16,24,365.00,765.00,0.5554,2.4447,0.9275,5511.18,0.1814,612.00,1.8145,3.3629,3.1209,5.1523,8.8002
16,1000,40,16,32,365.00,765.00,0.5554,2.4447,0.9285,5511.74,0.1814,620.00,1.8143,3.3701,3.1279,5.1940,8.7048
16,1000,40,32,6,365.00,765.00,0.5554,2.4447,0.9100,2895.87,0.3453,616.00,3.4532,6.5409,6.1905,9.1207,18.4311
16,1000,40,32,12,365.00,765.00,0.5554,2.4447,0.9583,2794.32,0.3579,620.00,3.5787,6.4903,6.0984,8.9935,20.7322
16,1000,40,32,25,365.00,765.00,0.5554,2.4447,0.9743,2858.44,0.3498,611.00,3.4984,6.3814,5.9958,8.8585,21.3325
16,1000,40,32,32,365.00,765.00,0.5554,2.4447,0.9760,2872.48,0.3481,617.00,3.4813,6.5425,6.1620,9.1721,18.4356
16,1000,40,32,48,365.00,765.00,0.5554,2.4447,0.9768,2860.04,0.3496,611.00,3.4965,6.5678,6.1947,9.2277,18.2890
16,1000,40,32,64,365.00,765.00,0.5554,2.4447,0.9769,2858.67,0.3498,611.00,3.4981,6.3821,5.9730,8.9283,20.4858
16,1000,40,64,12,365.00,765.00,0.5554,2.4447,0.9687,1546.45,0.6466,610.00,6.4664,12.3742,11.8626,15.7572,38.9364
16,1000,40,64,25,365.00,765.00,0.5554,2.4447,0.9908,1478.99,0.6761,616.00,6.7614,12.5415,12.0311,16.1702,42.5009
16,1000,40,64,51,365.00,765.00,0.5554,2.4447,0.9951,1469.37,0.6806,611.00,6.8057,12.9834,12.4650,16.8922,36.0115
16,1000,40,64,64,365.00,765.00,0.5554,2.4447,0.9953,1534.30,0.6518,621.00,6.5176,12.5536,12.0341,16.0788,39.7551
16,1000,40,64,96,365.00,765.00,0.5554,2.4447,0.9954,1546.19,0.6468,616.00,6.4675,12.4702,11.8892,15.9697,38.9086
16,1000,40,64,128,365.00,765.00,0.5554,2.4447,0.9954,1537.85,0.6503,612.00,6.5026,12.5160,11.9396,16.0516,39.7372
16,1000,100,1,1,164.00,763.00,0.5901,2.4762,0.3209,44319.86,0.0226,599.00,0.2256,0.2635,0.2180,0.5963,0.9747
16,1000,100,1,1,164.00,763.00,0.5901,2.4762,0.3209,46647.02,0.0214,598.00,0.2144,0.2502,0.2084,0.5686,0.9163
16,1000,100,1,1,164.00,763.00,0.5901,2.4762,0.3209,45421.77,0.0220,599.00,0.2202,0.2424,0.2031,0.5433,0.8581
16,1000,100,1,1,164.00,763.00,0.5901,2.4762,0.3209,45677.09,0.0219,601.00,0.2189,0.2398,0.1978,0.5525,0.8829
16,1000,100,1,1,164.00,763.00,0.5901,2.4762,0.3209,47823.98,0.0209,601.00,0.2091,0.2299,0.1888,0.5304,0.8699
16,1000,100,1,2,164.00,763.00,0.5901,2.4762,0.3627,45878.15,0.0218,602.00,0.2180,0.2313,0.1910,0.5329,0.8104
16,1000,100,2,1,164.00,763.00,0.5901,2.4762,0.4379,31177.66,0.0321,601.00,0.3207,0.4538,0.3930,0.9289,1.4983
16,1000,100,2,1,164.00,763.00,0.5901,2.4762,0.4379,31456.07,0.0318,603.00,0.3179,0.4610,0.4019,0.9357,1.4980
16,1000,100,2,1,164.00,763.00,0.5901,2.4762,0.4379,32032.02,0.0312,601.00,0.3122,0.4509,0.3897,0.9363,1.4168
16,1000,100,2,2,164.00,763.00,0.5901,2.4762,0.5004,30592.26,0.0327,602.00,0.3269,0.4514,0.3927,0.9457,1.4474
16,1000,100,2,3,164.00,763.00,0.5901,2.4762,0.5263,30619.33,0.0327,604.00,0.3266,0.4438,0.3870,0.9083,1.4989
16,1000,100,2,4,164.00,763.00,0.5901,2.4762,0.5390,29985.55,0.0333,604.00,0.3335,0.4470,0.3924,0.9194,1.4623
16,1000,100,4,1,164.00,763.00,0.5901,2.4762,0.5336,19137.74,0.0523,602.00,0.5225,0.8665,0.7721,1.6481,2.6000
16,1000,100,4,1,164.00,763.00,0.5901,2.4762,0.5336,19477.25,0.0513,602.00,0.5134,0.8403,0.7495,1.5803,2.3704
16,1000,100,4,3,164.00,763.00,0.5901,2.4762,0.6614,18594.15,0.0538,604.00,0.5378,0.8696,0.7751,1.6031,2.6210
16,1000,100,4,4,164.00,763.00,0.5901,2.4762,0.6805,19438.09,0.0514,602.00,0.5145,0.8452,0.7528,1.6162,2.4377
16,1000,100,4,6,164.00,763.00,0.5901,2.4762,0.6969,18601.54,0.0538,611.00,0.5376,0.8833,0.7867,1.6995,2.6568
16,1000,100,4,8,164.00,763.00,0.5901,2.4762,0.7041,18978.42,0.0527,604.00,0.5269,0.8630,0.7724,1.6480,2.4576
16,1000,100,8,1,164.00,763.00,0.5901,2.4762,0.5916,10706.07,0.0934,600.00,0.9340,1.6606,1.5071,2.8449,4.5508
16,1000,100,8,3,164.00,763.00,0.5901,2.4762,0.7600,10500.72,0.0952,606.00,0.9523,1.6981,1.5364,2.8487,4.7641
16,1000,100,8,6,164.00,763.00,0.5901,2.4762,0.8150,10712.39,0.0933,606.00,0.9335,1.6758,1.5193,2.8579,4.9825
16,1000,100,8,8,164.00,763.00,0.5901,2.4762,0.8267,10627.19,0.0941,604.00,0.9410,1.6746,1.5100,2.8714,4.7718
16,1000,100,8,12,164.00,763.00,0.5901,2.4762,0.8341,10706.56,0.0934,605.00,0.9340,1.6710,1.5075,2.8290,4.7706
16,1000,100,8,16,164.00,763.00,0.5901,2.4762,0.8364,10671.14,0.0937,603.00,0.9371,1.6688,1.5094,2.8150,4.9014
16,1000,100,16,3,164.00,763.00,0.5901,2.4762,0.8117,5644.92,0.1772,598.00,1.7715,3.2295,2.9976,4.8964,7.5032
16,1000,100,16,6,164.00,763.00,0.5901,2.4762,0.8874,5711.43,0.1751,599.00,1.7509,3.2733,3.0190,5.0219,9.2585
16,1000,100,16,12,164.00,763.00,0.5901,2.4762,0.9196,5618.17,0.1780,603.00,1.7799,3.2517,2.9997,5.0063,8.9735
16,1000,100,16,16,164.00,763.00,0.5901,2.4762,0.9244,5656.43,0.1768,601.00,1.7679,3.2716,3.0242,4.9586,9.2244
16,1000,100,16,24,164.00,763.00,0.5901,2.4762,0.9272,5719.28,0.1748,601.00,1.7485,3.2873,3.0358,5.0064,9.3946
16,1000,100,16,32,164.00,763.00,0.5901,2.4762,0.9280,5649.54,0.1770,604.00,1.7701,3.2841,3.0197,5.0369,9.1879
16,1000,100,32,6,164.00,763.00,0.5901,2.4762,0.9154,2912.95,0.3433,602.00,3.4329,6.2964,5.9438,8.6872,19.9774
16,1000,100,32,12,164.00,763.00,0.5901,2.4762,0.9606,2905.75,0.3441,600.00,3.4414,6.3583,5.9886,8.8600,18.4324
16,1000,100,32,25,164.00,763.00,0.5901,2.4762,0.9753,2890.86,0.3459,601.00,3.4592,6.3725,5.9870,8.8450,19.6936
16,1000,100,32,32,164.00,763.00,0.5901,2.4762,0.9767,2978.17,0.3358,603.00,3.3578,6.3909,6.0092,8.7668,19.4830
16,1000,100,32,48,164.00,763.00,0.5901,2.4762,0.9774,2901.92,0.3446,605.00,3.4460,6.3401,5.9778,8.7662,19.6928
16,1000,100,32,64,164.00,763.00,0.5901,2.4762,0.9774,2969.41,0.3368,604.00,3.3677,6.4314,6.0381,8.8157,19.1487
16,1000,100,64,12,164.00,763.00,0.5901,2.4762,0.9708,1563.67,0.6395,611.00,6.3952,12.3520,11.8305,15.6047,37.2002
16,1000,100,64,25,164.00,763.00,0.5901,2.4762,0.9914,1518.84,0.6584,604.00,6.5840,12.3025,11.8118,15.8165,39.4558
16,1000,100,64,51,164.00,763.00,0.5901,2.4762,0.9952,1513.80,0.6606,605.00,6.6059,12.3275,11.8484,15.9450,30.3674
16,1000,100,64,64,164.00,763.00,0.5901,2.4762,0.9954,1543.76,0.6478,603.00,6.4777,12.4513,11.8807,15.8347,39.7748
16,1000,100,64,96,164.00,763.00,0.5901,2.4762,0.9955,1561.63,0.6404,604.00,6.4036,12.3413,11.8009,15.9790,29.5242
16,1000,100,64,128,164.00,763.00,0.5901,2.4762,0.9955,1543.74,0.6478,608.00,6.4778,12.3130,11.9171,16.3704,23.1242
16,1000,200,1,1,160.00,763.00,0.6271,2.5320,0.3308,43952.85,0.0228,566.00,0.2275,0.2546,0.2116,0.5820,0.9440
16,1000,200,1,1,160.00,763.00,0.6271,2.5320,0.3308,48063.78,0.0208,570.00,0.2081,0.2388,0.1930,0.5494,0.9127
16,1000,200,1,1,160.00,763.00,0.6271,2.5320,0.3308,50913.83,0.0196,568.00,0.1964,0.2255,0.1854,0.5095,0.7781
16,1000,200,1,1,160.00,763.00,0.6271,2.5320,0.3308,50953.39,0.0196,569.00,0.1963,0.2108,0.1715,0.4826,0.7436
16,1000,200,1,1,160.00,763.00,0.6271,2.5320,0.3308,50698.26,0.0197,569.00,0.1972,0.2016,0.1617,0.4571,0.7348
16,1000,200,1,2,160.00,763.00,0.6271,2.5320,0.3684,51237.70,0.0195,572.00,0.1952,0.2205,0.1781,0.5100,0.8175
16,1000,200,2,1,160.00,763.00,0.6271,2.5320,0.4486,31823.37,0.0314,571.00,0.3142,0.4585,0.3990,0.9342,1.5653
16,1000,200,2,1,160.00,763.00,0.6271,2.5320,0.4486,31008.89,0.0322,572.00,0.3225,0.4492,0.3958,0.9331,1.3867
16,1000,200,2,1,160.00,763.00,0.6271,2.5320,0.4486,32254.00,0.0310,572.00,0.3100,0.4456,0.3882,0.9508,1.5295
16,1000,200,2,2,160.00,763.00,0.6271,2.5320,0.5074,30976.92,0.0323,572.00,0.3228,0.4598,0.4048,0.9428,1.4715
16,1000,200,2,3,160.00,763.00,0.6271,2.5320,0.5297,31724.25,0.0315,573.00,0.3152,0.4571,0.4017,0.8971,1.4392
16,1000,200,2,4,160.00,763.00,0.6271,2.5320,0.5423,31439.90,0.0318,572.00,0.3181,0.4558,0.3968,0.9408,1.4479
16,1000,200,4,1,160.00,763.00,0.6271,2.5320,0.5449,18330.16,0.0546,568.00,0.5455,0.8760,0.7826,1.6276,2.6508
16,1000,200,4,1,160.00,763.00,0.6271,2.5320,0.5449,19013.68,0.0526,570.00,0.5259,0.8733,0.7812,1.6067,2.5649
16,1000,200,4,3,160.00,763.00,0.6271,2.5320,0.6641,18443.11,0.0542,572.00,0.5422,0.8902,0.7991,1.6406,2.5410
16,1000,200,4,4,160.00,763.00,0.6271,2.5320,0.6838,19117.06,0.0523,574.00,0.5231,0.8793,0.7925,1.6260,2.4442
16,1000,200,4,6,160.00,763.00,0.6271,2.5320,0.6983,19221.76,0.0520,575.00,0.5202,0.8587,0.7674,1.5834,2.6103
16,1000,200,4,8,160.00,763.00,0.6271,2.5320,0.7045,18735.53,0.0534,574.00,0.5337,0.8499,0.7581,1.5839,2.4433
16,1000,200,8,1,160.00,763.00,0.6271,2.5320,0.6043,9857.55,0.1014,568.00,1.0145,1.7685,1.6286,2.9998,4.3315
16,1000,200,8,3,160.00,763.00,0.6271,2.5320,0.7629,9684.87,0.1033,570.00,1.0325,1.7621,1.6488,3.1301,4.1585
16,1000,200,8,6,160.00,763.00,0.6271,2.5320,0.8167,9547.11,0.1047,571.00,1.0474,1.7433,1.6329,3.0633,4.1823
16,1000,200,8,8,160.00,763.00,0.6271,2.5320,0.8279,9888.12,0.1011,573.00,1.0113,1.7556,1.6256,2.9681,4.2795
16,1000,200,8,12,160.00,763.00,0.6271,2.5320,0.8366,9878.94,0.1012,573.00,1.0123,1.7837,1.6124,3.1060,5.2342
16,1000,200,8,16,160.00,763.00,0.6271,2.5320,0.8384,10539.32,0.0949,571.00,0.9488,1.7201,1.5676,2.9298,4.7443
16,1000,200,16,3,160.00,763.00,0.6271,2.5320,0.8144,5527.55,0.1809,569.00,1.8091,3.2558,2.9972,5.0417,9.0442
16,1000,200,16,6,160.00,763.00,0.6271,2.5320,0.8881,5559.86,0.1799,573.00,1.7986,3.2602,3.0009,4.9795,9.2484
16,1000,200,16,12,160.00,763.00,0.6271,2.5320,0.9215,5656.23,0.1768,573.00,1.7680,3.3047,3.0512,5.0142,9.5520
16,1000,200,16,16,160.00,763.00,0.6271,2.5320,0.9257,5428.65,0.1842,569.00,1.8421,3.3957,3.1463,5.1702,8.7200
16,1000,200,16,24,160.00,763.00,0.6271,2.5320,0.9284,5427.80,0.1842,572.00,1.8424,3.4218,3.1791,5.2799,7.8257
16,1000,200,16,32,160.00,763.00,0.6271,2.5320,0.9290,5530.25,0.1808,571.00,1.8082,3.3483,3.1112,5.1164,9.0762
16,1000,200,32,6,160.00,763.00,0.6271,2.5320,0.9158,2902.70,0.3445,571.00,3.4451,6.5042,6.1576,9.0677,18.1046
16,1000,200,32,12,160.00,763.00,0.6271,2.5320,0.9617,2945.92,0.3395,580.00,3.3945,6.3903,5.9992,8.8535,19.0256
16,1000,200,32,25,160.00,763.00,0.6271,2.5320,0.9754,2891.40,0.3459,580.00,3.4585,6.3346,5.9741,8.7626,19.9793
16,1000,200,32,32,160.00,763.00,0.6271,2.5320,0.9763,2897.28,0.3452,574.00,3.4515,6.3247,5.9574,8.7922,19.7672
16,1000,200,32,48,160.00,763.00,0.6271,2.5320,0.9769,2988.09,0.3347,576.00,3.3466,6.4069,6.0037,8.8351,19.4621
16,1000,200,32,64,160.00,763.00,0.6271,2.5320,0.9770,2967.26,0.3370,578.00,3.3701,6.4280,6.0338,8.8932,19.5029
16,1000,200,64,12,160.00,763.00,0.6271,2.5320,0.9726,1520.82,0.6575,571.00,6.5754,12.2085,11.7192,15.4021,41.3762
16,1000,200,64,25,160.00,763.00,0.6271,2.5320,0.9918,1528.14,0.6544,575.00,6.5439,12.3297,11.8063,16.0246,27.6374
16,1000,200,64,51,160.00,763.00,0.6271,2.5320,0.9952,1550.66,0.6449,575.00,6.4489,12.4761,11.8868,15.7818,39.2697
16,1000,200,64,64,160.00,763.00,0.6271,2.5320,0.9953,1484.31,0.6737,580.00,6.7371,12.8098,12.2559,16.9408,32.9223
16,1000,200,64,96,160.00,763.00,0.6271,2.5320,0.9953,1469.45,0.6805,576.00,6.8052,12.6126,12.0424,16.4704,40.4461
16,1000,200,64,128,160.00,763.00,0.6271,2.5320,0.9953,1483.10,0.6743,580.00,6.7426,12.4859,11.9205,16.1761,41.0543
16,2000,40,2,1,131.00,750.00,0.6718,2.7030,0.3998,42956.16,0.0233,572.00,0.2328,0.2985,0.2575,0.6414,0.9420
16,2000,40,2,1,131.00,750.00,0.6718,2.7030,0.3998,44307.81,0.0226,574.00,0.2257,0.2634,0.2243,0.5784,0.8802
16,2000,40,2,1,131.00,750.00,0.6718,2.7030,0.3998,48556.87,0.0206,576.00,0.2059,0.2586,0.2200,0.5575,0.8866
16,2000,40,2,2,131.00,750.00,0.6718,2.7030,0.4527,46999.84,0.0213,576.00,0.2128,0.2456,0.2037,0.5552,0.8794
16,2000,40,2,3,131.00,750.00,0.6718,2.7030,0.4738,48011.17,0.0208,578.00,0.2083,0.2473,0.2089,0.5462,0.8322
16,2000,40,2,4,131.00,750.00,0.6718,2.7030,0.4843,46636.20,0.0214,578.00,0.2144,0.2324,0.1990,0.4997,0.7553
16,2000,40,4,1,131.00,750.00,0.6718,2.7030,0.4918,28792.41,0.0347,577.00,0.3473,0.4809,0.4274,0.9318,1.4842
16,2000,40,4,1,131.00,750.00,0.6718,2.7030,0.4918,30834.23,0.0324,575.00,0.3243,0.4688,0.4144,0.9312,1.4784
16,2000,40,4,3,131.00,750.00,0.6718,2.7030,0.6033,29742.40,0.0336,577.00,0.3362,0.4701,0.4184,0.9222,1.4452
16,2000,40,4,4,131.00,750.00,0.6718,2.7030,0.6217,30778.59,0.0325,579.00,0.3249,0.4545,0.4050,0.9000,1.4116
16,2000,40,4,6,131.00,750.00,0.6718,2.7030,0.6370,31533.01,0.0317,579.00,0.3171,0.4599,0.4083,0.8954,1.4800
16,2000,40,4,8,131.00,750.00,0.6718,2.7030,0.6439,30749.40,0.0325,579.00,0.3252,0.4645,0.4138,0.8963,1.4135
16,2000,40,8,1,131.00,750.00,0.6718,2.7030,0.5508,17652.87,0.0566,573.00,0.5665,0.9050,0.8226,1.6329,2.5195
16,2000,40,8,3,131.00,750.00,0.6718,2.7030,0.7028,17686.99,0.0565,578.00,0.5654,0.9220,0.8366,1.6586,2.4567
16,2000,40,8,6,131.00,750.00,0.6718,2.7030,0.7557,17413.43,0.0574,576.00,0.5743,0.9077,0.8237,1.6327,2.6091
16,2000,40,8,8,131.00,750.00,0.6718,2.7030,0.7688,18093.84,0.0553,575.00,0.5527,0.8943,0.8032,1.6109,2.6098
16,2000,40,8,12,131.00,750.00,0.6718,2.7030,0.7788,18592.65,0.0538,578.00,0.5378,0.8999,0.8159,1.6294,2.5607
16,2000,40,8,16,131.00,750.00,0.6718,2.7030,0.7822,18012.69,0.0555,579.00,0.5552,0.9090,0.8262,1.6350,2.5342
16,2000,40,16,3,131.00,750.00,0.6718,2.7030,0.7611,10256.33,0.0975,580.00,0.9750,1.7547,1.6006,2.8597,5.0205
16,2000,40,16,6,131.00,750.00,0.6718,2.7030,0.8374,9837.54,0.1017,577.00,1.0165,1.7829,1.6304,2.9592,4.9922
16,2000,40,16,12,131.00,750.00,0.6718,2.7030,0.8751,9990.33,0.1001,576.00,1.0010,1.7887,1.6432,2.9156,5.0195
16,2000,40,16,16,131.00,750.00,0.6718,2.7030,0.8813,10120.40,0.0988,577.00,0.9881,1.7562,1.6052,2.8723,4.7702
16,2000,40,16,24,131.00,750.00,0.6718,2.7030,0.8860,9955.74,0.1004,581.00,1.0044,1.7403,1.5966,2.8757,4.9699
16,2000,40,16,32,131.00,750.00,0.6718,2.7030,0.8870,10002.95,0.1000,578.00,0.9997,1.7255,1.5838,2.7662,5.1309
16,2000,40,32,6,131.00,750.00,0.6718,2.7030,0.8746,5117.41,0.1954,574.00,1.9541,3.5626,3.3531,5.3424,9.0072
16,2000,40,32,12,131.00,750.00,0.6718,2.7030,0.9289,5117.16,0.1954,582.00,1.9542,3.4728,3.2291,5.2404,10.3216
16,2000,40,32,25,131.00,750.00,0.6718,2.7030,0.9495,5472.09,0.1827,575.00,1.8275,3.3714,3.1226,5.1217,8.3726
16,2000,40,32,32,131.00,750.00,0.6718,2.7030,0.9514,5446.54,0.1836,578.00,1.8360,3.3644,3.1544,5.0905,7.7025
16,2000,40,32,48,131.00,750.00,0.6718,2.7030,0.9530,5522.08,0.1811,582.00,1.8109,3.3602,3.1156,5.0071,9.8545
16,2000,40,32,64,131.00,750.00,0.6718,2.7030,0.9533,5404.40,0.1850,581.00,1.8503,3.3883,3.1742,5.1204,7.9196
16,2000,40,64,12,131.00,750.00,0.6718,2.7030,0.9468,2884.80,0.3466,582.00,3.4664,6.5675,6.2459,9.1687,14.2498
16,2000,40,64,25,131.00,750.00,0.6718,2.7030,0.9771,2893.80,0.3456,578.00,3.4557,6.5852,6.2483,9.0723,13.1561
16,2000,40,64,51,131.00,750.00,0.6718,2.7030,0.9843,2909.43,0.3437,578.00,3.4371,6.6225,6.2244,8.8247,19.5384
16,2000,40,64,64,131.00,750.00,0.6718,2.7030,0.9849,2885.91,0.3465,584.00,3.4651,6.5662,6.2358,9.0838,13.1716
16,2000,40,64,96,131.00,750.00,0.6718,2.7030,0.9852,2917.06,0.3428,585.00,3.4281,6.5803,6.2541,9.2737,13.6770
16,2000,40,64,128,131.00,750.00,0.6718,2.7030,0.9853,2865.58,0.3490,588.00,3.4897,6.6198,6.2720,9.1531,15.2121
16,2000,40,128,25,131.00,750.00,0.6718,2.7030,0.9836,1518.20,0.6587,592.00,6.5868,12.6373,12.2397,16.8809,23.2728
16,2000,40,128,51,131.00,750.00,0.6718,2.7030,0.9943,1526.58,0.6551,588.00,6.5506,12.8172,12.2254,15.4160,40.0639
16,2000,40,128,102,131.00,750.00,0.6718,2.7030,0.9961,1527.44,0.6547,592.00,6.5469,12.8009,12.2611,15.4874,38.4640
16,2000,40,128,128,131.00,750.00,0.6718,2.7030,0.9962,1516.25,0.6595,591.00,6.5952,12.8758,12.2850,15.5812,39.9994
16,2000,40,128,192,131.00,750.00,0.6718,2.7030,0.9962,1512.75,0.6610,586.00,6.6105,12.9383,12.3775,15.7818,39.2560
16,2000,40,128,256,131.00,750.00,0.6718,2.7030,0.9963,1450.44,0.6894,594.00,6.8944,12.8606,12.4176,16.3142,42.5460
16,2000,100,2,1,145.00,756.00,0.7417,2.8089,0.3957,42552.46,0.0235,582.00,0.2350,0.2915,0.2529,0.6263,0.9588
16,2000,100,2,1,145.00,756.00,0.7417,2.8089,0.3957,46929.18,0.0213,583.00,0.2131,0.2613,0.2222,0.5548,0.8829
16,2000,100,2,1,145.00,756.00,0.7417,2.8089,0.3957,46442.63,0.0215,584.00,0.2153,0.2632,0.2243,0.5625,0.8783
16,2000,100,2,2,145.00,756.00,0.7417,2.8089,0.4562,46811.71,0.0214,584.00,0.2136,0.2537,0.2189,0.5316,0.8007
16,2000,100,2,3,145.00,756.00,0.7417,2.8089,0.4778,46153.89,0.0217,584.00,0.2167,0.2434,0.2070,0.5209,0.8177
16,2000,100,2,4,145.00,756.00,0.7417,2.8089,0.4886,46538.19,0.0215,585.00,0.2149,0.2564,0.2198,0.5492,0.8525
16,2000,100,4,1,145.00,756.00,0.7417,2.8089,0.4870,28821.21,0.0347,587.00,0.3470,0.4808,0.4297,0.9471,1.5695
16,2000,100,4,1,145.00,756.00,0.7417,2.8089,0.4870,30432.11,0.0329,583.00,0.3286,0.4669,0.4143,0.8919,1.4666
16,2000,100,4,3,145.00,756.00,0.7417,2.8089,0.6066,29743.08,0.0336,586.00,0.3362,0.4572,0.4067,0.8788,1.4209
16,2000,100,4,4,145.00,756.00,0.7417,2.8089,0.6239,30586.73,0.0327,588.00,0.3269,0.4642,0.4132,0.9308,1.4644
16,2000,100,4,6,145.00,756.00,0.7417,2.8089,0.6395,30654.81,0.0326,589.00,0.3262,0.4820,0.4287,0.9349,1.4309
16,2000,100,4,8,145.00,756.00,0.7417,2.8089,0.6453,30383.19,0.0329,589.00,0.3291,0.4673,0.4163,0.9068,1.4806
16,2000,100,8,1,145.00,756.00,0.7417,2.8089,0.5448,18388.21,0.0544,585.00,0.5438,0.8777,0.7963,1.5898,2.4898
16,2000,100,8,3,145.00,756.00,0.7417,2.8089,0.7082,18448.44,0.0542,587.00,0.5421,0.9143,0.8309,1.6543,2.6135
16,2000,100,8,6,145.00,756.00,0.7417,2.8089,0.7609,18457.47,0.0542,588.00,0.5418,0.9043,0.8202,1.6368,2.6533
16,2000,100,8,8,145.00,756.00,0.7417,2.8089,0.7717,17840.82,0.0561,587.00,0.5605,0.9321,0.8425,1.6847,2.7376
16,2000,100,8,12,145.00,756.00,0.7417,2.8089,0.7807,18331.39,0.0546,588.00,0.5455,0.8820,0.7986,1.5709,2.5081
16,2000,100,8,16,145.00,756.00,0.7417,2.8089,0.7836,18556.68,0.0539,588.00,0.5389,0.8928,0.8095,1.6427,2.6481
16,2000,100,16,3,145.00,756.00,0.7417,2.8089,0.7658,10411.30,0.0960,596.00,0.9605,1.7080,1.5548,2.8348,5.1219
16,2000,100,16,6,145.00,756.00,0.7417,2.8089,0.8421,10377.06,0.0964,591.00,0.9637,1.7375,1.5716,2.8820,5.0628
16,2000,100,16,12,145.00,756.00,0.7417,2.8089,0.8768,10407.34,0.0961,587.00,0.9609,1.7173,1.5629,2.8686,5.0398
16,2000,100,16,16,145.00,756.00,0.7417,2.8089,0.8826,10248.11,0.0976,588.00,0.9758,1.7339,1.5922,2.9205,4.1383
16,2000,100,16,24,145.00,756.00,0.7417,2.8089,0.8864,10482.53,0.0954,589.00,0.9540,1.7354,1.5757,2.8698,5.0364
16,2000,100,16,32,145.00,756.00,0.7417,2.8089,0.8873,10467.56,0.0955,587.00,0.9553,1.7376,1.5782,2.8584,4.9914
16,2000,100,32,6,145.00,756.00,0.7417,2.8089,0.8803,5608.24,0.1783,596.00,1.7831,3.3802,3.1307,4.9332,10.0231
16,2000,100,32,12,145.00,756.00,0.7417,2.8089,0.9320,5509.25,0.1815,596.00,1.8151,3.4301,3.1704,5.0458,10.1897
16,2000,100,32,25,145.00,756.00,0.7417,2.8089,0.9502,5568.44,0.1796,588.00,1.7958,3.4135,3.1634,5.0465,9.7952
16,2000,100,32,32,145.00,756.00,0.7417,2.8089,0.9520,5363.09,0.1865,585.00,1.8646,3.4417,3.2161,5.0969,9.0165
16,2000,100,32,48,145.00,756.00,0.7417,2.8089,0.9530,5322.97,0.1879,596.00,1.8786,3.5091,3.2770,5.2239,9.1090
16,2000,100,32,64,145.00,756.00,0.7417,2.8089,0.9532,5386.38,0.1857,591.00,1.8565,3.4822,3.2383,5.1579,9.1441
16,2000,100,64,12,145.00,756.00,0.7417,2.8089,0.9512,2779.16,0.3598,596.00,3.5982,6.5731,6.2497,9.0198,20.4276
16,2000,100,64,25,145.00,756.00,0.7417,2.8089,0.9791,2680.00,0.3731,589.00,3.7313,7.0041,6.6727,9.7066,18.2266
16,2000,100,64,51,145.00,756.00,0.7417,2.8089,0.9848,2754.59,0.3630,585.00,3.6303,6.8508,6.5079,9.5898,18.7692
16,2000,100,64,64,145.00,756.00,0.7417,2.8089,0.9851,2770.71,0.3609,588.00,3.6092,6.6629,6.2887,9.1025,20.7853
16,2000,100,64,96,145.00,756.00,0.7417,2.8089,0.9853,2817.88,0.3549,588.00,3.5488,6.7629,6.4178,9.1774,18.9344
16,2000,100,64,128,145.00,756.00,0.7417,2.8089,0.9854,2754.11,0.3631,583.00,3.6309,6.7009,6.3302,9.2508,19.9997
16,2000,100,128,25,145.00,756.00,0.7417,2.8089,0.9870,1448.57,0.6903,601.00,6.9034,12.8815,12.3673,16.6165,39.4167
16,2000,100,128,51,145.00,756.00,0.7417,2.8089,0.9956,1471.33,0.6797,591.00,6.7966,12.8062,12.3169,16.6254,38.1180
16,2000,100,128,102,145.00,756.00,0.7417,2.8089,0.9969,1443.52,0.6928,591.00,6.9275,13.1693,12.6489,17.0387,38.6213
16,2000,100,128,128,145.00,756.00,0.7417,2.8089,0.9970,1428.98,0.6998,587.00,6.9980,13.3553,12.8572,17.2854,38.6199
16,2000,100,128,192,145.00,756.00,0.7417,2.8089,0.9970,1469.75,0.6804,601.00,6.8039,13.0654,12.5494,16.7323,37.4583
16,2000,100,128,256,145.00,756.00,0.7417,2.8089,0.9970,1435.76,0.6965,595.00,6.9649,13.3069,12.7956,16.9781,38.2804
16,2000,200,2,1,147.00,753.00,0.8077,2.8721,0.3996,45058.74,0.0222,579.00,0.2219,0.2864,0.2499,0.6100,0.9355
16,2000,200,2,1,147.00,753.00,0.8077,2.8721,0.3996,46691.22,0.0214,581.00,0.2142,0.2612,0.2235,0.5730,0.9074
16,2000,200,2,1,147.00,753.00,0.8077,2.8721,0.3996,46111.81,0.0217,578.00,0.2169,0.2654,0.2307,0.5667,0.8732
16,2000,200,2,2,147.00,753.00,0.8077,2.8721,0.4565,45051.47,0.0222,584.00,0.2220,0.2512,0.2111,0.5537,0.8850
16,2000,200,2,3,147.00,753.00,0.8077,2.8721,0.4796,47250.42,0.0212,581.00,0.2116,0.2429,0.2051,0.5259,0.8518
16,2000,200,2,4,147.00,753.00,0.8077,2.8721,0.4900,47045.50,0.0213,584.00,0.2126,0.2484,0.2138,0.5316,0.7719
16,2000,200,4,1,147.00,753.00,0.8077,2.8721,0.4909,29243.19,0.0342,581.00,0.3420,0.4800,0.4262,0.9464,1.4697
16,2000,200,4,1,147.00,753.00,0.8077,2.8721,0.4909,30900.49,0.0324,579.00,0.3236,0.4831,0.4254,0.9582,1.4829
16,2000,200,4,3,147.00,753.00,0.8077,2.8721,0.6079,29865.24,0.0335,582.00,0.3348,0.4721,0.4204,0.9299,1.4711
16,2000,200,4,4,147.00,753.00,0.8077,2.8721,0.6247,30125.20,0.0332,583.00,0.3319,0.4713,0.4235,0.9177,1.3961
16,2000,200,4,6,147.00,753.00,0.8077,2.8721,0.6424,31209.51,0.0320,580.00,0.3204,0.4764,0.4216,0.9348,1.4624
16,2000,200,4,8,147.00,753.00,0.8077,2.8721,0.6480,30997.57,0.0323,585.00,0.3226,0.4755,0.4214,0.9191,1.4675
16,2000,200,8,1,147.00,753.00,0.8077,2.8721,0.5493,17918.39,0.0558,579.00,0.5581,0.9272,0.8503,1.6171,2.4842
16,2000,200,8,3,147.00,753.00,0.8077,2.8721,0.7107,17620.98,0.0568,588.00,0.5675,0.9445,0.8575,1.6911,2.5911
16,2000,200,8,6,147.00,753.00,0.8077,2.8721,0.7626,17858.96,0.0560,584.00,0.5599,0.9004,0.8141,1.6130,2.6634
16,2000,200,8,8,147.00,753.00,0.8077,2.8721,0.7730,17951.10,0.0557,583.00,0.5571,0.9102,0.8177,1.6198,2.7309
16,2000,200,8,12,147.00,753.00,0.8077,2.8721,0.7809,17798.38,0.0562,585.00,0.5618,0.9059,0.8186,1.6203,2.5599
16,2000,200,8,16,147.00,753.00,0.8077,2.8721,0.7834,18074.10,0.0553,584.00,0.5533,0.9164,0.8338,1.6393,2.5287
16,2000,200,16,3,147.00,753.00,0.8077,2.8721,0.7704,9957.24,0.1004,580.00,1.0043,1.7474,1.6050,2.8685,4.6608
16,2000,200,16,6,147.00,753.00,0.8077,2.8721,0.8452,9931.76,0.1007,585.00,1.0069,1.7722,1.6233,2.9146,4.9768
16,2000,200,16,12,147.00,753.00,0.8077,2.8721,0.8792,10059.13,0.0994,582.00,0.9941,1.7652,1.6202,2.9383,4.7450
16,2000,200,16,16,147.00,753.00,0.8077,2.8721,0.8846,9887.99,0.1011,585.00,1.0113,1.7471,1.5873,2.8962,4.9636
16,2000,200,16,24,147.00,753.00,0.8077,2.8721,0.8878,10047.98,0.0995,584.00,0.9952,1.7750,1.6348,2.8831,4.8534
16,2000,200,16,32,147.00,753.00,0.8077,2.8721,0.8887,9484.81,0.1054,582.00,1.0543,1.8194,1.6981,3.0055,4.1264
16,2000,200,32,6,147.00,753.00,0.8077,2.8721,0.8840,5256.82,0.1902,580.00,1.9023,3.5069,3.2786,5.2156,9.3670
16,2000,200,32,12,147.00,753.00,0.8077,2.8721,0.9342,5349.29,0.1869,580.00,1.8694,3.3728,3.1349,5.0793,10.1238
16,2000,200,32,25,147.00,753.00,0.8077,2.8721,0.9511,5510.43,0.1815,581.00,1.8147,3.4070,3.1671,5.0899,9.5547
16,2000,200,32,32,147.00,753.00,0.8077,2.8721,0.9530,5436.98,0.1839,581.00,1.8393,3.4115,3.1641,5.0659,9.6232
16,2000,200,32,48,147.00,753.00,0.8077,2.8721,0.9538,5355.79,0.1867,581.00,1.8671,3.3686,3.1398,4.9983,9.9499
16,2000,200,32,64,147.00,753.00,0.8077,2.8721,0.9540,5290.30,0.1890,581.00,1.8903,3.4060,3.1686,5.0693,10.3328
16,2000,200,64,12,147.00,753.00,0.8077,2.8721,0.9540,2890.08,0.3460,587.00,3.4601,6.6124,6.2437,8.8944,19.8051
16,2000,200,64,25,147.00,753.00,0.8077,2.8721,0.9797,2845.72,0.3514,591.00,3.5141,6.5878,6.2401,9.1024,18.4318
16,2000,200,64,51,147.00,753.00,0.8077,2.8721,0.9853,2815.37,0.3552,583.00,3.5519,6.6048,6.2487,8.9421,19.1919
16,2000,200,64,64,147.00,753.00,0.8077,2.8721,0.9857,2835.24,0.3527,581.00,3.5270,6.7247,6.3507,9.1302,19.5153
16,2000,200,64,96,147.00,753.00,0.8077,2.8721,0.9859,2769.38,0.3611,584.00,3.6109,6.8254,6.4963,9.2686,19.0430
16,2000,200,64,128,147.00,753.00,0.8077,2.8721,0.9859,2799.64,0.3572,584.00,3.5719,6.6149,6.2550,9.0489,20.1181
16,2000,200,128,25,147.00,753.00,0.8077,2.8721,0.9872,1466.16,0.6821,586.00,6.8205,13.0186,12.5021,16.6624,38.2269
16,2000,200,128,51,147.00,753.00,0.8077,2.8721,0.9959,1453.06,0.6882,597.00,6.8820,12.8247,12.3223,16.7820,35.7046
16,2000,200,128,102,147.00,753.00,0.8077,2.8721,0.9971,1479.02,0.6761,593.00,6.7612,12.9840,12.4554,16.5754,38.9481
16,2000,200,128,128,147.00,753.00,0.8077,2.8721,0.9971,1464.19,0.6830,598.00,6.8297,12.9791,12.4830,16.4422,39.5292
16,2000,200,128,192,147.00,753.00,0.8077,2.8721,0.9971,1504.24,0.6648,587.00,6.6479,12.9114,12.3698,16.0592,37.5885
16,2000,200,128,256,147.00,753.00,0.8077,2.8721,0.9971,1484.09,0.6738,595.00,6.7381,13.0018,12.4898,16.3000,39.3388
16,3000,40,3,1,146.00,737.00,0.8000,2.9092,0.4222,43688.79,0.0229,562.00,0.2289,0.3115,0.2717,0.6583,0.9214
16,3000,40,3,1,146.00,737.00,0.8000,2.9092,0.4222,43879.08,0.0228,562.00,0.2279,0.2817,0.2461,0.5823,0.9000
16,3000,40,3,2,146.00,737.00,0.8000,2.9092,0.4907,45586.42,0.0219,560.00,0.2194,0.2840,0.2529,0.5850,0.8897
16,3000,40,3,3,146.00,737.00,0.8000,2.9092,0.5190,45403.88,0.0220,563.00,0.2202,0.2697,0.2288,0.5790,0.9056
16,3000,40,3,4,146.00,737.00,0.8000,2.9092,0.5326,43470.81,0.0230,561.00,0.2300,0.2727,0.2323,0.5921,0.8965
16,3000,40,3,6,146.00,737.00,0.8000,2.9092,0.5457,43538.82,0.0230,562.00,0.2297,0.2559,0.2174,0.5426,0.8463
16,3000,40,6,1,146.00,737.00,0.8000,2.9092,0.4932,28582.02,0.0350,560.00,0.3499,0.5208,0.4698,0.9915,1.4745
16,3000,40,6,2,146.00,737.00,0.8000,2.9092,0.5899,29407.22,0.0340,561.00,0.3401,0.5051,0.4503,0.9984,1.5084
16,3000,40,6,4,146.00,737.00,0.8000,2.9092,0.6546,28352.93,0.0353,562.00,0.3527,0.5045,0.4478,1.0042,1.5381
16,3000,40,6,6,146.00,737.00,0.8000,2.9092,0.6758,29867.71,0.0335,563.00,0.3348,0.4935,0.4368,0.9700,1.5198
16,3000,40,6,9,146.00,737.00,0.8000,2.9092,0.6883,29401.95,0.0340,564.00,0.3401,0.4982,0.4403,0.9646,1.5271
16,3000,40,6,12,146.00,737.00,0.8000,2.9092,0.6926,28594.73,0.0350,564.00,0.3497,0.4952,0.4373,0.9677,1.4741
16,3000,40,12,2,146.00,737.00,0.8000,2.9092,0.6524,17305.11,0.0578,563.00,0.5779,0.9562,0.8624,1.7587,2.7324
16,3000,40,12,4,146.00,737.00,0.8000,2.9092,0.7426,16825.98,0.0594,562.00,0.5943,0.9656,0.8642,1.7362,2.7029
16,3000,40,12,9,146.00,737.00,0.8000,2.9092,0.7997,16433.25,0.0609,565.00,0.6085,0.9903,0.8965,1.8091,2.7790
16,3000,40,12,12,146.00,737.00,0.8000,2.9092,0.8085,16212.06,0.0617,561.00,0.6168,0.9993,0.9037,1.8424,2.7495
16,3000,40,12,18,146.00,737.00,0.8000,2.9092,0.8155,17418.95,0.0574,565.00,0.5741,0.9742,0.8795,1.7589,2.5837
16,3000,40,12,24,146.00,737.00,0.8000,2.9092,0.8178,17030.48,0.0587,563.00,0.5872,0.9707,0.8744,1.7367,2.6937
16,3000,40,24,4,146.00,737.00,0.8000,2.9092,0.7898,9832.28,0.1017,570.00,1.0171,1.8330,1.6792,2.9825,4.9095
16,3000,40,24,9,146.00,737.00,0.8000,2.9092,0.8709,9750.66,0.1026,562.00,1.0256,1.8714,1.7137,3.0580,5.0452
16,3000,40,24,19,146.00,737.00,0.8000,2.9092,0.9013,9821.99,0.1018,563.00,1.0181,1.8316,1.6671,3.0213,5.0378
16,3000,40,24,24,146.00,737.00,0.8000,2.9092,0.9058,9496.44,0.1053,560.00,1.0530,1.8152,1.6580,2.9573,5.1631
16,3000,40,24,36,146.00,737.00,0.8000,2.9092,0.9086,9563.06,0.1046,564.00,1.0457,1.8291,1.6717,2.9826,4.9103
16,3000,40,24,48,146.00,737.00,0.8000,2.9092,0.9088,8742.02,0.1144,563.00,1.1439,1.9421,1.7884,3.2126,5.1058
16,3000,40,48,9,146.00,737.00,0.8000,2.9092,0.9024,5041.31,0.1984,563.00,1.9836,3.7037,3.4769,5.5628,9.2022
16,3000,40,48,19,146.00,737.00,0.8000,2.9092,0.9499,4947.73,0.2021,561.00,2.0211,3.7333,3.4965,5.6825,9.0896
16,3000,40,48,38,146.00,737.00,0.8000,2.9092,0.9627,5018.38,0.1993,560.00,1.9927,3.6869,3.4381,5.5371,9.8105
16,3000,40,48,48,146.00,737.00,0.8000,2.9092,0.9637,5232.99,0.1911,564.00,1.9110,3.5856,3.3395,5.4084,9.6183
16,3000,40,48,72,146.00,737.00,0.8000,2.9092,0.9646,4966.92,0.2013,566.00,2.0133,3.6441,3.3902,5.5422,9.8468
16,3000,40,48,96,146.00,737.00,0.8000,2.9092,0.9647,5048.59,0.1981,564.00,1.9808,3.6108,3.3528,5.4397,9.7322
16,3000,40,96,19,146.00,737.00,0.8000,2.9092,0.9645,2736.27,0.3655,570.00,3.6546,7.0076,6.6513,9.6978,17.4639
16,3000,40,96,38,146.00,737.00,0.8000,2.9092,0.9848,2691.17,0.3716,575.00,3.7159,6.9315,6.5807,9.6299,18.5331
16,3000,40,96,76,146.00,737.00,0.8000,2.9092,0.9895,2693.49,0.3713,574.00,3.7127,6.9142,6.5455,9.6688,17.5934
16,3000,40,96,96,146.00,737.00,0.8000,2.9092,0.9898,2688.68,0.3719,576.00,3.7193,6.9082,6.5368,9.7012,16.8095
16,3000,40,96,144,146.00,737.00,0.8000,2.9092,0.9899,2698.35,0.3706,571.00,3.7060,7.0420,6.6850,9.7256,18.7110
16,3000,40,96,192,146.00,737.00,0.8000,2.9092,0.9900,2637.29,0.3792,571.00,3.7918,7.0109,6.6320,9.7107,20.0223
16,3000,40,192,38,146.00,737.00,0.8000,2.9092,0.9899,1422.46,0.7030,585.00,7.0301,13.4540,12.9291,17.2810,37.4390
16,3000,40,192,76,146.00,737.00,0.8000,2.9092,0.9967,1374.89,0.7273,576.00,7.2733,13.5495,12.9972,17.6038,40.0122
16,3000,40,192,153,146.00,737.00,0.8000,2.9092,0.9977,1387.67,0.7206,575.00,7.2063,13.4499,12.9037,17.4306,41.4452
16,3000,40,192,192,146.00,737.00,0.8000,2.9092,0.9978,1402.36,0.7131,582.00,7.1308,13.7023,13.1983,17.7026,37.8158
16,3000,40,192,288,146.00,737.00,0.8000,2.9092,0.9978,1346.06,0.7429,576.00,7.4291,14.0845,13.5743,18.4411,35.6242
16,3000,40,192,384,146.00,737.00,0.8000,2.9092,0.9978,1344.27,0.7439,584.00,7.4390,13.8615,13.3201,17.8687,39.8103
16,3000,100,3,1,139.00,739.00,0.8947,3.1154,0.4234,42302.25,0.0236,552.00,0.2364,0.3123,0.2730,0.6548,0.9800
16,3000,100,3,1,139.00,739.00,0.8947,3.1154,0.4234,41688.24,0.0240,554.00,0.2399,0.2750,0.2336,0.5929,0.9175
16,3000,100,3,2,139.00,739.00,0.8947,3.1154,0.4959,44602.87,0.0224,553.00,0.2242,0.2682,0.2325,0.5546,0.8586
16,3000,100,3,3,139.00,739.00,0.8947,3.1154,0.5230,44115.03,0.0227,557.00,0.2267,0.2631,0.2251,0.5663,0.8993
16,3000,100,3,4,139.00,739.00,0.8947,3.1154,0.5369,45094.08,0.0222,555.00,0.2218,0.2636,0.2251,0.5711,0.9183
16,3000,100,3,6,139.00,739.00,0.8947,3.1154,0.5487,41645.84,0.0240,555.00,0.2401,0.2594,0.2149,0.5784,0.8977
16,3000,100,6,1,139.00,739.00,0.8947,3.1154,0.4976,28234.69,0.0354,553.00,0.3542,0.5076,0.4485,1.0176,1.4899
16,3000,100,6,2,139.00,739.00,0.8947,3.1154,0.5986,27557.80,0.0363,551.00,0.3629,0.5432,0.4724,1.0999,1.6641
16,3000,100,6,4,139.00,739.00,0.8947,3.1154,0.6621,27129.17,0.0369,555.00,0.3686,0.5484,0.4801,1.1085,1.6926
16,3000,100,6,6,139.00,739.00,0.8947,3.1154,0.6819,26220.28,0.0381,553.00,0.3814,0.5121,0.4427,1.0561,1.6167
16,3000,100,6,9,139.00,739.00,0.8947,3.1154,0.6926,28451.51,0.0351,556.00,0.3515,0.4923,0.4356,0.9565,1.5476
16,3000,100,6,12,139.00,739.00,0.8947,3.1154,0.6964,28266.24,0.0354,558.00,0.3538,0.4912,0.4306,0.9740,1.5564
16,3000,100,12,2,139.00,739.00,0.8947,3.1154,0.6619,16210.75,0.0617,552.00,0.6169,0.9941,0.8927,1.8303,2.9045
16,3000,100,12,4,139.00,739.00,0.8947,3.1154,0.7516,17573.08,0.0569,554.00,0.5691,0.9645,0.8635,1.7112,2.7311
16,3000,100,12,9,139.00,739.00,0.8947,3.1154,0.8037,17674.97,0.0566,554.00,0.5658,0.9443,0.8533,1.7069,2.4622
16,3000,100,12,12,139.00,739.00,0.8947,3.1154,0.8121,17064.47,0.0586,556.00,0.5860,0.9561,0.8575,1.7380,2.6987
16,3000,100,12,18,139.00,739.00,0.8947,3.1154,0.8180,17234.45,0.0580,555.00,0.5802,0.9337,0.8386,1.6748,2.8031
16,3000,100,12,24,139.00,739.00,0.8947,3.1154,0.8196,17512.43,0.0571,556.00,0.5710,0.9229,0.8304,1.6470,2.6331
16,3000,100,24,4,139.00,739.00,0.8947,3.1154,0.8001,8899.44,0.1124,555.00,1.1237,1.8780,1.7062,3.2141,5.3552
16,3000,100,24,9,139.00,739.00,0.8947,3.1154,0.8770,8561.90,0.1168,552.00,1.1680,1.9051,1.7265,3.4489,5.6293
16,3000,100,24,19,139.00,739.00,0.8947,3.1154,0.9049,9361.99,0.1068,553.00,1.0681,1.8362,1.6638,3.0566,5.4986
16,3000,100,24,24,139.00,739.00,0.8947,3.1154,0.9074,9103.17,0.1099,554.00,1.0985,1.8701,1.7034,3.1671,5.2425
16,3000,100,24,36,139.00,739.00,0.8947,3.1154,0.9090,9475.63,0.1055,550.00,1.0553,1.8691,1.7195,3.0868,4.6631
16,3000,100,24,48,139.00,739.00,0.8947,3.1154,0.9096,9398.91,0.1064,551.00,1.0640,1.8306,1.6716,2.9818,5.4198
16,3000,100,48,9,139.00,739.00,0.8947,3.1154,0.9091,4811.03,0.2079,553.00,2.0786,3.6623,3.4283,5.7947,8.6494
16,3000,100,48,19,139.00,739.00,0.8947,3.1154,0.9522,4791.87,0.2087,553.00,2.0869,3.7048,3.4362,5.6389,10.2203
16,3000,100,48,38,139.00,739.00,0.8947,3.1154,0.9631,4782.89,0.2091,552.00,2.0908,3.7093,3.4469,5.6564,10.6866
16,3000,100,48,48,139.00,739.00,0.8947,3.1154,0.9639,4775.16,0.2094,553.00,2.0942,3.6619,3.4001,5.5988,10.5775
16,3000,100,48,72,139.00,739.00,0.8947,3.1154,0.9644,4883.18,0.2048,557.00,2.0478,3.6387,3.3887,5.5611,10.4021
16,3000,100,48,96,139.00,739.00,0.8947,3.1154,0.9644,4932.57,0.2027,556.00,2.0273,3.6935,3.4597,5.7588,8.5805
16,3000,100,96,19,139.00,739.00,0.8947,3.1154,0.9691,2605.22,0.3838,565.00,3.8384,7.0391,6.7014,10.2594,15.6912
16,3000,100,96,38,139.00,739.00,0.8947,3.1154,0.9862,2661.46,0.3757,568.00,3.7573,7.0073,6.6361,10.1514,17.5127
16,3000,100,96,76,139.00,739.00,0.8947,3.1154,0.9896,2822.76,0.3543,562.00,3.5426,6.7695,6.4362,9.3686,14.1610
16,3000,100,96,96,139.00,739.00,0.8947,3.1154,0.9898,2786.14,0.3589,558.00,3.5892,6.8161,6.4283,9.2607,18.8540
16,3000,100,96,144,139.00,739.00,0.8947,3.1154,0.9898,2658.12,0.3762,561.00,3.7621,6.9229,6.5530,9.6964,19.6422
16,3000,100,96,192,139.00,739.00,0.8947,3.1154,0.9898,2631.50,0.3800,570.00,3.8001,6.9843,6.6403,9.6543,20.5027
16,3000,100,192,38,139.00,739.00,0.8947,3.1154,0.9917,1430.80,0.6989,573.00,6.9891,13.0901,12.6292,16.9413,40.0564
16,3000,100,192,76,139.00,739.00,0.8947,3.1154,0.9971,1374.74,0.7274,564.00,7.2741,13.3296,12.7594,17.2445,41.1306
16,3000,100,192,153,139.00,739.00,0.8947,3.1154,0.9979,1318.16,0.7586,579.00,7.5864,13.8439,13.2754,18.1133,42.0615
16,3000,100,192,192,139.00,739.00,0.8947,3.1154,0.9979,1405.15,0.7117,579.00,7.1167,13.2605,12.8077,17.5203,33.5151
16,3000,100,192,288,139.00,739.00,0.8947,3.1154,0.9980,1394.73,0.7170,581.00,7.1699,13.2986,12.8192,17.4916,37.8181
16,3000,100,192,384,139.00,739.00,0.8947,3.1154,0.9980,1371.86,0.7289,575.00,7.2894,13.5031,12.9791,17.7366,36.4767
16,3000,200,3,1,127.00,738.00,1.0008,3.1700,0.4257,42820.87,0.0234,561.00,0.2335,0.3005,0.2607,0.6298,0.9570
16,3000,200,3,1,127.00,738.00,1.0008,3.1700,0.4257,44409.47,0.0225,560.00,0.2252,0.2792,0.2374,0.6097,0.9406
16,3000,200,3,2,127.00,738.00,1.0008,3.1700,0.4967,44127.46,0.0227,565.00,0.2266,0.2754,0.2382,0.5791,0.9143
16,3000,200,3,3,127.00,738.00,1.0008,3.1700,0.5239,44329.19,0.0226,564.00,0.2256,0.2604,0.2207,0.5599,0.8765
16,3000,200,3,4,127.00,738.00,1.0008,3.1700,0.5373,46689.98,0.0214,566.00,0.2142,0.2608,0.2273,0.5289,0.8503
16,3000,200,3,6,127.00,738.00,1.0008,3.1700,0.5488,45962.55,0.0218,563.00,0.2176,0.2530,0.2116,0.5557,0.8708
16,3000,200,6,1,127.00,738.00,1.0008,3.1700,0.4989,28798.91,0.0347,562.00,0.3472,0.5111,0.4585,0.9897,1.5051
16,3000,200,6,2,127.00,738.00,1.0008,3.1700,0.5972,29036.48,0.0344,564.00,0.3444,0.5095,0.4535,0.9778,1.5486
16,3000,200,6,4,127.00,738.00,1.0008,3.1700,0.6596,28649.69,0.0349,565.00,0.3490,0.4994,0.4428,0.9790,1.5802
16,3000,200,6,6,127.00,738.00,1.0008,3.1700,0.6807,29546.80,0.0338,564.00,0.3384,0.4962,0.4424,0.9712,1.4762
16,3000,200,6,9,127.00,738.00,1.0008,3.1700,0.6917,28969.49,0.0345,566.00,0.3452,0.4861,0.4281,0.9754,1.4527
16,3000,200,6,12,127.00,738.00,1.0008,3.1700,0.6951,28716.14,0.0348,565.00,0.3482,0.5071,0.4509,0.9815,1.4317
16,3000,200,12,2,127.00,738.00,1.0008,3.1700,0.6606,16967.79,0.0589,563.00,0.5894,0.9807,0.8818,1.7767,2.6700
16,3000,200,12,4,127.00,738.00,1.0008,3.1700,0.7490,17049.08,0.0587,564.00,0.5865,0.9677,0.8734,1.7455,2.5692
16,3000,200,12,9,127.00,738.00,1.0008,3.1700,0.8045,17082.67,0.0585,563.00,0.5854,0.9608,0.8662,1.7102,2.8044
16,3000,200,12,12,127.00,738.00,1.0008,3.1700,0.8129,17249.44,0.0580,568.00,0.5797,0.9454,0.8510,1.6965,2.6207
16,3000,200,12,18,127.00,738.00,1.0008,3.1700,0.8192,17710.43,0.0565,565.00,0.5646,0.9620,0.8668,1.7630,2.5802
16,3000,200,12,24,127.00,738.00,1.0008,3.1700,0.8208,17206.10,0.0581,563.00,0.5812,0.9676,0.8723,1.7516,2.7120
16,3000,200,24,4,127.00,738.00,1.0008,3.1700,0.7972,9884.82,0.1012,564.00,1.0117,1.8079,1.6621,2.8998,4.7319
16,3000,200,24,9,127.00,738.00,1.0008,3.1700,0.8760,9926.47,0.1007,564.00,1.0074,1.8300,1.6666,3.0440,5.0038
16,3000,200,24,19,127.00,738.00,1.0008,3.1700,0.9041,9705.75,0.1030,566.00,1.0303,1.8316,1.6680,3.0232,4.8608
16,3000,200,24,24,127.00,738.00,1.0008,3.1700,0.9073,9808.17,0.1020,567.00,1.0196,1.8270,1.6639,3.0672,5.0217
16,3000,200,24,36,127.00,738.00,1.0008,3.1700,0.9093,9835.03,0.1017,564.00,1.0168,1.8400,1.6781,3.1161,5.0744
16,3000,200,24,48,127.00,738.00,1.0008,3.1700,0.9097,9402.92,0.1063,564.00,1.0635,1.8249,1.6622,2.9994,5.1450
16,3000,200,48,9,127.00,738.00,1.0008,3.1700,0.9094,5278.56,0.1894,562.00,1.8945,3.5260,3.2787,5.2873,9.2345
16,3000,200,48,19,127.00,738.00,1.0008,3.1700,0.9528,5300.41,0.1887,564.00,1.8866,3.5568,3.2932,5.2522,10.0241
16,3000,200,48,38,127.00,738.00,1.0008,3.1700,0.9636,5076.43,0.1970,571.00,1.9699,3.5379,3.2920,5.3131,10.2565
16,3000,200,48,48,127.00,738.00,1.0008,3.1700,0.9644,5037.91,0.1985,566.00,1.9850,3.5469,3.2910,5.3589,9.9319
16,3000,200,48,72,127.00,738.00,1.0008,3.1700,0.9649,5040.34,0.1984,568.00,1.9840,3.5673,3.3115,5.4413,10.0077
16,3000,200,48,96,127.00,738.00,1.0008,3.1700,0.9650,5098.93,0.1961,574.00,1.9612,3.5701,3.3225,5.3747,10.3609
16,3000,200,96,19,127.00,738.00,1.0008,3.1700,0.9696,2805.18,0.3565,572.00,3.5648,6.8604,6.4747,9.3510,19.1199
16,3000,200,96,38,127.00,738.00,1.0008,3.1700,0.9864,2767.95,0.3613,567.00,3.6128,6.9145,6.5105,9.4254,19.1781
16,3000,200,96,76,127.00,738.00,1.0008,3.1700,0.9895,2733.85,0.3658,577.00,3.6578,6.8400,6.4482,9.5637,17.9632
16,3000,200,96,96,127.00,738.00,1.0008,3.1700,0.9896,2784.58,0.3591,574.00,3.5912,6.9005,6.5044,9.4071,18.6762
16,3000,200,96,144,127.00,738.00,1.0008,3.1700,0.9897,2706.57,0.3695,569.00,3.6947,6.8914,6.5031,9.5556,17.8519
16,3000,200,96,192,127.00,738.00,1.0008,3.1700,0.9897,2702.53,0.3700,578.00,3.7002,6.8848,6.5362,9.6521,16.6331
16,3000,200,192,38,127.00,738.00,1.0008,3.1700,0.9922,1450.32,0.6895,580.00,6.8950,13.2256,12.6734,17.2105,35.1611
16,3000,200,192,76,127.00,738.00,1.0008,3.1700,0.9975,1435.69,0.6965,576.00,6.9653,13.3883,12.8470,17.2505,36.4939
16,3000,200,192,153,127.00,738.00,1.0008,3.1700,0.9980,1429.64,0.6995,581.00,6.9948,13.3948,12.8830,17.4940,37.0405
16,3000,200,192,192,127.00,738.00,1.0008,3.1700,0.9980,1423.04,0.7027,581.00,7.0272,13.5016,12.9592,17.4467,36.3128
16,3000,200,192,288,127.00,738.00,1.0008,3.1700,0.9980,1413.51,0.7075,588.00,7.0746,13.2707,12.7850,17.2635,39.9029
16,3000,200,192,384,127.00,738.00,1.0008,3.1700,0.9980,1432.80,0.6979,592.00,6.9793,13.5241,12.9266,17.2940,36.5984
16,4000,40,4,1,143.00,740.00,0.8865,3.0637,0.4295,42906.81,0.0233,591.00,0.2331,0.3241,0.2877,0.6553,0.9904
16,4000,40,4,1,143.00,740.00,0.8865,3.0637,0.4295,42564.70,0.0235,588.00,0.2349,0.2850,0.2508,0.5846,0.8574
16,4000,40,4,3,143.00,740.00,0.8865,3.0637,0.5470,43173.98,0.0232,592.00,0.2316,0.2908,0.2557,0.5918,0.8975
16,4000,40,4,4,143.00,740.00,0.8865,3.0637,0.5641,44548.40,0.0224,593.00,0.2245,0.2964,0.2632,0.6097,0.9256
16,4000,40,4,6,143.00,740.00,0.8865,3.0637,0.5811,43715.99,0.0229,593.00,0.2287,0.2891,0.2514,0.5962,0.9223
16,4000,40,4,8,143.00,740.00,0.8865,3.0637,0.5876,44140.12,0.0227,593.00,0.2266,0.2734,0.2340,0.5689,0.8801
16,4000,40,8,1,143.00,740.00,0.8865,3.0637,0.4873,28630.07,0.0349,587.00,0.3493,0.5287,0.4744,1.0079,1.5256
16,4000,40,8,3,143.00,740.00,0.8865,3.0637,0.6454,29153.83,0.0343,589.00,0.3430,0.5138,0.4625,0.9964,1.4951
16,4000,40,8,6,143.00,740.00,0.8865,3.0637,0.6981,27342.91,0.0366,594.00,0.3657,0.5175,0.4581,0.9958,1.5429
16,4000,40,8,8,143.00,740.00,0.8865,3.0637,0.7099,27444.96,0.0364,591.00,0.3644,0.5316,0.4697,1.0272,1.5978
16,4000,40,8,12,143.00,740.00,0.8865,3.0637,0.7195,27950.93,0.0358,591.00,0.3578,0.5184,0.4627,1.0053,1.4907
16,4000,40,8,16,143.00,740.00,0.8865,3.0637,0.7231,28780.87,0.0347,591.00,0.3475,0.5130,0.4603,0.9745,1.4849
16,4000,40,16,3,143.00,740.00,0.8865,3.0637,0.7094,15934.27,0.0628,594.00,0.6276,1.0359,0.9431,1.8473,2.5975
16,4000,40,16,6,143.00,740.00,0.8865,3.0637,0.7874,15750.80,0.0635,592.00,0.6349,1.0552,0.9580,1.8713,2.5892
16,4000,40,16,12,143.00,740.00,0.8865,3.0637,0.8239,15923.55,0.0628,592.00,0.6280,1.0350,0.9325,1.8535,2.8302
16,4000,40,16,16,143.00,740.00,0.8865,3.0637,0.8312,16096.55,0.0621,592.00,0.6213,1.0628,0.9650,1.8829,2.7544
16,4000,40,16,24,143.00,740.00,0.8865,3.0637,0.8366,16613.40,0.0602,593.00,0.6019,1.0029,0.9076,1.8161,2.5786
16,4000,40,16,32,143.00,740.00,0.8865,3.0637,0.8382,15443.52,0.0648,591.00,0.6475,1.0616,0.9725,1.8900,2.5613
16,4000,40,32,6,143.00,740.00,0.8865,3.0637,0.8326,8430.59,0.1186,593.00,1.1862,1.9893,1.8758,3.4217,4.5576
16,4000,40,32,12,143.00,740.00,0.8865,3.0637,0.8913,9027.64,0.1108,594.00,1.1077,1.9633,1.8167,3.3028,4.4015
16,4000,40,32,25,143.00,740.00,0.8865,3.0637,0.9167,9077.33,0.1102,594.00,1.1016,1.9369,1.7693,3.2026,5.2693
16,4000,40,32,32,143.00,740.00,0.8865,3.0637,0.9193,9100.93,0.1099,594.00,1.0988,1.9063,1.7370,3.1156,5.2426
16,4000,40,32,48,143.00,740.00,0.8865,3.0637,0.9214,9164.28,0.1091,593.00,1.0912,1.9028,1.7416,3.0921,5.2991
16,4000,40,32,64,143.00,740.00,0.8865,3.0637,0.9218,9244.00,0.1082,594.00,1.0818,1.9002,1.7438,3.0947,4.8115
16,4000,40,64,12,143.00,740.00,0.8865,3.0637,0.9176,5069.59,0.1973,594.00,1.9725,3.7041,3.4605,5.5617,9.1303
16,4000,40,64,25,143.00,740.00,0.8865,3.0637,0.9573,5067.76,0.1973,594.00,1.9733,3.7183,3.4726,5.5883,9.5497
16,4000,40,64,51,143.00,740.00,0.8865,3.0637,0.9679,5115.37,0.1955,593.00,1.9549,3.6555,3.4174,5.5136,8.6537
16,4000,40,64,64,143.00,740.00,0.8865,3.0637,0.9688,5044.09,0.1983,594.00,1.9825,3.6771,3.4288,5.5621,9.1339
16,4000,40,64,96,143.00,740.00,0.8865,3.0637,0.9694,5040.61,0.1984,600.00,1.9839,3.7110,3.4534,5.5903,9.8721
16,4000,40,64,128,143.00,740.00,0.8865,3.0637,0.9695,5043.30,0.1983,598.00,1.9828,3.7771,3.5176,5.7230,9.1391
16,4000,40,128,25,143.00,740.00,0.8865,3.0637,0.9701,2635.77,0.3794,603.00,3.7940,7.2255,6.8518,10.0937,18.3102
16,4000,40,128,51,143.00,740.00,0.8865,3.0637,0.9869,2588.78,0.3863,599.00,3.8628,7.3317,6.9856,10.1413,18.4071
16,4000,40,128,102,143.00,740.00,0.8865,3.0637,0.9901,2573.23,0.3886,604.00,3.8862,7.3746,7.0136,10.2963,18.3518
16,4000,40,128,128,143.00,740.00,0.8865,3.0637,0.9903,2554.90,0.3914,596.00,3.9141,7.3483,6.9877,10.4507,17.1071
16,4000,40,128,192,143.00,740.00,0.8865,3.0637,0.9905,2647.39,0.3777,594.00,3.7773,7.2457,6.8619,9.9836,18.3264
16,4000,40,128,256,143.00,740.00,0.8865,3.0637,0.9908,2644.15,0.3782,605.00,3.7819,7.2935,6.9095,9.9680,19.3426
16,4000,40,256,51,143.00,740.00,0.8865,3.0637,0.9910,1437.94,0.6954,610.00,6.9544,13.5793,12.9326,17.4806,36.3295
16,4000,40,256,102,143.00,740.00,0.8865,3.0637,0.9961,1399.42,0.7146,602.00,7.1458,13.6800,13.1945,19.0811,28.1374
16,4000,40,256,204,143.00,740.00,0.8865,3.0637,0.9970,1409.95,0.7092,614.00,7.0924,13.8536,13.2853,17.4189,36.2261
16,4000,40,256,256,143.00,740.00,0.8865,3.0637,0.9972,1389.96,0.7194,605.00,7.1945,13.8387,13.3447,17.9350,34.4144
16,4000,40,256,384,143.00,740.00,0.8865,3.0637,0.9974,1377.96,0.7257,605.00,7.2571,14.0311,13.4939,17.9140,36.8944
16,4000,40,256,512,143.00,740.00,0.8865,3.0637,0.9975,1387.68,0.7206,615.00,7.2063,13.9828,13.5313,18.4267,33.7732
16,4000,100,4,1,166.00,741.00,1.0072,3.1883,0.4343,43523.58,0.0230,584.00,0.2298,0.3090,0.2709,0.6408,0.9542
16,4000,100,4,1,166.00,741.00,1.0072,3.1883,0.4343,43526.07,0.0230,586.00,0.2297,0.2833,0.2440,0.6057,0.9017
16,4000,100,4,3,166.00,741.00,1.0072,3.1883,0.5497,45429.76,0.0220,588.00,0.2201,0.2862,0.2510,0.5992,0.9060
16,4000,100,4,4,166.00,741.00,1.0072,3.1883,0.5670,44159.66,0.0226,587.00,0.2265,0.2749,0.2347,0.6006,0.9205
16,4000,100,4,6,166.00,741.00,1.0072,3.1883,0.5820,44405.33,0.0225,588.00,0.2252,0.2797,0.2410,0.5877,0.8880
16,4000,100,4,8,166.00,741.00,1.0072,3.1883,0.5887,44164.04,0.0226,588.00,0.2264,0.2831,0.2468,0.5774,0.9234
16,4000,100,8,1,166.00,741.00,1.0072,3.1883,0.4934,27687.71,0.0361,582.00,0.3612,0.5559,0.5033,1.0491,1.5579
16,4000,100,8,3,166.00,741.00,1.0072,3.1883,0.6524,26872.54,0.0372,590.00,0.3721,0.5594,0.5069,1.0560,1.4567
16,4000,100,8,6,166.00,741.00,1.0072,3.1883,0.7025,27425.09,0.0365,587.00,0.3646,0.5531,0.4991,1.0336,1.5016
16,4000,100,8,8,166.00,741.00,1.0072,3.1883,0.7141,28811.15,0.0347,587.00,0.3471,0.5122,0.4552,0.9755,1.5189
16,4000,100,8,12,166.00,741.00,1.0072,3.1883,0.7224,29213.36,0.0342,589.00,0.3423,0.5067,0.4532,0.9759,1.4833
16,4000,100,8,16,166.00,741.00,1.0072,3.1883,0.7255,29314.35,0.0341,588.00,0.3411,0.5066,0.4532,0.9810,1.4313
16,4000,100,16,3,166.00,741.00,1.0072,3.1883,0.7157,17051.41,0.0586,586.00,0.5865,1.0041,0.9080,1.7935,2.6465
16,4000,100,16,6,166.00,741.00,1.0072,3.1883,0.7923,16740.01,0.0597,588.00,0.5974,1.0067,0.9104,1.8113,2.7122
16,4000,100,16,12,166.00,741.00,1.0072,3.1883,0.8287,16802.58,0.0595,586.00,0.5951,0.9867,0.8985,1.7813,2.6579
16,4000,100,16,16,166.00,741.00,1.0072,3.1883,0.8351,17028.55,0.0587,589.00,0.5872,1.0011,0.9049,1.7895,2.6247
16,4000,100,16,24,166.00,741.00,1.0072,3.1883,0.8391,16923.64,0.0591,583.00,0.5909,0.9916,0.8987,1.8008,2.6869
16,4000,100,16,32,166.00,741.00,1.0072,3.1883,0.8403,16729.77,0.0598,589.00,0.5977,1.0120,0.9187,1.8032,2.5465
16,4000,100,32,6,166.00,741.00,1.0072,3.1883,0.8391,9425.59,0.1061,585.00,1.0609,1.9327,1.7713,3.1500,4.9654
16,4000,100,32,12,166.00,741.00,1.0072,3.1883,0.8971,9120.32,0.1096,587.00,1.0965,1.9594,1.8051,3.2108,4.9711
16,4000,100,32,25,166.00,741.00,1.0072,3.1883,0.9192,8502.19,0.1176,586.00,1.1762,2.0040,1.8356,3.3300,5.4150
16,4000,100,32,32,166.00,741.00,1.0072,3.1883,0.9216,8875.09,0.1127,588.00,1.1267,2.0297,1.8958,3.2456,4.3998
16,4000,100,32,48,166.00,741.00,1.0072,3.1883,0.9226,8626.08,0.1159,582.00,1.1593,2.0478,1.9146,3.3909,4.6131
16,4000,100,32,64,166.00,741.00,1.0072,3.1883,0.9226,8959.75,0.1116,594.00,1.1161,2.0216,1.8883,3.3414,4.4859
16,4000,100,64,12,166.00,741.00,1.0072,3.1883,0.9252,5036.68,0.1985,594.00,1.9854,3.7260,3.4986,5.5756,9.2099
16,4000,100,64,25,166.00,741.00,1.0072,3.1883,0.9617,4894.71,0.2043,597.00,2.0430,3.6889,3.4266,5.5249,10.0989
16,4000,100,64,51,166.00,741.00,1.0072,3.1883,0.9694,4935.71,0.2026,589.00,2.0261,3.7067,3.4601,5.6196,9.4820
16,4000,100,64,64,166.00,741.00,1.0072,3.1883,0.9700,4966.91,0.2013,589.00,2.0133,3.7397,3.5069,5.6587,8.9928
16,4000,100,64,96,166.00,741.00,1.0072,3.1883,0.9703,4939.51,0.2024,596.00,2.0245,3.6930,3.4574,5.4373,10.2769
16,4000,100,64,128,166.00,741.00,1.0072,3.1883,0.9704,4984.73,0.2006,595.00,2.0061,3.7807,3.5445,5.6679,9.2994
16,4000,100,128,25,166.00,741.00,1.0072,3.1883,0.9756,2724.98,0.3670,600.00,3.6698,6.9698,6.6060,10.2077,17.7075
16,4000,100,128,51,166.00,741.00,1.0072,3.1883,0.9889,2710.92,0.3689,596.00,3.6888,7.1231,6.7492,9.7586,18.0744
16,4000,100,128,102,166.00,741.00,1.0072,3.1883,0.9913,2706.04,0.3695,598.00,3.6954,7.1238,6.7709,9.7430,18.1063
16,4000,100,128,128,166.00,741.00,1.0072,3.1883,0.9915,2704.39,0.3698,599.00,3.6977,7.1357,6.7719,9.6694,18.6701
16,4000,100,128,192,166.00,741.00,1.0072,3.1883,0.9916,2679.01,0.3733,590.00,3.7327,7.2339,6.8549,9.7487,19.1678
16,4000,100,128,256,166.00,741.00,1.0072,3.1883,0.9916,2627.99,0.3805,599.00,3.8052,7.3319,6.9513,10.0533,18.4969
16,4000,100,256,51,166.00,741.00,1.0072,3.1883,0.9937,1360.38,0.7351,601.00,7.3509,14.0375,13.5318,18.5157,34.3899
16,4000,100,256,102,166.00,741.00,1.0072,3.1883,0.9977,1374.57,0.7275,609.00,7.2750,13.7351,13.2570,17.9333,38.1182
16,4000,100,256,204,166.00,741.00,1.0072,3.1883,0.9981,1396.59,0.7160,607.00,7.1603,13.9279,13.4161,17.7708,36.3269
16,4000,100,256,256,166.00,741.00,1.0072,3.1883,0.9982,1397.37,0.7156,601.00,7.1563,13.8997,13.3644,17.8002,35.9820
16,4000,100,256,384,166.00,741.00,1.0072,3.1883,0.9982,1330.75,0.7515,615.00,7.5146,14.3396,13.8275,18.6439,34.6661
16,4000,100,256,512,166.00,741.00,1.0072,3.1883,0.9982,1342.72,0.7448,608.00,7.4476,14.3238,13.8085,18.7253,34.6073
16,4000,200,4,1,161.00,744.00,1.1585,3.3886,0.4326,41483.33,0.0241,585.00,0.2411,0.3249,0.2844,0.6789,1.0077
16,4000,200,4,1,161.00,744.00,1.1585,3.3886,0.4326,43699.65,0.0229,587.00,0.2288,0.2994,0.2631,0.6246,0.9334
16,4000,200,4,3,161.00,744.00,1.1585,3.3886,0.5543,41868.62,0.0239,587.00,0.2388,0.2917,0.2558,0.6003,0.9153
16,4000,200,4,4,161.00,744.00,1.1585,3.3886,0.5703,42753.01,0.0234,587.00,0.2339,0.2813,0.2416,0.5799,0.9036
16,4000,200,4,6,161.00,744.00,1.1585,3.3886,0.5861,44801.30,0.0223,588.00,0.2232,0.2838,0.2475,0.5699,0.8602
16,4000,200,4,8,161.00,744.00,1.1585,3.3886,0.5918,44933.62,0.0223,592.00,0.2226,0.2798,0.2431,0.5747,0.8959
16,4000,200,8,1,161.00,744.00,1.1585,3.3886,0.4898,28823.48,0.0347,588.00,0.3469,0.5306,0.4758,1.0175,1.4846
16,4000,200,8,3,161.00,744.00,1.1585,3.3886,0.6531,28360.16,0.0353,588.00,0.3526,0.5402,0.4822,1.0226,1.5759
16,4000,200,8,6,161.00,744.00,1.1585,3.3886,0.7041,28236.04,0.0354,588.00,0.3542,0.5134,0.4592,0.9977,1.5416
16,4000,200,8,8,161.00,744.00,1.1585,3.3886,0.7145,29528.56,0.0339,589.00,0.3387,0.5101,0.4503,0.9985,1.5698
16,4000,200,8,12,161.00,744.00,1.1585,3.3886,0.7236,28745.51,0.0348,590.00,0.3479,0.5040,0.4439,1.0054,1.5447
16,4000,200,8,16,161.00,744.00,1.1585,3.3886,0.7272,29271.62,0.0342,590.00,0.3416,0.5021,0.4423,0.9900,1.4657
16,4000,200,16,3,161.00,744.00,1.1585,3.3886,0.7166,15990.48,0.0625,592.00,0.6254,1.0087,0.9091,1.7965,3.0056
16,4000,200,16,6,161.00,744.00,1.1585,3.3886,0.7927,16586.93,0.0603,591.00,0.6029,1.0096,0.9104,1.7928,2.8020
16,4000,200,16,12,161.00,744.00,1.1585,3.3886,0.8291,16696.34,0.0599,591.00,0.5989,0.9858,0.8853,1.7561,2.7480
16,4000,200,16,16,161.00,744.00,1.1585,3.3886,0.8359,16564.74,0.0604,590.00,0.6037,0.9870,0.8871,1.7626,2.7928
16,4000,200,16,24,161.00,744.00,1.1585,3.3886,0.8400,16566.64,0.0604,591.00,0.6036,1.0107,0.9205,1.7915,2.5874
16,4000,200,16,32,161.00,744.00,1.1585,3.3886,0.8410,16390.55,0.0610,592.00,0.6101,1.0198,0.9329,1.7966,2.5333
16,4000,200,32,6,161.00,744.00,1.1585,3.3886,0.8390,9476.69,0.1055,599.00,1.0552,1.9155,1.7596,3.2111,4.8200
16,4000,200,32,12,161.00,744.00,1.1585,3.3886,0.8960,9494.60,0.1053,592.00,1.0532,1.9000,1.7325,3.1681,4.8825
16,4000,200,32,25,161.00,744.00,1.1585,3.3886,0.9183,9606.87,0.1041,591.00,1.0409,1.9195,1.7482,3.2192,4.8427
16,4000,200,32,32,161.00,744.00,1.1585,3.3886,0.9204,9361.36,0.1068,592.00,1.0682,1.9016,1.7497,3.0703,4.7474
16,4000,200,32,48,161.00,744.00,1.1585,3.3886,0.9214,8848.67,0.1130,590.00,1.1301,2.0549,1.9205,3.3246,4.5809
16,4000,200,32,64,161.00,744.00,1.1585,3.3886,0.9218,9197.66,0.1087,593.00,1.0872,1.9822,1.8284,3.2422,5.0516
16,4000,200,64,12,161.00,744.00,1.1585,3.3886,0.9260,5091.29,0.1964,588.00,1.9641,3.6949,3.4526,5.5665,8.9916
16,4000,200,64,25,161.00,744.00,1.1585,3.3886,0.9607,4981.80,0.2007,595.00,2.0073,3.7430,3.4950,5.6579,9.3343
16,4000,200,64,51,161.00,744.00,1.1585,3.3886,0.9692,4984.12,0.2006,590.00,2.0064,3.7405,3.4880,5.6499,9.2290
16,4000,200,64,64,161.00,744.00,1.1585,3.3886,0.9697,4632.94,0.2158,589.00,2.1585,3.9353,3.7085,6.0768,8.5223
16,4000,200,64,96,161.00,744.00,1.1585,3.3886,0.9702,4994.92,0.2002,599.00,2.0020,3.7082,3.4450,5.6319,9.7952
16,4000,200,64,128,161.00,744.00,1.1585,3.3886,0.9702,4926.47,0.2030,594.00,2.0299,3.7066,3.4622,5.5327,9.6223
16,4000,200,128,25,161.00,744.00,1.1585,3.3886,0.9755,2699.24,0.3705,601.00,3.7047,7.1049,6.7440,9.7405,18.0406
16,4000,200,128,51,161.00,744.00,1.1585,3.3886,0.9893,2615.72,0.3823,593.00,3.8230,7.0883,6.7250,9.8074,19.7067
16,4000,200,128,102,161.00,744.00,1.1585,3.3886,0.9915,2632.81,0.3798,596.00,3.7982,7.1222,6.7702,9.7643,18.8839
16,4000,200,128,128,161.00,744.00,1.1585,3.3886,0.9917,2609.66,0.3832,601.00,3.8319,7.1230,6.7676,9.8141,19.7717
16,4000,200,128,192,161.00,744.00,1.1585,3.3886,0.9917,2682.51,0.3728,594.00,3.7279,7.1234,6.7408,9.7677,18.5014
16,4000,200,128,256,161.00,744.00,1.1585,3.3886,0.9917,2684.19,0.3726,601.00,3.7255,7.2125,6.8215,9.7574,18.7267
16,4000,200,256,51,161.00,744.00,1.1585,3.3886,0.9940,1444.34,0.6924,605.00,6.9236,13.4775,12.9238,16.9346,34.5516
16,4000,200,256,102,161.00,744.00,1.1585,3.3886,0.9976,1422.03,0.7032,593.00,7.0322,13.7347,13.2185,17.8082,33.9211
16,4000,200,256,204,161.00,744.00,1.1585,3.3886,0.9981,1413.42,0.7075,607.00,7.0751,13.7797,13.2325,17.6449,34.6726
16,4000,200,256,256,161.00,744.00,1.1585,3.3886,0.9981,1395.06,0.7168,602.00,7.1681,13.8722,13.3578,18.6450,31.9377
16,4000,200,256,384,161.00,744.00,1.1585,3.3886,0.9981,1392.70,0.7180,609.00,7.1803,13.8248,13.3688,18.3858,34.1292
16,4000,200,256,512,161.00,744.00,1.1585,3.3886,0.9982,1372.57,0.7286,602.00,7.2856,14.1553,13.6316,18.0012,34.7586
16,6000,40,6,1,153.00,732.00,1.0354,3.2654,0.4436,40528.36,0.0247,599.00,0.2467,0.3395,0.3037,0.6744,0.9807
16,6000,40,6,2,153.00,732.00,1.0354,3.2654,0.5348,42385.97,0.0236,600.00,0.2359,0.3176,0.2857,0.6266,0.9147
16,6000,40,6,4,153.00,732.00,1.0354,3.2654,0.5965,40481.67,0.0247,599.00,0.2470,0.3047,0.2632,0.6408,0.9728
16,6000,40,6,6,153.00,732.00,1.0354,3.2654,0.6179,41339.21,0.0242,601.00,0.2419,0.2928,0.2582,0.5839,0.9211
16,6000,40,6,9,153.00,732.00,1.0354,3.2654,0.6309,43977.58,0.0227,600.00,0.2274,0.2941,0.2631,0.5713,0.8199
16,6000,40,6,12,153.00,732.00,1.0354,3.2654,0.6359,42924.53,0.0233,598.00,0.2330,0.2965,0.2614,0.5937,0.8716
16,6000,40,12,2,153.00,732.00,1.0354,3.2654,0.5988,27077.20,0.0369,599.00,0.3693,0.5677,0.5145,1.0530,1.5814
16,6000,40,12,4,153.00,732.00,1.0354,3.2654,0.6853,27011.79,0.0370,599.00,0.3702,0.5528,0.5011,1.0498,1.4918
16,6000,40,12,9,153.00,732.00,1.0354,3.2654,0.7418,26941.56,0.0371,597.00,0.3712,0.5496,0.4953,1.0197,1.4481
16,6000,40,12,12,153.00,732.00,1.0354,3.2654,0.7512,26817.43,0.0373,601.00,0.3729,0.5567,0.4998,1.0446,1.5031
16,6000,40,12,18,153.00,732.00,1.0354,3.2654,0.7581,26720.33,0.0374,600.00,0.3742,0.5594,0.5080,1.0300,1.4723
16,6000,40,12,24,153.00,732.00,1.0354,3.2654,0.7609,27534.36,0.0363,599.00,0.3632,0.5434,0.4877,1.0276,1.4677
16,6000,40,24,4,153.00,732.00,1.0354,3.2654,0.7386,15785.46,0.0633,600.00,0.6335,1.0823,0.9925,1.8745,2.6876
16,6000,40,24,9,153.00,732.00,1.0354,3.2654,0.8221,15195.06,0.0658,600.00,0.6581,1.0701,0.9781,1.8539,2.7278
16,6000,40,24,19,153.00,732.00,1.0354,3.2654,0.8559,15959.39,0.0627,605.00,0.6266,1.0553,0.9678,1.8221,2.6211
16,6000,40,24,24,153.00,732.00,1.0354,3.2654,0.8603,16424.28,0.0609,601.00,0.6089,1.0452,0.9488,1.8263,2.7619
16,6000,40,24,36,153.00,732.00,1.0354,3.2654,0.8647,16601.66,0.0602,602.00,0.6023,1.0496,0.9544,1.8096,2.6912
16,6000,40,24,48,153.00,732.00,1.0354,3.2654,0.8659,16116.48,0.0620,601.00,0.6205,1.0761,0.9842,1.8718,2.6191
16,6000,40,48,9,153.00,732.00,1.0354,3.2654,0.8624,8652.53,0.1156,600.00,1.1557,2.0359,1.8874,3.1832,5.1465
16,6000,40,48,19,153.00,732.00,1.0354,3.2654,0.9159,8766.70,0.1141,608.00,1.1407,2.0504,1.9107,3.2198,4.7738
16,6000,40,48,38,153.00,732.00,1.0354,3.2654,0.9342,8918.94,0.1121,603.00,1.1212,2.0123,1.8707,3.1989,4.7381
16,6000,40,48,48,153.00,732.00,1.0354,3.2654,0.9361,9116.25,0.1097,600.00,1.0969,2.0074,1.8556,3.2679,4.6635
16,6000,40,48,72,153.00,732.00,1.0354,3.2654,0.9375,8641.68,0.1157,601.00,1.1572,2.0390,1.8909,3.2298,5.1439
16,6000,40,48,96,153.00,732.00,1.0354,3.2654,0.9378,8683.18,0.1152,598.00,1.1517,2.0681,1.9039,3.3024,5.1258
16,6000,40,96,19,153.00,732.00,1.0354,3.2654,0.9399,4749.12,0.2106,609.00,2.1057,3.9377,3.7048,5.8663,9.0869
16,6000,40,96,38,153.00,732.00,1.0354,3.2654,0.9691,4694.98,0.2130,602.00,2.1299,3.9799,3.7682,5.9739,8.5972
16,6000,40,96,76,153.00,732.00,1.0354,3.2654,0.9772,4748.91,0.2106,605.00,2.1057,3.9466,3.7182,5.8665,9.2650
16,6000,40,96,96,153.00,732.00,1.0354,3.2654,0.9779,4779.16,0.2092,601.00,2.0924,3.9676,3.7303,5.8751,9.5376
16,6000,40,96,144,153.00,732.00,1.0354,3.2654,0.9784,4592.06,0.2178,610.00,2.1777,3.9596,3.7214,5.7454,10.6633
16,6000,40,96,192,153.00,732.00,1.0354,3.2654,0.9784,4510.16,0.2217,598.00,2.2172,4.0301,3.8026,5.9908,9.5252
16,6000,40,192,38,153.00,732.00,1.0354,3.2654,0.9788,2443.44,0.4093,612.00,4.0926,7.6725,7.3560,11.1010,16.0420
16,6000,40,192,76,153.00,732.00,1.0354,3.2654,0.9914,2387.56,0.4188,605.00,4.1884,7.7141,7.3445,10.9964,17.8639
16,6000,40,192,153,153.00,732.00,1.0354,3.2654,0.9939,2404.66,0.4159,616.00,4.1586,7.6976,7.3286,10.8318,18.9493
16,6000,40,192,192,153.00,732.00,1.0354,3.2654,0.9940,2480.47,0.4031,609.00,4.0315,7.6736,7.3680,10.9750,16.5333
16,6000,40,192,288,153.00,732.00,1.0354,3.2654,0.9941,2490.90,0.4015,610.00,4.0146,7.7470,7.4120,11.0652,16.8591
16,6000,40,192,384,153.00,732.00,1.0354,3.2654,0.9941,2365.79,0.4227,606.00,4.2269,7.9174,7.6043,11.2699,16.1932
16,6000,40,384,76,153.00,732.00,1.0354,3.2654,0.9943,1332.74,0.7503,627.00,7.5034,14.2868,13.7118,19.8934,31.4781
16,6000,40,384,153,153.00,732.00,1.0354,3.2654,0.9980,1287.34,0.7768,617.00,7.7680,14.7359,14.2721,21.5938,28.5856
16,6000,40,384,307,153.00,732.00,1.0354,3.2654,0.9985,1278.20,0.7823,622.00,7.8235,14.9092,14.4800,21.3986,29.5843
16,6000,40,384,384,153.00,732.00,1.0354,3.2654,0.9985,1302.17,0.7680,632.00,7.6795,14.7762,14.3473,20.6152,30.4413
16,6000,40,384,576,153.00,732.00,1.0354,3.2654,0.9985,1277.73,0.7826,621.00,7.8264,15.0529,14.6045,21.1123,31.4216
16,6000,40,384,768,153.00,732.00,1.0354,3.2654,0.9986,1253.82,0.7976,623.00,7.9756,15.2219,14.8295,19.8796,37.7437
16,6000,100,6,1,177.00,738.00,1.2230,3.5081,0.4540,40424.43,0.0247,572.00,0.2474,0.3335,0.2951,0.6758,0.9592
16,6000,100,6,2,177.00,738.00,1.2230,3.5081,0.5474,42313.39,0.0236,576.00,0.2363,0.3212,0.2862,0.6330,0.9366
16,6000,100,6,4,177.00,738.00,1.2230,3.5081,0.6065,41986.84,0.0238,575.00,0.2382,0.3025,0.2686,0.6082,0.8662
16,6000,100,6,6,177.00,738.00,1.2230,3.5081,0.6243,43130.60,0.0232,578.00,0.2319,0.2951,0.2579,0.6125,0.9268
16,6000,100,6,9,177.00,738.00,1.2230,3.5081,0.6354,43503.50,0.0230,577.00,0.2299,0.2947,0.2599,0.5897,0.8681
16,6000,100,6,12,177.00,738.00,1.2230,3.5081,0.6404,43287.76,0.0231,576.00,0.2310,0.2975,0.2624,0.5963,0.9007
16,6000,100,12,2,177.00,738.00,1.2230,3.5081,0.6130,26801.10,0.0373,575.00,0.3731,0.5722,0.5194,1.0559,1.5137
16,6000,100,12,4,177.00,738.00,1.2230,3.5081,0.6969,26796.44,0.0373,578.00,0.3732,0.5543,0.4990,1.0502,1.5150
16,6000,100,12,9,177.00,738.00,1.2230,3.5081,0.7483,26882.46,0.0372,576.00,0.3720,0.5634,0.5094,1.0389,1.5149
16,6000,100,12,12,177.00,738.00,1.2230,3.5081,0.7573,26677.17,0.0375,578.00,0.3749,0.5741,0.5196,1.0563,1.5458
16,6000,100,12,18,177.00,738.00,1.2230,3.5081,0.7641,25617.47,0.0390,578.00,0.3904,0.5593,0.5089,1.0443,1.4349
16,6000,100,12,24,177.00,738.00,1.2230,3.5081,0.7662,26254.88,0.0381,576.00,0.3809,0.5730,0.5213,1.0427,1.4528
16,6000,100,24,4,177.00,738.00,1.2230,3.5081,0.7521,15322.44,0.0653,576.00,0.6526,1.1062,1.0179,1.9113,2.6123
16,6000,100,24,9,177.00,738.00,1.2230,3.5081,0.8303,15909.08,0.0629,576.00,0.6286,1.0707,0.9749,1.8244,2.9115
16,6000,100,24,19,177.00,738.00,1.2230,3.5081,0.8611,15566.25,0.0642,577.00,0.6424,1.0854,0.9863,1.8489,2.8396
16,6000,100,24,24,177.00,738.00,1.2230,3.5081,0.8645,14997.19,0.0667,578.00,0.6668,1.0923,0.9941,1.9237,2.7340
16,6000,100,24,36,177.00,738.00,1.2230,3.5081,0.8670,14858.31,0.0673,577.00,0.6730,1.1062,1.0185,1.8945,2.6138
16,6000,100,24,48,177.00,738.00,1.2230,3.5081,0.8675,15670.97,0.0638,574.00,0.6381,1.0869,0.9998,1.8378,2.5277
16,6000,100,48,9,177.00,738.00,1.2230,3.5081,0.8721,8574.61,0.1166,577.00,1.1662,2.1004,1.9550,3.3584,4.7814
16,6000,100,48,19,177.00,738.00,1.2230,3.5081,0.9222,8846.55,0.1130,574.00,1.1304,2.0461,1.8965,3.2613,4.7344
16,6000,100,48,38,177.00,738.00,1.2230,3.5081,0.9358,8402.49,0.1190,577.00,1.1901,2.0685,1.9113,3.2604,5.3244
16,6000,100,48,48,177.00,738.00,1.2230,3.5081,0.9371,8320.95,0.1202,575.00,1.2018,2.0783,1.9146,3.3183,5.4227
16,6000,100,48,72,177.00,738.00,1.2230,3.5081,0.9378,8817.92,0.1134,575.00,1.1341,2.0437,1.8895,3.2940,4.7682
16,6000,100,48,96,177.00,738.00,1.2230,3.5081,0.9379,8577.76,0.1166,574.00,1.1658,2.0651,1.9086,3.2421,5.2121
16,6000,100,96,19,177.00,738.00,1.2230,3.5081,0.9479,4639.53,0.2155,580.00,2.1554,3.8874,3.6560,5.6614,10.2296
16,6000,100,96,38,177.00,738.00,1.2230,3.5081,0.9726,4574.65,0.2186,577.00,2.1860,4.0614,3.8439,6.1214,8.5519
16,6000,100,96,76,177.00,738.00,1.2230,3.5081,0.9780,4605.53,0.2171,579.00,2.1713,3.9701,3.7233,5.9082,10.0565
16,6000,100,96,96,177.00,738.00,1.2230,3.5081,0.9782,4697.37,0.2129,579.00,2.1289,3.9813,3.7744,6.0081,8.3665
16,6000,100,96,144,177.00,738.00,1.2230,3.5081,0.9784,4636.20,0.2157,588.00,2.1569,3.9678,3.7480,5.8114,9.1530
16,6000,100,96,192,177.00,738.00,1.2230,3.5081,0.9784,4677.29,0.2138,581.00,2.1380,4.0442,3.8118,6.0375,8.9536
16,6000,100,192,38,177.00,738.00,1.2230,3.5081,0.9832,2515.70,0.3975,596.00,3.9750,7.5386,7.2224,10.9155,16.0660
16,6000,100,192,76,177.00,738.00,1.2230,3.5081,0.9925,2480.20,0.4032,598.00,4.0319,7.5286,7.2222,10.4293,18.9402
16,6000,100,192,153,177.00,738.00,1.2230,3.5081,0.9941,2498.75,0.4002,593.00,4.0020,7.6215,7.3102,10.8724,16.5642
16,6000,100,192,192,177.00,738.00,1.2230,3.5081,0.9941,2511.05,0.3982,585.00,3.9824,7.6366,7.3151,10.7708,17.1154
16,6000,100,192,288,177.00,738.00,1.2230,3.5081,0.9942,2428.95,0.4117,584.00,4.1170,7.7847,7.4479,10.8986,17.5971
16,6000,100,192,384,177.00,738.00,1.2230,3.5081,0.9942,2360.20,0.4237,582.00,4.2369,7.9837,7.6685,11.2349,16.9814
16,6000,100,384,76,177.00,738.00,1.2230,3.5081,0.9957,1302.27,0.7679,614.00,7.6789,14.5262,14.0412,20.3379,29.7188
16,6000,100,384,153,177.00,738.00,1.2230,3.5081,0.9981,1267.52,0.7889,614.00,7.8894,14.8963,14.4050,20.8674,30.3759
16,6000,100,384,307,177.00,738.00,1.2230,3.5081,0.9983,1236.81,0.8085,602.00,8.0853,15.2754,14.8557,21.2333,31.0847
16,6000,100,384,384,177.00,738.00,1.2230,3.5081,0.9983,1261.32,0.7928,616.00,7.9282,15.1010,14.6560,21.3073,30.8026
16,6000,100,384,576,177.00,738.00,1.2230,3.5081,0.9983,1256.64,0.7958,608.00,7.9577,15.2168,14.7649,21.0857,31.0926
16,6000,100,384,768,177.00,738.00,1.2230,3.5081,0.9983,1253.13,0.7980,619.00,7.9800,15.2564,14.8459,20.7683,34.1682
16,6000,200,6,1,171.00,732.00,1.4813,3.8048,0.4547,40183.68,0.0249,583.00,0.2489,0.3389,0.3005,0.6902,0.9512
16,6000,200,6,2,171.00,732.00,1.4813,3.8048,0.5515,41627.42,0.0240,583.00,0.2402,0.3071,0.2714,0.6199,0.9264
16,6000,200,6,4,171.00,732.00,1.4813,3.8048,0.6080,41248.59,0.0242,585.00,0.2424,0.3109,0.2733,0.6337,0.9270
16,6000,200,6,6,171.00,732.00,1.4813,3.8048,0.6272,42302.37,0.0236,584.00,0.2364,0.3130,0.2802,0.6148,0.8824
16,6000,200,6,9,171.00,732.00,1.4813,3.8048,0.6372,42673.79,0.0234,583.00,0.2343,0.3096,0.2774,0.6086,0.8847
16,6000,200,6,12,171.00,732.00,1.4813,3.8048,0.6411,42765.27,0.0234,583.00,0.2338,0.2958,0.2575,0.6037,0.8811
16,6000,200,12,2,171.00,732.00,1.4813,3.8048,0.6165,25365.57,0.0394,581.00,0.3942,0.5953,0.5309,1.1401,1.5963
16,6000,200,12,4,171.00,732.00,1.4813,3.8048,0.7008,25440.23,0.0393,583.00,0.3931,0.5807,0.5181,1.0894,1.6136
16,6000,200,12,9,171.00,732.00,1.4813,3.8048,0.7522,25367.27,0.0394,582.00,0.3942,0.6017,0.5408,1.1289,1.6318
16,6000,200,12,12,171.00,732.00,1.4813,3.8048,0.7602,26746.89,0.0374,583.00,0.3739,0.5769,0.5260,1.0560,1.4921
16,6000,200,12,18,171.00,732.00,1.4813,3.8048,0.7654,25649.56,0.0390,583.00,0.3899,0.5903,0.5304,1.0922,1.7271
16,6000,200,12,24,171.00,732.00,1.4813,3.8048,0.7664,25647.23,0.0390,581.00,0.3899,0.5903,0.5321,1.0910,1.5573
16,6000,200,24,4,171.00,732.00,1.4813,3.8048,0.7555,15559.48,0.0643,578.00,0.6427,1.0719,0.9731,1.8675,2.8520
16,6000,200,24,9,171.00,732.00,1.4813,3.8048,0.8335,15557.10,0.0643,582.00,0.6428,1.0665,0.9683,1.8326,2.9133
16,6000,200,24,19,171.00,732.00,1.4813,3.8048,0.8614,15675.93,0.0638,582.00,0.6379,1.0682,0.9743,1.8415,2.9265
16,6000,200,24,24,171.00,732.00,1.4813,3.8048,0.8644,16181.11,0.0618,583.00,0.6180,1.0621,0.9711,1.8497,2.6748
16,6000,200,24,36,171.00,732.00,1.4813,3.8048,0.8665,15304.67,0.0653,585.00,0.6534,1.0702,0.9774,1.8597,2.7633
16,6000,200,24,48,171.00,732.00,1.4813,3.8048,0.8671,15831.47,0.0632,583.00,0.6317,1.0810,0.9874,1.8621,2.7013
16,6000,200,48,9,171.00,732.00,1.4813,3.8048,0.8772,8820.40,0.1134,582.00,1.1337,2.0367,1.8903,3.2826,4.7178
16,6000,200,48,19,171.00,732.00,1.4813,3.8048,0.9228,8638.99,0.1158,582.00,1.1575,2.0281,1.8762,3.1865,5.3048
16,6000,200,48,38,171.00,732.00,1.4813,3.8048,0.9359,8719.61,0.1147,581.00,1.1468,2.0322,1.8816,3.2487,4.8279
16,6000,200,48,48,171.00,732.00,1.4813,3.8048,0.9372,8857.47,0.1129,580.00,1.1290,2.0285,1.8773,3.2138,4.7926
16,6000,200,48,72,171.00,732.00,1.4813,3.8048,0.9379,8841.49,0.1131,582.00,1.1310,2.0425,1.8894,3.2109,4.9014
16,6000,200,48,96,171.00,732.00,1.4813,3.8048,0.9381,8628.67,0.1159,580.00,1.1589,2.0660,1.9181,3.2557,4.8601
16,6000,200,96,19,171.00,732.00,1.4813,3.8048,0.9493,4677.76,0.2138,583.00,2.1378,3.9975,3.7649,6.0202,9.1194
16,6000,200,96,38,171.00,732.00,1.4813,3.8048,0.9722,4570.62,0.2188,591.00,2.1879,4.0889,3.8360,6.0813,9.9195
16,6000,200,96,76,171.00,732.00,1.4813,3.8048,0.9773,4483.12,0.2231,589.00,2.2306,4.1381,3.9040,6.2261,8.6384
16,6000,200,96,96,171.00,732.00,1.4813,3.8048,0.9777,4459.72,0.2242,592.00,2.2423,4.0314,3.7668,6.0685,10.5635
16,6000,200,96,144,171.00,732.00,1.4813,3.8048,0.9780,4396.62,0.2274,587.00,2.2745,4.1997,3.9791,6.2494,9.3235
16,6000,200,96,192,171.00,732.00,1.4813,3.8048,0.9779,4380.87,0.2283,582.00,2.2826,4.1379,3.8842,6.2076,9.7637
16,6000,200,192,38,171.00,732.00,1.4813,3.8048,0.9837,2429.01,0.4117,599.00,4.1169,7.7349,7.4247,10.9748,17.2154
16,6000,200,192,76,171.00,732.00,1.4813,3.8048,0.9926,2388.71,0.4186,590.00,4.1864,7.8743,7.5588,11.2741,15.6945
16,6000,200,192,153,171.00,732.00,1.4813,3.8048,0.9938,2450.01,0.4082,598.00,4.0816,7.7396,7.3948,11.0711,16.8220
16,6000,200,192,192,171.00,732.00,1.4813,3.8048,0.9939,2476.81,0.4037,597.00,4.0374,7.6934,7.3569,11.0910,16.1927
16,6000,200,192,288,171.00,732.00,1.4813,3.8048,0.9940,2370.69,0.4218,592.00,4.2182,7.7329,7.3958,10.8546,19.4388
16,6000,200,192,384,171.00,732.00,1.4813,3.8048,0.9940,2456.12,0.4071,602.00,4.0715,7.8938,7.5831,11.1661,16.8300
16,6000,200,384,76,171.00,732.00,1.4813,3.8048,0.9959,1305.52,0.7660,613.00,7.6598,14.4799,14.0536,21.3777,28.5436
16,6000,200,384,153,171.00,732.00,1.4813,3.8048,0.9983,1342.56,0.7448,604.00,7.4485,14.5955,14.1387,20.9760,31.2472
16,6000,200,384,307,171.00,732.00,1.4813,3.8048,0.9986,1331.88,0.7508,619.00,7.5082,14.6813,14.2894,20.9255,29.7225
16,6000,200,384,384,171.00,732.00,1.4813,3.8048,0.9986,1320.38,0.7574,620.00,7.5736,14.7158,14.2920,20.8739,30.4392
16,6000,200,384,576,171.00,732.00,1.4813,3.8048,0.9986,1283.66,0.7790,612.00,7.7902,15.0495,14.6193,21.6055,30.6242
16,6000,200,384,768,171.00,732.00,1.4813,3.8048,0.9986,1248.92,0.8007,622.00,8.0069,15.3582,14.9765,21.0874,34.9929
16,8000,40,8,1,175.00,731.00,1.1934,3.5159,0.4435,41406.44,0.0242,589.00,0.2415,0.3286,0.2951,0.6467,0.9190
16,8000,40,8,3,175.00,731.00,1.1934,3.5159,0.5948,40387.08,0.0248,592.00,0.2476,0.3209,0.2861,0.6463,0.9653
16,8000,40,8,6,175.00,731.00,1.1934,3.5159,0.6453,42720.36,0.0234,592.00,0.2341,0.3225,0.2903,0.6265,0.8950
16,8000,40,8,8,175.00,731.00,1.1934,3.5159,0.6570,41144.30,0.0243,593.00,0.2430,0.3147,0.2807,0.6257,0.8786
16,8000,40,8,12,175.00,731.00,1.1934,3.5159,0.6672,42037.28,0.0238,592.00,0.2379,0.3045,0.2727,0.5943,0.8290
16,8000,40,8,16,175.00,731.00,1.1934,3.5159,0.6709,42704.48,0.0234,594.00,0.2342,0.2965,0.2609,0.5906,0.8738
16,8000,40,16,3,175.00,731.00,1.1934,3.5159,0.6592,25894.26,0.0386,591.00,0.3862,0.6142,0.5593,1.1330,1.5590
16,8000,40,16,6,175.00,731.00,1.1934,3.5159,0.7348,25564.84,0.0391,590.00,0.3912,0.6188,0.5644,1.1182,1.5035
16,8000,40,16,12,175.00,731.00,1.1934,3.5159,0.7732,24491.11,0.0408,592.00,0.4083,0.6278,0.5740,1.1330,1.5518
16,8000,40,16,16,175.00,731.00,1.1934,3.5159,0.7814,25622.96,0.0390,586.00,0.3903,0.5867,0.5375,1.0740,1.5118
16,8000,40,16,24,175.00,731.00,1.1934,3.5159,0.7870,26088.35,0.0383,591.00,0.3833,0.5948,0.5374,1.0986,1.6295
16,8000,40,16,32,175.00,731.00,1.1934,3.5159,0.7889,25133.21,0.0398,591.00,0.3979,0.6065,0.5568,1.0730,1.5008
16,8000,40,32,6,175.00,731.00,1.1934,3.5159,0.7864,14599.85,0.0685,593.00,0.6849,1.1657,1.0760,1.9826,2.7428
16,8000,40,32,12,175.00,731.00,1.1934,3.5159,0.8471,15117.75,0.0661,590.00,0.6615,1.1532,1.0687,1.9278,2.6416
16,8000,40,32,25,175.00,731.00,1.1934,3.5159,0.8762,15035.93,0.0665,588.00,0.6651,1.1632,1.0821,1.9576,2.6580
16,8000,40,32,32,175.00,731.00,1.1934,3.5159,0.8801,15172.88,0.0659,588.00,0.6591,1.1033,1.0161,1.8848,2.7862
16,8000,40,32,48,175.00,731.00,1.1934,3.5159,0.8828,15339.34,0.0652,594.00,0.6519,1.1231,1.0340,1.8929,2.6061
16,8000,40,32,64,175.00,731.00,1.1934,3.5159,0.8835,15310.93,0.0653,588.00,0.6531,1.1385,1.0398,1.9275,2.7291
16,8000,40,64,12,175.00,731.00,1.1934,3.5159,0.8823,8530.26,0.1172,590.00,1.1723,2.1535,2.0051,3.4507,4.8502
16,8000,40,64,25,175.00,731.00,1.1934,3.5159,0.9306,8357.58,0.1197,593.00,1.1965,2.1770,2.0362,3.4355,4.8700
16,8000,40,64,51,175.00,731.00,1.1934,3.5159,0.9459,7930.20,0.1261,590.00,1.2610,2.2180,2.0481,3.4926,5.4924
16,8000,40,64,64,175.00,731.00,1.1934,3.5159,0.9475,7479.71,0.1337,590.00,1.3370,2.2736,2.1837,3.7575,4.6813
16,8000,40,64,96,175.00,731.00,1.1934,3.5159,0.9485,7605.78,0.1315,591.00,1.3148,2.3115,2.1655,3.7027,4.9516
16,8000,40,64,128,175.00,731.00,1.1934,3.5159,0.9485,7956.54,0.1257,590.00,1.2568,2.2386,2.0865,3.5368,4.9894
16,8000,40,128,25,175.00,731.00,1.1934,3.5159,0.9501,4379.26,0.2283,592.00,2.2835,4.2550,4.0578,6.3305,8.9084
16,8000,40,128,51,175.00,731.00,1.1934,3.5159,0.9756,4298.96,0.2326,589.00,2.3261,4.1867,3.9332,6.0541,11.0075
16,8000,40,128,102,175.00,731.00,1.1934,3.5159,0.9814,4384.89,0.2281,590.00,2.2806,4.2235,4.0077,6.2899,8.6995
16,8000,40,128,128,175.00,731.00,1.1934,3.5159,0.9817,4575.05,0.2186,591.00,2.1858,4.1836,3.9781,6.2238,8.7313
16,8000,40,128,192,175.00,731.00,1.1934,3.5159,0.9821,4497.27,0.2224,591.00,2.2236,4.2544,4.0292,6.2211,9.0523
16,8000,40,128,256,175.00,731.00,1.1934,3.5159,0.9822,4414.02,0.2266,597.00,2.2655,4.3210,4.0985,6.3406,9.2920
16,8000,40,256,51,175.00,731.00,1.1934,3.5159,0.9835,2461.19,0.4063,609.00,4.0631,7.8387,7.5313,11.8218,16.1134
16,8000,40,256,102,175.00,731.00,1.1934,3.5159,0.9932,2402.54,0.4162,599.00,4.1623,7.9981,7.7036,11.6624,15.8104
16,8000,40,256,204,175.00,731.00,1.1934,3.5159,0.9950,2367.89,0.4223,609.00,4.2232,8.0857,7.7845,11.5772,15.9793
16,8000,40,256,256,175.00,731.00,1.1934,3.5159,0.9951,2361.30,0.4235,603.00,4.2350,8.1125,7.8137,11.5940,16.1009
16,8000,40,256,384,175.00,731.00,1.1934,3.5159,0.9952,2298.09,0.4351,611.00,4.3514,8.3198,8.0084,11.5173,17.2943
16,8000,40,256,512,175.00,731.00,1.1934,3.5159,0.9954,2242.51,0.4459,605.00,4.4593,8.5024,8.1972,12.0099,16.4228
16,8000,40,512,102,175.00,731.00,1.1934,3.5159,0.9953,1236.31,0.8089,629.00,8.0886,15.2420,14.7036,21.3796,30.4043
16,8000,40,512,204,175.00,731.00,1.1934,3.5159,0.9981,1214.49,0.8234,626.00,8.2339,15.6833,15.2231,21.9090,29.9682
16,8000,40,512,409,175.00,731.00,1.1934,3.5159,0.9987,1206.78,0.8286,635.00,8.2865,15.7564,15.2747,22.2403,29.3386
16,8000,40,512,512,175.00,731.00,1.1934,3.5159,0.9988,1218.10,0.8210,635.00,8.2095,15.5783,15.2206,22.6015,29.6891
16,8000,40,512,768,175.00,731.00,1.1934,3.5159,0.9988,1196.18,0.8360,622.00,8.3599,16.1019,15.6912,22.2972,30.4264
16,8000,40,512,1024,175.00,731.00,1.1934,3.5159,0.9989,1151.07,0.8688,622.00,8.6876,16.7931,16.3709,22.5784,32.3055
16,8000,100,8,1,176.00,731.00,1.4216,3.7983,0.4496,38221.49,0.0262,586.00,0.2616,0.3653,0.3315,0.6980,1.0189
16,8000,100,8,3,176.00,731.00,1.4216,3.7983,0.6012,39258.12,0.0255,587.00,0.2547,0.3461,0.3112,0.6691,0.9392
16,8000,100,8,6,176.00,731.00,1.4216,3.7983,0.6514,42339.21,0.0236,583.00,0.2362,0.3219,0.2874,0.6320,0.8951
16,8000,100,8,8,176.00,731.00,1.4216,3.7983,0.6617,38246.39,0.0261,587.00,0.2615,0.2915,0.2572,0.5828,0.8823
16,8000,100,8,12,176.00,731.00,1.4216,3.7983,0.6703,42440.51,0.0236,583.00,0.2356,0.3189,0.2862,0.6165,0.9032
16,8000,100,8,16,176.00,731.00,1.4216,3.7983,0.6736,40630.73,0.0246,585.00,0.2461,0.3097,0.2794,0.6063,0.8614
16,8000,100,16,3,176.00,731.00,1.4216,3.7983,0.6676,24808.89,0.0403,585.00,0.4031,0.6453,0.5840,1.1781,1.6124
16,8000,100,16,6,176.00,731.00,1.4216,3.7983,0.7421,24267.70,0.0412,584.00,0.4121,0.6229,0.5702,1.1370,1.5203
16,8000,100,16,12,176.00,731.00,1.4216,3.7983,0.7788,24733.34,0.0404,586.00,0.4043,0.6165,0.5581,1.1472,1.5934
16,8000,100,16,16,176.00,731.00,1.4216,3.7983,0.7858,25463.48,0.0393,585.00,0.3927,0.6192,0.5685,1.1035,1.4905
16,8000,100,16,24,176.00,731.00,1.4216,3.7983,0.7907,24484.24,0.0408,585.00,0.4084,0.6184,0.5682,1.1129,1.4755
16,8000,100,16,32,176.00,731.00,1.4216,3.7983,0.7921,24934.32,0.0401,584.00,0.4011,0.6286,0.5789,1.1145,1.5257
16,8000,100,32,6,176.00,731.00,1.4216,3.7983,0.7956,14560.83,0.0687,582.00,0.6868,1.1550,1.0624,1.9875,2.7144
16,8000,100,32,12,176.00,731.00,1.4216,3.7983,0.8546,14741.50,0.0678,584.00,0.6784,1.1517,1.0546,1.9613,2.9861
16,8000,100,32,25,176.00,731.00,1.4216,3.7983,0.8800,14814.78,0.0675,584.00,0.6750,1.1260,1.0316,1.9201,2.8807
16,8000,100,32,32,176.00,731.00,1.4216,3.7983,0.8825,14880.85,0.0672,585.00,0.6720,1.1362,1.0472,1.9417,2.6131
16,8000,100,32,48,176.00,731.00,1.4216,3.7983,0.8844,14780.05,0.0677,581.00,0.6766,1.1524,1.0686,1.9728,2.6268
16,8000,100,32,64,176.00,731.00,1.4216,3.7983,0.8848,14734.57,0.0679,586.00,0.6787,1.1603,1.0669,1.9808,2.7099
16,8000,100,64,12,176.00,731.00,1.4216,3.7983,0.8919,8331.13,0.1200,580.00,1.2003,2.1896,2.0527,3.4747,4.6951
16,8000,100,64,25,176.00,731.00,1.4216,3.7983,0.9357,8160.87,0.1225,583.00,1.2254,2.1690,2.0028,3.4457,5.3113
16,8000,100,64,51,176.00,731.00,1.4216,3.7983,0.9478,8159.49,0.1226,582.00,1.2256,2.2346,2.0857,3.5349,4.8500
16,8000,100,64,64,176.00,731.00,1.4216,3.7983,0.9485,8441.85,0.1185,592.00,1.1846,2.1793,2.0341,3.4829,4.7082
16,8000,100,64,96,176.00,731.00,1.4216,3.7983,0.9491,8143.58,0.1228,590.00,1.2280,2.1967,2.0416,3.4160,5.3205
16,8000,100,64,128,176.00,731.00,1.4216,3.7983,0.9493,8327.69,0.1201,590.00,1.2008,2.2084,2.0581,3.4852,4.9873
16,8000,100,128,25,176.00,731.00,1.4216,3.7983,0.9571,4619.68,0.2165,583.00,2.1647,4.1310,3.9257,6.1076,8.6369
16,8000,100,128,51,176.00,731.00,1.4216,3.7983,0.9776,4467.27,0.2239,585.00,2.2385,4.1736,3.9573,6.2498,9.1065
16,8000,100,128,102,176.00,731.00,1.4216,3.7983,0.9818,4508.32,0.2218,584.00,2.2181,4.1988,3.9834,6.1943,8.9212
16,8000,100,128,128,176.00,731.00,1.4216,3.7983,0.9822,4401.51,0.2272,586.00,2.2719,4.2467,4.0293,6.2789,8.9645
16,8000,100,128,192,176.00,731.00,1.4216,3.7983,0.9823,4360.17,0.2293,587.00,2.2935,4.2804,4.0818,6.3446,8.5753
16,8000,100,128,256,176.00,731.00,1.4216,3.7983,0.9824,4386.40,0.2280,586.00,2.2798,4.3403,4.1167,6.3566,9.1843
16,8000,100,256,51,176.00,731.00,1.4216,3.7983,0.9871,2404.29,0.4159,590.00,4.1592,7.8983,7.5937,11.3893,15.9743
16,8000,100,256,102,176.00,731.00,1.4216,3.7983,0.9939,2358.82,0.4239,594.00,4.2394,7.9830,7.6685,11.7290,15.8621
16,8000,100,256,204,176.00,731.00,1.4216,3.7983,0.9951,2341.67,0.4270,595.00,4.2705,7.9941,7.6908,11.0155,18.5878
16,8000,100,256,256,176.00,731.00,1.4216,3.7983,0.9952,2332.71,0.4287,594.00,4.2869,8.0395,7.7453,11.4944,16.8169
16,8000,100,256,384,176.00,731.00,1.4216,3.7983,0.9953,2322.38,0.4306,607.00,4.3059,8.2552,7.9717,11.6447,16.1778
16,8000,100,256,512,176.00,731.00,1.4216,3.7983,0.9953,2249.66,0.4445,603.00,4.4451,8.4810,8.2025,11.9714,16.8171
16,8000,100,512,102,176.00,731.00,1.4216,3.7983,0.9964,1287.07,0.7770,629.00,7.7696,14.7736,14.3067,20.5819,32.4159
16,8000,100,512,204,176.00,731.00,1.4216,3.7983,0.9984,1249.85,0.8001,632.00,8.0010,15.3326,14.9015,22.4144,28.8031
16,8000,100,512,409,176.00,731.00,1.4216,3.7983,0.9988,1222.69,0.8179,629.00,8.1787,15.6764,15.2921,22.1218,29.5367
16,8000,100,512,512,176.00,731.00,1.4216,3.7983,0.9989,1219.11,0.8203,638.00,8.2027,15.6640,15.2907,22.2476,28.5448
16,8000,100,512,768,176.00,731.00,1.4216,3.7983,0.9989,1146.16,0.8725,634.00,8.7248,16.2505,15.7861,21.2001,38.2512
16,8000,100,512,1024,176.00,731.00,1.4216,3.7983,0.9989,1121.78,0.8914,638.00,8.9144,16.9701,16.5216,23.0871,32.5879
16,8000,200,8,1,189.00,728.00,1.7621,4.1563,0.4521,36940.28,0.0271,578.00,0.2707,0.3637,0.3270,0.7246,1.0499
16,8000,200,8,3,189.00,728.00,1.7621,4.1563,0.6051,37896.54,0.0264,582.00,0.2639,0.3412,0.3040,0.6759,0.9714
16,8000,200,8,6,189.00,728.00,1.7621,4.1563,0.6531,39859.74,0.0251,578.00,0.2509,0.3276,0.2899,0.6564,0.9828
16,8000,200,8,8,189.00,728.00,1.7621,4.1563,0.6634,40819.84,0.0245,581.00,0.2450,0.3342,0.2969,0.6576,0.9471
16,8000,200,8,12,189.00,728.00,1.7621,4.1563,0.6714,40952.33,0.0244,579.00,0.2442,0.3174,0.2808,0.6226,0.9175
16,8000,200,8,16,189.00,728.00,1.7621,4.1563,0.6740,41581.61,0.0240,580.00,0.2405,0.3202,0.2837,0.6391,0.9389
16,8000,200,16,3,189.00,728.00,1.7621,4.1563,0.6727,24265.38,0.0412,579.00,0.4121,0.6191,0.5584,1.1647,1.7243
16,8000,200,16,6,189.00,728.00,1.7621,4.1563,0.7450,24964.40,0.0401,579.00,0.4006,0.6169,0.5667,1.1244,1.5085
16,8000,200,16,12,189.00,728.00,1.7621,4.1563,0.7799,24375.21,0.0410,581.00,0.4103,0.6336,0.5739,1.1633,1.5903
16,8000,200,16,16,189.00,728.00,1.7621,4.1563,0.7856,24719.71,0.0405,578.00,0.4045,0.6221,0.5649,1.1446,1.5770
16,8000,200,16,24,189.00,728.00,1.7621,4.1563,0.7906,24778.20,0.0404,579.00,0.4036,0.6158,0.5598,1.1356,1.5857
16,8000,200,16,32,189.00,728.00,1.7621,4.1563,0.7916,24205.58,0.0413,579.00,0.4131,0.6216,0.5599,1.1404,1.7228
16,8000,200,32,6,189.00,728.00,1.7621,4.1563,0.7995,14159.47,0.0706,584.00,0.7062,1.1958,1.0903,2.0637,2.9444
16,8000,200,32,12,189.00,728.00,1.7621,4.1563,0.8567,15463.56,0.0647,580.00,0.6467,1.1210,1.0296,1.9205,2.7272
16,8000,200,32,25,189.00,728.00,1.7621,4.1563,0.8802,14796.61,0.0676,581.00,0.6758,1.1113,1.0165,1.8832,2.8727
16,8000,200,32,32,189.00,728.00,1.7621,4.1563,0.8827,15276.64,0.0655,577.00,0.6546,1.1077,1.0133,1.9432,2.5993
16,8000,200,32,48,189.00,728.00,1.7621,4.1563,0.8844,14675.73,0.0681,581.00,0.6814,1.1416,1.0490,1.9317,2.8408
16,8000,200,32,64,189.00,728.00,1.7621,4.1563,0.8846,15259.80,0.0655,582.00,0.6553,1.1429,1.0481,1.9568,2.7840
16,8000,200,64,12,189.00,728.00,1.7621,4.1563,0.8953,8651.08,0.1156,581.00,1.1559,2.1509,2.0028,3.3849,4.8182
16,8000,200,64,25,189.00,728.00,1.7621,4.1563,0.9359,8369.10,0.1195,590.00,1.1949,2.1487,1.9870,3.4690,5.3192
16,8000,200,64,51,189.00,728.00,1.7621,4.1563,0.9467,8276.36,0.1208,580.00,1.2083,2.1642,2.0178,3.3837,5.0495
16,8000,200,64,64,189.00,728.00,1.7621,4.1563,0.9477,8377.96,0.1194,587.00,1.1936,2.1746,2.0230,3.4083,4.9268
16,8000,200,64,96,189.00,728.00,1.7621,4.1563,0.9480,8316.85,0.1202,589.00,1.2024,2.1738,2.0268,3.4429,5.0887
16,8000,200,64,128,189.00,728.00,1.7621,4.1563,0.9481,8290.68,0.1206,579.00,1.2062,2.2210,2.0804,3.4818,4.8664
16,8000,200,128,25,189.00,728.00,1.7621,4.1563,0.9588,4573.60,0.2186,584.00,2.1865,4.1340,3.9307,6.1469,8.5007
16,8000,200,128,51,189.00,728.00,1.7621,4.1563,0.9778,4470.46,0.2237,578.00,2.2369,4.1282,3.9105,5.9968,9.5493
16,8000,200,128,102,189.00,728.00,1.7621,4.1563,0.9816,4492.20,0.2226,580.00,2.2261,4.2252,3.9954,6.2706,9.4028
16,8000,200,128,128,189.00,728.00,1.7621,4.1563,0.9818,4527.21,0.2209,581.00,2.2089,4.1995,3.9720,6.2335,9.3429
16,8000,200,128,192,189.00,728.00,1.7621,4.1563,0.9820,4455.84,0.2244,586.00,2.2442,4.2724,4.0606,6.2815,8.6601
16,8000,200,128,256,189.00,728.00,1.7621,4.1563,0.9820,4339.22,0.2305,583.00,2.3046,4.3438,4.1264,6.3700,9.1126
16,8000,200,256,51,189.00,728.00,1.7621,4.1563,0.9877,2417.90,0.4136,588.00,4.1358,7.8772,7.5942,11.1780,16.3952
16,8000,200,256,102,189.00,728.00,1.7621,4.1563,0.9943,2352.73,0.4250,593.00,4.2504,8.0616,7.7680,11.5939,17.0162
16,8000,200,256,204,189.00,728.00,1.7621,4.1563,0.9953,2287.59,0.4371,591.00,4.3714,8.0058,7.6726,10.8569,21.3148
16,8000,200,256,256,189.00,728.00,1.7621,4.1563,0.9954,2338.16,0.4277,595.00,4.2769,8.2004,7.8949,11.7233,16.8967
16,8000,200,256,384,189.00,728.00,1.7621,4.1563,0.9954,2250.27,0.4444,604.00,4.4439,8.2176,7.9340,11.2565,19.2431
16,8000,200,256,512,189.00,728.00,1.7621,4.1563,0.9954,2243.12,0.4458,606.00,4.4581,8.4845,8.2077,12.0036,16.9014
16,8000,200,512,102,189.00,728.00,1.7621,4.1563,0.9969,1272.06,0.7861,625.00,7.8613,15.0560,14.5674,20.8293,30.2161
16,8000,200,512,204,189.00,728.00,1.7621,4.1563,0.9987,1242.89,0.8046,622.00,8.0458,15.3584,14.9778,22.0001,29.7389
16,8000,200,512,409,189.00,728.00,1.7621,4.1563,0.9989,1237.63,0.8080,632.00,8.0800,15.4781,15.0870,21.7476,31.3356
16,8000,200,512,512,189.00,728.00,1.7621,4.1563,0.9989,1264.03,0.7911,623.00,7.9112,15.5269,15.1138,21.8158,30.7393
16,8000,200,512,768,189.00,728.00,1.7621,4.1563,0.9989,1221.26,0.8188,637.00,8.1883,16.0694,15.6906,22.3865,30.3023
16,8000,200,512,1024,189.00,728.00,1.7621,4.1563,0.9989,1144.10,0.8740,631.00,8.7405,16.8163,16.4665,23.5081,29.6960
16,10000,40,10,2,188.00,728.00,1.4140,3.7467,0.5533,36423.22,0.0275,617.00,0.2746,0.3954,0.3611,0.7450,1.0564
16,10000,40,10,4,188.00,728.00,1.4140,3.7467,0.6318,38898.16,0.0257,613.00,0.2571,0.3490,0.3187,0.6596,0.9252
16,10000,40,10,8,188.00,728.00,1.4140,3.7467,0.6705,40039.44,0.0250,617.00,0.2498,0.3448,0.3148,0.6509,0.8908
16,10000,40,10,10,188.00,728.00,1.4140,3.7467,0.6777,40934.78,0.0244,615.00,0.2443,0.3441,0.3159,0.6320,0.8671
16,10000,40,10,15,188.00,728.00,1.4140,3.7467,0.6857,38619.93,0.0259,617.00,0.2589,0.3243,0.2883,0.6226,0.9391
16,10000,40,10,20,188.00,728.00,1.4140,3.7467,0.6893,39614.30,0.0252,617.00,0.2524,0.3199,0.2891,0.5973,0.8404
16,10000,40,20,4,188.00,728.00,1.4140,3.7467,0.6960,24157.00,0.0414,613.00,0.4140,0.6438,0.5870,1.1552,1.7281
16,10000,40,20,8,188.00,728.00,1.4140,3.7467,0.7602,25472.39,0.0393,615.00,0.3926,0.6428,0.5887,1.1217,1.6405
16,10000,40,20,16,188.00,728.00,1.4140,3.7467,0.7925,25226.69,0.0396,614.00,0.3964,0.6054,0.5575,1.0550,1.5536
16,10000,40,20,20,188.00,728.00,1.4140,3.7467,0.7978,25188.19,0.0397,612.00,0.3970,0.6004,0.5540,1.0709,1.4247
16,10000,40,20,30,188.00,728.00,1.4140,3.7467,0.8029,25642.62,0.0390,617.00,0.3900,0.6259,0.5801,1.0851,1.4942
16,10000,40,20,40,188.00,728.00,1.4140,3.7467,0.8040,25135.83,0.0398,613.00,0.3978,0.6055,0.5587,1.0706,1.5264
16,10000,40,40,8,188.00,728.00,1.4140,3.7467,0.8113,14673.38,0.0682,614.00,0.6815,1.1569,1.0780,1.8675,2.7822
16,10000,40,40,16,188.00,728.00,1.4140,3.7467,0.8656,15046.04,0.0665,612.00,0.6646,1.1512,1.0709,1.9276,2.6383
16,10000,40,40,32,188.00,728.00,1.4140,3.7467,0.8876,14605.60,0.0685,612.00,0.6847,1.1746,1.0914,1.9357,2.8427
16,10000,40,40,40,188.00,728.00,1.4140,3.7467,0.8898,14990.55,0.0667,613.00,0.6671,1.1620,1.0828,1.9171,2.6484
16,10000,40,40,60,188.00,728.00,1.4140,3.7467,0.8917,14566.05,0.0687,615.00,0.6865,1.1803,1.0955,1.9892,2.6082
16,10000,40,40,80,188.00,728.00,1.4140,3.7467,0.8922,14773.10,0.0677,611.00,0.6769,1.1844,1.1080,1.9449,2.6392
16,10000,40,80,16,188.00,728.00,1.4140,3.7467,0.9009,8084.57,0.1237,615.00,1.2369,2.2431,2.1171,3.4450,5.0157
16,10000,40,80,32,188.00,728.00,1.4140,3.7467,0.9392,8188.28,0.1221,617.00,1.2213,2.2603,2.1363,3.4658,4.5883
16,10000,40,80,64,188.00,728.00,1.4140,3.7467,0.9503,7905.10,0.1265,615.00,1.2650,2.2658,2.1265,3.4874,5.2644
16,10000,40,80,80,188.00,728.00,1.4140,3.7467,0.9513,7886.72,0.1268,614.00,1.2680,2.2487,2.1157,3.4059,5.1329
16,10000,40,80,120,188.00,728.00,1.4140,3.7467,0.9525,7900.00,0.1266,613.00,1.2658,2.2873,2.1418,3.4648,5.2586
16,10000,40,80,160,188.00,728.00,1.4140,3.7467,0.9526,7795.28,0.1283,611.00,1.2828,2.3102,2.1798,3.4960,5.0601
16,10000,40,160,32,188.00,728.00,1.4140,3.7467,0.9576,4286.89,0.2333,618.00,2.3327,4.3172,4.1023,6.3854,9.4877
16,10000,40,160,64,188.00,728.00,1.4140,3.7467,0.9778,4238.57,0.2359,617.00,2.3593,4.4002,4.2199,6.3709,8.5141
16,10000,40,160,128,188.00,728.00,1.4140,3.7467,0.9831,4150.94,0.2409,624.00,2.4091,4.3345,4.1203,6.1437,11.0074
16,10000,40,160,160,188.00,728.00,1.4140,3.7467,0.9834,4218.94,0.2370,629.00,2.3703,4.4424,4.2852,6.4396,8.2111
16,10000,40,160,240,188.00,728.00,1.4140,3.7467,0.9837,4101.95,0.2438,627.00,2.4379,4.5450,4.3652,6.5925,8.5682
16,10000,40,160,320,188.00,728.00,1.4140,3.7467,0.9837,4125.20,0.2424,626.00,2.4241,4.5705,4.3930,6.5400,8.9089
16,10000,40,320,64,188.00,728.00,1.4140,3.7467,0.9852,2278.17,0.4389,634.00,4.3895,8.3237,8.0755,11.9535,15.2271
16,10000,40,320,128,188.00,728.00,1.4140,3.7467,0.9937,2215.21,0.4514,644.00,4.5143,8.3983,8.1173,11.7316,17.5066
16,10000,40,320,256,188.00,728.00,1.4140,3.7467,0.9952,2179.61,0.4588,634.00,4.5880,8.6206,8.3813,12.2207,15.9021
16,10000,40,320,320,188.00,728.00,1.4140,3.7467,0.9953,2181.22,0.4585,633.00,4.5846,8.5921,8.3446,12.1730,15.5637
16,10000,40,320,480,188.00,728.00,1.4140,3.7467,0.9954,2175.55,0.4597,646.00,4.5965,8.7924,8.5397,12.2439,16.2342
16,10000,40,320,640,188.00,728.00,1.4140,3.7467,0.9954,2096.98,0.4769,638.00,4.7688,9.0790,8.7986,12.5623,16.8555
16,10000,40,640,128,188.00,728.00,1.4140,3.7467,0.9957,1198.49,0.8344,651.00,8.3438,15.4662,14.9774,21.3483,32.5450
16,10000,40,640,256,188.00,728.00,1.4140,3.7467,0.9981,1155.60,0.8654,665.00,8.6535,16.4181,16.0333,22.9507,27.4712
16,10000,40,640,512,188.00,728.00,1.4140,3.7467,0.9985,1128.49,0.8861,657.00,8.8614,16.6083,16.0913,22.6962,32.7987
16,10000,40,640,640,188.00,728.00,1.4140,3.7467,0.9985,1095.68,0.9127,654.00,9.1268,16.8784,16.5610,24.1676,31.5464
16,10000,40,640,960,188.00,728.00,1.4140,3.7467,0.9986,1084.23,0.9223,673.00,9.2232,17.5984,17.1942,23.8641,33.0853
16,10000,40,640,1280,188.00,728.00,1.4140,3.7467,0.9986,1036.81,0.9645,660.00,9.6450,18.4301,17.9861,25.1491,31.1612
16,10000,100,10,2,214.00,727.00,1.6451,4.0400,0.5639,35531.71,0.0281,600.00,0.2814,0.3866,0.3551,0.7298,1.0864
16,10000,100,10,4,214.00,727.00,1.6451,4.0400,0.6370,39537.87,0.0253,600.00,0.2529,0.3560,0.3224,0.6766,1.0167
16,10000,100,10,8,214.00,727.00,1.6451,4.0400,0.6765,39604.85,0.0252,599.00,0.2525,0.3275,0.2923,0.6391,0.9432
16,10000,100,10,10,214.00,727.00,1.6451,4.0400,0.6833,40060.35,0.0250,599.00,0.2496,0.3253,0.2942,0.6093,0.9024
16,10000,100,10,15,214.00,727.00,1.6451,4.0400,0.6903,40840.68,0.0245,600.00,0.2449,0.3114,0.2784,0.6111,0.8541
16,10000,100,10,20,214.00,727.00,1.6451,4.0400,0.6931,41199.89,0.0243,598.00,0.2427,0.3178,0.2854,0.6231,0.8993
16,10000,100,20,4,214.00,727.00,1.6451,4.0400,0.7035,24094.41,0.0415,597.00,0.4150,0.6276,0.5771,1.1103,1.6049
16,10000,100,20,8,214.00,727.00,1.6451,4.0400,0.7670,24275.27,0.0412,599.00,0.4119,0.6319,0.5775,1.1179,1.6913
16,10000,100,20,16,214.00,727.00,1.6451,4.0400,0.7970,24635.54,0.0406,607.00,0.4059,0.6216,0.5669,1.1265,1.7738
16,10000,100,20,20,214.00,727.00,1.6451,4.0400,0.8016,25107.29,0.0398,600.00,0.3983,0.6269,0.5787,1.0813,1.6021
16,10000,100,20,30,214.00,727.00,1.6451,4.0400,0.8050,24700.57,0.0405,598.00,0.4048,0.6086,0.5592,1.0826,1.5760
16,10000,100,20,40,214.00,727.00,1.6451,4.0400,0.8057,24999.91,0.0400,595.00,0.4000,0.6191,0.5708,1.0779,1.5729
16,10000,100,40,8,214.00,727.00,1.6451,4.0400,0.8203,14445.83,0.0692,596.00,0.6922,1.1852,1.1025,1.9732,2.8529
16,10000,100,40,16,214.00,727.00,1.6451,4.0400,0.8720,14581.22,0.0686,598.00,0.6858,1.1949,1.1112,1.9759,2.5948
16,10000,100,40,32,214.00,727.00,1.6451,4.0400,0.8907,14891.37,0.0672,596.00,0.6715,1.1796,1.0949,1.9752,2.6208
16,10000,100,40,40,214.00,727.00,1.6451,4.0400,0.8928,14358.76,0.0696,608.00,0.6964,1.2114,1.1287,2.0015,2.8261
16,10000,100,40,60,214.00,727.00,1.6451,4.0400,0.8941,13641.20,0.0733,601.00,0.7331,1.2312,1.1437,2.0275,2.9507
16,10000,100,40,80,214.00,727.00,1.6451,4.0400,0.8943,13863.38,0.0721,595.00,0.7213,1.2088,1.1206,2.0057,2.8387
16,10000,100,80,16,214.00,727.00,1.6451,4.0400,0.9097,7934.84,0.1260,601.00,1.2603,2.2512,2.1155,3.6042,5.3110
16,10000,100,80,32,214.00,727.00,1.6451,4.0400,0.9436,7983.19,0.1253,597.00,1.2526,2.2437,2.1111,3.4240,5.2405
16,10000,100,80,64,214.00,727.00,1.6451,4.0400,0.9532,8049.88,0.1242,608.00,1.2423,2.2817,2.1519,3.5055,4.6904
16,10000,100,80,80,214.00,727.00,1.6451,4.0400,0.9538,7941.63,0.1259,599.00,1.2592,2.3066,2.1787,3.5208,4.6317
16,10000,100,80,120,214.00,727.00,1.6451,4.0400,0.9546,7859.78,0.1272,594.00,1.2723,2.3377,2.2098,3.6070,4.8543
16,10000,100,80,160,214.00,727.00,1.6451,4.0400,0.9547,7777.88,0.1286,595.00,1.2857,2.3323,2.1846,3.5272,5.5735
16,10000,100,160,32,214.00,727.00,1.6451,4.0400,0.9634,4276.28,0.2338,599.00,2.3385,4.2738,4.0738,6.1024,10.0287
16,10000,100,160,64,214.00,727.00,1.6451,4.0400,0.9807,4321.36,0.2314,600.00,2.3141,4.3946,4.1886,6.4497,9.2687
16,10000,100,160,128,214.00,727.00,1.6451,4.0400,0.9844,4300.01,0.2326,603.00,2.3256,4.4060,4.1983,6.4132,9.4779
16,10000,100,160,160,214.00,727.00,1.6451,4.0400,0.9847,4187.83,0.2388,601.00,2.3879,4.4876,4.2986,6.5668,8.5126
16,10000,100,160,240,214.00,727.00,1.6451,4.0400,0.9849,4113.13,0.2431,597.00,2.4312,4.5551,4.3539,6.6208,8.6848
16,10000,100,160,320,214.00,727.00,1.6451,4.0400,0.9849,4037.01,0.2477,603.00,2.4771,4.6417,4.4596,6.7593,8.8254
16,10000,100,320,64,214.00,727.00,1.6451,4.0400,0.9885,2224.26,0.4496,609.00,4.4959,8.2650,7.9639,11.5269,18.4594
16,10000,100,320,128,214.00,727.00,1.6451,4.0400,0.9946,2265.08,0.4415,614.00,4.4149,8.3960,8.1430,11.9173,15.6705
16,10000,100,320,256,214.00,727.00,1.6451,4.0400,0.9958,2191.98,0.4562,619.00,4.5621,8.3945,8.1018,11.1855,21.4536
16,10000,100,320,320,214.00,727.00,1.6451,4.0400,0.9959,2212.66,0.4519,618.00,4.5194,8.5709,8.3248,12.0650,15.7635
16,10000,100,320,480,214.00,727.00,1.6451,4.0400,0.9959,2148.44,0.4655,627.00,4.6545,8.8440,8.6458,12.5047,15.8913
16,10000,100,320,640,214.00,727.00,1.6451,4.0400,0.9960,2144.66,0.4663,627.00,4.6627,9.0615,8.7946,12.7235,16.5341
16,10000,100,640,128,214.00,727.00,1.6451,4.0400,0.9968,1228.17,0.8142,646.00,8.1422,15.4155,14.9380,21.7951,28.3870
16,10000,100,640,256,214.00,727.00,1.6451,4.0400,0.9986,1211.90,0.8252,634.00,8.2515,15.9538,15.5828,22.2614,29.6762
16,10000,100,640,512,214.00,727.00,1.6451,4.0400,0.9988,1189.37,0.8408,655.00,8.4078,16.2699,15.8771,22.7471,29.2394
16,10000,100,640,640,214.00,727.00,1.6451,4.0400,0.9989,1191.40,0.8393,647.00,8.3935,16.3198,15.9337,22.9632,30.1141
16,10000,100,640,960,214.00,727.00,1.6451,4.0400,0.9989,1122.40,0.8909,660.00,8.9095,17.1998,16.8720,23.8435,30.1999
16,10000,100,640,1280,214.00,727.00,1.6451,4.0400,0.9989,1066.43,0.9377,647.00,9.3771,18.1520,17.7810,24.6732,30.9090
16,10000,200,10,2,202.00,724.00,2.0880,4.5168,0.5646,36797.59,0.0272,580.00,0.2718,0.3884,0.3498,0.7597,1.0919
16,10000,200,10,4,202.00,724.00,2.0880,4.5168,0.6405,37754.10,0.0265,581.00,0.2649,0.3467,0.3102,0.6817,0.9897
16,10000,200,10,8,202.00,724.00,2.0880,4.5168,0.6798,38954.74,0.0257,581.00,0.2567,0.3395,0.3048,0.6490,0.9684
16,10000,200,10,10,202.00,724.00,2.0880,4.5168,0.6859,40896.43,0.0245,578.00,0.2445,0.3229,0.2910,0.6213,0.9004
16,10000,200,10,15,202.00,724.00,2.0880,4.5168,0.6933,39442.37,0.0254,579.00,0.2535,0.3278,0.2915,0.6423,0.9183
16,10000,200,10,20,202.00,724.00,2.0880,4.5168,0.6948,40784.28,0.0245,581.00,0.2452,0.3301,0.2956,0.6368,0.9050
16,10000,200,20,4,202.00,724.00,2.0880,4.5168,0.7085,25205.81,0.0397,579.00,0.3967,0.6429,0.5942,1.1320,1.6002
16,10000,200,20,8,202.00,724.00,2.0880,4.5168,0.7708,25106.20,0.0398,582.00,0.3983,0.6070,0.5552,1.1389,1.5917
16,10000,200,20,16,202.00,724.00,2.0880,4.5168,0.7987,25570.70,0.0391,576.00,0.3911,0.6060,0.5570,1.0807,1.4812
16,10000,200,20,20,202.00,724.00,2.0880,4.5168,0.8023,25191.38,0.0397,576.00,0.3970,0.6127,0.5597,1.1007,1.6328
16,10000,200,20,30,202.00,724.00,2.0880,4.5168,0.8059,24799.58,0.0403,579.00,0.4032,0.6242,0.5721,1.0980,1.5945
16,10000,200,20,40,202.00,724.00,2.0880,4.5168,0.8069,24948.72,0.0401,582.00,0.4008,0.6263,0.5745,1.1038,1.6357
16,10000,200,40,8,202.00,724.00,2.0880,4.5168,0.8259,14495.71,0.0690,580.00,0.6899,1.1783,1.0992,1.9547,2.8458
16,10000,200,40,16,202.00,724.00,2.0880,4.5168,0.8747,14307.93,0.0699,578.00,0.6989,1.2344,1.1471,2.0429,2.7986
16,10000,200,40,32,202.00,724.00,2.0880,4.5168,0.8930,14264.49,0.0701,581.00,0.7010,1.2217,1.1376,2.0457,2.6781
16,10000,200,40,40,202.00,724.00,2.0880,4.5168,0.8946,13670.45,0.0732,578.00,0.7315,1.2159,1.1298,2.0510,2.9625
16,10000,200,40,60,202.00,724.00,2.0880,4.5168,0.8960,13321.83,0.0751,577.00,0.7506,1.2492,1.1530,2.0905,2.8739
16,10000,200,40,80,202.00,724.00,2.0880,4.5168,0.8963,13611.16,0.0735,582.00,0.7347,1.2547,1.1776,2.0482,2.6470
16,10000,200,80,16,202.00,724.00,2.0880,4.5168,0.9126,7856.99,0.1273,590.00,1.2728,2.2992,2.1728,3.5678,4.6175
16,10000,200,80,32,202.00,724.00,2.0880,4.5168,0.9454,7827.06,0.1278,583.00,1.2776,2.3390,2.2036,3.6124,4.8362
16,10000,200,80,64,202.00,724.00,2.0880,4.5168,0.9546,7855.50,0.1273,588.00,1.2730,2.3616,2.2318,3.6560,4.8752
16,10000,200,80,80,202.00,724.00,2.0880,4.5168,0.9554,7714.29,0.1296,583.00,1.2963,2.3589,2.2304,3.6460,4.5802
16,10000,200,80,120,202.00,724.00,2.0880,4.5168,0.9558,7743.62,0.1291,582.00,1.2914,2.3755,2.2472,3.6778,4.9784
16,10000,200,80,160,202.00,724.00,2.0880,4.5168,0.9559,7521.88,0.1329,577.00,1.3295,2.4430,2.3122,3.7273,4.7608
16,10000,200,160,32,202.00,724.00,2.0880,4.5168,0.9665,4252.52,0.2352,591.00,2.3515,4.4419,4.2450,6.5113,8.5703
16,10000,200,160,64,202.00,724.00,2.0880,4.5168,0.9827,4148.36,0.2411,587.00,2.4106,4.4939,4.2857,6.6298,9.1712
16,10000,200,160,128,202.00,724.00,2.0880,4.5168,0.9855,4091.64,0.2444,585.00,2.4440,4.5427,4.3545,6.6759,8.9706
16,10000,200,160,160,202.00,724.00,2.0880,4.5168,0.9855,4099.38,0.2439,582.00,2.4394,4.5114,4.3333,6.5918,8.5571
16,10000,200,160,240,202.00,724.00,2.0880,4.5168,0.9856,4071.93,0.2456,593.00,2.4558,4.5575,4.3739,6.6566,8.8922
16,10000,200,160,320,202.00,724.00,2.0880,4.5168,0.9856,3924.49,0.2548,583.00,2.5481,4.7611,4.5699,6.9158,9.1405
16,10000,200,320,64,202.00,724.00,2.0880,4.5168,0.9899,2278.14,0.4390,595.00,4.3895,8.2012,7.9242,11.7989,16.6858
16,10000,200,320,128,202.00,724.00,2.0880,4.5168,0.9955,2219.90,0.4505,602.00,4.5047,8.3873,8.0881,11.9458,17.2184
16,10000,200,320,256,202.00,724.00,2.0880,4.5168,0.9962,2201.99,0.4541,599.00,4.5414,8.5343,8.2534,12.2450,16.0437
16,10000,200,320,320,202.00,724.00,2.0880,4.5168,0.9962,2213.37,0.4518,614.00,4.5180,8.6170,8.3449,12.3159,16.4401
16,10000,200,320,480,202.00,724.00,2.0880,4.5168,0.9963,2112.59,0.4734,611.00,4.7335,9.0267,8.8042,12.7153,16.6718
16,10000,200,320,640,202.00,724.00,2.0880,4.5168,0.9963,2166.18,0.4616,607.00,4.6164,8.9410,8.6331,13.0206,17.6545
16,10000,200,640,128,202.00,724.00,2.0880,4.5168,0.9976,1274.76,0.7845,630.00,7.8446,15.3424,14.8241,22.7194,28.7615
16,10000,200,640,256,202.00,724.00,2.0880,4.5168,0.9988,1215.85,0.8225,649.00,8.2247,15.8739,15.5395,22.9855,27.6971
16,10000,200,640,512,202.00,724.00,2.0880,4.5168,0.9990,1198.23,0.8346,655.00,8.3456,16.3553,15.9972,22.8127,29.3302
16,10000,200,640,640,202.00,724.00,2.0880,4.5168,0.9990,1168.49,0.8558,640.00,8.5580,16.4672,16.1245,23.1893,28.9704
16,10000,200,640,960,202.00,724.00,2.0880,4.5168,0.9990,1115.89,0.8961,642.00,8.9614,17.2765,16.9770,23.8571,28.4185
16,10000,200,640,1280,202.00,724.00,2.0880,4.5168,0.9990,1036.06,0.9652,642.00,9.6519,18.5424,18.1931,25.0232,29.8387
16,14000,40,14,2,199.00,721.00,1.7995,4.2411,0.5394,35375.83,0.0283,611.00,0.2827,0.4168,0.3862,0.7744,1.0407
16,14000,40,14,5,199.00,721.00,1.7995,4.2411,0.6551,35368.18,0.0283,607.00,0.2827,0.3828,0.3537,0.6990,0.9404
16,14000,40,14,11,199.00,721.00,1.7995,4.2411,0.7053,35934.98,0.0278,609.00,0.2783,0.3676,0.3401,0.6662,0.8755
16,14000,40,14,14,199.00,721.00,1.7995,4.2411,0.7127,38444.96,0.0260,610.00,0.2601,0.3584,0.3313,0.6623,0.9194
16,14000,40,14,21,199.00,721.00,1.7995,4.2411,0.7206,38802.55,0.0258,608.00,0.2577,0.3561,0.3270,0.6573,0.9052
16,14000,40,14,28,199.00,721.00,1.7995,4.2411,0.7224,39187.38,0.0255,606.00,0.2552,0.3550,0.3300,0.6283,0.8603
16,14000,40,28,5,199.00,721.00,1.7995,4.2411,0.7108,23255.96,0.0430,604.00,0.4300,0.6783,0.6360,1.1720,1.6521
16,14000,40,28,11,199.00,721.00,1.7995,4.2411,0.7892,22496.50,0.0445,610.00,0.4445,0.6887,0.6401,1.1738,1.7375
16,14000,40,28,22,199.00,721.00,1.7995,4.2411,0.8200,23151.51,0.0432,618.00,0.4319,0.6661,0.6237,1.1283,1.6135
16,14000,40,28,28,199.00,721.00,1.7995,4.2411,0.8245,22784.19,0.0439,607.00,0.4389,0.6760,0.6241,1.1868,1.6795
16,14000,40,28,42,199.00,721.00,1.7995,4.2411,0.8292,21687.91,0.0461,609.00,0.4611,0.6863,0.6367,1.2010,1.6114
16,14000,40,28,56,199.00,721.00,1.7995,4.2411,0.8304,22617.54,0.0442,603.00,0.4421,0.6900,0.6472,1.1633,1.6323
16,14000,40,56,11,199.00,721.00,1.7995,4.2411,0.8329,13897.11,0.0720,605.00,0.7196,1.2738,1.2061,2.0157,2.7129
16,14000,40,56,22,199.00,721.00,1.7995,4.2411,0.8858,13459.20,0.0743,604.00,0.7430,1.2934,1.2316,2.0435,2.6382
16,14000,40,56,44,199.00,721.00,1.7995,4.2411,0.9069,13024.87,0.0768,604.00,0.7678,1.2951,1.2144,2.0871,3.0241
16,14000,40,56,56,199.00,721.00,1.7995,4.2411,0.9090,13439.48,0.0744,606.00,0.7441,1.3133,1.2401,2.0794,2.7505
16,14000,40,56,84,199.00,721.00,1.7995,4.2411,0.9110,12729.41,0.0786,608.00,0.7856,1.3561,1.2808,2.2034,3.0025
16,14000,40,56,112,199.00,721.00,1.7995,4.2411,0.9114,12878.51,0.0776,605.00,0.7765,1.3483,1.2745,2.1640,2.9385
16,14000,40,112,22,199.00,721.00,1.7995,4.2411,0.9136,7000.02,0.1429,607.00,1.4286,2.5750,2.4808,3.8641,4.6718
16,14000,40,112,44,199.00,721.00,1.7995,4.2411,0.9492,6870.14,0.1456,607.00,1.4556,2.5629,2.4610,4.0481,5.1058
16,14000,40,112,89,199.00,721.00,1.7995,4.2411,0.9602,7028.93,0.1423,604.00,1.4227,2.5890,2.4987,3.8295,4.7428
16,14000,40,112,112,199.00,721.00,1.7995,4.2411,0.9614,6992.67,0.1430,608.00,1.4301,2.6173,2.5151,3.8825,4.9758
16,14000,40,112,168,199.00,721.00,1.7995,4.2411,0.9621,7174.67,0.1394,607.00,1.3938,2.5751,2.4663,3.8215,5.0410
16,14000,40,112,224,199.00,721.00,1.7995,4.2411,0.9624,6974.25,0.1434,608.00,1.4338,2.5913,2.4690,3.9083,5.3168
16,14000,40,224,44,199.00,721.00,1.7995,4.2411,0.9638,3884.16,0.2575,609.00,2.5746,4.7088,4.5351,6.8923,9.7294
16,14000,40,224,89,199.00,721.00,1.7995,4.2411,0.9827,3861.35,0.2590,611.00,2.5898,4.8474,4.6883,6.9608,8.9486
16,14000,40,224,179,199.00,721.00,1.7995,4.2411,0.9872,3849.69,0.2598,613.00,2.5976,4.8199,4.6412,6.9320,9.9881
16,14000,40,224,224,199.00,721.00,1.7995,4.2411,0.9875,3849.08,0.2598,619.00,2.5980,4.8200,4.6678,7.1130,10.0612
16,14000,40,224,336,199.00,721.00,1.7995,4.2411,0.9877,3887.67,0.2572,624.00,2.5722,4.8945,4.7483,7.0062,8.7941
16,14000,40,224,448,199.00,721.00,1.7995,4.2411,0.9877,3762.87,0.2658,623.00,2.6575,5.0402,4.8526,7.1715,9.5609
16,14000,40,448,89,199.00,721.00,1.7995,4.2411,0.9879,2197.24,0.4551,632.00,4.5512,8.7372,8.4768,12.7679,15.7808
16,14000,40,448,179,199.00,721.00,1.7995,4.2411,0.9947,2141.87,0.4669,624.00,4.6688,9.0203,8.7776,12.8982,16.0916
16,14000,40,448,358,199.00,721.00,1.7995,4.2411,0.9960,2101.25,0.4759,636.00,4.7591,9.1873,8.9799,12.7596,15.2836
16,14000,40,448,448,199.00,721.00,1.7995,4.2411,0.9960,1995.37,0.5012,634.00,5.0116,9.4563,9.3022,12.8368,14.9340
16,14000,40,448,672,199.00,721.00,1.7995,4.2411,0.9961,1988.89,0.5028,639.00,5.0279,9.7508,9.5359,13.3858,16.5600
16,14000,40,448,896,199.00,721.00,1.7995,4.2411,0.9961,1856.83,0.5386,633.00,5.3855,10.2144,9.9969,13.8794,17.7453
16,14000,40,896,179,199.00,721.00,1.7995,4.2411,0.9963,1159.92,0.8621,675.00,8.6213,16.5841,16.2654,23.0733,27.2105
16,14000,40,896,358,199.00,721.00,1.7995,4.2411,0.9980,1089.25,0.9181,690.00,9.1806,17.5730,17.1510,24.0136,28.9853
16,14000,40,896,716,199.00,721.00,1.7995,4.2411,0.9982,1043.78,0.9581,676.00,9.5805,18.0992,17.7484,24.4359,28.1871
16,14000,40,896,896,199.00,721.00,1.7995,4.2411,0.9982,1045.35,0.9566,694.00,9.5661,18.2952,17.9568,24.7179,28.2080
16,14000,40,896,1344,199.00,721.00,1.7995,4.2411,0.9983,1000.19,0.9998,688.00,9.9981,19.5147,19.0892,26.0798,32.1827
16,14000,40,896,1792,199.00,721.00,1.7995,4.2411,0.9983,902.20,1.1084,688.00,11.0841,21.4578,21.1115,27.9755,31.1310
16,14000,100,14,2,251.00,721.00,2.1319,4.6560,0.5631,35652.42,0.0280,601.00,0.2805,0.4088,0.3765,0.7474,1.0822
16,14000,100,14,5,251.00,721.00,2.1319,4.6560,0.6736,37297.92,0.0268,598.00,0.2681,0.3811,0.3510,0.6956,0.9445
16,14000,100,14,11,251.00,721.00,2.1319,4.6560,0.7149,36321.16,0.0275,600.00,0.2753,0.3645,0.3309,0.6855,0.9957
16,14000,100,14,14,251.00,721.00,2.1319,4.6560,0.7208,39564.21,0.0253,600.00,0.2528,0.3546,0.3232,0.6513,0.9282
16,14000,100,14,21,251.00,721.00,2.1319,4.6560,0.7258,37492.82,0.0267,602.00,0.2667,0.3522,0.3225,0.6429,0.9307
16,14000,100,14,28,251.00,721.00,2.1319,4.6560,0.7273,37979.37,0.0263,598.00,0.2633,0.3625,0.3343,0.6673,0.9237
16,14000,100,28,5,251.00,721.00,2.1319,4.6560,0.7320,23235.55,0.0430,598.00,0.4304,0.6790,0.6318,1.1647,1.5894
16,14000,100,28,11,251.00,721.00,2.1319,4.6560,0.8014,23771.16,0.0421,599.00,0.4207,0.6692,0.6253,1.1740,1.5594
16,14000,100,28,22,251.00,721.00,2.1319,4.6560,0.8269,23409.41,0.0427,599.00,0.4272,0.6810,0.6381,1.1682,1.5339
16,14000,100,28,28,251.00,721.00,2.1319,4.6560,0.8307,23546.60,0.0425,598.00,0.4247,0.6769,0.6360,1.1433,1.5656
16,14000,100,28,42,251.00,721.00,2.1319,4.6560,0.8330,22742.47,0.0440,597.00,0.4397,0.6841,0.6448,1.1584,1.5331
16,14000,100,28,56,251.00,721.00,2.1319,4.6560,0.8333,22553.07,0.0443,598.00,0.4434,0.6959,0.6506,1.1848,1.6320
16,14000,100,56,11,251.00,721.00,2.1319,4.6560,0.8495,13336.39,0.0750,596.00,0.7498,1.2921,1.2164,2.1038,2.8161
16,14000,100,56,22,251.00,721.00,2.1319,4.6560,0.8956,13798.61,0.0725,599.00,0.7247,1.2561,1.1947,2.0307,2.5402
16,14000,100,56,44,251.00,721.00,2.1319,4.6560,0.9110,13554.59,0.0738,599.00,0.7378,1.2792,1.2053,2.0267,2.8258
16,14000,100,56,56,251.00,721.00,2.1319,4.6560,0.9124,13565.32,0.0737,601.00,0.7372,1.2716,1.2036,2.0559,2.7646
16,14000,100,56,84,251.00,721.00,2.1319,4.6560,0.9136,13657.97,0.0732,603.00,0.7322,1.2955,1.2242,2.0780,2.6676
16,14000,100,56,112,251.00,721.00,2.1319,4.6560,0.9139,13485.29,0.0742,602.00,0.7415,1.3305,1.2569,2.0974,2.6365
16,14000,100,112,22,251.00,721.00,2.1319,4.6560,0.9267,7638.00,0.1309,597.00,1.3092,2.4575,2.3478,3.7392,4.7728
16,14000,100,112,44,251.00,721.00,2.1319,4.6560,0.9546,7571.49,0.1321,596.00,1.3207,2.4644,2.3429,3.7801,5.0700
16,14000,100,112,89,251.00,721.00,2.1319,4.6560,0.9624,7225.00,0.1384,604.00,1.3841,2.4456,2.3182,3.7429,5.8721
16,14000,100,112,112,251.00,721.00,2.1319,4.6560,0.9630,7480.18,0.1337,596.00,1.3369,2.5121,2.3980,3.8026,4.7795
16,14000,100,112,168,251.00,721.00,2.1319,4.6560,0.9632,7274.25,0.1375,602.00,1.3747,2.5555,2.4459,3.8219,4.7606
16,14000,100,112,224,251.00,721.00,2.1319,4.6560,0.9633,6922.18,0.1445,595.00,1.4446,2.6399,2.5311,3.9070,4.7563
16,14000,100,224,44,251.00,721.00,2.1319,4.6560,0.9717,3930.75,0.2544,618.00,2.5440,4.7379,4.5759,6.8745,8.4885
16,14000,100,224,89,251.00,721.00,2.1319,4.6560,0.9853,3771.01,0.2652,600.00,2.6518,4.9143,4.7860,7.0478,8.5390
16,14000,100,224,179,251.00,721.00,2.1319,4.6560,0.9880,3659.55,0.2733,607.00,2.7326,4.9933,4.8133,7.2561,9.5681
16,14000,100,224,224,251.00,721.00,2.1319,4.6560,0.9882,3815.63,0.2621,606.00,2.6208,4.9009,4.7427,7.0469,8.7793
16,14000,100,224,336,251.00,721.00,2.1319,4.6560,0.9882,3673.22,0.2722,603.00,2.7224,5.0229,4.8784,7.1409,9.0068
16,14000,100,224,448,251.00,721.00,2.1319,4.6560,0.9882,3471.13,0.2881,605.00,2.8809,5.3326,5.1815,7.4850,9.2026
16,14000,100,448,89,251.00,721.00,2.1319,4.6560,0.9914,2106.15,0.4748,624.00,4.7480,8.9695,8.7400,12.5319,15.7643
16,14000,100,448,179,251.00,721.00,2.1319,4.6560,0.9961,2050.67,0.4876,633.00,4.8765,9.2357,9.0466,12.7339,15.8577
16,14000,100,448,358,251.00,721.00,2.1319,4.6560,0.9969,2059.57,0.4855,641.00,4.8554,9.2696,9.0823,12.8197,15.4165
16,14000,100,448,448,251.00,721.00,2.1319,4.6560,0.9970,2026.77,0.4934,628.00,4.9340,9.2693,9.0847,12.8651,15.5280
16,14000,100,448,672,251.00,721.00,2.1319,4.6560,0.9970,1924.41,0.5196,628.00,5.1964,9.8384,9.6215,13.4440,16.4618
16,14000,100,448,896,251.00,721.00,2.1319,4.6560,0.9970,1803.32,0.5545,627.00,5.5453,10.4818,10.2808,14.1166,16.9738
16,14000,100,896,179,251.00,721.00,2.1319,4.6560,0.9976,1119.77,0.8930,681.00,8.9304,16.7502,16.4054,22.9284,26.5470
16,14000,100,896,358,251.00,721.00,2.1319,4.6560,0.9987,1071.64,0.9331,675.00,9.3315,17.4860,17.1302,23.7477,28.2686
16,14000,100,896,716,251.00,721.00,2.1319,4.6560,0.9989,1051.01,0.9515,686.00,9.5146,18.1375,17.9322,24.1793,27.3466
16,14000,100,896,896,251.00,721.00,2.1319,4.6560,0.9990,1052.96,0.9497,691.00,9.4970,18.1501,17.8494,24.1899,28.8561
16,14000,100,896,1344,251.00,721.00,2.1319,4.6560,0.9990,971.29,1.0296,686.00,10.2956,19.6895,19.4412,25.6452,28.3637
16,14000,100,896,1792,251.00,721.00,2.1319,4.6560,0.9990,880.05,1.1363,693.00,11.3630,21.7054,21.3361,28.4461,31.5355
16,14000,200,14,2,245.00,723.00,2.8147,5.3885,0.5678,34518.93,0.0290,592.00,0.2897,0.3990,0.3626,0.7682,1.0873
16,14000,200,14,5,245.00,723.00,2.8147,5.3885,0.6746,35613.57,0.0281,595.00,0.2808,0.3904,0.3594,0.7254,0.9793
16,14000,200,14,11,245.00,723.00,2.8147,5.3885,0.7174,37082.11,0.0270,596.00,0.2697,0.3780,0.3500,0.6936,0.9664
16,14000,200,14,14,245.00,723.00,2.8147,5.3885,0.7235,37024.79,0.0270,599.00,0.2701,0.3545,0.3250,0.6614,0.8952
16,14000,200,14,21,245.00,723.00,2.8147,5.3885,0.7295,39126.93,0.0256,597.00,0.2556,0.3694,0.3421,0.6727,0.9206
16,14000,200,14,28,245.00,723.00,2.8147,5.3885,0.7314,36892.08,0.0271,592.00,0.2711,0.3566,0.3247,0.6615,0.9670
16,14000,200,28,5,245.00,723.00,2.8147,5.3885,0.7327,23374.78,0.0428,597.00,0.4278,0.6920,0.6456,1.1864,1.5397
16,14000,200,28,11,245.00,723.00,2.8147,5.3885,0.8034,22904.21,0.0437,593.00,0.4366,0.6668,0.6217,1.1497,1.5302
16,14000,200,28,22,245.00,723.00,2.8147,5.3885,0.8298,22745.81,0.0440,592.00,0.4396,0.7034,0.6587,1.2001,1.5887
16,14000,200,28,28,245.00,723.00,2.8147,5.3885,0.8334,22982.28,0.0435,596.00,0.4351,0.6959,0.6464,1.1892,1.7330
16,14000,200,28,42,245.00,723.00,2.8147,5.3885,0.8360,22332.43,0.0448,598.00,0.4478,0.7049,0.6534,1.2161,1.6686
16,14000,200,28,56,245.00,723.00,2.8147,5.3885,0.8364,22908.63,0.0437,591.00,0.4365,0.7225,0.6725,1.2356,1.6622
16,14000,200,56,11,245.00,723.00,2.8147,5.3885,0.8509,13141.42,0.0761,594.00,0.7610,1.3149,1.2462,2.0947,2.6739
16,14000,200,56,22,245.00,723.00,2.8147,5.3885,0.8974,12936.50,0.0773,597.00,0.7730,1.3034,1.2387,2.0870,2.6116
16,14000,200,56,44,245.00,723.00,2.8147,5.3885,0.9128,13416.20,0.0745,593.00,0.7454,1.3292,1.2530,2.1155,2.7803
16,14000,200,56,56,245.00,723.00,2.8147,5.3885,0.9141,13084.97,0.0764,597.00,0.7642,1.3209,1.2502,2.1170,2.6564
16,14000,200,56,84,245.00,723.00,2.8147,5.3885,0.9151,12533.77,0.0798,592.00,0.7978,1.3761,1.3130,2.1585,2.6699
16,14000,200,56,112,245.00,723.00,2.8147,5.3885,0.9151,12093.40,0.0827,591.00,0.8269,1.4121,1.3310,2.2936,3.1816
16,14000,200,112,22,245.00,723.00,2.8147,5.3885,0.9287,7174.54,0.1394,593.00,1.3938,2.5635,2.4575,3.8300,4.7538
16,14000,200,112,44,245.00,723.00,2.8147,5.3885,0.9563,6795.90,0.1471,590.00,1.4715,2.6102,2.4768,3.9920,5.2921
16,14000,200,112,89,245.00,723.00,2.8147,5.3885,0.9632,7029.08,0.1423,593.00,1.4227,2.5488,2.4172,3.9327,5.2460
16,14000,200,112,112,245.00,723.00,2.8147,5.3885,0.9637,7165.83,0.1396,596.00,1.3955,2.5694,2.4480,3.8627,4.9638
16,14000,200,112,168,245.00,723.00,2.8147,5.3885,0.9639,6806.00,0.1469,596.00,1.4693,2.6938,2.5853,3.9984,5.0988
16,14000,200,112,224,245.00,723.00,2.8147,5.3885,0.9640,6620.94,0.1510,595.00,1.5104,2.7017,2.5882,4.0581,5.1579
16,14000,200,224,44,245.00,723.00,2.8147,5.3885,0.9735,3815.54,0.2621,599.00,2.6209,4.8680,4.7427,6.9820,8.4238
16,14000,200,224,89,245.00,723.00,2.8147,5.3885,0.9862,3764.31,0.2657,597.00,2.6565,4.9400,4.7987,7.0907,8.5740
16,14000,200,224,179,245.00,723.00,2.8147,5.3885,0.9880,3774.41,0.2649,604.00,2.6494,4.9206,4.7764,7.0804,8.9608
16,14000,200,224,224,245.00,723.00,2.8147,5.3885,0.9881,3750.33,0.2666,609.00,2.6664,4.8326,4.6264,7.0867,10.0888
16,14000,200,224,336,245.00,723.00,2.8147,5.3885,0.9882,3693.15,0.2708,606.00,2.7077,5.0208,4.8560,7.2109,9.1277
16,14000,200,224,448,245.00,723.00,2.8147,5.3885,0.9882,3540.34,0.2825,610.00,2.8246,5.1608,4.9760,7.4219,9.8782
16,14000,200,448,89,245.00,723.00,2.8147,5.3885,0.9925,2059.49,0.4856,630.00,4.8556,9.1049,8.9227,12.5426,15.3365
16,14000,200,448,179,245.00,723.00,2.8147,5.3885,0.9963,2078.80,0.4810,634.00,4.8105,9.0643,8.8421,12.7684,17.0792
16,14000,200,448,358,245.00,723.00,2.8147,5.3885,0.9968,2025.06,0.4938,622.00,4.9381,9.4201,9.2162,13.1581,16.3465
16,14000,200,448,448,245.00,723.00,2.8147,5.3885,0.9968,2019.81,0.4951,624.00,4.9510,9.4024,9.2065,13.1912,15.5707
16,14000,200,448,672,245.00,723.00,2.8147,5.3885,0.9968,1921.43,0.5204,622.00,5.2045,9.9024,9.6733,13.4833,17.2255
16,14000,200,448,896,245.00,723.00,2.8147,5.3885,0.9968,1819.72,0.5495,628.00,5.4953,10.4349,10.2337,14.1769,16.7436
16,14000,200,896,179,245.00,723.00,2.8147,5.3885,0.9979,1134.21,0.8817,672.00,8.8167,16.6895,16.3889,22.8053,26.0165
16,14000,200,896,358,245.00,723.00,2.8147,5.3885,0.9988,1087.35,0.9197,657.00,9.1967,17.4459,17.1454,23.8668,28.7002
16,14000,200,896,716,245.00,723.00,2.8147,5.3885,0.9988,1042.65,0.9591,672.00,9.5909,18.2182,18.0252,24.2766,27.1558
16,14000,200,896,896,245.00,723.00,2.8147,5.3885,0.9989,1033.21,0.9679,663.00,9.6786,18.1987,17.8619,24.5925,31.7057
16,14000,200,896,1344,245.00,723.00,2.8147,5.3885,0.9989,958.85,1.0429,666.00,10.4292,19.8399,19.4945,26.7286,30.4233
16,14000,200,896,1792,245.00,723.00,2.8147,5.3885,0.9989,870.72,1.1485,669.00,11.4848,21.9427,21.6687,28.3473,31.2080
16,18000,40,18,3,232.00,721.00,2.4355,4.9178,0.6035,33543.14,0.0298,600.00,0.2981,0.4296,0.4001,0.7860,1.0850
16,18000,40,18,7,232.00,721.00,2.4355,4.9178,0.6938,34135.58,0.0293,602.00,0.2929,0.4027,0.3781,0.7269,0.9848
16,18000,40,18,14,232.00,721.00,2.4355,4.9178,0.7305,36621.81,0.0273,600.00,0.2731,0.3884,0.3662,0.6813,0.8940
16,18000,40,18,18,232.00,721.00,2.4355,4.9178,0.7369,37264.42,0.0268,601.00,0.2684,0.3759,0.3542,0.6565,0.8786
16,18000,40,18,27,232.00,721.00,2.4355,4.9178,0.7427,37811.97,0.0264,597.00,0.2645,0.3822,0.3574,0.6733,0.8587
16,18000,40,18,36,232.00,721.00,2.4355,4.9178,0.7451,37626.91,0.0266,602.00,0.2658,0.3769,0.3491,0.6583,0.8328
16,18000,40,36,7,232.00,721.00,2.4355,4.9178,0.7493,22172.42,0.0451,599.00,0.4510,0.7146,0.6746,1.2090,1.6181
16,18000,40,36,14,232.00,721.00,2.4355,4.9178,0.8095,22753.05,0.0440,601.00,0.4395,0.7160,0.6808,1.1916,1.6425
16,18000,40,36,28,232.00,721.00,2.4355,4.9178,0.8370,22249.51,0.0449,599.00,0.4494,0.7101,0.6768,1.1595,1.5183
16,18000,40,36,36,232.00,721.00,2.4355,4.9178,0.8420,22639.41,0.0442,601.00,0.4417,0.7249,0.6925,1.1850,1.5610
16,18000,40,36,54,232.00,721.00,2.4355,4.9178,0.8454,20972.60,0.0477,601.00,0.4768,0.7546,0.7217,1.2275,1.5469
16,18000,40,36,72,232.00,721.00,2.4355,4.9178,0.8465,20729.30,0.0482,604.00,0.4824,0.7707,0.7293,1.2668,1.6162
16,18000,40,72,14,232.00,721.00,2.4355,4.9178,0.8510,12114.70,0.0825,603.00,0.8254,1.3988,1.3322,2.2150,2.8578
16,18000,40,72,28,232.00,721.00,2.4355,4.9178,0.8994,12729.85,0.0786,598.00,0.7856,1.3589,1.2959,2.1183,2.9244
16,18000,40,72,57,232.00,721.00,2.4355,4.9178,0.9187,12835.99,0.0779,597.00,0.7791,1.3660,1.3055,2.1129,2.6891
16,18000,40,72,72,232.00,721.00,2.4355,4.9178,0.9207,12115.78,0.0825,600.00,0.8254,1.3920,1.3205,2.2382,2.9956
16,18000,40,72,108,232.00,721.00,2.4355,4.9178,0.9220,12222.96,0.0818,598.00,0.8181,1.3905,1.3236,2.1730,2.9489
16,18000,40,72,144,232.00,721.00,2.4355,4.9178,0.9223,12261.17,0.0816,600.00,0.8156,1.4194,1.3666,2.1431,2.7370
16,18000,40,144,28,232.00,721.00,2.4355,4.9178,0.9246,7157.99,0.1397,601.00,1.3970,2.5689,2.4849,3.7859,4.7909
16,18000,40,144,57,232.00,721.00,2.4355,4.9178,0.9575,7115.37,0.1405,606.00,1.4054,2.6241,2.5259,3.8498,5.0079
16,18000,40,144,115,232.00,721.00,2.4355,4.9178,0.9669,6916.29,0.1446,617.00,1.4459,2.6153,2.4979,3.8716,5.5446
16,18000,40,144,144,232.00,721.00,2.4355,4.9178,0.9677,7062.82,0.1416,616.00,1.4159,2.6214,2.5348,3.8331,4.7018
16,18000,40,144,216,232.00,721.00,2.4355,4.9178,0.9683,6750.97,0.1481,612.00,1.4813,2.7391,2.6425,3.9525,4.9909
16,18000,40,144,288,232.00,721.00,2.4355,4.9178,0.9682,6650.00,0.1504,610.00,1.5038,2.8066,2.7074,4.0372,5.1794
16,18000,40,288,57,232.00,721.00,2.4355,4.9178,0.9702,3800.86,0.2631,629.00,2.6310,4.9550,4.8279,7.0527,8.4392
16,18000,40,288,115,232.00,721.00,2.4355,4.9178,0.9861,3682.59,0.2715,620.00,2.7155,5.0560,4.9303,7.1272,8.7678
16,18000,40,288,230,232.00,721.00,2.4355,4.9178,0.9896,3641.74,0.2746,626.00,2.7459,5.1481,5.0163,7.2322,8.6020
16,18000,40,288,288,232.00,721.00,2.4355,4.9178,0.9898,3676.90,0.2720,633.00,2.7197,5.1664,5.0299,7.1356,8.8535
16,18000,40,288,432,232.00,721.00,2.4355,4.9178,0.9900,3500.69,0.2857,631.00,2.8566,5.3995,5.2575,7.4818,9.1469
16,18000,40,288,576,232.00,721.00,2.4355,4.9178,0.9900,3401.35,0.2940,617.00,2.9400,5.5994,5.4593,7.6504,9.3076
16,18000,40,576,115,232.00,721.00,2.4355,4.9178,0.9907,1987.33,0.5032,645.00,5.0319,9.4224,9.2494,13.0053,15.0894
16,18000,40,576,230,232.00,721.00,2.4355,4.9178,0.9964,2003.21,0.4992,669.00,4.9920,9.6218,9.3991,13.1218,16.3841
16,18000,40,576,460,232.00,721.00,2.4355,4.9178,0.9973,1954.19,0.5117,661.00,5.1172,9.7323,9.4658,13.4804,17.1948
16,18000,40,576,576,232.00,721.00,2.4355,4.9178,0.9974,1951.82,0.5123,653.00,5.1234,9.8731,9.6668,13.4379,16.3149
16,18000,40,576,864,232.00,721.00,2.4355,4.9178,0.9976,1816.13,0.5506,658.00,5.5062,10.6132,10.4195,13.9745,16.4663
16,18000,40,576,1152,232.00,721.00,2.4355,4.9178,0.9976,1666.93,0.5999,674.00,5.9991,11.5975,11.3844,15.2847,17.2173
16,18000,40,1152,230,232.00,721.00,2.4355,4.9178,0.9973,1134.12,0.8817,719.00,8.8174,16.9354,16.7339,23.2174,29.1377
16,18000,40,1152,460,232.00,721.00,2.4355,4.9178,0.9988,1069.46,0.9351,726.00,9.3505,18.1138,17.7676,24.2043,29.0600
16,18000,40,1152,921,232.00,721.00,2.4355,4.9178,0.9990,1001.12,0.9989,738.00,9.9888,19.1900,18.8887,24.7961,29.5175
16,18000,40,1152,1152,232.00,721.00,2.4355,4.9178,0.9991,968.95,1.0320,754.00,10.3205,19.7286,19.4393,25.4128,28.6102
16,18000,40,1152,1728,232.00,721.00,2.4355,4.9178,0.9991,857.11,1.1667,751.00,11.6672,22.1528,21.8926,28.0049,30.9839
16,18000,40,1152,2304,232.00,721.00,2.4355,4.9178,0.9991,790.10,1.2657,765.00,12.6567,24.9360,24.4959,31.2849,34.3087
16,18000,100,18,3,316.00,721.00,2.6507,5.1721,0.6224,34888.80,0.0287,621.00,0.2866,0.4289,0.4040,0.7672,0.9935
16,18000,100,18,7,316.00,721.00,2.6507,5.1721,0.7048,35216.54,0.0284,620.00,0.2840,0.4141,0.3863,0.7411,0.9782
16,18000,100,18,14,316.00,721.00,2.6507,5.1721,0.7382,34343.24,0.0291,616.00,0.2912,0.4035,0.3758,0.7136,0.9242
16,18000,100,18,18,316.00,721.00,2.6507,5.1721,0.7427,36796.37,0.0272,618.00,0.2718,0.3806,0.3514,0.6854,0.9233
16,18000,100,18,27,316.00,721.00,2.6507,5.1721,0.7479,37079.72,0.0270,619.00,0.2697,0.3767,0.3481,0.6799,0.9520
16,18000,100,18,36,316.00,721.00,2.6507,5.1721,0.7489,35848.92,0.0279,617.00,0.2789,0.3907,0.3633,0.6832,0.9416
16,18000,100,36,7,316.00,721.00,2.6507,5.1721,0.7642,22866.53,0.0437,613.00,0.4373,0.7119,0.6781,1.1895,1.5512
16,18000,100,36,14,316.00,721.00,2.6507,5.1721,0.8202,22775.37,0.0439,616.00,0.4391,0.7077,0.6766,1.2082,1.6265
16,18000,100,36,28,316.00,721.00,2.6507,5.1721,0.8443,22845.89,0.0438,619.00,0.4377,0.7065,0.6686,1.1858,1.5691
16,18000,100,36,36,316.00,721.00,2.6507,5.1721,0.8471,22420.60,0.0446,616.00,0.4460,0.7014,0.6655,1.1683,1.5320
16,18000,100,36,54,316.00,721.00,2.6507,5.1721,0.8495,22423.54,0.0446,613.00,0.4460,0.7277,0.6912,1.1980,1.5702
16,18000,100,36,72,316.00,721.00,2.6507,5.1721,0.8498,22430.82,0.0446,613.00,0.4458,0.7355,0.6956,1.2003,1.5658
16,18000,100,72,14,316.00,721.00,2.6507,5.1721,0.8656,12943.87,0.0773,619.00,0.7726,1.3773,1.3154,2.1474,2.8160
16,18000,100,72,28,316.00,721.00,2.6507,5.1721,0.9094,12650.15,0.0791,620.00,0.7905,1.3607,1.2864,2.1116,3.2312
16,18000,100,72,57,316.00,721.00,2.6507,5.1721,0.9231,12785.45,0.0782,618.00,0.7821,1.3779,1.3153,2.1630,2.7644
16,18000,100,72,72,316.00,721.00,2.6507,5.1721,0.9244,12873.86,0.0777,626.00,0.7768,1.3702,1.3100,2.1125,2.7664
16,18000,100,72,108,316.00,721.00,2.6507,5.1721,0.9251,12653.83,0.0790,617.00,0.7903,1.4052,1.3335,2.1860,2.7514
16,18000,100,72,144,316.00,721.00,2.6507,5.1721,0.9254,12233.99,0.0817,616.00,0.8174,1.4339,1.3685,2.2035,2.9400
16,18000,100,144,28,316.00,721.00,2.6507,5.1721,0.9372,7103.15,0.1408,629.00,1.4078,2.5464,2.4448,3.7541,5.6772
16,18000,100,144,57,316.00,721.00,2.6507,5.1721,0.9627,6999.76,0.1429,624.00,1.4286,2.6107,2.4905,3.8866,5.2872
16,18000,100,144,115,316.00,721.00,2.6507,5.1721,0.9690,6919.07,0.1445,616.00,1.4453,2.6608,2.5481,3.9519,5.0959
16,18000,100,144,144,316.00,721.00,2.6507,5.1721,0.9695,6868.46,0.1456,617.00,1.4559,2.6283,2.5131,3.9392,5.3289
16,18000,100,144,216,316.00,721.00,2.6507,5.1721,0.9698,6793.87,0.1472,621.00,1.4719,2.7221,2.6329,4.0042,4.9274
16,18000,100,144,288,316.00,721.00,2.6507,5.1721,0.9698,6682.82,0.1496,625.00,1.4964,2.8100,2.7142,4.0589,4.9294
16,18000,100,288,57,316.00,721.00,2.6507,5.1721,0.9769,3812.69,0.2623,632.00,2.6228,4.8590,4.6956,7.0603,9.6198
16,18000,100,288,115,316.00,721.00,2.6507,5.1721,0.9879,3765.72,0.2656,632.00,2.6555,5.0239,4.8956,7.1578,8.6504
16,18000,100,288,230,316.00,721.00,2.6507,5.1721,0.9901,3687.18,0.2712,642.00,2.7121,5.1296,5.0104,7.1874,8.4391
16,18000,100,288,288,316.00,721.00,2.6507,5.1721,0.9903,3630.44,0.2754,634.00,2.7545,5.1089,4.9539,7.2596,9.4998
16,18000,100,288,432,316.00,721.00,2.6507,5.1721,0.9903,3485.63,0.2869,635.00,2.8689,5.3886,5.2681,7.4505,8.7062
16,18000,100,288,576,316.00,721.00,2.6507,5.1721,0.9904,3304.54,0.3026,628.00,3.0261,5.7091,5.5860,7.7686,9.6090
16,18000,100,576,115,316.00,721.00,2.6507,5.1721,0.9927,1966.75,0.5085,652.00,5.0845,9.4686,9.3025,12.8503,14.8199
16,18000,100,576,230,316.00,721.00,2.6507,5.1721,0.9967,1925.49,0.5193,672.00,5.1935,9.8162,9.6592,13.2633,15.7698
16,18000,100,576,460,316.00,721.00,2.6507,5.1721,0.9973,1885.18,0.5305,666.00,5.3045,10.0547,9.9116,13.3826,16.0661
16,18000,100,576,576,316.00,721.00,2.6507,5.1721,0.9974,1844.30,0.5422,678.00,5.4221,10.1056,9.9192,13.6828,16.2683
16,18000,100,576,864,316.00,721.00,2.6507,5.1721,0.9974,1750.88,0.5711,678.00,5.7114,10.7786,10.6423,14.3577,16.5708
16,18000,100,576,1152,316.00,721.00,2.6507,5.1721,0.9974,1700.58,0.5880,683.00,5.8803,11.4221,11.2443,15.0059,17.6758
16,18000,100,1152,230,316.00,721.00,2.6507,5.1721,0.9980,1085.71,0.9211,739.00,9.2105,17.5051,17.2440,23.6413,27.2446
16,18000,100,1152,460,316.00,721.00,2.6507,5.1721,0.9989,1025.82,0.9748,740.00,9.7483,18.6456,18.3290,25.1134,28.3922
16,18000,100,1152,921,316.00,721.00,2.6507,5.1721,0.9991,985.59,1.0146,759.00,10.1462,19.4543,19.2391,25.2286,28.4786
16,18000,100,1152,1152,316.00,721.00,2.6507,5.1721,0.9991,947.21,1.0557,752.00,10.5573,19.7639,19.4417,26.3218,32.2032
16,18000,100,1152,1728,316.00,721.00,2.6507,5.1721,0.9991,862.76,1.1591,770.00,11.5907,22.2106,21.9803,27.8893,31.3611
16,18000,100,1152,2304,316.00,721.00,2.6507,5.1721,0.9992,774.51,1.2911,764.00,12.9115,25.1238,24.8113,31.0834,34.2623
16,18000,200,18,3,321.00,723.00,3.4174,6.0275,0.6305,33442.41,0.0299,613.00,0.2990,0.4385,0.4068,0.8043,1.0778
16,18000,200,18,7,321.00,723.00,3.4174,6.0275,0.7096,34542.01,0.0290,616.00,0.2895,0.4027,0.3784,0.7291,0.9746
16,18000,200,18,14,321.00,723.00,3.4174,6.0275,0.7404,35348.64,0.0283,614.00,0.2829,0.3889,0.3606,0.6955,0.9318
16,18000,200,18,18,321.00,723.00,3.4174,6.0275,0.7448,34944.30,0.0286,611.00,0.2862,0.3885,0.3619,0.7023,0.9386
16,18000,200,18,27,321.00,723.00,3.4174,6.0275,0.7492,36177.07,0.0276,619.00,0.2764,0.3958,0.3687,0.6961,0.9162
16,18000,200,18,36,321.00,723.00,3.4174,6.0275,0.7502,35835.67,0.0279,611.00,0.2791,0.3952,0.3682,0.6956,0.9419
16,18000,200,36,7,321.00,723.00,3.4174,6.0275,0.7694,21171.26,0.0472,615.00,0.4723,0.7534,0.7130,1.2522,1.6925
16,18000,200,36,14,321.00,723.00,3.4174,6.0275,0.8230,21038.95,0.0475,615.00,0.4753,0.7659,0.7294,1.2704,1.6245
16,18000,200,36,28,321.00,723.00,3.4174,6.0275,0.8450,21646.60,0.0462,616.00,0.4620,0.7545,0.7166,1.2260,1.6096
16,18000,200,36,36,321.00,723.00,3.4174,6.0275,0.8487,21244.85,0.0471,614.00,0.4707,0.7373,0.6925,1.2438,1.7027
16,18000,200,36,54,321.00,723.00,3.4174,6.0275,0.8511,22365.15,0.0447,616.00,0.4471,0.7321,0.6881,1.2141,1.5707
16,18000,200,36,72,321.00,723.00,3.4174,6.0275,0.8514,21776.61,0.0459,611.00,0.4592,0.7357,0.6949,1.2306,1.5975
16,18000,200,72,14,321.00,723.00,3.4174,6.0275,0.8685,13227.73,0.0756,614.00,0.7560,1.3499,1.2841,2.1540,2.8185
16,18000,200,72,28,321.00,723.00,3.4174,6.0275,0.9101,12637.25,0.0791,628.00,0.7913,1.3523,1.2740,2.1782,2.9861
16,18000,200,72,57,321.00,723.00,3.4174,6.0275,0.9242,12793.73,0.0782,616.00,0.7816,1.3712,1.3073,2.1732,2.7710
16,18000,200,72,72,321.00,723.00,3.4174,6.0275,0.9253,12850.45,0.0778,619.00,0.7782,1.3781,1.3168,2.1937,2.7739
16,18000,200,72,108,321.00,723.00,3.4174,6.0275,0.9259,12637.29,0.0791,618.00,0.7913,1.4112,1.3399,2.2416,2.8752
16,18000,200,72,144,321.00,723.00,3.4174,6.0275,0.9260,12293.91,0.0813,614.00,0.8134,1.4577,1.3872,2.2494,2.9196
16,18000,200,144,28,321.00,723.00,3.4174,6.0275,0.9390,7161.97,0.1396,613.00,1.3963,2.5406,2.4420,3.8920,4.9062
16,18000,200,144,57,321.00,723.00,3.4174,6.0275,0.9647,7084.46,0.1412,617.00,1.4115,2.6183,2.5167,3.9424,4.9773
16,18000,200,144,115,321.00,723.00,3.4174,6.0275,0.9698,7008.42,0.1427,618.00,1.4269,2.6626,2.5535,4.0286,5.0908
16,18000,200,144,144,321.00,723.00,3.4174,6.0275,0.9702,6982.08,0.1432,617.00,1.4322,2.6615,2.5575,4.0455,5.1053
16,18000,200,144,216,321.00,723.00,3.4174,6.0275,0.9704,6776.19,0.1476,620.00,1.4758,2.7675,2.6656,4.1202,5.2315
16,18000,200,144,288,321.00,723.00,3.4174,6.0275,0.9704,6578.25,0.1520,617.00,1.5202,2.8406,2.7210,4.1954,5.5448
16,18000,200,288,57,321.00,723.00,3.4174,6.0275,0.9786,3801.54,0.2631,621.00,2.6305,4.9196,4.7376,7.1419,9.6251
16,18000,200,288,115,321.00,723.00,3.4174,6.0275,0.9887,3743.59,0.2671,626.00,2.6712,5.0311,4.8771,7.2998,9.3941
16,18000,200,288,230,321.00,723.00,3.4174,6.0275,0.9905,3614.93,0.2766,630.00,2.7663,5.1115,4.9274,7.4017,10.0676
16,18000,200,288,288,321.00,723.00,3.4174,6.0275,0.9905,3698.16,0.2704,632.00,2.7040,5.1918,5.0435,7.2973,9.1110
16,18000,200,288,432,321.00,723.00,3.4174,6.0275,0.9906,3555.30,0.2813,645.00,2.8127,5.3912,5.2256,7.6169,9.7003
16,18000,200,288,576,321.00,723.00,3.4174,6.0275,0.9906,3408.06,0.2934,638.00,2.9342,5.6105,5.4463,7.8786,10.2215
16,18000,200,576,115,321.00,723.00,3.4174,6.0275,0.9937,2055.69,0.4865,667.00,4.8645,9.3199,9.1147,12.8063,15.6707
16,18000,200,576,230,321.00,723.00,3.4174,6.0275,0.9970,1982.65,0.5044,653.00,5.0438,9.7200,9.5218,13.2578,16.5558
16,18000,200,576,460,321.00,723.00,3.4174,6.0275,0.9975,1910.37,0.5235,656.00,5.2346,10.0087,9.8443,13.4435,15.8355
16,18000,200,576,576,321.00,723.00,3.4174,6.0275,0.9975,1888.47,0.5295,654.00,5.2953,10.1247,9.9588,13.7075,16.0260
16,18000,200,576,864,321.00,723.00,3.4174,6.0275,0.9975,1785.64,0.5600,662.00,5.6002,10.7764,10.6153,14.2518,16.5603
16,18000,200,576,1152,321.00,723.00,3.4174,6.0275,0.9975,1642.43,0.6089,654.00,6.0885,11.5910,11.3164,15.4778,19.0563
16,18000,200,1152,230,321.00,723.00,3.4174,6.0275,0.9983,1093.96,0.9141,730.00,9.1411,17.3962,17.0260,23.2886,26.7310
16,18000,200,1152,460,321.00,723.00,3.4174,6.0275,0.9991,1030.65,0.9703,732.00,9.7026,18.4075,18.0873,24.3789,27.8367
16,18000,200,1152,921,321.00,723.00,3.4174,6.0275,0.9991,977.41,1.0231,745.00,10.2311,19.5722,19.2870,25.2393,28.1229
16,18000,200,1152,1152,321.00,723.00,3.4174,6.0275,0.9992,967.39,1.0337,758.00,10.3371,19.9327,19.6695,25.7713,29.3988
16,18000,200,1152,1728,321.00,723.00,3.4174,6.0275,0.9992,852.90,1.1725,772.00,11.7248,22.4126,22.1685,28.2282,30.9587
16,18000,200,1152,2304,321.00,723.00,3.4174,6.0275,0.9992,782.20,1.2784,771.00,12.7844,25.0526,24.7219,31.5667,36.7378
16,22000,40,22,4,327.00,722.00,3.3119,5.8733,0.6392,31077.15,0.0322,602.00,0.3218,0.4611,0.4270,0.8266,1.0887
16,22000,40,22,8,327.00,722.00,3.3119,5.8733,0.7103,33391.56,0.0299,600.00,0.2995,0.4431,0.4195,0.7611,0.9991
16,22000,40,22,17,327.00,722.00,3.3119,5.8733,0.7475,33736.89,0.0296,602.00,0.2964,0.4266,0.4050,0.7244,0.9403
16,22000,40,22,22,327.00,722.00,3.3119,5.8733,0.7545,34479.28,0.0290,600.00,0.2900,0.4100,0.3814,0.7258,0.9793
16,22000,40,22,33,327.00,722.00,3.3119,5.8733,0.7597,34473.15,0.0290,601.00,0.2901,0.4011,0.3779,0.6817,0.8751
16,22000,40,22,44,327.00,722.00,3.3119,5.8733,0.7617,34941.07,0.0286,597.00,0.2862,0.3947,0.3671,0.6805,0.9450
16,22000,40,44,8,327.00,722.00,3.3119,5.8733,0.7605,19833.51,0.0504,612.00,0.5042,0.7733,0.7324,1.2814,1.6644
16,22000,40,44,17,327.00,722.00,3.3119,5.8733,0.8244,19389.15,0.0516,598.00,0.5158,0.7696,0.7311,1.2908,1.6750
16,22000,40,44,35,327.00,722.00,3.3119,5.8733,0.8518,20970.97,0.0477,602.00,0.4768,0.7770,0.7448,1.2368,1.5855
16,22000,40,44,44,327.00,722.00,3.3119,5.8733,0.8559,20137.03,0.0497,601.00,0.4966,0.7709,0.7232,1.3002,1.6374
16,22000,40,44,66,327.00,722.00,3.3119,5.8733,0.8595,20169.47,0.0496,600.00,0.4958,0.7787,0.7346,1.2906,1.6407
16,22000,40,44,88,327.00,722.00,3.3119,5.8733,0.8601,18720.06,0.0534,605.00,0.5342,0.8254,0.7931,1.3313,1.6579
16,22000,40,88,17,327.00,722.00,3.3119,5.8733,0.8627,11548.70,0.0866,600.00,0.8659,1.4572,1.4000,2.2807,2.8720
16,22000,40,88,35,327.00,722.00,3.3119,5.8733,0.9097,11672.89,0.0857,604.00,0.8567,1.4594,1.3867,2.3586,3.0594
16,22000,40,88,70,327.00,722.00,3.3119,5.8733,0.9267,11155.29,0.0896,599.00,0.8964,1.5133,1.4533,2.3389,3.0673
16,22000,40,88,88,327.00,722.00,3.3119,5.8733,0.9287,9688.71,0.1032,613.00,1.0321,1.7609,1.7816,2.6498,3.1661
16,22000,40,88,132,327.00,722.00,3.3119,5.8733,0.9303,9223.59,0.1084,604.00,1.0842,1.8768,1.8880,2.8433,3.3731
16,22000,40,88,176,327.00,722.00,3.3119,5.8733,0.9305,9097.37,0.1099,600.00,1.0992,1.9066,1.9317,2.8441,3.3660
16,22000,40,176,35,327.00,722.00,3.3119,5.8733,0.9338,5384.84,0.1857,610.00,1.8571,3.2177,3.3150,4.8287,5.8108
16,22000,40,176,70,327.00,722.00,3.3119,5.8733,0.9635,5189.34,0.1927,608.00,1.9270,3.2901,3.3850,4.9367,5.8107
16,22000,40,176,140,327.00,722.00,3.3119,5.8733,0.9711,5304.13,0.1885,608.00,1.8853,3.2458,3.3108,4.9501,6.0169
16,22000,40,176,176,327.00,722.00,3.3119,5.8733,0.9717,5503.51,0.1817,604.00,1.8170,3.1284,3.1619,4.7486,5.6398
16,22000,40,176,264,327.00,722.00,3.3119,5.8733,0.9724,5294.69,0.1889,609.00,1.8887,3.2322,3.2823,4.8524,5.7750
16,22000,40,176,352,327.00,722.00,3.3119,5.8733,0.9725,5412.48,0.1848,608.00,1.8476,3.1129,3.0947,4.8207,5.6990
16,22000,40,352,70,327.00,722.00,3.3119,5.8733,0.9745,3323.89,0.3009,623.00,3.0085,5.3364,5.3145,7.8220,9.1772
16,22000,40,352,140,327.00,722.00,3.3119,5.8733,0.9880,3087.62,0.3239,628.00,3.2387,5.5911,5.6270,8.3718,10.1052
16,22000,40,352,281,327.00,722.00,3.3119,5.8733,0.9910,3030.50,0.3300,617.00,3.2998,5.7447,5.7998,8.4100,9.9354
16,22000,40,352,352,327.00,722.00,3.3119,5.8733,0.9912,3007.84,0.3325,632.00,3.3246,5.7636,5.8228,8.5001,10.0916
16,22000,40,352,528,327.00,722.00,3.3119,5.8733,0.9914,3081.19,0.3246,617.00,3.2455,5.7344,5.5884,8.5273,10.2752
16,22000,40,352,704,327.00,722.00,3.3119,5.8733,0.9915,2921.76,0.3423,634.00,3.4226,6.1686,5.9991,8.8262,10.7973
16,22000,40,704,140,327.00,722.00,3.3119,5.8733,0.9915,1813.92,0.5513,646.00,5.5129,9.9806,9.7566,14.0894,16.9099
16,22000,40,704,281,327.00,722.00,3.3119,5.8733,0.9963,1744.22,0.5733,651.00,5.7332,10.4617,10.1882,14.6763,17.8494
16,22000,40,704,563,327.00,722.00,3.3119,5.8733,0.9973,1649.02,0.6064,655.00,6.0642,10.9010,10.6654,15.1184,17.8574
16,22000,40,704,704,327.00,722.00,3.3119,5.8733,0.9974,1725.44,0.5796,673.00,5.7956,10.7554,10.5526,14.9342,17.9340
16,22000,40,704,1056,327.00,722.00,3.3119,5.8733,0.9975,1522.04,0.6570,666.00,6.5701,11.7687,11.6494,16.3757,18.6467
16,22000,40,704,1408,327.00,722.00,3.3119,5.8733,0.9975,1433.98,0.6974,661.00,6.9736,12.9712,12.7478,16.9594,19.6941
16,22000,40,1408,281,327.00,722.00,3.3119,5.8733,0.9970,972.54,1.0282,734.00,10.2823,18.1757,18.8095,25.8339,29.2215
16,22000,40,1408,563,327.00,722.00,3.3119,5.8733,0.9984,917.76,1.0896,749.00,10.8961,19.6700,19.5995,27.2537,30.4808
16,22000,40,1408,1126,327.00,722.00,3.3119,5.8733,0.9986,869.25,1.1504,759.00,11.5042,21.0251,20.7164,28.6915,33.1503
16,22000,40,1408,1408,327.00,722.00,3.3119,5.8733,0.9986,845.70,1.1825,777.00,11.8246,21.7014,21.3304,28.9466,33.1936
16,22000,40,1408,2112,327.00,722.00,3.3119,5.8733,0.9988,752.49,1.3289,772.00,13.2892,25.1320,24.9492,31.2546,33.8995
16,22000,40,1408,2816,327.00,722.00,3.3119,5.8733,0.9989,652.68,1.5321,761.00,15.3213,29.2041,28.8615,35.7800,41.0008
16,22000,100,22,4,322.00,718.00,3.4408,6.0771,0.6623,31583.87,0.0317,611.00,0.3166,0.4769,0.4515,0.8259,1.0918
16,22000,100,22,8,322.00,718.00,3.4408,6.0771,0.7259,33770.02,0.0296,610.00,0.2961,0.4525,0.4321,0.7711,1.0028
16,22000,100,22,17,322.00,718.00,3.4408,6.0771,0.7592,33560.97,0.0298,607.00,0.2980,0.4268,0.4036,0.7318,0.9341
16,22000,100,22,22,322.00,718.00,3.4408,6.0771,0.7636,34676.82,0.0288,606.00,0.2884,0.4293,0.4025,0.7419,0.9673
16,22000,100,22,33,322.00,718.00,3.4408,6.0771,0.7681,34502.32,0.0290,610.00,0.2898,0.4033,0.3753,0.7123,0.9850
16,22000,100,22,44,322.00,718.00,3.4408,6.0771,0.7693,34208.09,0.0292,612.00,0.2923,0.3969,0.3690,0.6873,0.8894
16,22000,100,44,8,322.00,718.00,3.4408,6.0771,0.7798,21446.92,0.0466,610.00,0.4663,0.7555,0.7196,1.2329,1.5669
16,22000,100,44,17,322.00,718.00,3.4408,6.0771,0.8384,21988.92,0.0455,602.00,0.4548,0.7549,0.7225,1.2377,1.6161
16,22000,100,44,35,322.00,718.00,3.4408,6.0771,0.8590,21109.59,0.0474,608.00,0.4737,0.7698,0.7333,1.2425,1.5777
16,22000,100,44,44,322.00,718.00,3.4408,6.0771,0.8610,20691.58,0.0483,608.00,0.4833,0.7885,0.7483,1.2702,1.5961
16,22000,100,44,66,322.00,718.00,3.4408,6.0771,0.8634,20763.47,0.0482,613.00,0.4816,0.8061,0.7722,1.2653,1.5991
16,22000,100,44,88,322.00,718.00,3.4408,6.0771,0.8640,20185.42,0.0495,607.00,0.4954,0.8353,0.7983,1.3166,1.7070
16,22000,100,88,17,322.00,718.00,3.4408,6.0771,0.8800,11803.50,0.0847,608.00,0.8472,1.4657,1.3924,2.3084,2.9455
16,22000,100,88,35,322.00,718.00,3.4408,6.0771,0.9186,11819.99,0.0846,607.00,0.8460,1.4794,1.4038,2.3045,3.1349
16,22000,100,88,70,322.00,718.00,3.4408,6.0771,0.9303,11852.13,0.0844,607.00,0.8437,1.5105,1.4493,2.2732,2.7835
16,22000,100,88,88,322.00,718.00,3.4408,6.0771,0.9313,11739.37,0.0852,610.00,0.8518,1.4697,1.4058,2.2694,2.9634
16,22000,100,88,132,322.00,718.00,3.4408,6.0771,0.9319,11970.80,0.0835,608.00,0.8354,1.4953,1.4345,2.2698,2.9440
16,22000,100,88,176,322.00,718.00,3.4408,6.0771,0.9321,11297.76,0.0885,608.00,0.8851,1.5468,1.4805,2.3214,3.1451
16,22000,100,176,35,322.00,718.00,3.4408,6.0771,0.9460,6675.51,0.1498,611.00,1.4980,2.7009,2.6087,4.0671,5.2971
16,22000,100,176,70,322.00,718.00,3.4408,6.0771,0.9685,6702.12,0.1492,612.00,1.4921,2.7270,2.6373,4.1012,5.3311
16,22000,100,176,140,322.00,718.00,3.4408,6.0771,0.9730,6430.98,0.1555,612.00,1.5550,2.8168,2.7022,4.1663,5.4278
16,22000,100,176,176,322.00,718.00,3.4408,6.0771,0.9735,6495.00,0.1540,614.00,1.5396,2.8233,2.7370,4.1246,5.0952
16,22000,100,176,264,322.00,718.00,3.4408,6.0771,0.9737,6330.95,0.1580,624.00,1.5795,2.9739,2.8725,4.2739,5.5349
16,22000,100,176,352,322.00,718.00,3.4408,6.0771,0.9738,6009.97,0.1664,618.00,1.6639,3.0814,3.0099,4.3292,5.1245
16,22000,100,352,70,322.00,718.00,3.4408,6.0771,0.9807,3591.71,0.2784,621.00,2.7842,5.2534,5.1179,7.4448,8.9502
16,22000,100,352,140,322.00,718.00,3.4408,6.0771,0.9901,3637.83,0.2749,634.00,2.7489,5.2005,5.0801,7.4030,9.0713
16,22000,100,352,281,322.00,718.00,3.4408,6.0771,0.9919,3545.14,0.2821,623.00,2.8208,5.3639,5.2461,7.5025,9.2259
16,22000,100,352,352,322.00,718.00,3.4408,6.0771,0.9920,3478.20,0.2875,636.00,2.8750,5.4482,5.3313,7.6181,9.2042
16,22000,100,352,528,322.00,718.00,3.4408,6.0771,0.9921,3308.92,0.3022,629.00,3.0221,5.7266,5.6047,7.8949,9.7804
16,22000,100,352,704,322.00,718.00,3.4408,6.0771,0.9921,3130.05,0.3195,639.00,3.1948,6.0920,5.9863,8.2304,9.7570
16,22000,100,704,140,322.00,718.00,3.4408,6.0771,0.9943,1944.48,0.5143,665.00,5.1428,9.6888,9.4814,13.3671,16.1432
16,22000,100,704,281,322.00,718.00,3.4408,6.0771,0.9973,1846.42,0.5416,664.00,5.4159,10.2524,10.0497,13.7893,16.5223
16,22000,100,704,563,322.00,718.00,3.4408,6.0771,0.9978,1761.66,0.5676,667.00,5.6764,10.7491,10.6045,13.9670,16.1374
16,22000,100,704,704,322.00,718.00,3.4408,6.0771,0.9978,1746.92,0.5724,671.00,5.7244,10.8688,10.7235,14.3214,16.8964
16,22000,100,704,1056,322.00,718.00,3.4408,6.0771,0.9979,1635.90,0.6113,662.00,6.1129,11.6939,11.5283,15.0951,17.4929
16,22000,100,704,1408,322.00,718.00,3.4408,6.0771,0.9979,1466.58,0.6819,663.00,6.8186,13.0122,12.8521,16.4799,18.8444
16,22000,100,1408,281,322.00,718.00,3.4408,6.0771,0.9983,1046.56,0.9555,743.00,9.5551,18.1772,17.8196,25.2911,30.1024
16,22000,100,1408,563,322.00,718.00,3.4408,6.0771,0.9989,962.84,1.0386,757.00,10.3860,19.7262,19.5071,25.7502,29.9034
16,22000,100,1408,1126,322.00,718.00,3.4408,6.0771,0.9990,908.06,1.1012,755.00,11.0125,20.7475,20.4914,26.5799,29.5238
16,22000,100,1408,1408,322.00,718.00,3.4408,6.0771,0.9990,886.12,1.1285,768.00,11.2852,21.5145,21.2345,27.5302,30.6681
16,22000,100,1408,2112,322.00,718.00,3.4408,6.0771,0.9991,766.06,1.3054,779.00,13.0538,25.0436,24.8446,30.7917,34.1873
16,22000,100,1408,2816,322.00,718.00,3.4408,6.0771,0.9991,644.96,1.5505,761.00,15.5049,29.9532,29.6889,35.9311,39.4239
16,22000,200,22,4,322.00,718.00,4.1657,6.8106,0.6676,31442.92,0.0318,605.00,0.3180,0.4816,0.4574,0.8352,1.1153
16,22000,200,22,8,322.00,718.00,4.1657,6.8106,0.7280,33747.23,0.0296,597.00,0.2963,0.4348,0.4115,0.7510,0.9585
16,22000,200,22,17,322.00,718.00,4.1657,6.8106,0.7606,33260.43,0.0301,604.00,0.3007,0.4168,0.3892,0.7377,0.9817
16,22000,200,22,22,322.00,718.00,4.1657,6.8106,0.7644,34447.65,0.0290,606.00,0.2903,0.4122,0.3868,0.7131,0.9441
16,22000,200,22,33,322.00,718.00,4.1657,6.8106,0.7673,35731.51,0.0280,604.00,0.2799,0.4117,0.3844,0.7182,0.9518
16,22000,200,22,44,322.00,718.00,4.1657,6.8106,0.7684,34580.69,0.0289,596.00,0.2892,0.4004,0.3732,0.6909,0.8677
16,22000,200,44,8,322.00,718.00,4.1657,6.8106,0.7825,21698.99,0.0461,597.00,0.4609,0.7440,0.7167,1.2038,1.5119
16,22000,200,44,17,322.00,718.00,4.1657,6.8106,0.8407,21491.51,0.0465,604.00,0.4653,0.7636,0.7300,1.2595,1.6131
16,22000,200,44,35,322.00,718.00,4.1657,6.8106,0.8603,20522.25,0.0487,596.00,0.4873,0.7585,0.7161,1.2528,1.5978
16,22000,200,44,44,322.00,718.00,4.1657,6.8106,0.8629,20647.05,0.0484,603.00,0.4843,0.8007,0.7550,1.3216,1.7776
16,22000,200,44,66,322.00,718.00,4.1657,6.8106,0.8644,19789.74,0.0505,601.00,0.5053,0.7933,0.7431,1.3088,1.8090
16,22000,200,44,88,322.00,718.00,4.1657,6.8106,0.8650,20323.66,0.0492,594.00,0.4920,0.8175,0.7782,1.3169,1.6763
16,22000,200,88,17,322.00,718.00,4.1657,6.8106,0.8830,12081.96,0.0828,605.00,0.8277,1.4216,1.3637,2.2370,2.8631
16,22000,200,88,35,322.00,718.00,4.1657,6.8106,0.9202,11866.94,0.0843,596.00,0.8427,1.4592,1.3906,2.2785,3.2598
16,22000,200,88,70,322.00,718.00,4.1657,6.8106,0.9311,12076.21,0.0828,597.00,0.8281,1.4703,1.4202,2.2594,2.7871
16,22000,200,88,88,322.00,718.00,4.1657,6.8106,0.9321,11602.57,0.0862,603.00,0.8619,1.5228,1.4658,2.3464,2.8806
16,22000,200,88,132,322.00,718.00,4.1657,6.8106,0.9328,11394.35,0.0878,613.00,0.8776,1.5590,1.5098,2.3056,2.8554
16,22000,200,88,176,322.00,718.00,4.1657,6.8106,0.9329,11097.86,0.0901,596.00,0.9011,1.6106,1.5536,2.3674,2.8322
16,22000,200,176,35,322.00,718.00,4.1657,6.8106,0.9483,6289.17,0.1590,604.00,1.5900,2.8995,2.8242,4.1784,5.0831
16,22000,200,176,70,322.00,718.00,4.1657,6.8106,0.9685,6232.42,0.1605,602.00,1.6045,2.9167,2.8136,4.3198,5.3593
16,22000,200,176,140,322.00,718.00,4.1657,6.8106,0.9729,6353.72,0.1574,611.00,1.5739,2.9290,2.8346,4.2518,5.0964
16,22000,200,176,176,322.00,718.00,4.1657,6.8106,0.9730,6455.97,0.1549,617.00,1.5490,2.8555,2.7696,4.1550,5.0606
16,22000,200,176,264,322.00,718.00,4.1657,6.8106,0.9732,6145.78,0.1627,605.00,1.6271,3.0115,2.9227,4.3092,5.3222
16,22000,200,176,352,322.00,718.00,4.1657,6.8106,0.9732,6138.55,0.1629,604.00,1.6290,3.0643,2.9450,4.4551,5.8405
16,22000,200,352,70,322.00,718.00,4.1657,6.8106,0.9820,3532.20,0.2831,607.00,2.8311,5.1706,5.0033,7.4453,10.5199
16,22000,200,352,140,322.00,718.00,4.1657,6.8106,0.9903,3491.82,0.2864,618.00,2.8638,5.2844,5.1322,7.5118,9.7958
16,22000,200,352,281,322.00,718.00,4.1657,6.8106,0.9919,3417.21,0.2926,614.00,2.9264,5.5414,5.4344,7.6477,9.3990
16,22000,200,352,352,322.00,718.00,4.1657,6.8106,0.9919,3394.95,0.2946,619.00,2.9456,5.5987,5.4668,7.6988,9.3412
16,22000,200,352,528,322.00,718.00,4.1657,6.8106,0.9920,3242.57,0.3084,617.00,3.0840,5.8573,5.7211,7.9574,9.5029
16,22000,200,352,704,322.00,718.00,4.1657,6.8106,0.9920,2990.02,0.3344,610.00,3.3445,6.3089,6.1946,8.3898,9.9431
16,22000,200,704,140,322.00,718.00,4.1657,6.8106,0.9948,1887.77,0.5297,644.00,5.2973,9.9344,9.7604,13.2666,15.4920
16,22000,200,704,281,322.00,718.00,4.1657,6.8106,0.9973,1815.36,0.5509,666.00,5.5085,10.3474,10.1973,13.7844,16.4227
16,22000,200,704,563,322.00,718.00,4.1657,6.8106,0.9976,1759.68,0.5683,659.00,5.6829,10.7388,10.5707,14.3326,16.9351
16,22000,200,704,704,322.00,718.00,4.1657,6.8106,0.9976,1739.09,0.5750,672.00,5.7501,10.8990,10.7199,14.4939,17.3357
16,22000,200,704,1056,322.00,718.00,4.1657,6.8106,0.9976,1603.37,0.6237,660.00,6.2369,11.8586,11.7085,15.2338,18.1272
16,22000,200,704,1408,322.00,718.00,4.1657,6.8106,0.9977,1424.97,0.7018,672.00,7.0177,13.1574,12.8952,17.3424,21.0446
16,22000,200,1408,281,322.00,718.00,4.1657,6.8106,0.9986,1064.94,0.9390,755.00,9.3902,18.2690,17.8671,24.1069,27.6258
16,22000,200,1408,563,322.00,718.00,4.1657,6.8106,0.9992,1010.40,0.9897,747.00,9.8971,19.3197,18.9772,25.2684,28.7677
16,22000,200,1408,1126,322.00,718.00,4.1657,6.8106,0.9992,932.65,1.0722,746.00,10.7221,20.7758,20.4708,26.7267,31.2604
16,22000,200,1408,1408,322.00,718.00,4.1657,6.8106,0.9992,912.23,1.0962,749.00,10.9622,21.2615,20.9570,27.0525,30.5479
16,22000,200,1408,2112,322.00,718.00,4.1657,6.8106,0.9992,785.45,1.2731,774.00,12.7315,24.8108,24.4765,30.8086,35.0454
16,22000,200,1408,2816,322.00,718.00,4.1657,6.8106,0.9992,642.88,1.5555,778.00,15.5551,29.9648,29.5486,36.6233,42.7789
16,26000,40,26,5,335.00,718.00,4.1350,6.6977,0.6689,30816.97,0.0324,590.00,0.3245,0.5042,0.4861,0.8469,1.0730
16,26000,40,26,10,335.00,718.00,4.1350,6.6977,0.7321,33800.11,0.0296,586.00,0.2959,0.4480,0.4292,0.7536,0.9673
16,26000,40,26,20,335.00,718.00,4.1350,6.6977,0.7658,32052.27,0.0312,585.00,0.3120,0.4372,0.4172,0.7400,0.9940
16,26000,40,26,26,335.00,718.00,4.1350,6.6977,0.7713,33091.40,0.0302,587.00,0.3022,0.4306,0.4052,0.7434,0.9477
16,26000,40,26,39,335.00,718.00,4.1350,6.6977,0.7761,32498.28,0.0308,586.00,0.3077,0.4610,0.4374,0.7707,1.0300
16,26000,40,26,52,335.00,718.00,4.1350,6.6977,0.7779,32537.53,0.0307,587.00,0.3073,0.4578,0.4361,0.7437,0.9262
16,26000,40,52,10,335.00,718.00,4.1350,6.6977,0.7812,19573.29,0.0511,581.00,0.5109,0.8236,0.7991,1.3213,1.6513
16,26000,40,52,20,335.00,718.00,4.1350,6.6977,0.8394,20198.29,0.0495,582.00,0.4951,0.8303,0.8090,1.2857,1.5864
16,26000,40,52,41,335.00,718.00,4.1350,6.6977,0.8651,19501.38,0.0513,588.00,0.5128,0.8218,0.7894,1.3178,1.6994
16,26000,40,52,52,335.00,718.00,4.1350,6.6977,0.8680,19831.97,0.0504,585.00,0.5042,0.8118,0.7842,1.2893,1.6479
16,26000,40,52,78,335.00,718.00,4.1350,6.6977,0.8709,20254.33,0.0494,584.00,0.4937,0.8176,0.7898,1.2901,1.6339
16,26000,40,52,104,335.00,718.00,4.1350,6.6977,0.8717,19617.53,0.0510,591.00,0.5097,0.8233,0.8055,1.2686,1.5427
16,26000,40,104,20,335.00,718.00,4.1350,6.6977,0.8751,11605.01,0.0862,585.00,0.8617,1.5402,1.5010,2.2651,2.8316
16,26000,40,104,41,335.00,718.00,4.1350,6.6977,0.9199,11081.32,0.0902,587.00,0.9024,1.5983,1.5511,2.3619,3.0061
16,26000,40,104,83,335.00,718.00,4.1350,6.6977,0.9351,10903.33,0.0917,586.00,0.9172,1.5691,1.5139,2.3828,3.1595
16,26000,40,104,104,335.00,718.00,4.1350,6.6977,0.9365,11545.38,0.0866,582.00,0.8661,1.5562,1.5232,2.2618,2.7882
16,26000,40,104,156,335.00,718.00,4.1350,6.6977,0.9371,11259.65,0.0888,587.00,0.8881,1.5901,1.5572,2.2907,2.7661
16,26000,40,104,208,335.00,718.00,4.1350,6.6977,0.9373,10715.18,0.0933,590.00,0.9333,1.6532,1.6067,2.4199,3.0477
16,26000,40,208,41,335.00,718.00,4.1350,6.6977,0.9411,6253.75,0.1599,591.00,1.5990,2.9118,2.8641,4.1696,5.0123
16,26000,40,208,83,335.00,718.00,4.1350,6.6977,0.9671,6280.19,0.1592,590.00,1.5923,2.9329,2.8720,4.1173,4.9960
16,26000,40,208,166,335.00,718.00,4.1350,6.6977,0.9733,5991.73,0.1669,597.00,1.6690,2.9992,2.9019,4.3929,5.9222
16,26000,40,208,208,335.00,718.00,4.1350,6.6977,0.9739,5932.84,0.1686,589.00,1.6855,3.0156,2.9129,4.4433,5.8607
16,26000,40,208,312,335.00,718.00,4.1350,6.6977,0.9745,5986.96,0.1670,596.00,1.6703,3.1045,3.0530,4.2623,5.0160
16,26000,40,208,416,335.00,718.00,4.1350,6.6977,0.9746,5568.20,0.1796,604.00,1.7959,3.3498,3.2996,4.5145,5.2925
16,26000,40,416,83,335.00,718.00,4.1350,6.6977,0.9777,3404.82,0.2937,627.00,2.9370,5.4209,5.2859,7.6477,9.2581
16,26000,40,416,166,335.00,718.00,4.1350,6.6977,0.9892,3355.23,0.2980,624.00,2.9804,5.6188,5.5451,7.5166,8.6296
16,26000,40,416,332,335.00,718.00,4.1350,6.6977,0.9920,3298.40,0.3032,617.00,3.0318,5.7027,5.5823,7.7117,9.3257
16,26000,40,416,416,335.00,718.00,4.1350,6.6977,0.9921,3323.68,0.3009,620.00,3.0087,5.6955,5.5538,7.8054,10.1117
16,26000,40,416,624,335.00,718.00,4.1350,6.6977,0.9925,3135.39,0.3189,635.00,3.1894,6.0915,6.0015,8.0082,9.3605
16,26000,40,416,832,335.00,718.00,4.1350,6.6977,0.9925,2822.38,0.3543,627.00,3.5431,6.7333,6.6772,8.5784,9.7049
16,26000,40,832,166,335.00,718.00,4.1350,6.6977,0.9923,1843.80,0.5424,667.00,5.4236,10.2953,10.2016,13.5928,15.4224
16,26000,40,832,332,335.00,718.00,4.1350,6.6977,0.9967,1763.97,0.5669,682.00,5.6690,10.8006,10.6522,13.9933,15.9029
16,26000,40,832,665,335.00,718.00,4.1350,6.6977,0.9977,1700.39,0.5881,672.00,5.8810,11.2579,11.0803,14.3299,16.0692
16,26000,40,832,832,335.00,718.00,4.1350,6.6977,0.9977,1658.60,0.6029,676.00,6.0292,11.4785,11.3433,14.8125,16.9213
16,26000,40,832,1248,335.00,718.00,4.1350,6.6977,0.9979,1491.23,0.6706,683.00,6.7059,12.8366,12.6902,16.0806,18.3464
16,26000,40,832,1664,335.00,718.00,4.1350,6.6977,0.9980,1297.83,0.7705,680.00,7.7052,14.6379,14.5391,18.0054,19.9181
16,26000,40,1664,332,335.00,718.00,4.1350,6.6977,0.9973,991.90,1.0082,784.00,10.0816,19.1436,19.1543,25.0828,27.7037
16,26000,40,1664,665,335.00,718.00,4.1350,6.6977,0.9986,908.01,1.1013,791.00,11.0131,20.9853,20.7565,26.2913,29.1910
16,26000,40,1664,1331,335.00,718.00,4.1350,6.6977,0.9989,811.54,1.2322,804.00,12.3223,23.3957,23.3894,28.5532,31.0214
16,26000,40,1664,1664,335.00,718.00,4.1350,6.6977,0.9991,811.89,1.2317,810.00,12.3170,23.4741,23.2819,29.0139,31.6892
16,26000,40,1664,2496,335.00,718.00,4.1350,6.6977,0.9991,689.92,1.4494,801.00,14.4943,27.8994,27.6188,33.9084,38.2414
16,26000,40,1664,3328,335.00,718.00,4.1350,6.6977,0.9991,564.31,1.7721,806.00,17.7209,34.5233,34.1992,40.3923,45.0055
16,26000,100,26,5,359.00,720.00,4.0459,6.7327,0.6890,30438.53,0.0329,648.00,0.3285,0.5006,0.4812,0.8487,1.1213
16,26000,100,26,10,359.00,720.00,4.0459,6.7327,0.7447,31709.51,0.0315,644.00,0.3154,0.4595,0.4362,0.7855,1.0258
16,26000,100,26,20,359.00,720.00,4.0459,6.7327,0.7728,32045.57,0.0312,644.00,0.3121,0.4553,0.4281,0.7821,1.0737
16,26000,100,26,26,359.00,720.00,4.0459,6.7327,0.7774,31983.17,0.0313,647.00,0.3127,0.4529,0.4277,0.7671,0.9956
16,26000,100,26,39,359.00,720.00,4.0459,6.7327,0.7810,32600.64,0.0307,646.00,0.3067,0.4791,0.4534,0.7872,0.9914
16,26000,100,26,52,359.00,720.00,4.0459,6.7327,0.7820,31087.59,0.0322,646.00,0.3217,0.4706,0.4412,0.8085,1.0547
16,26000,100,52,10,359.00,720.00,4.0459,6.7327,0.7989,20257.45,0.0494,652.00,0.4936,0.8411,0.8095,1.3374,1.7037
16,26000,100,52,20,359.00,720.00,4.0459,6.7327,0.8504,19642.81,0.0509,637.00,0.5091,0.8177,0.7864,1.3166,1.6844
16,26000,100,52,41,359.00,720.00,4.0459,6.7327,0.8701,19433.46,0.0515,638.00,0.5146,0.8438,0.8114,1.3366,1.6664
16,26000,100,52,52,359.00,720.00,4.0459,6.7327,0.8718,19544.69,0.0512,650.00,0.5116,0.8665,0.8320,1.3601,1.6663
16,26000,100,52,78,359.00,720.00,4.0459,6.7327,0.8737,19084.80,0.0524,644.00,0.5240,0.8713,0.8392,1.3582,1.6702
16,26000,100,52,104,359.00,720.00,4.0459,6.7327,0.8740,18983.35,0.0527,645.00,0.5268,0.8756,0.8407,1.3725,1.7871
16,26000,100,104,20,359.00,720.00,4.0459,6.7327,0.8893,11399.99,0.0877,644.00,0.8772,1.5236,1.4680,2.3577,3.0123
16,26000,100,104,41,359.00,720.00,4.0459,6.7327,0.9273,11258.76,0.0888,645.00,0.8882,1.5426,1.4966,2.3160,2.9016
16,26000,100,104,83,359.00,720.00,4.0459,6.7327,0.9373,11249.85,0.0889,649.00,0.8889,1.5977,1.5420,2.3881,2.8837
16,26000,100,104,104,359.00,720.00,4.0459,6.7327,0.9381,10783.52,0.0927,648.00,0.9273,1.6004,1.5419,2.4255,3.1078
16,26000,100,104,156,359.00,720.00,4.0459,6.7327,0.9390,10595.55,0.0944,644.00,0.9438,1.6269,1.5638,2.4827,3.1028
16,26000,100,104,208,359.00,720.00,4.0459,6.7327,0.9390,10689.77,0.0935,643.00,0.9355,1.6811,1.6483,2.4494,2.9700
16,26000,100,208,41,359.00,720.00,4.0459,6.7327,0.9513,6249.47,0.1600,651.00,1.6001,2.9302,2.8760,4.1270,4.8721
16,26000,100,208,83,359.00,720.00,4.0459,6.7327,0.9706,6211.42,0.1610,651.00,1.6099,2.9502,2.8805,4.2265,5.1523
16,26000,100,208,166,359.00,720.00,4.0459,6.7327,0.9750,5868.02,0.1704,652.00,1.7042,3.0242,2.9391,4.4072,5.4187
16,26000,100,208,208,359.00,720.00,4.0459,6.7327,0.9752,6017.74,0.1662,654.00,1.6618,2.9894,2.8975,4.4247,5.6710
16,26000,100,208,312,359.00,720.00,4.0459,6.7327,0.9756,5805.09,0.1723,654.00,1.7226,3.1497,3.0503,4.5431,5.6455
16,26000,100,208,416,359.00,720.00,4.0459,6.7327,0.9755,5436.76,0.1839,654.00,1.8393,3.4033,3.3535,4.6190,5.3354
16,26000,100,416,83,359.00,720.00,4.0459,6.7327,0.9825,3303.74,0.3027,675.00,3.0269,5.6118,5.5254,7.7153,9.0021
16,26000,100,416,166,359.00,720.00,4.0459,6.7327,0.9916,3284.18,0.3045,683.00,3.0449,5.6925,5.5956,7.7276,9.2273
16,26000,100,416,332,359.00,720.00,4.0459,6.7327,0.9929,3193.44,0.3131,686.00,3.1314,5.8840,5.7923,7.8997,9.2589
16,26000,100,416,416,359.00,720.00,4.0459,6.7327,0.9929,3184.61,0.3140,686.00,3.1401,5.9273,5.8170,7.9955,9.4241
16,26000,100,416,624,359.00,720.00,4.0459,6.7327,0.9930,3014.67,0.3317,686.00,3.3171,6.2261,6.0900,8.6762,10.8064
16,26000,100,416,832,359.00,720.00,4.0459,6.7327,0.9930,2830.27,0.3533,689.00,3.5332,6.7738,6.6682,8.7805,10.1214
16,26000,100,832,166,359.00,720.00,4.0459,6.7327,0.9951,1766.74,0.5660,710.00,5.6601,10.2862,9.9309,16.0317,20.7701
16,26000,100,832,332,359.00,720.00,4.0459,6.7327,0.9977,1737.42,0.5756,713.00,5.7557,10.9326,10.8056,14.2282,16.2315
16,26000,100,832,665,359.00,720.00,4.0459,6.7327,0.9979,1717.83,0.5821,722.00,5.8213,11.1810,10.9654,14.7061,16.9632
16,26000,100,832,832,359.00,720.00,4.0459,6.7327,0.9980,1654.58,0.6044,723.00,6.0438,11.2932,11.0611,15.2370,19.1187
16,26000,100,832,1248,359.00,720.00,4.0459,6.7327,0.9981,1494.71,0.6690,737.00,6.6902,12.7838,12.6387,15.9936,18.0320
16,26000,100,832,1664,359.00,720.00,4.0459,6.7327,0.9981,1331.99,0.7508,737.00,7.5075,14.5391,14.3845,17.7963,19.6438
16,26000,100,1664,332,359.00,720.00,4.0459,6.7327,0.9986,986.06,1.0141,814.00,10.1414,19.0646,18.8730,25.3358,28.3477
16,26000,100,1664,665,359.00,720.00,4.0459,6.7327,0.9991,935.19,1.0693,834.00,10.6931,20.5889,20.3264,26.1360,29.6234
16,26000,100,1664,1331,359.00,720.00,4.0459,6.7327,0.9992,841.49,1.1884,823.00,11.8837,22.7138,22.5202,28.4063,32.0999
16,26000,100,1664,1664,359.00,720.00,4.0459,6.7327,0.9992,812.97,1.2301,830.00,12.3006,23.3802,23.2617,28.8461,31.4530
16,26000,100,1664,2496,359.00,720.00,4.0459,6.7327,0.9992,681.35,1.4677,841.00,14.6768,28.0229,27.7284,34.3657,43.0680
16,26000,100,1664,3328,359.00,720.00,4.0459,6.7327,0.9993,571.99,1.7483,846.00,17.4829,34.4098,33.9184,40.8034,46.0572
16,26000,200,26,5,397.00,727.00,5.1296,7.9157,0.6949,32003.83,0.0312,624.00,0.3125,0.5031,0.4835,0.8325,1.0831
16,26000,200,26,10,397.00,727.00,5.1296,7.9157,0.7500,32315.59,0.0309,626.00,0.3094,0.4522,0.4266,0.7749,1.0323
16,26000,200,26,20,397.00,727.00,5.1296,7.9157,0.7766,32111.14,0.0311,622.00,0.3114,0.4319,0.4032,0.7530,1.0200
16,26000,200,26,26,397.00,727.00,5.1296,7.9157,0.7817,32687.18,0.0306,623.00,0.3059,0.4259,0.3967,0.7377,1.0273
16,26000,200,26,39,397.00,727.00,5.1296,7.9157,0.7848,32138.02,0.0311,624.00,0.3112,0.4365,0.4111,0.7364,0.9543
16,26000,200,26,52,397.00,727.00,5.1296,7.9157,0.7855,30895.64,0.0324,622.00,0.3237,0.4628,0.4296,0.7770,1.0460
16,26000,200,52,10,397.00,727.00,5.1296,7.9157,0.8041,19850.06,0.0504,625.00,0.5038,0.7842,0.7445,1.2802,1.7693
16,26000,200,52,20,397.00,727.00,5.1296,7.9157,0.8531,19296.31,0.0518,634.00,0.5182,0.7984,0.7572,1.3317,1.7092
16,26000,200,52,41,397.00,727.00,5.1296,7.9157,0.8723,19176.39,0.0521,625.00,0.5215,0.8143,0.7752,1.3313,1.7340
16,26000,200,52,52,397.00,727.00,5.1296,7.9157,0.8740,19540.17,0.0512,624.00,0.5118,0.8124,0.7704,1.3153,1.6057
16,26000,200,52,78,397.00,727.00,5.1296,7.9157,0.8754,19792.92,0.0505,629.00,0.5052,0.8403,0.8020,1.3164,1.6549
16,26000,200,52,104,397.00,727.00,5.1296,7.9157,0.8755,18995.64,0.0526,619.00,0.5264,0.8546,0.8125,1.3692,1.7659
16,26000,200,104,20,397.00,727.00,5.1296,7.9157,0.8938,10587.47,0.0945,622.00,0.9445,1.5400,1.4789,2.4211,2.9939
16,26000,200,104,41,397.00,727.00,5.1296,7.9157,0.9296,11125.32,0.0899,635.00,0.8989,1.5267,1.4502,2.4104,3.1049
16,26000,200,104,83,397.00,727.00,5.1296,7.9157,0.9385,11027.54,0.0907,625.00,0.9068,1.5936,1.5479,2.3762,2.9125
16,26000,200,104,104,397.00,727.00,5.1296,7.9157,0.9394,10756.88,0.0930,624.00,0.9296,1.6048,1.5470,2.4403,3.0752
16,26000,200,104,156,397.00,727.00,5.1296,7.9157,0.9397,10563.89,0.0947,624.00,0.9466,1.6612,1.6204,2.4553,2.8818
16,26000,200,104,208,397.00,727.00,5.1296,7.9157,0.9398,10006.33,0.0999,621.00,0.9994,1.7254,1.6852,2.4945,2.9518
16,26000,200,208,41,397.00,727.00,5.1296,7.9157,0.9547,5869.23,0.1704,636.00,1.7038,2.9642,2.8476,4.4796,5.5177
16,26000,200,208,83,397.00,727.00,5.1296,7.9157,0.9725,5890.51,0.1698,629.00,1.6976,2.9915,2.8704,4.4701,5.5581
16,26000,200,208,166,397.00,727.00,5.1296,7.9157,0.9761,5960.04,0.1678,631.00,1.6778,2.9815,2.8828,4.3929,5.4977
16,26000,200,208,208,397.00,727.00,5.1296,7.9157,0.9762,5887.47,0.1699,633.00,1.6985,3.1072,3.0316,4.4300,5.3787
16,26000,200,208,312,397.00,727.00,5.1296,7.9157,0.9764,5681.61,0.1760,627.00,1.7601,3.1232,3.0289,4.5302,5.5998
16,26000,200,208,416,397.00,727.00,5.1296,7.9157,0.9764,5492.25,0.1821,628.00,1.8207,3.2869,3.2154,4.5999,5.4116
16,26000,200,416,83,397.00,727.00,5.1296,7.9157,0.9848,3302.12,0.3028,653.00,3.0284,5.4496,5.2929,7.8292,9.8672
16,26000,200,416,166,397.00,727.00,5.1296,7.9157,0.9921,3176.81,0.3148,647.00,3.1478,5.6890,5.5501,8.0133,9.8607
16,26000,200,416,332,397.00,727.00,5.1296,7.9157,0.9930,3070.84,0.3256,646.00,3.2564,5.9089,5.7483,8.3935,10.0953
16,26000,200,416,416,397.00,727.00,5.1296,7.9157,0.9930,3071.93,0.3255,651.00,3.2553,5.8920,5.7390,8.2113,9.7994
16,26000,200,416,624,397.00,727.00,5.1296,7.9157,0.9931,2970.89,0.3366,647.00,3.3660,6.2840,6.1746,8.4123,9.7659
16,26000,200,416,832,397.00,727.00,5.1296,7.9157,0.9931,2659.73,0.3760,665.00,3.7598,6.8991,6.8789,9.1983,10.3939
16,26000,200,832,166,397.00,727.00,5.1296,7.9157,0.9962,1690.22,0.5916,689.00,5.9164,10.5824,10.3378,15.1433,17.5214
16,26000,200,832,332,397.00,727.00,5.1296,7.9157,0.9979,1592.04,0.6281,698.00,6.2813,11.2677,11.2636,15.3072,17.5287
16,26000,200,832,665,397.00,727.00,5.1296,7.9157,0.9981,1515.31,0.6599,705.00,6.5993,11.7932,11.7802,15.8951,18.1768
16,26000,200,832,832,397.00,727.00,5.1296,7.9157,0.9981,1579.34,0.6332,707.00,6.3318,11.5888,11.3878,15.7722,18.2086
16,26000,200,832,1248,397.00,727.00,5.1296,7.9157,0.9981,1416.43,0.7060,699.00,7.0600,13.0968,12.8847,17.1528,19.3002
16,26000,200,832,1664,397.00,727.00,5.1296,7.9157,0.9981,1284.76,0.7784,721.00,7.7836,14.6340,14.4933,18.5027,21.3308
16,26000,200,1664,332,397.00,727.00,5.1296,7.9157,0.9988,979.45,1.0210,793.00,10.2098,18.9251,18.9337,24.8304,27.3353
16,26000,200,1664,665,397.00,727.00,5.1296,7.9157,0.9992,875.10,1.1427,790.00,11.4272,21.2953,21.1726,28.1348,31.6226
16,26000,200,1664,1331,397.00,727.00,5.1296,7.9157,0.9993,812.69,1.2305,801.00,12.3049,23.2685,23.2763,28.7125,31.0581
16,26000,200,1664,1664,397.00,727.00,5.1296,7.9157,0.9993,791.74,1.2630,803.00,12.6304,23.7525,23.7139,29.5230,32.2175
16,26000,200,1664,2496,397.00,727.00,5.1296,7.9157,0.9993,676.32,1.4786,815.00,14.7858,28.2374,28.0385,34.1732,36.7393
16,26000,200,1664,3328,397.00,727.00,5.1296,7.9157,0.9993,551.49,1.8133,814.00,18.1326,35.0637,34.9520,40.8025,43.5624
16,30000,40,30,6,384.00,725.00,5.2146,7.8284,0.6879,30446.18,0.0328,632.00,0.3284,0.5068,0.4929,0.8402,1.0272
16,30000,40,30,12,384.00,725.00,5.2146,7.8284,0.7481,31293.10,0.0320,632.00,0.3196,0.4673,0.4511,0.7741,0.9452
16,30000,40,30,24,384.00,725.00,5.2146,7.8284,0.7781,32107.09,0.0311,624.00,0.3115,0.4616,0.4449,0.7561,0.9567
16,30000,40,30,30,384.00,725.00,5.2146,7.8284,0.7826,33260.19,0.0301,630.00,0.3007,0.4450,0.4253,0.7403,0.9526
16,30000,40,30,45,384.00,725.00,5.2146,7.8284,0.7873,31985.64,0.0313,632.00,0.3126,0.4591,0.4337,0.7688,1.0175
16,30000,40,30,60,384.00,725.00,5.2146,7.8284,0.7881,31871.52,0.0314,629.00,0.3138,0.4651,0.4484,0.7485,0.9145
16,30000,40,60,12,384.00,725.00,5.2146,7.8284,0.7983,19906.58,0.0502,628.00,0.5023,0.8180,0.7896,1.2790,1.5687
16,30000,40,60,24,384.00,725.00,5.2146,7.8284,0.8519,19693.97,0.0508,631.00,0.5078,0.8290,0.8027,1.3267,1.7017
16,30000,40,60,48,384.00,725.00,5.2146,7.8284,0.8734,20107.35,0.0497,635.00,0.4973,0.8195,0.7959,1.2838,1.5898
16,30000,40,60,60,384.00,725.00,5.2146,7.8284,0.8755,19904.60,0.0502,631.00,0.5024,0.8297,0.8065,1.2855,1.5920
16,30000,40,60,90,384.00,725.00,5.2146,7.8284,0.8776,19299.35,0.0518,629.00,0.5182,0.8671,0.8491,1.3107,1.5863
16,30000,40,60,120,384.00,725.00,5.2146,7.8284,0.8784,18710.87,0.0534,630.00,0.5344,0.8881,0.8657,1.3451,1.6785
16,30000,40,120,24,384.00,725.00,5.2146,7.8284,0.8865,11351.51,0.0881,629.00,0.8809,1.5470,1.5239,2.2881,2.7175
16,30000,40,120,48,384.00,725.00,5.2146,7.8284,0.9263,10814.91,0.0925,628.00,0.9246,1.6173,1.5620,2.4873,3.1817
16,30000,40,120,96,384.00,725.00,5.2146,7.8284,0.9396,10757.93,0.0930,628.00,0.9295,1.6154,1.5831,2.3429,2.8344
16,30000,40,120,120,384.00,725.00,5.2146,7.8284,0.9414,10864.28,0.0920,630.00,0.9204,1.6286,1.6031,2.3313,2.7751
16,30000,40,120,180,384.00,725.00,5.2146,7.8284,0.9424,10805.92,0.0925,630.00,0.9254,1.6680,1.6321,2.4407,2.9034
16,30000,40,120,240,384.00,725.00,5.2146,7.8284,0.9426,10113.38,0.0989,633.00,0.9888,1.7174,1.6813,2.4943,3.1361
16,30000,40,240,48,384.00,725.00,5.2146,7.8284,0.9465,6173.67,0.1620,628.00,1.6198,2.9518,2.9169,4.1438,4.8234
16,30000,40,240,96,384.00,725.00,5.2146,7.8284,0.9703,6159.35,0.1624,637.00,1.6235,3.0266,2.9828,4.1798,4.8579
16,30000,40,240,192,384.00,725.00,5.2146,7.8284,0.9768,5807.48,0.1722,648.00,1.7219,3.0859,3.0079,4.4922,5.4664
16,30000,40,240,240,384.00,725.00,5.2146,7.8284,0.9773,5990.00,0.1669,646.00,1.6694,3.0630,3.0121,4.3106,5.1627
16,30000,40,240,360,384.00,725.00,5.2146,7.8284,0.9776,5778.04,0.1731,640.00,1.7307,3.2308,3.1917,4.4084,5.3221
16,30000,40,240,480,384.00,725.00,5.2146,7.8284,0.9775,5343.02,0.1872,642.00,1.8716,3.4528,3.4070,4.6334,5.3957
16,30000,40,480,96,384.00,725.00,5.2146,7.8284,0.9795,3256.89,0.3070,655.00,3.0704,5.7442,5.6782,7.7282,8.8762
16,30000,40,480,192,384.00,725.00,5.2146,7.8284,0.9907,3260.86,0.3067,670.00,3.0667,5.8001,5.7115,7.7436,8.9980
16,30000,40,480,384,384.00,725.00,5.2146,7.8284,0.9929,3203.37,0.3122,659.00,3.1217,5.8857,5.7539,8.0353,9.7332
16,30000,40,480,480,384.00,725.00,5.2146,7.8284,0.9930,3170.19,0.3154,655.00,3.1544,6.0218,5.9145,8.1475,9.4550
16,30000,40,480,720,384.00,725.00,5.2146,7.8284,0.9932,2837.05,0.3525,662.00,3.5248,6.5279,6.3921,8.8138,10.7991
16,30000,40,480,960,384.00,725.00,5.2146,7.8284,0.9932,2611.75,0.3829,659.00,3.8289,7.2395,7.1800,9.1982,10.1889
16,30000,40,960,192,384.00,725.00,5.2146,7.8284,0.9936,1756.11,0.5694,712.00,5.6944,10.6518,10.5870,14.2137,16.2224
16,30000,40,960,384,384.00,725.00,5.2146,7.8284,0.9972,1693.61,0.5905,721.00,5.9045,11.1220,10.8928,14.7058,17.2062
16,30000,40,960,768,384.00,725.00,5.2146,7.8284,0.9980,1598.17,0.6257,718.00,6.2571,11.8766,11.7812,15.2030,17.2362
16,30000,40,960,960,384.00,725.00,5.2146,7.8284,0.9980,1553.70,0.6436,713.00,6.4363,12.2083,12.1177,15.4163,17.0514
16,30000,40,960,1440,384.00,725.00,5.2146,7.8284,0.9981,1394.07,0.7173,730.00,7.1732,13.6474,13.4243,17.2240,20.2265
16,30000,40,960,1920,384.00,725.00,5.2146,7.8284,0.9982,1218.89,0.8204,735.00,8.2042,15.8982,15.7457,19.3745,21.8522
16,30000,40,1920,384,384.00,725.00,5.2146,7.8284,0.9979,951.07,1.0514,824.00,10.5145,19.4428,19.5414,25.7188,30.3885
16,30000,40,1920,768,384.00,725.00,5.2146,7.8284,0.9989,861.41,1.1609,839.00,11.6089,22.0067,21.8406,27.5273,30.4496
16,30000,40,1920,1536,384.00,725.00,5.2146,7.8284,0.9991,781.38,1.2798,819.00,12.7978,24.2468,24.1295,29.7245,33.0889
16,30000,40,1920,1920,384.00,725.00,5.2146,7.8284,0.9991,772.26,1.2949,852.00,12.9490,24.7389,24.5267,30.4419,33.4687
16,30000,40,1920,2880,384.00,725.00,5.2146,7.8284,0.9992,615.59,1.6245,856.00,16.2445,31.5265,31.4177,36.8206,39.1708
16,30000,40,1920,3840,384.00,725.00,5.2146,7.8284,0.9992,485.58,2.0594,869.00,20.5939,40.1981,40.1256,45.3411,47.6473
16,30000,100,30,6,420.00,726.00,4.8244,7.5329,0.7083,30706.16,0.0326,616.00,0.3257,0.4982,0.4730,0.8771,1.1397
16,30000,100,30,12,420.00,726.00,4.8244,7.5329,0.7618,31821.13,0.0314,619.00,0.3143,0.4653,0.4388,0.7991,1.1173
16,30000,100,30,24,420.00,726.00,4.8244,7.5329,0.7868,31931.61,0.0313,615.00,0.3132,0.4353,0.4151,0.7424,0.9319
16,30000,100,30,30,420.00,726.00,4.8244,7.5329,0.7900,32379.63,0.0309,618.00,0.3088,0.4445,0.4244,0.7589,0.9362
16,30000,100,30,45,420.00,726.00,4.8244,7.5329,0.7934,30262.59,0.0330,624.00,0.3304,0.4636,0.4423,0.7623,0.9575
16,30000,100,30,60,420.00,726.00,4.8244,7.5329,0.7946,30737.05,0.0325,619.00,0.3253,0.4758,0.4498,0.7921,1.0479
16,30000,100,60,12,420.00,726.00,4.8244,7.5329,0.8149,19392.02,0.0516,618.00,0.5157,0.8392,0.8179,1.3281,1.6425
16,30000,100,60,24,420.00,726.00,4.8244,7.5329,0.8623,19221.32,0.0520,620.00,0.5203,0.8330,0.7963,1.3460,1.7293
16,30000,100,60,48,420.00,726.00,4.8244,7.5329,0.8794,19501.90,0.0513,618.00,0.5128,0.8505,0.8226,1.3265,1.6555
16,30000,100,60,60,420.00,726.00,4.8244,7.5329,0.8815,19016.90,0.0526,622.00,0.5258,0.8469,0.8147,1.3476,1.7705
16,30000,100,60,90,420.00,726.00,4.8244,7.5329,0.8830,19065.50,0.0525,618.00,0.5245,0.8857,0.8569,1.3464,1.6555
16,30000,100,60,120,420.00,726.00,4.8244,7.5329,0.8833,18074.08,0.0553,615.00,0.5533,0.9021,0.8733,1.4013,1.7808
16,30000,100,120,24,420.00,726.00,4.8244,7.5329,0.8996,11374.39,0.0879,613.00,0.8792,1.5678,1.5317,2.3002,2.7902
16,30000,100,120,48,420.00,726.00,4.8244,7.5329,0.9337,10899.33,0.0917,617.00,0.9175,1.6033,1.5500,2.4075,3.1320
16,30000,100,120,96,420.00,726.00,4.8244,7.5329,0.9434,11050.86,0.0905,618.00,0.9049,1.6152,1.5671,2.4175,2.9535
16,30000,100,120,120,420.00,726.00,4.8244,7.5329,0.9440,10792.13,0.0927,621.00,0.9266,1.6172,1.5850,2.3874,2.9043
16,30000,100,120,180,420.00,726.00,4.8244,7.5329,0.9446,10467.58,0.0955,618.00,0.9553,1.6995,1.6695,2.4363,2.9047
16,30000,100,120,240,420.00,726.00,4.8244,7.5329,0.9447,9985.80,0.1001,614.00,1.0014,1.7755,1.7362,2.5411,3.0013
16,30000,100,240,48,420.00,726.00,4.8244,7.5329,0.9564,6229.41,0.1605,640.00,1.6053,2.9860,2.9383,4.2230,4.8823
16,30000,100,240,96,420.00,726.00,4.8244,7.5329,0.9743,5902.11,0.1694,635.00,1.6943,3.0253,2.9430,4.5079,5.7381
16,30000,100,240,192,420.00,726.00,4.8244,7.5329,0.9780,6030.16,0.1658,628.00,1.6583,3.0677,3.0069,4.4068,5.2595
16,30000,100,240,240,420.00,726.00,4.8244,7.5329,0.9783,5977.28,0.1673,632.00,1.6730,3.0876,3.0240,4.3644,5.3035
16,30000,100,240,360,420.00,726.00,4.8244,7.5329,0.9784,5725.72,0.1747,627.00,1.7465,3.2845,3.2281,4.5004,5.2988
16,30000,100,240,480,420.00,726.00,4.8244,7.5329,0.9784,5401.13,0.1851,640.00,1.8515,3.4638,3.4019,4.7737,5.5379
16,30000,100,480,96,420.00,726.00,4.8244,7.5329,0.9848,3326.22,0.3006,657.00,3.0064,5.5547,5.4041,7.9180,9.7355
16,30000,100,480,192,420.00,726.00,4.8244,7.5329,0.9921,3257.38,0.3070,657.00,3.0700,5.7546,5.6506,8.0288,9.1923
16,30000,100,480,384,420.00,726.00,4.8244,7.5329,0.9937,3154.07,0.3171,659.00,3.1705,5.9443,5.8099,8.1624,10.1537
16,30000,100,480,480,420.00,726.00,4.8244,7.5329,0.9937,3079.18,0.3248,656.00,3.2476,6.0834,6.0229,8.0622,9.2516
16,30000,100,480,720,420.00,726.00,4.8244,7.5329,0.9938,2923.22,0.3421,658.00,3.4209,6.5221,6.4481,8.6041,9.9831
16,30000,100,480,960,420.00,726.00,4.8244,7.5329,0.9938,2612.83,0.3827,670.00,3.8273,7.1973,7.0693,9.4347,11.5093
16,30000,100,960,192,420.00,726.00,4.8244,7.5329,0.9954,1776.81,0.5628,727.00,5.6281,10.6516,10.5928,13.9139,15.5543
16,30000,100,960,384,420.00,726.00,4.8244,7.5329,0.9979,1666.83,0.5999,721.00,5.9994,11.3418,11.3140,14.4254,15.9602
16,30000,100,960,768,420.00,726.00,4.8244,7.5329,0.9983,1604.36,0.6233,733.00,6.2330,11.7726,11.6242,15.2745,17.1354
16,30000,100,960,960,420.00,726.00,4.8244,7.5329,0.9983,1570.28,0.6368,730.00,6.3683,11.9796,11.7875,15.7020,18.6033
16,30000,100,960,1440,420.00,726.00,4.8244,7.5329,0.9983,1402.89,0.7128,715.00,7.1281,13.7660,13.6395,17.2185,19.0185
16,30000,100,960,1920,420.00,726.00,4.8244,7.5329,0.9983,1182.60,0.8456,740.00,8.4560,16.2201,16.0953,19.7418,21.6234
16,30000,100,1920,384,420.00,726.00,4.8244,7.5329,0.9986,981.28,1.0191,838.00,10.1908,19.3160,19.0450,26.3595,30.5008
16,30000,100,1920,768,420.00,726.00,4.8244,7.5329,0.9992,891.27,1.1220,839.00,11.2199,21.5005,21.3790,26.9360,29.3561
16,30000,100,1920,1536,420.00,726.00,4.8244,7.5329,0.9993,804.34,1.2433,839.00,12.4325,23.9775,23.8382,29.2325,31.8709
16,30000,100,1920,1920,420.00,726.00,4.8244,7.5329,0.9993,784.79,1.2742,843.00,12.7423,24.8448,24.6741,30.2444,33.0860
16,30000,100,1920,2880,420.00,726.00,4.8244,7.5329,0.9993,605.86,1.6505,856.00,16.5054,31.8784,31.8393,37.0930,39.5334
16,30000,100,1920,3840,420.00,726.00,4.8244,7.5329,0.9993,475.62,2.1025,868.00,21.0251,40.6942,40.5564,46.1069,49.5047
16,30000,200,30,6,420.00,727.00,6.0184,8.8177,0.7129,30430.72,0.0329,601.00,0.3286,0.5037,0.4810,0.8574,1.1855
16,30000,200,30,12,420.00,727.00,6.0184,8.8177,0.7661,32104.88,0.0311,601.00,0.3115,0.4664,0.4446,0.7982,1.0631
16,30000,200,30,24,420.00,727.00,6.0184,8.8177,0.7897,32831.03,0.0305,614.00,0.3046,0.4420,0.4123,0.7740,1.0406
16,30000,200,30,30,420.00,727.00,6.0184,8.8177,0.7925,33845.98,0.0295,600.00,0.2955,0.4340,0.4134,0.7190,0.9019
16,30000,200,30,45,420.00,727.00,6.0184,8.8177,0.7948,32133.54,0.0311,600.00,0.3112,0.4548,0.4316,0.7544,0.9447
16,30000,200,30,60,420.00,727.00,6.0184,8.8177,0.7954,31962.58,0.0313,605.00,0.3129,0.4692,0.4476,0.7547,0.9220
16,30000,200,60,12,420.00,727.00,6.0184,8.8177,0.8199,20780.48,0.0481,596.00,0.4812,0.8245,0.8000,1.3043,1.6350
16,30000,200,60,24,420.00,727.00,6.0184,8.8177,0.8656,20461.71,0.0489,599.00,0.4887,0.8286,0.7991,1.3356,1.6645
16,30000,200,60,48,420.00,727.00,6.0184,8.8177,0.8807,19709.99,0.0507,601.00,0.5074,0.8252,0.7981,1.3381,1.6812
16,30000,200,60,60,420.00,727.00,6.0184,8.8177,0.8822,19265.00,0.0519,602.00,0.5191,0.8237,0.7947,1.3151,1.6148
16,30000,200,60,90,420.00,727.00,6.0184,8.8177,0.8833,18849.90,0.0531,598.00,0.5305,0.8703,0.8450,1.3645,1.6577
16,30000,200,60,120,420.00,727.00,6.0184,8.8177,0.8834,18840.33,0.0531,599.00,0.5308,0.8981,0.8690,1.3887,1.6651
16,30000,200,120,24,420.00,727.00,6.0184,8.8177,0.9044,11041.57,0.0906,598.00,0.9057,1.5700,1.5437,2.3973,2.8613
16,30000,200,120,48,420.00,727.00,6.0184,8.8177,0.9351,11401.69,0.0877,604.00,0.8771,1.5781,1.5466,2.3515,2.8767
16,30000,200,120,96,420.00,727.00,6.0184,8.8177,0.9434,11207.82,0.0892,615.00,0.8922,1.5903,1.5263,2.4004,3.2433
16,30000,200,120,120,420.00,727.00,6.0184,8.8177,0.9443,11249.89,0.0889,601.00,0.8889,1.5575,1.4900,2.4470,3.3647
16,30000,200,120,180,420.00,727.00,6.0184,8.8177,0.9446,10649.67,0.0939,605.00,0.9390,1.6756,1.6515,2.4266,2.8797
16,30000,200,120,240,420.00,727.00,6.0184,8.8177,0.9447,10252.88,0.0975,605.00,0.9753,1.7542,1.7255,2.4816,2.9097
16,30000,200,240,48,420.00,727.00,6.0184,8.8177,0.9587,6274.57,0.1594,605.00,1.5937,2.9282,2.8816,4.1602,4.9820
16,30000,200,240,96,420.00,727.00,6.0184,8.8177,0.9744,6230.49,0.1605,604.00,1.6050,2.9995,2.9404,4.3190,5.1009
16,30000,200,240,192,420.00,727.00,6.0184,8.8177,0.9778,5984.49,0.1671,611.00,1.6710,3.0958,3.0399,4.4100,5.3205
16,30000,200,240,240,420.00,727.00,6.0184,8.8177,0.9779,5883.34,0.1700,606.00,1.6997,3.1506,3.0870,4.4840,5.2793
16,30000,200,240,360,420.00,727.00,6.0184,8.8177,0.9781,5518.12,0.1812,609.00,1.8122,3.3028,3.2402,4.6393,5.4548
16,30000,200,240,480,420.00,727.00,6.0184,8.8177,0.9781,5345.19,0.1871,605.00,1.8708,3.5055,3.4503,4.8500,5.7232
16,30000,200,480,96,420.00,727.00,6.0184,8.8177,0.9859,3378.69,0.2960,631.00,2.9597,5.5523,5.4743,7.6654,9.0133
16,30000,200,480,192,420.00,727.00,6.0184,8.8177,0.9928,3197.23,0.3128,634.00,3.1277,5.7207,5.5848,8.0622,10.4786
16,30000,200,480,384,420.00,727.00,6.0184,8.8177,0.9937,3179.84,0.3145,638.00,3.1448,5.9404,5.8599,7.9696,9.8037
16,30000,200,480,480,420.00,727.00,6.0184,8.8177,0.9938,3083.53,0.3243,638.00,3.2430,6.0987,6.0003,8.1767,9.5078
16,30000,200,480,720,420.00,727.00,6.0184,8.8177,0.9937,2883.31,0.3468,643.00,3.4682,6.6207,6.5240,8.7747,10.1912
16,30000,200,480,960,420.00,727.00,6.0184,8.8177,0.9937,2626.26,0.3808,652.00,3.8077,7.2988,7.2178,9.2590,10.4073
16,30000,200,960,192,420.00,727.00,6.0184,8.8177,0.9964,1783.21,0.5608,693.00,5.6079,10.4447,10.2473,14.2381,16.8174
16,30000,200,960,384,420.00,727.00,6.0184,8.8177,0.9982,1698.19,0.5889,712.00,5.8886,11.1398,11.0335,14.4666,16.6450
16,30000,200,960,768,420.00,727.00,6.0184,8.8177,0.9984,1615.80,0.6189,723.00,6.1889,11.6514,11.3690,15.8950,20.3529
16,30000,200,960,960,420.00,727.00,6.0184,8.8177,0.9984,1565.08,0.6389,709.00,6.3894,12.1297,12.0444,15.5304,17.3092
16,30000,200,960,1440,420.00,727.00,6.0184,8.8177,0.9984,1380.11,0.7246,713.00,7.2458,13.8496,13.7521,17.1589,18.9283
16,30000,200,960,1920,420.00,727.00,6.0184,8.8177,0.9984,1190.48,0.8400,710.00,8.4000,16.1417,15.9125,20.1653,23.9310
16,30000,200,1920,384,420.00,727.00,6.0184,8.8177,0.9989,983.12,1.0172,818.00,10.1717,19.3439,19.1337,25.5776,30.3933
16,30000,200,1920,768,420.00,727.00,6.0184,8.8177,0.9992,897.13,1.1147,832.00,11.1466,21.3265,21.0752,27.3559,30.7666
16,30000,200,1920,1536,420.00,727.00,6.0184,8.8177,0.9993,800.75,1.2488,831.00,12.4882,23.9087,23.7758,29.3475,32.1141
16,30000,200,1920,1920,420.00,727.00,6.0184,8.8177,0.9993,779.07,1.2836,858.00,12.8358,24.8085,24.5100,30.5480,33.4297
16,30000,200,1920,2880,420.00,727.00,6.0184,8.8177,0.9993,619.36,1.6146,858.00,16.1457,31.5451,31.3399,37.1206,41.1516
16,30000,200,1920,3840,420.00,727.00,6.0184,8.8177,0.9993,474.71,2.1066,842.00,21.0656,40.8610,40.7061,46.6931,50.6226
32,1000,40,1,1,367.00,762.00,0.8100,2.9693,0.3760,41833.45,0.0239,614.00,0.2390,0.2811,0.2351,0.6321,0.9744
32,1000,40,1,1,367.00,762.00,0.8100,2.9693,0.3760,45175.09,0.0221,617.00,0.2214,0.2580,0.2169,0.5751,0.8979
32,1000,40,1,1,367.00,762.00,0.8100,2.9693,0.3760,49332.39,0.0203,617.00,0.2027,0.2368,0.1969,0.5375,0.8255
32,1000,40,1,1,367.00,762.00,0.8100,2.9693,0.3760,51021.21,0.0196,617.00,0.1960,0.2371,0.2027,0.5284,0.8420
32,1000,40,1,1,367.00,762.00,0.8100,2.9693,0.3760,47286.27,0.0211,616.00,0.2115,0.2282,0.1891,0.5119,0.8391
32,1000,40,1,2,367.00,762.00,0.8100,2.9693,0.3935,48832.70,0.0205,618.00,0.2048,0.2438,0.2065,0.5292,0.8372
32,1000,40,2,1,367.00,762.00,0.8100,2.9693,0.5237,30580.80,0.0327,617.00,0.3270,0.4826,0.4310,0.9490,1.4501
32,1000,40,2,1,367.00,762.00,0.8100,2.9693,0.5237,29738.14,0.0336,617.00,0.3363,0.4807,0.4285,0.9634,1.5030
32,1000,40,2,1,367.00,762.00,0.8100,2.9693,0.5237,31524.85,0.0317,623.00,0.3172,0.4372,0.3812,0.9245,1.5621
32,1000,40,2,2,367.00,762.00,0.8100,2.9693,0.5483,32081.37,0.0312,619.00,0.3117,0.4383,0.3840,0.8849,1.4129
32,1000,40,2,3,367.00,762.00,0.8100,2.9693,0.5535,30893.65,0.0324,618.00,0.3237,0.4417,0.3865,0.8795,1.4029
32,1000,40,2,4,367.00,762.00,0.8100,2.9693,0.5551,32517.88,0.0308,617.00,0.3075,0.4298,0.3733,0.9093,1.4501
32,1000,40,4,1,367.00,762.00,0.8100,2.9693,0.6603,18593.16,0.0538,619.00,0.5378,0.8813,0.7839,1.6296,2.6705
32,1000,40,4,1,367.00,762.00,0.8100,2.9693,0.6603,19287.27,0.0518,624.00,0.5185,0.8523,0.7542,1.6436,2.7031
32,1000,40,4,3,367.00,762.00,0.8100,2.9693,0.7057,19428.21,0.0515,620.00,0.5147,0.8642,0.7654,1.6119,2.6810
32,1000,40,4,4,367.00,762.00,0.8100,2.9693,0.7083,19412.70,0.0515,618.00,0.5151,0.8380,0.7491,1.5997,2.5021
32,1000,40,4,6,367.00,762.00,0.8100,2.9693,0.7101,19041.94,0.0525,619.00,0.5252,0.8718,0.7734,1.6259,2.4765
32,1000,40,4,8,367.00,762.00,0.8100,2.9693,0.7105,19682.30,0.0508,618.00,0.5081,0.8438,0.7481,1.6500,2.5459
32,1000,40,8,1,367.00,762.00,0.8100,2.9693,0.7627,10709.69,0.0934,618.00,0.9337,1.6372,1.4894,2.8352,4.1595
32,1000,40,8,3,367.00,762.00,0.8100,2.9693,0.8295,10603.53,0.0943,616.00,0.9431,1.6537,1.4999,2.8371,4.1333
32,1000,40,8,6,367.00,762.00,0.8100,2.9693,0.8386,10792.42,0.0927,618.00,0.9266,1.6720,1.5072,2.8084,4.8771
32,1000,40,8,8,367.00,762.00,0.8100,2.9693,0.8397,10432.12,0.0959,624.00,0.9586,1.7299,1.5791,2.9217,4.4339
32,1000,40,8,12,367.00,762.00,0.8100,2.9693,0.8402,10241.32,0.0976,617.00,0.9764,1.7188,1.5678,2.8804,4.6443
32,1000,40,8,16,367.00,762.00,0.8100,2.9693,0.8402,10379.57,0.0963,616.00,0.9634,1.6895,1.5405,2.9088,4.6407
32,1000,40,16,3,367.00,762.00,0.8100,2.9693,0.9102,5608.63,0.1783,624.00,1.7830,3.2948,3.0377,5.0936,9.3773
32,1000,40,16,6,367.00,762.00,0.8100,2.9693,0.9255,5414.18,0.1847,619.00,1.8470,3.2666,3.0026,5.0479,10.0730
32,1000,40,16,12,367.00,762.00,0.8100,2.9693,0.9290,5618.96,0.1780,619.00,1.7797,3.2972,3.0368,5.0816,9.0857
32,1000,40,16,16,367.00,762.00,0.8100,2.9693,0.9293,5601.42,0.1785,617.00,1.7853,3.2955,3.0301,5.1183,8.9070
32,1000,40,16,24,367.00,762.00,0.8100,2.9693,0.9295,5386.90,0.1856,615.00,1.8564,3.2869,3.0305,5.1053,9.9211
32,1000,40,16,32,367.00,762.00,0.8100,2.9693,0.9295,5411.59,0.1848,612.00,1.8479,3.2939,3.0258,5.1044,9.6955
32,1000,40,32,6,367.00,762.00,0.8100,2.9693,0.9695,2886.04,0.3465,617.00,3.4650,6.5064,6.1200,9.1953,18.3562
32,1000,40,32,12,367.00,762.00,0.8100,2.9693,0.9758,2819.32,0.3547,613.00,3.5470,6.4617,6.0728,8.9958,20.6658
32,1000,40,32,25,367.00,762.00,0.8100,2.9693,0.9768,2932.33,0.3410,617.00,3.4103,6.3357,5.9604,8.8059,17.8359
32,1000,40,32,32,367.00,762.00,0.8100,2.9693,0.9769,2801.72,0.3569,616.00,3.5692,6.4672,6.0715,9.0256,21.2655
32,1000,40,32,48,367.00,762.00,0.8100,2.9693,0.9770,2841.07,0.3520,616.00,3.5198,6.4060,6.0218,8.9236,20.7546
32,1000,40,32,64,367.00,762.00,0.8100,2.9693,0.9770,2808.28,0.3561,616.00,3.5609,6.4904,6.0876,9.0287,21.9122
32,1000,40,64,12,367.00,762.00,0.8100,2.9693,0.9931,1505.93,0.6640,621.00,6.6404,12.3082,11.8322,16.1591,37.4211
32,1000,40,64,25,367.00,762.00,0.8100,2.9693,0.9951,1540.38,0.6492,623.00,6.4919,12.2586,11.7785,15.9565,22.6575
32,1000,40,64,51,367.00,762.00,0.8100,2.9693,0.9953,1565.71,0.6387,622.00,6.3869,12.4157,11.8083,15.6516,39.2932
32,1000,40,64,64,367.00,762.00,0.8100,2.9693,0.9953,1547.19,0.6463,625.00,6.4633,12.2974,11.8088,16.0745,24.4405
32,1000,40,64,96,367.00,762.00,0.8100,2.9693,0.9954,1537.45,0.6504,615.00,6.5043,12.3339,11.8609,16.6555,23.5775
32,1000,40,64,128,367.00,762.00,0.8100,2.9693,0.9954,1537.92,0.6502,619.00,6.5023,12.3486,11.8540,16.1412,23.1544
32,1000,100,1,1,171.00,756.00,0.6316,2.6079,0.3310,46004.81,0.0217,613.00,0.2174,0.2688,0.2278,0.5946,0.9296
32,1000,100,1,1,171.00,756.00,0.6316,2.6079,0.3310,49544.04,0.0202,615.00,0.2018,0.2542,0.2185,0.5364,0.8864
32,1000,100,1,1,171.00,756.00,0.6316,2.6079,0.3310,48503.73,0.0206,615.00,0.2062,0.2505,0.2151,0.5537,0.8792
32,1000,100,1,1,171.00,756.00,0.6316,2.6079,0.3310,48066.97,0.0208,614.00,0.2080,0.2442,0.2035,0.5556,0.8961
32,1000,100,1,1,171.00,756.00,0.6316,2.6079,0.3310,48693.33,0.0205,617.00,0.2054,0.2259,0.1884,0.4998,0.7999
32,1000,100,1,2,171.00,756.00,0.6316,2.6079,0.3701,47182.58,0.0212,617.00,0.2119,0.2409,0.2000,0.5578,0.8475
32,1000,100,2,1,171.00,756.00,0.6316,2.6079,0.4501,30498.39,0.0328,618.00,0.3279,0.4570,0.4020,0.9413,1.4010
32,1000,100,2,1,171.00,756.00,0.6316,2.6079,0.4501,30120.26,0.0332,618.00,0.3320,0.4673,0.4090,0.9498,1.5108
32,1000,100,2,1,171.00,756.00,0.6316,2.6079,0.4501,31824.81,0.0314,616.00,0.3142,0.4577,0.4010,0.9325,1.5621
32,1000,100,2,2,171.00,756.00,0.6316,2.6079,0.5079,31128.76,0.0321,619.00,0.3212,0.4545,0.3944,0.9101,1.4871
32,1000,100,2,3,171.00,756.00,0.6316,2.6079,0.5317,31028.52,0.0322,619.00,0.3223,0.4316,0.3768,0.8930,1.4216
32,1000,100,2,4,171.00,756.00,0.6316,2.6079,0.5415,32252.59,0.0310,619.00,0.3101,0.4379,0.3827,0.9196,1.4484
32,1000,100,4,1,171.00,756.00,0.6316,2.6079,0.5486,19020.05,0.0526,620.00,0.5258,0.8461,0.7590,1.5592,2.3492
32,1000,100,4,1,171.00,756.00,0.6316,2.6079,0.5486,19561.42,0.0511,618.00,0.5112,0.8534,0.7592,1.6678,2.4530
32,1000,100,4,3,171.00,756.00,0.6316,2.6079,0.6672,18791.29,0.0532,620.00,0.5322,0.8378,0.7519,1.5518,2.5079
32,1000,100,4,4,171.00,756.00,0.6316,2.6079,0.6835,19011.63,0.0526,617.00,0.5260,0.8791,0.7832,1.6436,2.4514
32,1000,100,4,6,171.00,756.00,0.6316,2.6079,0.6981,19207.89,0.0521,625.00,0.5206,0.8651,0.7716,1.6046,2.4835
32,1000,100,4,8,171.00,756.00,0.6316,2.6079,0.7041,19014.88,0.0526,622.00,0.5259,0.8725,0.7702,1.6941,2.7189
32,1000,100,8,1,171.00,756.00,0.6316,2.6079,0.6095,11037.19,0.0906,618.00,0.9060,1.6241,1.4818,2.7627,3.7416
32,1000,100,8,3,171.00,756.00,0.6316,2.6079,0.7678,10971.17,0.0911,620.00,0.9115,1.6529,1.4875,2.8334,4.5911
32,1000,100,8,6,171.00,756.00,0.6316,2.6079,0.8167,10931.28,0.0915,620.00,0.9148,1.6638,1.4998,2.8537,4.5996
32,1000,100,8,8,171.00,756.00,0.6316,2.6079,0.8270,10563.10,0.0947,619.00,0.9467,1.6861,1.5320,2.8402,4.7591
32,1000,100,8,12,171.00,756.00,0.6316,2.6079,0.8358,10355.32,0.0966,620.00,0.9657,1.7275,1.5832,2.8815,4.6393
32,1000,100,8,16,171.00,756.00,0.6316,2.6079,0.8382,10211.30,0.0979,619.00,0.9793,1.7308,1.5881,2.9119,4.4776
32,1000,100,16,3,171.00,756.00,0.6316,2.6079,0.8196,5607.82,0.1783,621.00,1.7832,3.2226,2.9915,4.9437,7.6108
32,1000,100,16,6,171.00,756.00,0.6316,2.6079,0.8884,5528.43,0.1809,626.00,1.8088,3.2450,2.9963,4.9462,9.4223
32,1000,100,16,12,171.00,756.00,0.6316,2.6079,0.9205,5689.92,0.1757,623.00,1.7575,3.2724,2.9998,5.0372,9.6825
32,1000,100,16,16,171.00,756.00,0.6316,2.6079,0.9253,5647.05,0.1771,618.00,1.7708,3.2551,2.9840,5.0303,9.5194
32,1000,100,16,24,171.00,756.00,0.6316,2.6079,0.9282,5542.07,0.1804,619.00,1.8044,3.2474,3.0041,4.9942,9.1304
32,1000,100,16,32,171.00,756.00,0.6316,2.6079,0.9285,5807.03,0.1722,620.00,1.7221,3.2324,2.9943,5.0304,7.0805
32,1000,100,32,6,171.00,756.00,0.6316,2.6079,0.9171,3052.59,0.3276,627.00,3.2759,6.2681,5.9204,8.9651,12.7964
32,1000,100,32,12,171.00,756.00,0.6316,2.6079,0.9610,2984.93,0.3350,626.00,3.3502,6.3469,5.9215,8.7750,20.1483
32,1000,100,32,25,171.00,756.00,0.6316,2.6079,0.9752,2950.45,0.3389,618.00,3.3893,6.3043,5.9659,8.7502,13.3822
32,1000,100,32,32,171.00,756.00,0.6316,2.6079,0.9762,2938.49,0.3403,617.00,3.4031,6.3248,5.9775,8.8776,14.0006
32,1000,100,32,48,171.00,756.00,0.6316,2.6079,0.9766,2981.11,0.3354,625.00,3.3545,6.3730,5.9882,8.8885,19.3481
32,1000,100,32,64,171.00,756.00,0.6316,2.6079,0.9767,2880.31,0.3472,615.00,3.4719,6.3592,5.9838,8.8794,20.0471
32,1000,100,64,12,171.00,756.00,0.6316,2.6079,0.9727,1532.78,0.6524,617.00,6.5241,12.2229,11.7543,15.6784,35.4488
32,1000,100,64,25,171.00,756.00,0.6316,2.6079,0.9923,1526.93,0.6549,625.00,6.5491,12.2914,11.8094,16.0367,25.7072
32,1000,100,64,51,171.00,756.00,0.6316,2.6079,0.9952,1529.11,0.6540,620.00,6.5398,12.2997,11.7858,16.2426,24.6149
32,1000,100,64,64,171.00,756.00,0.6316,2.6079,0.9953,1516.20,0.6595,621.00,6.5954,12.3106,11.7898,15.9606,31.0416
32,1000,100,64,96,171.00,756.00,0.6316,2.6079,0.9954,1506.17,0.6639,628.00,6.6394,12.3259,11.8042,15.8877,41.9507
32,1000,100,64,128,171.00,756.00,0.6316,2.6079,0.9954,1548.21,0.6459,619.00,6.4591,12.4849,11.8987,15.8871,39.6555
32,1000,200,1,1,171.00,760.00,0.6623,2.6827,0.3321,47298.86,0.0211,609.00,0.2114,0.2658,0.2258,0.5874,0.9341
32,1000,200,1,1,171.00,760.00,0.6623,2.6827,0.3321,47689.04,0.0210,612.00,0.2097,0.2568,0.2210,0.5600,0.8696
32,1000,200,1,1,171.00,760.00,0.6623,2.6827,0.3321,49785.46,0.0201,615.00,0.2009,0.2482,0.2090,0.5540,0.8928
32,1000,200,1,1,171.00,760.00,0.6623,2.6827,0.3321,48146.81,0.0208,613.00,0.2077,0.2304,0.1918,0.5211,0.8183
32,1000,200,1,1,171.00,760.00,0.6623,2.6827,0.3321,46585.75,0.0215,613.00,0.2147,0.2258,0.1864,0.5075,0.7971
32,1000,200,1,2,171.00,760.00,0.6623,2.6827,0.3695,48294.82,0.0207,616.00,0.2071,0.2338,0.1954,0.5200,0.8181
32,1000,200,2,1,171.00,760.00,0.6623,2.6827,0.4512,29746.40,0.0336,614.00,0.3362,0.4542,0.4013,0.9181,1.5084
32,1000,200,2,1,171.00,760.00,0.6623,2.6827,0.4512,31269.33,0.0320,613.00,0.3198,0.4642,0.4111,0.9146,1.4373
32,1000,200,2,1,171.00,760.00,0.6623,2.6827,0.4512,31627.77,0.0316,614.00,0.3162,0.4484,0.3932,0.9104,1.4195
32,1000,200,2,2,171.00,760.00,0.6623,2.6827,0.5079,32262.35,0.0310,617.00,0.3100,0.4384,0.3851,0.9221,1.4057
32,1000,200,2,3,171.00,760.00,0.6623,2.6827,0.5286,31509.12,0.0317,617.00,0.3174,0.4354,0.3792,0.9143,1.4438
32,1000,200,2,4,171.00,760.00,0.6623,2.6827,0.5397,31910.43,0.0313,614.00,0.3134,0.4300,0.3706,0.9338,1.4576
32,1000,200,4,1,171.00,760.00,0.6623,2.6827,0.5468,19008.81,0.0526,614.00,0.5261,0.8821,0.7862,1.6544,2.7200
32,1000,200,4,1,171.00,760.00,0.6623,2.6827,0.5468,19415.85,0.0515,617.00,0.5150,0.8548,0.7654,1.6080,2.3699
32,1000,200,4,3,171.00,760.00,0.6623,2.6827,0.6635,18797.63,0.0532,618.00,0.5320,0.8690,0.7743,1.6520,2.6162
32,1000,200,4,4,171.00,760.00,0.6623,2.6827,0.6814,19287.66,0.0518,617.00,0.5185,0.8552,0.7619,1.6329,2.4962
32,1000,200,4,6,171.00,760.00,0.6623,2.6827,0.6974,19331.52,0.0517,618.00,0.5173,0.8463,0.7625,1.5966,2.4467
32,1000,200,4,8,171.00,760.00,0.6623,2.6827,0.7045,19477.28,0.0513,618.00,0.5134,0.8619,0.7643,1.5998,2.4614
32,1000,200,8,1,171.00,760.00,0.6623,2.6827,0.6099,10531.25,0.0950,616.00,0.9496,1.6572,1.5153,2.7785,4.4889
32,1000,200,8,3,171.00,760.00,0.6623,2.6827,0.7623,10633.16,0.0940,623.00,0.9405,1.6474,1.5007,2.7458,4.4585
32,1000,200,8,6,171.00,760.00,0.6623,2.6827,0.8151,10695.26,0.0935,618.00,0.9350,1.6731,1.5125,2.8822,4.4966
32,1000,200,8,8,171.00,760.00,0.6623,2.6827,0.8275,10818.89,0.0924,616.00,0.9243,1.6657,1.5044,2.8158,4.8027
32,1000,200,8,12,171.00,760.00,0.6623,2.6827,0.8348,10718.08,0.0933,618.00,0.9330,1.6425,1.4924,2.7627,4.3027
32,1000,200,8,16,171.00,760.00,0.6623,2.6827,0.8374,10843.34,0.0922,615.00,0.9222,1.6596,1.4977,2.8495,4.9545
32,1000,200,16,3,171.00,760.00,0.6623,2.6827,0.8144,5674.56,0.1762,613.00,1.7623,3.1984,2.9779,4.8243,7.1446
32,1000,200,16,6,171.00,760.00,0.6623,2.6827,0.8874,5631.28,0.1776,614.00,1.7758,3.2692,3.0177,5.0237,9.0962
32,1000,200,16,12,171.00,760.00,0.6623,2.6827,0.9199,5459.31,0.1832,612.00,1.8317,3.3758,3.1337,5.2361,8.7577
32,1000,200,16,16,171.00,760.00,0.6623,2.6827,0.9249,5483.58,0.1824,615.00,1.8236,3.3551,3.1049,5.1865,8.7051
32,1000,200,16,24,171.00,760.00,0.6623,2.6827,0.9274,5596.19,0.1787,617.00,1.7869,3.3065,3.0568,5.0332,9.5646
32,1000,200,16,32,171.00,760.00,0.6623,2.6827,0.9280,5297.53,0.1888,616.00,1.8877,3.3747,3.1176,5.1420,10.4126
32,1000,200,32,6,171.00,760.00,0.6623,2.6827,0.9163,2769.05,0.3611,615.00,3.6113,6.7338,6.3983,9.5331,17.7039
32,1000,200,32,12,171.00,760.00,0.6623,2.6827,0.9616,2753.61,0.3632,615.00,3.6316,6.7912,6.4199,9.7820,16.8898
32,1000,200,32,25,171.00,760.00,0.6623,2.6827,0.9751,2888.26,0.3462,616.00,3.4623,6.4841,6.0802,9.2632,17.9584
32,1000,200,32,32,171.00,760.00,0.6623,2.6827,0.9762,2927.15,0.3416,620.00,3.4163,6.4837,6.1002,9.2214,18.0433
32,1000,200,32,48,171.00,760.00,0.6623,2.6827,0.9765,2951.80,0.3388,619.00,3.3878,6.4515,6.0814,9.0333,18.7904
32,1000,200,32,64,171.00,760.00,0.6623,2.6827,0.9765,2920.51,0.3424,615.00,3.4241,6.3496,5.9701,8.9116,17.6162
32,1000,200,64,12,171.00,760.00,0.6623,2.6827,0.9730,1530.79,0.6533,621.00,6.5326,12.2129,11.7369,15.7131,37.5996
32,1000,200,64,25,171.00,760.00,0.6623,2.6827,0.9923,1546.01,0.6468,617.00,6.4683,12.2562,11.7893,15.9826,25.1661
32,1000,200,64,51,171.00,760.00,0.6623,2.6827,0.9953,1521.54,0.6572,625.00,6.5723,12.5663,12.0164,16.2089,38.6599
32,1000,200,64,64,171.00,760.00,0.6623,2.6827,0.9954,1487.10,0.6725,615.00,6.7245,12.7593,12.2088,16.5832,38.2443
32,1000,200,64,96,171.00,760.00,0.6623,2.6827,0.9954,1493.59,0.6695,619.00,6.6953,12.7324,12.1927,16.5905,38.3314
32,1000,200,64,128,171.00,760.00,0.6623,2.6827,0.9954,1499.22,0.6670,621.00,6.6701,12.6980,12.1358,16.6782,38.4103
32,2000,40,2,1,173.00,757.00,1.0045,3.3719,0.4482,45527.13,0.0220,582.00,0.2196,0.2953,0.2557,0.6174,0.9359
32,2000,40,2,1,173.00,757.00,1.0045,3.3719,0.4482,45622.90,0.0219,585.00,0.2192,0.2776,0.2351,0.5996,0.8742
32,2000,40,2,1,173.00,757.00,1.0045,3.3719,0.4482,47248.16,0.0212,585.00,0.2116,0.2556,0.2207,0.5479,0.8502
32,2000,40,2,2,173.00,757.00,1.0045,3.3719,0.4828,45825.64,0.0218,588.00,0.2182,0.2531,0.2178,0.5356,0.8325
32,2000,40,2,3,173.00,757.00,1.0045,3.3719,0.4925,48184.83,0.0208,586.00,0.2075,0.2532,0.2139,0.5467,0.8594
32,2000,40,2,4,173.00,757.00,1.0045,3.3719,0.4972,45269.59,0.0221,590.00,0.2209,0.2468,0.2092,0.5318,0.8127
32,2000,40,4,1,173.00,757.00,1.0045,3.3719,0.5686,28887.12,0.0346,591.00,0.3462,0.4890,0.4341,0.9717,1.5997
32,2000,40,4,1,173.00,757.00,1.0045,3.3719,0.5686,29570.02,0.0338,585.00,0.3382,0.4895,0.4320,0.9683,1.5038
32,2000,40,4,3,173.00,757.00,1.0045,3.3719,0.6337,30885.51,0.0324,588.00,0.3238,0.4831,0.4287,0.9310,1.4056
32,2000,40,4,4,173.00,757.00,1.0045,3.3719,0.6404,30315.54,0.0330,589.00,0.3299,0.4707,0.4171,0.9090,1.5699
32,2000,40,4,6,173.00,757.00,1.0045,3.3719,0.6470,29679.96,0.0337,590.00,0.3369,0.4658,0.4138,0.9227,1.3992
32,2000,40,4,8,173.00,757.00,1.0045,3.3719,0.6496,29970.59,0.0334,591.00,0.3337,0.4766,0.4233,0.9285,1.4297
32,2000,40,8,1,173.00,757.00,1.0045,3.3719,0.6623,17713.34,0.0565,585.00,0.5645,0.9121,0.8305,1.6489,2.5516
32,2000,40,8,3,173.00,757.00,1.0045,3.3719,0.7558,17449.10,0.0573,588.00,0.5731,0.9298,0.8321,1.6696,2.8374
32,2000,40,8,6,173.00,757.00,1.0045,3.3719,0.7762,17881.75,0.0559,587.00,0.5592,0.9294,0.8464,1.6547,2.4693
32,2000,40,8,8,173.00,757.00,1.0045,3.3719,0.7805,18881.10,0.0530,597.00,0.5296,0.8830,0.7959,1.6090,2.6636
32,2000,40,8,12,173.00,757.00,1.0045,3.3719,0.7836,18654.62,0.0536,590.00,0.5361,0.9034,0.8090,1.6388,2.5858
32,2000,40,8,16,173.00,757.00,1.0045,3.3719,0.7844,18515.89,0.0540,591.00,0.5401,0.8872,0.7927,1.6606,2.6494
32,2000,40,16,3,173.00,757.00,1.0045,3.3719,0.8441,10417.61,0.0960,593.00,0.9599,1.7322,1.5774,2.8586,4.9346
32,2000,40,16,6,173.00,757.00,1.0045,3.3719,0.8742,10394.34,0.0962,592.00,0.9621,1.7503,1.5953,2.8762,5.0122
32,2000,40,16,12,173.00,757.00,1.0045,3.3719,0.8850,10320.32,0.0969,590.00,0.9690,1.7398,1.5866,2.8568,4.9871
32,2000,40,16,16,173.00,757.00,1.0045,3.3719,0.8860,10282.87,0.0972,588.00,0.9725,1.7455,1.5920,2.8679,4.8432
32,2000,40,16,24,173.00,757.00,1.0045,3.3719,0.8870,10068.80,0.0993,589.00,0.9932,1.7434,1.5915,2.8483,4.9208
32,2000,40,16,32,173.00,757.00,1.0045,3.3719,0.8872,9749.79,0.1026,588.00,1.0257,1.8288,1.6869,2.9608,4.6482
32,2000,40,32,6,173.00,757.00,1.0045,3.3719,0.9321,5523.25,0.1811,597.00,1.8105,3.4098,3.1672,5.0668,9.2839
32,2000,40,32,12,173.00,757.00,1.0045,3.3719,0.9488,5351.56,0.1869,588.00,1.8686,3.3631,3.1417,4.9697,9.5802
32,2000,40,32,25,173.00,757.00,1.0045,3.3719,0.9525,5491.11,0.1821,591.00,1.8211,3.4019,3.1680,5.1175,9.1355
32,2000,40,32,32,173.00,757.00,1.0045,3.3719,0.9527,5512.66,0.1814,585.00,1.8140,3.3874,3.1499,5.0379,8.2135
32,2000,40,32,48,173.00,757.00,1.0045,3.3719,0.9528,5400.50,0.1852,587.00,1.8517,3.3862,3.1711,5.0362,6.9409
32,2000,40,32,64,173.00,757.00,1.0045,3.3719,0.9528,5480.01,0.1825,596.00,1.8248,3.3967,3.1765,5.0582,7.3625
32,2000,40,64,12,173.00,757.00,1.0045,3.3719,0.9780,2883.15,0.3468,596.00,3.4684,6.5294,6.2213,9.0153,12.7210
32,2000,40,64,25,173.00,757.00,1.0045,3.3719,0.9839,2936.80,0.3405,590.00,3.4051,6.5665,6.1902,8.7694,19.7436
32,2000,40,64,51,173.00,757.00,1.0045,3.3719,0.9848,2839.55,0.3522,598.00,3.5217,6.5578,6.2297,9.0418,13.4216
32,2000,40,64,64,173.00,757.00,1.0045,3.3719,0.9848,2872.46,0.3481,591.00,3.4813,6.5777,6.2441,9.3086,13.8307
32,2000,40,64,96,173.00,757.00,1.0045,3.3719,0.9849,2877.51,0.3475,591.00,3.4752,6.6592,6.2817,8.9629,19.8407
32,2000,40,64,128,173.00,757.00,1.0045,3.3719,0.9849,2811.36,0.3557,589.00,3.5570,6.5903,6.2651,9.0067,19.5480
32,2000,40,128,25,173.00,757.00,1.0045,3.3719,0.9946,1504.26,0.6648,603.00,6.6478,12.8715,12.3220,16.1574,39.2759
32,2000,40,128,51,173.00,757.00,1.0045,3.3719,0.9960,1484.44,0.6737,600.00,6.7365,12.6375,12.2137,16.4658,26.7123
32,2000,40,128,102,173.00,757.00,1.0045,3.3719,0.9963,1472.39,0.6792,594.00,6.7917,12.6964,12.2503,16.4958,36.7562
32,2000,40,128,128,173.00,757.00,1.0045,3.3719,0.9963,1507.68,0.6633,593.00,6.6327,12.7187,12.2761,17.2996,25.3969
32,2000,40,128,192,173.00,757.00,1.0045,3.3719,0.9963,1506.93,0.6636,603.00,6.6360,12.8980,12.3315,16.0306,39.8456
32,2000,40,128,256,173.00,757.00,1.0045,3.3719,0.9963,1474.15,0.6784,594.00,6.7836,13.0519,12.5322,16.7826,38.9395
32,2000,100,2,1,146.00,752.00,0.8049,2.9241,0.4036,43072.14,0.0232,578.00,0.2322,0.2883,0.2483,0.6312,0.9416
32,2000,100,2,1,146.00,752.00,0.8049,2.9241,0.4036,43841.49,0.0228,580.00,0.2281,0.2710,0.2315,0.5883,0.9110
32,2000,100,2,1,146.00,752.00,0.8049,2.9241,0.4036,45396.46,0.0220,579.00,0.2203,0.2567,0.2175,0.5639,0.8554
32,2000,100,2,2,146.00,752.00,0.8049,2.9241,0.4592,45318.71,0.0221,581.00,0.2207,0.2549,0.2153,0.5501,0.8527
32,2000,100,2,3,146.00,752.00,0.8049,2.9241,0.4799,47206.58,0.0212,582.00,0.2118,0.2558,0.2187,0.5452,0.8683
32,2000,100,2,4,146.00,752.00,0.8049,2.9241,0.4893,46954.16,0.0213,581.00,0.2130,0.2453,0.2054,0.5415,0.8918
32,2000,100,4,1,146.00,752.00,0.8049,2.9241,0.4981,30220.88,0.0331,581.00,0.3309,0.4877,0.4361,0.9388,1.4491
32,2000,100,4,1,146.00,752.00,0.8049,2.9241,0.4981,29615.52,0.0338,577.00,0.3377,0.4702,0.4169,0.9202,1.5129
32,2000,100,4,3,146.00,752.00,0.8049,2.9241,0.6110,31082.71,0.0322,582.00,0.3217,0.4831,0.4281,0.9549,1.5515
32,2000,100,4,4,146.00,752.00,0.8049,2.9241,0.6254,28857.04,0.0347,582.00,0.3465,0.4929,0.4381,0.9700,1.4984
32,2000,100,4,6,146.00,752.00,0.8049,2.9241,0.6405,29802.33,0.0336,580.00,0.3355,0.4883,0.4364,0.9416,1.4148
32,2000,100,4,8,146.00,752.00,0.8049,2.9241,0.6473,30081.11,0.0332,585.00,0.3324,0.4885,0.4411,0.9438,1.4443
32,2000,100,8,1,146.00,752.00,0.8049,2.9241,0.5621,17073.67,0.0586,580.00,0.5857,0.9323,0.8418,1.6961,2.8465
32,2000,100,8,3,146.00,752.00,0.8049,2.9241,0.7135,17162.37,0.0583,582.00,0.5827,0.9611,0.8632,1.7459,2.6674
32,2000,100,8,6,146.00,752.00,0.8049,2.9241,0.7624,17814.34,0.0561,584.00,0.5613,0.9179,0.8277,1.6140,2.6349
32,2000,100,8,8,146.00,752.00,0.8049,2.9241,0.7737,18240.66,0.0548,585.00,0.5482,0.9097,0.8206,1.6678,2.5988
32,2000,100,8,12,146.00,752.00,0.8049,2.9241,0.7809,18133.70,0.0551,585.00,0.5515,0.8814,0.7956,1.5576,2.6862
32,2000,100,8,16,146.00,752.00,0.8049,2.9241,0.7838,18037.27,0.0554,582.00,0.5544,0.8983,0.8142,1.6377,2.4631
32,2000,100,16,3,146.00,752.00,0.8049,2.9241,0.7758,9783.83,0.1022,579.00,1.0221,1.8359,1.6979,2.9674,4.8701
32,2000,100,16,6,146.00,752.00,0.8049,2.9241,0.8467,9974.75,0.1003,585.00,1.0025,1.7605,1.6033,2.8978,4.9225
32,2000,100,16,12,146.00,752.00,0.8049,2.9241,0.8791,9887.52,0.1011,583.00,1.0114,1.7464,1.6032,2.8578,5.2585
32,2000,100,16,16,146.00,752.00,0.8049,2.9241,0.8849,10089.28,0.0991,583.00,0.9912,1.7315,1.5906,2.8858,4.3832
32,2000,100,16,24,146.00,752.00,0.8049,2.9241,0.8879,10180.71,0.0982,581.00,0.9822,1.7598,1.6170,2.8857,4.8829
32,2000,100,16,32,146.00,752.00,0.8049,2.9241,0.8884,10124.86,0.0988,582.00,0.9877,1.7592,1.6098,2.8368,4.8092
32,2000,100,32,6,146.00,752.00,0.8049,2.9241,0.8857,5346.67,0.1870,580.00,1.8703,3.3880,3.1596,4.9769,10.5288
32,2000,100,32,12,146.00,752.00,0.8049,2.9241,0.9343,5118.41,0.1954,591.00,1.9537,3.5821,3.3750,5.5823,8.4725
32,2000,100,32,25,146.00,752.00,0.8049,2.9241,0.9512,5278.52,0.1894,586.00,1.8945,3.4476,3.2006,5.2630,9.4938
32,2000,100,32,32,146.00,752.00,0.8049,2.9241,0.9524,5249.02,0.1905,589.00,1.9051,3.5171,3.2976,5.3010,9.0994
32,2000,100,32,48,146.00,752.00,0.8049,2.9241,0.9534,5299.77,0.1887,584.00,1.8869,3.3952,3.1771,5.1737,9.7293
32,2000,100,32,64,146.00,752.00,0.8049,2.9241,0.9536,5440.85,0.1838,582.00,1.8379,3.4363,3.1882,5.0783,9.9261
32,2000,100,64,12,146.00,752.00,0.8049,2.9241,0.9546,2883.40,0.3468,584.00,3.4681,6.6360,6.2812,8.9312,19.2176
32,2000,100,64,25,146.00,752.00,0.8049,2.9241,0.9802,2822.54,0.3543,592.00,3.5429,6.7212,6.3617,9.3030,19.1742
32,2000,100,64,51,146.00,752.00,0.8049,2.9241,0.9853,2763.28,0.3619,582.00,3.6189,6.8082,6.4730,9.4873,19.4687
32,2000,100,64,64,146.00,752.00,0.8049,2.9241,0.9855,2767.85,0.3613,593.00,3.6129,6.6482,6.2958,9.2919,19.1233
32,2000,100,64,96,146.00,752.00,0.8049,2.9241,0.9857,2879.55,0.3473,593.00,3.4728,6.6506,6.2506,8.9989,19.9982
32,2000,100,64,128,146.00,752.00,0.8049,2.9241,0.9857,2835.62,0.3527,586.00,3.5266,6.6326,6.2976,9.1762,13.6936
32,2000,100,128,25,146.00,752.00,0.8049,2.9241,0.9885,1489.29,0.6715,597.00,6.7146,12.8777,12.3253,16.4449,39.3410
32,2000,100,128,51,146.00,752.00,0.8049,2.9241,0.9959,1417.26,0.7056,589.00,7.0558,13.4928,13.0249,17.5052,37.6876
32,2000,100,128,102,146.00,752.00,0.8049,2.9241,0.9969,1443.89,0.6926,590.00,6.9257,12.8238,12.3593,16.5242,41.1998
32,2000,100,128,128,146.00,752.00,0.8049,2.9241,0.9970,1472.35,0.6792,589.00,6.7919,12.8149,12.3513,16.6182,31.5510
32,2000,100,128,192,146.00,752.00,0.8049,2.9241,0.9970,1443.82,0.6926,593.00,6.9261,12.8741,12.4002,16.4192,41.2454
32,2000,100,128,256,146.00,752.00,0.8049,2.9241,0.9970,1427.15,0.7007,599.00,7.0070,13.2493,12.7433,17.1875,38.7653
32,2000,200,2,1,150.00,749.00,0.8701,2.9977,0.4044,44932.14,0.0223,555.00,0.2226,0.2974,0.2591,0.6215,0.9391
32,2000,200,2,1,150.00,749.00,0.8701,2.9977,0.4044,46337.79,0.0216,556.00,0.2158,0.2577,0.2172,0.5642,0.8535
32,2000,200,2,1,150.00,749.00,0.8701,2.9977,0.4044,45470.51,0.0220,556.00,0.2199,0.2563,0.2170,0.5494,0.8525
32,2000,200,2,2,150.00,749.00,0.8701,2.9977,0.4575,43208.53,0.0231,561.00,0.2314,0.2461,0.2072,0.5482,0.8286
32,2000,200,2,3,150.00,749.00,0.8701,2.9977,0.4797,46320.31,0.0216,556.00,0.2159,0.2444,0.2086,0.5179,0.8172
32,2000,200,2,4,150.00,749.00,0.8701,2.9977,0.4891,45962.47,0.0218,559.00,0.2176,0.2554,0.2156,0.5543,0.8989
32,2000,200,4,1,150.00,749.00,0.8701,2.9977,0.5002,29169.46,0.0343,560.00,0.3428,0.4872,0.4343,0.9412,1.5238
32,2000,200,4,1,150.00,749.00,0.8701,2.9977,0.5002,30353.82,0.0329,558.00,0.3294,0.4719,0.4173,0.9308,1.4675
32,2000,200,4,3,150.00,749.00,0.8701,2.9977,0.6103,29917.12,0.0334,560.00,0.3343,0.4885,0.4348,0.9643,1.4971
32,2000,200,4,4,150.00,749.00,0.8701,2.9977,0.6254,30603.47,0.0327,561.00,0.3268,0.4700,0.4164,0.9352,1.4136
32,2000,200,4,6,150.00,749.00,0.8701,2.9977,0.6404,30527.19,0.0328,560.00,0.3276,0.4708,0.4230,0.9191,1.3994
32,2000,200,4,8,150.00,749.00,0.8701,2.9977,0.6469,30281.47,0.0330,559.00,0.3302,0.4576,0.4027,0.8953,1.5058
32,2000,200,8,1,150.00,749.00,0.8701,2.9977,0.5626,18515.24,0.0540,558.00,0.5401,0.8839,0.8006,1.5871,2.4278
32,2000,200,8,3,150.00,749.00,0.8701,2.9977,0.7136,18053.37,0.0554,561.00,0.5539,0.8856,0.7989,1.5752,2.5485
32,2000,200,8,6,150.00,749.00,0.8701,2.9977,0.7631,18282.09,0.0547,559.00,0.5470,0.8940,0.8047,1.6042,2.6790
32,2000,200,8,8,150.00,749.00,0.8701,2.9977,0.7741,18720.98,0.0534,561.00,0.5342,0.8985,0.8090,1.6256,2.4703
32,2000,200,8,12,150.00,749.00,0.8701,2.9977,0.7827,17877.04,0.0559,560.00,0.5594,0.8998,0.8187,1.6687,2.5227
32,2000,200,8,16,150.00,749.00,0.8701,2.9977,0.7847,18868.13,0.0530,558.00,0.5300,0.8855,0.7978,1.6351,2.6501
32,2000,200,16,3,150.00,749.00,0.8701,2.9977,0.7757,10085.73,0.0991,560.00,0.9915,1.7257,1.5863,2.8092,4.7542
32,2000,200,16,6,150.00,749.00,0.8701,2.9977,0.8474,9843.02,0.1016,561.00,1.0159,1.7702,1.6126,2.9070,5.3976
32,2000,200,16,12,150.00,749.00,0.8701,2.9977,0.8808,10101.20,0.0990,559.00,0.9900,1.7644,1.6167,2.9369,4.5820
32,2000,200,16,16,150.00,749.00,0.8701,2.9977,0.8857,9928.45,0.1007,559.00,1.0072,1.7853,1.6391,2.9228,4.9564
32,2000,200,16,24,150.00,749.00,0.8701,2.9977,0.8885,10095.38,0.0991,558.00,0.9906,1.7332,1.5855,2.8216,5.0143
32,2000,200,16,32,150.00,749.00,0.8701,2.9977,0.8891,9919.34,0.1008,562.00,1.0081,1.7469,1.6063,2.8335,5.1406
32,2000,200,32,6,150.00,749.00,0.8701,2.9977,0.8858,5098.92,0.1961,559.00,1.9612,3.4411,3.2047,5.2617,10.5207
32,2000,200,32,12,150.00,749.00,0.8701,2.9977,0.9362,5370.45,0.1862,559.00,1.8620,3.3753,3.1231,5.0110,10.7483
32,2000,200,32,25,150.00,749.00,0.8701,2.9977,0.9516,5490.46,0.1821,561.00,1.8213,3.3649,3.1358,4.9940,7.2572
32,2000,200,32,32,150.00,749.00,0.8701,2.9977,0.9531,5498.99,0.1819,569.00,1.8185,3.3802,3.1559,5.0723,7.6480
32,2000,200,32,48,150.00,749.00,0.8701,2.9977,0.9539,5464.81,0.1830,566.00,1.8299,3.3823,3.1635,5.1230,7.5381
32,2000,200,32,64,150.00,749.00,0.8701,2.9977,0.9539,5500.24,0.1818,566.00,1.8181,3.3985,3.1354,5.0691,9.9290
32,2000,200,64,12,150.00,749.00,0.8701,2.9977,0.9570,2877.88,0.3475,570.00,3.4748,6.5848,6.2125,8.7456,19.9269
32,2000,200,64,25,150.00,749.00,0.8701,2.9977,0.9804,2874.66,0.3479,564.00,3.4787,6.6534,6.2894,9.0194,19.6001
32,2000,200,64,51,150.00,749.00,0.8701,2.9977,0.9854,2910.35,0.3436,570.00,3.4360,6.5770,6.2614,9.0611,13.3827
32,2000,200,64,64,150.00,749.00,0.8701,2.9977,0.9857,2903.67,0.3444,568.00,3.4439,6.5602,6.1780,8.7302,19.6018
32,2000,200,64,96,150.00,749.00,0.8701,2.9977,0.9858,2925.63,0.3418,570.00,3.4181,6.6002,6.2257,8.7493,19.4609
32,2000,200,64,128,150.00,749.00,0.8701,2.9977,0.9858,2835.60,0.3527,570.00,3.5266,6.6303,6.3312,9.1441,12.7510
32,2000,200,128,25,150.00,749.00,0.8701,2.9977,0.9885,1502.99,0.6653,570.00,6.6534,12.7761,12.2236,15.9901,39.6644
32,2000,200,128,51,150.00,749.00,0.8701,2.9977,0.9959,1496.82,0.6681,577.00,6.6808,12.6638,12.2300,16.3925,34.4964
32,2000,200,128,102,150.00,749.00,0.8701,2.9977,0.9969,1483.35,0.6741,571.00,6.7415,12.6816,12.2798,16.2034,38.4320
32,2000,200,128,128,150.00,749.00,0.8701,2.9977,0.9970,1489.38,0.6714,570.00,6.7142,12.8599,12.2833,16.2388,39.4443
32,2000,200,128,192,150.00,749.00,0.8701,2.9977,0.9970,1472.81,0.6790,569.00,6.7898,12.8197,12.3442,16.7993,29.4102
32,2000,200,128,256,150.00,749.00,0.8701,2.9977,0.9970,1483.67,0.6740,580.00,6.7401,12.8025,12.4177,16.6238,25.7675
32,3000,40,3,1,131.00,735.00,1.1992,3.6886,0.5085,42779.37,0.0234,554.00,0.2338,0.3094,0.2693,0.6443,0.9744
32,3000,40,3,1,131.00,735.00,1.1992,3.6886,0.5085,43206.04,0.0231,555.00,0.2314,0.2779,0.2350,0.5951,0.9378
32,3000,40,3,2,131.00,735.00,1.1992,3.6886,0.5426,44126.87,0.0227,556.00,0.2266,0.2750,0.2365,0.5719,0.8378
32,3000,40,3,3,131.00,735.00,1.1992,3.6886,0.5523,45315.36,0.0221,555.00,0.2207,0.2683,0.2309,0.5581,0.8402
32,3000,40,3,4,131.00,735.00,1.1992,3.6886,0.5549,44800.23,0.0223,558.00,0.2232,0.2619,0.2217,0.5562,0.8911
32,3000,40,3,6,131.00,735.00,1.1992,3.6886,0.5577,45765.49,0.0219,557.00,0.2185,0.2549,0.2189,0.5369,0.8311
32,3000,40,6,1,131.00,735.00,1.1992,3.6886,0.6184,27861.56,0.0359,557.00,0.3589,0.4926,0.4352,0.9480,1.5893
32,3000,40,6,2,131.00,735.00,1.1992,3.6886,0.6703,29765.10,0.0336,555.00,0.3360,0.4964,0.4440,0.9435,1.4574
32,3000,40,6,4,131.00,735.00,1.1992,3.6886,0.6914,27507.95,0.0364,554.00,0.3635,0.4996,0.4383,1.0057,1.5567
32,3000,40,6,6,131.00,735.00,1.1992,3.6886,0.6954,29631.92,0.0337,555.00,0.3375,0.4820,0.4285,0.9291,1.5194
32,3000,40,6,9,131.00,735.00,1.1992,3.6886,0.6973,30476.48,0.0328,554.00,0.3281,0.4809,0.4208,0.9309,1.5368
32,3000,40,6,12,131.00,735.00,1.1992,3.6886,0.6977,28427.23,0.0352,555.00,0.3518,0.4659,0.4125,0.9279,1.3844
32,3000,40,12,2,131.00,735.00,1.1992,3.6886,0.7703,17862.98,0.0560,555.00,0.5598,0.9416,0.8429,1.7326,2.6636
32,3000,40,12,4,131.00,735.00,1.1992,3.6886,0.8043,17445.53,0.0573,556.00,0.5732,0.9233,0.8244,1.6594,2.6774
32,3000,40,12,9,131.00,735.00,1.1992,3.6886,0.8173,16798.79,0.0595,559.00,0.5953,0.9415,0.8470,1.7231,2.5032
32,3000,40,12,12,131.00,735.00,1.1992,3.6886,0.8183,17105.38,0.0585,557.00,0.5846,0.9499,0.8493,1.7173,2.6272
32,3000,40,12,18,131.00,735.00,1.1992,3.6886,0.8187,16911.05,0.0591,557.00,0.5913,0.9637,0.8683,1.7808,2.6007
32,3000,40,12,24,131.00,735.00,1.1992,3.6886,0.8188,16821.37,0.0594,558.00,0.5945,0.9882,0.8965,1.7761,2.5629
32,3000,40,24,4,131.00,735.00,1.1992,3.6886,0.8815,8916.10,0.1122,554.00,1.1216,1.9359,1.7904,3.2312,4.3746
32,3000,40,24,9,131.00,735.00,1.1992,3.6886,0.9047,9091.15,0.1100,554.00,1.1000,1.8826,1.7171,3.1337,5.0868
32,3000,40,24,19,131.00,735.00,1.1992,3.6886,0.9087,9050.90,0.1105,553.00,1.1049,1.8743,1.7112,3.1012,5.1455
32,3000,40,24,24,131.00,735.00,1.1992,3.6886,0.9090,9194.26,0.1088,556.00,1.0876,1.8473,1.6784,3.0577,5.2201
32,3000,40,24,36,131.00,735.00,1.1992,3.6886,0.9093,9406.48,0.1063,556.00,1.0631,1.8303,1.6639,3.0371,5.0970
32,3000,40,24,48,131.00,735.00,1.1992,3.6886,0.9094,9019.26,0.1109,556.00,1.1087,1.9216,1.7740,3.2180,4.7353
32,3000,40,48,9,131.00,735.00,1.1992,3.6886,0.9539,4807.37,0.2080,556.00,2.0801,3.7075,3.4306,5.6374,10.6662
32,3000,40,48,19,131.00,735.00,1.1992,3.6886,0.9623,4824.60,0.2073,556.00,2.0727,3.6841,3.4176,5.6292,10.5056
32,3000,40,48,38,131.00,735.00,1.1992,3.6886,0.9635,4807.94,0.2080,553.00,2.0799,3.7092,3.4367,5.7454,10.7294
32,3000,40,48,48,131.00,735.00,1.1992,3.6886,0.9637,4986.66,0.2005,558.00,2.0054,3.6172,3.3604,5.4586,10.8068
32,3000,40,48,72,131.00,735.00,1.1992,3.6886,0.9637,5052.50,0.1979,557.00,1.9792,3.5377,3.2830,5.3211,9.8259
32,3000,40,48,96,131.00,735.00,1.1992,3.6886,0.9637,4773.30,0.2095,557.00,2.0950,3.7112,3.4308,5.6711,10.3672
32,3000,40,96,19,131.00,735.00,1.1992,3.6886,0.9857,2529.45,0.3953,559.00,3.9534,7.0490,6.6540,10.0391,20.6690
32,3000,40,96,38,131.00,735.00,1.1992,3.6886,0.9890,2548.77,0.3923,557.00,3.9235,7.1142,6.7038,10.0777,20.1664
32,3000,40,96,76,131.00,735.00,1.1992,3.6886,0.9895,2520.23,0.3968,558.00,3.9679,7.1986,6.7983,10.0568,20.6364
32,3000,40,96,96,131.00,735.00,1.1992,3.6886,0.9896,2557.86,0.3910,558.00,3.9095,7.2109,6.9162,10.3200,16.6891
32,3000,40,96,144,131.00,735.00,1.1992,3.6886,0.9896,2597.09,0.3850,561.00,3.8505,7.0110,6.6160,9.7929,20.8824
32,3000,40,96,192,131.00,735.00,1.1992,3.6886,0.9896,2572.75,0.3887,569.00,3.8869,7.2629,6.9379,10.3450,15.9590
32,3000,40,192,38,131.00,735.00,1.1992,3.6886,0.9965,1337.83,0.7475,579.00,7.4748,13.7201,13.1502,17.9346,37.9846
32,3000,40,192,76,131.00,735.00,1.1992,3.6886,0.9976,1364.23,0.7330,577.00,7.3302,13.5827,12.9923,17.8592,35.5891
32,3000,40,192,153,131.00,735.00,1.1992,3.6886,0.9977,1375.08,0.7272,578.00,7.2723,13.3619,12.8013,17.5743,39.0093
32,3000,40,192,192,131.00,735.00,1.1992,3.6886,0.9977,1437.74,0.6955,574.00,6.9554,13.0060,12.5055,16.8014,39.0613
32,3000,40,192,288,131.00,735.00,1.1992,3.6886,0.9977,1376.43,0.7265,573.00,7.2652,13.4276,12.8903,17.5996,37.0276
32,3000,40,192,384,131.00,735.00,1.1992,3.6886,0.9977,1341.01,0.7457,575.00,7.4571,13.7111,13.1422,17.7843,40.3886
32,3000,100,3,1,127.00,737.00,0.9588,3.1941,0.4408,40799.44,0.0245,553.00,0.2451,0.3110,0.2715,0.6405,0.9343
32,3000,100,3,1,127.00,737.00,0.9588,3.1941,0.4408,43079.31,0.0232,556.00,0.2321,0.2789,0.2377,0.5977,0.9191
32,3000,100,3,2,127.00,737.00,0.9588,3.1941,0.5036,43748.88,0.0229,558.00,0.2286,0.2674,0.2273,0.5773,0.8906
32,3000,100,3,3,127.00,737.00,0.9588,3.1941,0.5282,45227.04,0.0221,558.00,0.2211,0.2615,0.2211,0.5711,0.8794
32,3000,100,3,4,127.00,737.00,0.9588,3.1941,0.5397,44773.17,0.0223,559.00,0.2233,0.2600,0.2199,0.5614,0.8824
32,3000,100,3,6,127.00,737.00,0.9588,3.1941,0.5507,45591.86,0.0219,555.00,0.2193,0.2518,0.2109,0.5477,0.8517
32,3000,100,6,1,127.00,737.00,0.9588,3.1941,0.5210,27594.83,0.0362,554.00,0.3624,0.4997,0.4356,0.9975,1.6129
32,3000,100,6,2,127.00,737.00,0.9588,3.1941,0.6089,28576.04,0.0350,559.00,0.3499,0.5016,0.4482,0.9735,1.4578
32,3000,100,6,4,127.00,737.00,0.9588,3.1941,0.6655,28812.99,0.0347,559.00,0.3471,0.5206,0.4547,1.0376,1.5810
32,3000,100,6,6,127.00,737.00,0.9588,3.1941,0.6829,27466.16,0.0364,558.00,0.3641,0.5063,0.4393,1.0406,1.5915
32,3000,100,6,9,127.00,737.00,0.9588,3.1941,0.6931,28957.66,0.0345,556.00,0.3453,0.5122,0.4537,1.0044,1.5513
32,3000,100,6,12,127.00,737.00,0.9588,3.1941,0.6969,28059.50,0.0356,558.00,0.3564,0.4946,0.4264,1.0212,1.6333
32,3000,100,12,2,127.00,737.00,0.9588,3.1941,0.6754,16351.27,0.0612,556.00,0.6116,0.9824,0.8806,1.8074,2.8154
32,3000,100,12,4,127.00,737.00,0.9588,3.1941,0.7555,16129.70,0.0620,558.00,0.6200,0.9725,0.8757,1.7918,2.7612
32,3000,100,12,9,127.00,737.00,0.9588,3.1941,0.8063,16554.45,0.0604,557.00,0.6041,0.9625,0.8656,1.7694,2.4946
32,3000,100,12,12,127.00,737.00,0.9588,3.1941,0.8138,16766.37,0.0596,559.00,0.5964,0.9807,0.8901,1.7536,2.6341
32,3000,100,12,18,127.00,737.00,0.9588,3.1941,0.8188,15372.36,0.0651,559.00,0.6505,1.0175,0.9316,1.8585,2.4901
32,3000,100,12,24,127.00,737.00,0.9588,3.1941,0.8197,16388.59,0.0610,557.00,0.6102,1.0026,0.8867,1.8850,2.9689
32,3000,100,24,4,127.00,737.00,0.9588,3.1941,0.8061,9080.05,0.1101,567.00,1.1013,1.8846,1.7095,3.1445,5.6696
32,3000,100,24,9,127.00,737.00,0.9588,3.1941,0.8805,9007.89,0.1110,560.00,1.1101,1.9171,1.7598,3.2849,4.7765
32,3000,100,24,19,127.00,737.00,0.9588,3.1941,0.9055,8623.26,0.1160,563.00,1.1597,1.9287,1.7710,3.3563,5.1781
32,3000,100,24,24,127.00,737.00,0.9588,3.1941,0.9075,8716.40,0.1147,556.00,1.1473,1.8824,1.7217,3.2695,5.4968
32,3000,100,24,36,127.00,737.00,0.9588,3.1941,0.9090,8160.14,0.1225,559.00,1.2255,2.0583,1.9714,3.6179,4.5580
32,3000,100,24,48,127.00,737.00,0.9588,3.1941,0.9095,8380.57,0.1193,558.00,1.1932,1.9898,1.9066,3.5366,4.5184
32,3000,100,48,9,127.00,737.00,0.9588,3.1941,0.9159,4867.47,0.2054,564.00,2.0545,3.5929,3.3289,5.7580,11.0191
32,3000,100,48,19,127.00,737.00,0.9588,3.1941,0.9556,4879.04,0.2050,561.00,2.0496,3.6991,3.4589,5.7936,8.7943
32,3000,100,48,38,127.00,737.00,0.9588,3.1941,0.9637,4907.89,0.2038,559.00,2.0375,3.6066,3.3456,5.4740,10.3707
32,3000,100,48,48,127.00,737.00,0.9588,3.1941,0.9644,4830.77,0.2070,567.00,2.0701,3.6844,3.4250,5.6284,10.5039
32,3000,100,48,72,127.00,737.00,0.9588,3.1941,0.9647,4801.82,0.2083,561.00,2.0825,3.6812,3.4037,5.7235,10.6683
32,3000,100,48,96,127.00,737.00,0.9588,3.1941,0.9649,4746.35,0.2107,558.00,2.1069,3.7354,3.4671,5.6499,10.4089
32,3000,100,96,19,127.00,737.00,0.9588,3.1941,0.9732,2491.88,0.4013,564.00,4.0130,7.1095,6.6975,10.2362,20.4281
32,3000,100,96,38,127.00,737.00,0.9588,3.1941,0.9871,2597.19,0.3850,560.00,3.8503,7.0116,6.6040,9.8243,21.2795
32,3000,100,96,76,127.00,737.00,0.9588,3.1941,0.9896,2511.96,0.3981,558.00,3.9810,7.1873,6.7663,10.0730,20.9520
32,3000,100,96,96,127.00,737.00,0.9588,3.1941,0.9898,2552.57,0.3918,570.00,3.9176,7.0930,6.6931,9.9645,21.0699
32,3000,100,96,144,127.00,737.00,0.9588,3.1941,0.9899,2542.30,0.3933,570.00,3.9334,7.0916,6.6980,9.8974,20.7796
32,3000,100,96,192,127.00,737.00,0.9588,3.1941,0.9899,2573.42,0.3886,572.00,3.8859,7.0990,6.7230,9.8454,20.3963
32,3000,100,192,38,127.00,737.00,0.9588,3.1941,0.9929,1376.42,0.7265,579.00,7.2652,13.6167,13.1005,18.5430,31.7218
32,3000,100,192,76,127.00,737.00,0.9588,3.1941,0.9973,1395.15,0.7168,576.00,7.1677,13.2816,12.7097,17.1016,40.4871
32,3000,100,192,153,127.00,737.00,0.9588,3.1941,0.9979,1380.77,0.7242,573.00,7.2423,13.3933,12.8477,17.2484,41.0104
32,3000,100,192,192,127.00,737.00,0.9588,3.1941,0.9979,1388.20,0.7204,572.00,7.2036,13.2880,12.7268,17.0451,42.0658
32,3000,100,192,288,127.00,737.00,0.9588,3.1941,0.9979,1374.67,0.7274,577.00,7.2745,13.4240,12.9365,17.4398,40.7065
32,3000,100,192,384,127.00,737.00,0.9588,3.1941,0.9979,1354.61,0.7382,576.00,7.3822,13.6668,13.1052,18.5182,32.1744
32,3000,200,3,1,129.00,737.00,1.0763,3.3264,0.4431,41220.80,0.0243,556.00,0.2426,0.3097,0.2665,0.6609,1.0257
32,3000,200,3,1,129.00,737.00,1.0763,3.3264,0.4431,42714.76,0.0234,556.00,0.2341,0.2751,0.2342,0.5885,0.9459
32,3000,200,3,2,129.00,737.00,1.0763,3.3264,0.5046,42919.52,0.0233,557.00,0.2330,0.2741,0.2364,0.5771,0.9180
32,3000,200,3,3,129.00,737.00,1.0763,3.3264,0.5282,46959.71,0.0213,560.00,0.2129,0.2675,0.2302,0.5694,0.8583
32,3000,200,3,4,129.00,737.00,1.0763,3.3264,0.5394,46203.10,0.0216,558.00,0.2164,0.2563,0.2214,0.5425,0.8329
32,3000,200,3,6,129.00,737.00,1.0763,3.3264,0.5495,46968.38,0.0213,559.00,0.2129,0.2456,0.2047,0.5487,0.8693
32,3000,200,6,1,129.00,737.00,1.0763,3.3264,0.5232,29603.82,0.0338,556.00,0.3378,0.4974,0.4397,0.9811,1.5404
32,3000,200,6,2,129.00,737.00,1.0763,3.3264,0.6094,29053.27,0.0344,557.00,0.3442,0.5046,0.4467,0.9744,1.4637
32,3000,200,6,4,129.00,737.00,1.0763,3.3264,0.6659,29274.03,0.0342,557.00,0.3416,0.5021,0.4438,0.9944,1.4870
32,3000,200,6,6,129.00,737.00,1.0763,3.3264,0.6834,29690.50,0.0337,559.00,0.3368,0.4835,0.4298,0.9247,1.4398
32,3000,200,6,9,129.00,737.00,1.0763,3.3264,0.6925,29775.74,0.0336,559.00,0.3358,0.4845,0.4265,0.9652,1.4786
32,3000,200,6,12,129.00,737.00,1.0763,3.3264,0.6964,29122.90,0.0343,560.00,0.3434,0.4831,0.4283,0.9794,1.4689
32,3000,200,12,2,129.00,737.00,1.0763,3.3264,0.6780,17118.41,0.0584,560.00,0.5842,0.9615,0.8665,1.7361,2.6569
32,3000,200,12,4,129.00,737.00,1.0763,3.3264,0.7583,17829.53,0.0561,559.00,0.5609,0.9536,0.8592,1.6783,2.5992
32,3000,200,12,9,129.00,737.00,1.0763,3.3264,0.8065,17648.66,0.0567,560.00,0.5666,0.9503,0.8520,1.7344,2.6988
32,3000,200,12,12,129.00,737.00,1.0763,3.3264,0.8141,17685.19,0.0565,559.00,0.5654,0.9419,0.8399,1.7520,2.6962
32,3000,200,12,18,129.00,737.00,1.0763,3.3264,0.8181,17998.46,0.0556,559.00,0.5556,0.9432,0.8394,1.7675,2.5582
32,3000,200,12,24,129.00,737.00,1.0763,3.3264,0.8193,17441.42,0.0573,561.00,0.5733,0.9396,0.8463,1.6801,2.5213
32,3000,200,24,4,129.00,737.00,1.0763,3.3264,0.8091,10001.25,0.1000,564.00,0.9999,1.8172,1.6563,3.0286,5.1146
32,3000,200,24,9,129.00,737.00,1.0763,3.3264,0.8799,9827.73,0.1018,561.00,1.0175,1.8429,1.6707,3.0876,4.8434
32,3000,200,24,19,129.00,737.00,1.0763,3.3264,0.9051,9776.21,0.1023,563.00,1.0229,1.8309,1.6684,3.0561,5.0977
32,3000,200,24,24,129.00,737.00,1.0763,3.3264,0.9073,9658.68,0.1035,566.00,1.0353,1.8165,1.6597,2.9664,5.2750
32,3000,200,24,36,129.00,737.00,1.0763,3.3264,0.9091,9808.00,0.1020,559.00,1.0196,1.8241,1.6735,2.9985,4.4571
32,3000,200,24,48,129.00,737.00,1.0763,3.3264,0.9093,9897.06,0.1010,559.00,1.0104,1.8220,1.6615,3.0595,4.7219
32,3000,200,48,9,129.00,737.00,1.0763,3.3264,0.9161,5324.47,0.1878,554.00,1.8781,3.5457,3.2835,5.3671,9.4545
32,3000,200,48,19,129.00,737.00,1.0763,3.3264,0.9549,5194.95,0.1925,558.00,1.9249,3.5240,3.2740,5.3523,8.7463
32,3000,200,48,38,129.00,737.00,1.0763,3.3264,0.9633,5311.11,0.1883,558.00,1.8828,3.5570,3.2885,5.3893,9.3495
32,3000,200,48,48,129.00,737.00,1.0763,3.3264,0.9642,5201.52,0.1923,560.00,1.9225,3.5788,3.3123,5.4609,9.6057
32,3000,200,48,72,129.00,737.00,1.0763,3.3264,0.9644,5233.36,0.1911,560.00,1.9108,3.5959,3.3221,5.4251,9.6245
32,3000,200,48,96,129.00,737.00,1.0763,3.3264,0.9644,5150.64,0.1942,554.00,1.9415,3.6544,3.3961,5.4837,9.5971
32,3000,200,96,19,129.00,737.00,1.0763,3.3264,0.9722,2803.54,0.3567,560.00,3.5669,6.8338,6.4560,9.3128,18.5661
32,3000,200,96,38,129.00,737.00,1.0763,3.3264,0.9868,2643.65,0.3783,559.00,3.7826,6.9429,6.5473,9.7240,20.1981
32,3000,200,96,76,129.00,737.00,1.0763,3.3264,0.9895,2640.01,0.3788,559.00,3.7879,6.9516,6.5565,9.7415,20.4145
32,3000,200,96,96,129.00,737.00,1.0763,3.3264,0.9897,2677.71,0.3735,567.00,3.7345,7.0190,6.6404,9.9271,18.3051
32,3000,200,96,144,129.00,737.00,1.0763,3.3264,0.9898,2623.09,0.3812,569.00,3.8123,6.9165,6.5597,9.7442,20.6485
32,3000,200,96,192,129.00,737.00,1.0763,3.3264,0.9898,2691.51,0.3715,568.00,3.7154,6.8918,6.5464,9.7207,20.5713
32,3000,200,192,38,129.00,737.00,1.0763,3.3264,0.9930,1480.67,0.6754,580.00,6.7537,13.1139,12.5786,16.6601,35.3846
32,3000,200,192,76,129.00,737.00,1.0763,3.3264,0.9974,1463.30,0.6834,575.00,6.8339,13.2338,12.6595,16.9170,37.0869
32,3000,200,192,153,129.00,737.00,1.0763,3.3264,0.9979,1422.68,0.7029,572.00,7.0290,13.1724,12.7070,17.0877,38.3338
32,3000,200,192,192,129.00,737.00,1.0763,3.3264,0.9980,1444.75,0.6922,572.00,6.9216,13.3584,12.8020,17.1284,37.1284
32,3000,200,192,288,129.00,737.00,1.0763,3.3264,0.9980,1419.56,0.7044,582.00,7.0444,13.2437,12.8368,17.0725,41.9794
32,3000,200,192,384,129.00,737.00,1.0763,3.3264,0.9980,1453.24,0.6881,584.00,6.8812,13.4224,12.8141,16.4891,39.2692
32,4000,40,4,1,135.00,742.00,1.3235,3.8436,0.5299,42739.51,0.0234,572.00,0.2340,0.3194,0.2817,0.6586,0.9853
32,4000,40,4,1,135.00,742.00,1.3235,3.8436,0.5299,43059.72,0.0232,573.00,0.2322,0.2968,0.2616,0.6082,0.9370
32,4000,40,4,3,135.00,742.00,1.3235,3.8436,0.5852,43874.02,0.0228,573.00,0.2279,0.2919,0.2542,0.6019,0.8713
32,4000,40,4,4,135.00,742.00,1.3235,3.8436,0.5894,43565.82,0.0230,573.00,0.2295,0.2818,0.2455,0.5790,0.8704
32,4000,40,4,6,135.00,742.00,1.3235,3.8436,0.5931,43416.98,0.0230,572.00,0.2303,0.2841,0.2498,0.5827,0.8873
32,4000,40,4,8,135.00,742.00,1.3235,3.8436,0.5941,43322.60,0.0231,575.00,0.2308,0.2806,0.2446,0.5656,0.8298
32,4000,40,8,1,135.00,742.00,1.3235,3.8436,0.6273,26004.62,0.0385,573.00,0.3845,0.5569,0.4994,1.1005,1.5618
32,4000,40,8,3,135.00,742.00,1.3235,3.8436,0.7086,26819.05,0.0373,575.00,0.3729,0.5636,0.5094,1.0535,1.4362
32,4000,40,8,6,135.00,742.00,1.3235,3.8436,0.7230,27915.97,0.0358,572.00,0.3582,0.5432,0.4919,1.0048,1.4388
32,4000,40,8,8,135.00,742.00,1.3235,3.8436,0.7255,28302.95,0.0353,576.00,0.3533,0.5270,0.4718,1.0092,1.5205
32,4000,40,8,12,135.00,742.00,1.3235,3.8436,0.7271,29023.55,0.0345,574.00,0.3445,0.5186,0.4613,1.0137,1.5153
32,4000,40,8,16,135.00,742.00,1.3235,3.8436,0.7276,29275.94,0.0342,574.00,0.3416,0.5196,0.4655,0.9993,1.5044
32,4000,40,16,3,135.00,742.00,1.3235,3.8436,0.8031,16039.99,0.0623,572.00,0.6234,1.0517,0.9595,1.8550,2.5619
32,4000,40,16,6,135.00,742.00,1.3235,3.8436,0.8297,15581.95,0.0642,574.00,0.6418,1.0477,0.9613,1.8658,2.5237
32,4000,40,16,12,135.00,742.00,1.3235,3.8436,0.8386,16619.50,0.0602,574.00,0.6017,1.0096,0.9162,1.7588,2.8865
32,4000,40,16,16,135.00,742.00,1.3235,3.8436,0.8397,16788.40,0.0596,574.00,0.5956,0.9862,0.8917,1.7198,2.8293
32,4000,40,16,24,135.00,742.00,1.3235,3.8436,0.8400,17472.61,0.0572,575.00,0.5723,0.9945,0.9019,1.7611,2.5731
32,4000,40,16,32,135.00,742.00,1.3235,3.8436,0.8401,17302.32,0.0578,574.00,0.5780,0.9984,0.9036,1.7714,2.6586
32,4000,40,32,6,135.00,742.00,1.3235,3.8436,0.9005,9548.71,0.1047,573.00,1.0473,1.8896,1.7321,3.1422,4.9688
32,4000,40,32,12,135.00,742.00,1.3235,3.8436,0.9172,9623.13,0.1039,575.00,1.0392,1.8898,1.7239,3.1234,4.9194
32,4000,40,32,25,135.00,742.00,1.3235,3.8436,0.9213,9555.98,0.1046,575.00,1.0465,1.9062,1.7367,3.1566,5.0980
32,4000,40,32,32,135.00,742.00,1.3235,3.8436,0.9216,9384.67,0.1066,573.00,1.0656,1.9277,1.7543,3.1702,5.1273
32,4000,40,32,48,135.00,742.00,1.3235,3.8436,0.9217,9133.83,0.1095,574.00,1.0948,1.9702,1.8065,3.2504,4.7702
32,4000,40,32,64,135.00,742.00,1.3235,3.8436,0.9219,9533.79,0.1049,575.00,1.0489,1.9308,1.7768,3.1882,4.7009
32,4000,40,64,12,135.00,742.00,1.3235,3.8436,0.9597,4946.53,0.2022,570.00,2.0216,3.7510,3.4988,5.6492,9.1747
32,4000,40,64,25,135.00,742.00,1.3235,3.8436,0.9681,4958.96,0.2017,575.00,2.0166,3.7841,3.5358,5.7231,9.3412
32,4000,40,64,51,135.00,742.00,1.3235,3.8436,0.9694,4929.17,0.2029,572.00,2.0287,3.7568,3.5124,5.6749,9.5212
32,4000,40,64,64,135.00,742.00,1.3235,3.8436,0.9695,4904.72,0.2039,573.00,2.0389,3.7814,3.5441,5.8067,8.9767
32,4000,40,64,96,135.00,742.00,1.3235,3.8436,0.9696,4958.59,0.2017,575.00,2.0167,3.7929,3.5624,5.7259,8.9151
32,4000,40,64,128,135.00,742.00,1.3235,3.8436,0.9697,5012.12,0.1995,572.00,1.9952,3.7173,3.4623,5.5498,9.0198
32,4000,40,128,25,135.00,742.00,1.3235,3.8436,0.9881,2688.00,0.3720,586.00,3.7202,7.0589,6.7059,9.7794,17.4747
32,4000,40,128,51,135.00,742.00,1.3235,3.8436,0.9910,2731.94,0.3660,577.00,3.6604,7.0414,6.6686,9.6323,17.7719
32,4000,40,128,102,135.00,742.00,1.3235,3.8436,0.9915,2710.45,0.3689,575.00,3.6894,7.1508,6.7504,9.7634,18.9046
32,4000,40,128,128,135.00,742.00,1.3235,3.8436,0.9915,2655.95,0.3765,576.00,3.7651,7.2031,6.8410,10.1082,17.5393
32,4000,40,128,192,135.00,742.00,1.3235,3.8436,0.9915,2621.46,0.3815,578.00,3.8147,7.2532,6.8831,10.0942,18.1671
32,4000,40,128,256,135.00,742.00,1.3235,3.8436,0.9915,2624.09,0.3811,577.00,3.8108,7.1934,6.8524,9.9175,18.1214
32,4000,40,256,51,135.00,742.00,1.3235,3.8436,0.9972,1383.86,0.7226,598.00,7.2262,13.6042,13.1803,18.0394,34.1073
32,4000,40,256,102,135.00,742.00,1.3235,3.8436,0.9981,1418.76,0.7048,600.00,7.0484,13.6365,13.0942,17.9860,33.3597
32,4000,40,256,204,135.00,742.00,1.3235,3.8436,0.9981,1399.51,0.7145,601.00,7.1454,13.5825,13.1605,18.0184,33.7368
32,4000,40,256,256,135.00,742.00,1.3235,3.8436,0.9981,1407.30,0.7106,601.00,7.1058,13.7171,13.2269,18.1551,31.9171
32,4000,40,256,384,135.00,742.00,1.3235,3.8436,0.9981,1411.43,0.7085,602.00,7.0850,13.8045,13.2879,17.4697,35.0889
32,4000,40,256,512,135.00,742.00,1.3235,3.8436,0.9982,1387.60,0.7207,593.00,7.2067,13.9313,13.4988,18.6681,28.6814
32,4000,100,4,1,146.00,742.00,1.0881,3.3401,0.4534,42033.89,0.0238,563.00,0.2379,0.3258,0.2893,0.6611,0.9888
32,4000,100,4,1,146.00,742.00,1.0881,3.3401,0.4534,42148.95,0.0237,563.00,0.2373,0.2931,0.2531,0.6322,0.9372
32,4000,100,4,3,146.00,742.00,1.0881,3.3401,0.5538,43264.24,0.0231,566.00,0.2311,0.2909,0.2498,0.6196,0.9242
32,4000,100,4,4,146.00,742.00,1.0881,3.3401,0.5681,44233.25,0.0226,567.00,0.2261,0.2807,0.2387,0.5888,0.9073
32,4000,100,4,6,146.00,742.00,1.0881,3.3401,0.5832,41477.51,0.0241,566.00,0.2411,0.2705,0.2345,0.5586,0.8635
32,4000,100,4,8,146.00,742.00,1.0881,3.3401,0.5890,44756.29,0.0223,567.00,0.2234,0.2631,0.2279,0.5506,0.8268
32,4000,100,8,1,146.00,742.00,1.0881,3.3401,0.5182,27762.42,0.0360,562.00,0.3602,0.5255,0.4712,1.0102,1.6018
32,4000,100,8,3,146.00,742.00,1.0881,3.3401,0.6582,28259.07,0.0354,567.00,0.3539,0.5276,0.4675,1.0064,1.5768
32,4000,100,8,6,146.00,742.00,1.0881,3.3401,0.7047,27542.96,0.0363,566.00,0.3631,0.5030,0.4448,0.9823,1.4891
32,4000,100,8,8,146.00,742.00,1.0881,3.3401,0.7151,28575.74,0.0350,567.00,0.3499,0.5154,0.4591,0.9880,1.4665
32,4000,100,8,12,146.00,742.00,1.0881,3.3401,0.7229,28391.24,0.0352,567.00,0.3522,0.5012,0.4463,0.9635,1.4553
32,4000,100,8,16,146.00,742.00,1.0881,3.3401,0.7256,29558.39,0.0338,566.00,0.3383,0.5069,0.4543,0.9936,1.4462
32,4000,100,16,3,146.00,742.00,1.0881,3.3401,0.7260,16964.82,0.0589,568.00,0.5895,0.9993,0.9047,1.7819,2.6766
32,4000,100,16,6,146.00,742.00,1.0881,3.3401,0.7948,16199.65,0.0617,567.00,0.6173,0.9960,0.9010,1.7902,2.7192
32,4000,100,16,12,146.00,742.00,1.0881,3.3401,0.8292,16765.06,0.0596,568.00,0.5965,1.0373,0.9405,1.8470,2.7550
32,4000,100,16,16,146.00,742.00,1.0881,3.3401,0.8346,16871.48,0.0593,565.00,0.5927,0.9819,0.8897,1.7723,2.5664
32,4000,100,16,24,146.00,742.00,1.0881,3.3401,0.8391,16923.69,0.0591,566.00,0.5909,0.9766,0.8856,1.7185,2.6597
32,4000,100,16,32,146.00,742.00,1.0881,3.3401,0.8398,16465.14,0.0607,566.00,0.6073,0.9948,0.9079,1.7599,2.4560
32,4000,100,32,6,146.00,742.00,1.0881,3.3401,0.8452,9417.91,0.1062,565.00,1.0618,1.8736,1.7313,3.0124,4.4534
32,4000,100,32,12,146.00,742.00,1.0881,3.3401,0.8993,9377.08,0.1066,566.00,1.0664,1.8912,1.7435,3.0720,4.5081
32,4000,100,32,25,146.00,742.00,1.0881,3.3401,0.9192,9444.50,0.1059,566.00,1.0588,1.9219,1.7605,3.1538,4.8518
32,4000,100,32,32,146.00,742.00,1.0881,3.3401,0.9214,9460.59,0.1057,575.00,1.0570,1.9113,1.7491,3.1833,4.7421
32,4000,100,32,48,146.00,742.00,1.0881,3.3401,0.9227,9240.67,0.1082,567.00,1.0822,1.9367,1.7777,3.1926,4.7667
32,4000,100,32,64,146.00,742.00,1.0881,3.3401,0.9230,9379.00,0.1066,565.00,1.0662,1.9200,1.7668,3.1219,4.5443
32,4000,100,64,12,146.00,742.00,1.0881,3.3401,0.9291,5162.55,0.1937,574.00,1.9370,3.6607,3.3994,5.4543,9.7694
32,4000,100,64,25,146.00,742.00,1.0881,3.3401,0.9613,5124.41,0.1951,569.00,1.9514,3.6573,3.4209,5.5991,8.2705
32,4000,100,64,51,146.00,742.00,1.0881,3.3401,0.9689,5071.70,0.1972,567.00,1.9717,3.6733,3.4395,5.5411,8.3955
32,4000,100,64,64,146.00,742.00,1.0881,3.3401,0.9693,5151.32,0.1941,575.00,1.9412,3.6805,3.4164,5.5773,9.3202
32,4000,100,64,96,146.00,742.00,1.0881,3.3401,0.9696,5087.86,0.1965,570.00,1.9655,3.6877,3.4454,5.5271,8.9380
32,4000,100,64,128,146.00,742.00,1.0881,3.3401,0.9696,5049.07,0.1981,566.00,1.9806,3.6975,3.4395,5.6170,9.5785
32,4000,100,128,25,146.00,742.00,1.0881,3.3401,0.9768,2745.49,0.3642,573.00,3.6423,7.0151,6.6357,9.5877,17.7709
32,4000,100,128,51,146.00,742.00,1.0881,3.3401,0.9894,2705.69,0.3696,578.00,3.6959,7.1264,6.7330,9.8366,17.9229
32,4000,100,128,102,146.00,742.00,1.0881,3.3401,0.9911,2709.88,0.3690,569.00,3.6902,7.1062,6.7371,9.7852,18.0591
32,4000,100,128,128,146.00,742.00,1.0881,3.3401,0.9912,2702.96,0.3700,578.00,3.6996,7.1335,6.7578,9.8109,18.0202
32,4000,100,128,192,146.00,742.00,1.0881,3.3401,0.9913,2681.18,0.3730,572.00,3.7297,7.1662,6.8251,9.8893,16.8369
32,4000,100,128,256,146.00,742.00,1.0881,3.3401,0.9913,2664.77,0.3753,569.00,3.7527,7.2421,6.8710,9.8555,18.5467
32,4000,100,256,51,146.00,742.00,1.0881,3.3401,0.9946,1418.29,0.7051,594.00,7.0507,13.5864,13.0674,17.6362,33.0904
32,4000,100,256,102,146.00,742.00,1.0881,3.3401,0.9976,1397.41,0.7156,592.00,7.1561,13.6472,13.2072,18.2275,33.6291
32,4000,100,256,204,146.00,742.00,1.0881,3.3401,0.9978,1411.98,0.7082,581.00,7.0823,13.8244,13.3082,17.8237,33.6181
32,4000,100,256,256,146.00,742.00,1.0881,3.3401,0.9979,1404.28,0.7121,591.00,7.1211,13.8583,13.3221,17.7194,35.7888
32,4000,100,256,384,146.00,742.00,1.0881,3.3401,0.9979,1375.34,0.7271,584.00,7.2709,13.9976,13.4728,18.0481,34.7503
32,4000,100,256,512,146.00,742.00,1.0881,3.3401,0.9979,1348.01,0.7418,588.00,7.4183,14.0356,13.5873,18.2967,36.3609
32,4000,200,4,1,139.00,743.00,1.2309,3.5464,0.4558,47488.34,0.0211,584.00,0.2106,0.2625,0.2265,0.5494,0.8030
32,4000,200,4,1,139.00,743.00,1.2309,3.5464,0.4558,49944.99,0.0200,581.00,0.2002,0.2341,0.1993,0.4938,0.7692
32,4000,200,4,3,139.00,743.00,1.2309,3.5464,0.5589,48965.52,0.0204,588.00,0.2042,0.2397,0.2042,0.4997,0.7540
32,4000,200,4,4,139.00,743.00,1.2309,3.5464,0.5722,50726.01,0.0197,584.00,0.1971,0.2228,0.1893,0.4713,0.7232
32,4000,200,4,6,139.00,743.00,1.2309,3.5464,0.5837,51341.56,0.0195,586.00,0.1948,0.2201,0.1880,0.4516,0.6933
32,4000,200,4,8,139.00,743.00,1.2309,3.5464,0.5894,50971.68,0.0196,585.00,0.1962,0.2173,0.1856,0.4477,0.7014
32,4000,200,8,1,139.00,743.00,1.2309,3.5464,0.5219,31678.59,0.0316,582.00,0.3157,0.4178,0.3696,0.8105,1.1940
32,4000,200,8,3,139.00,743.00,1.2309,3.5464,0.6638,33501.48,0.0298,585.00,0.2985,0.4267,0.3816,0.8024,1.1909
32,4000,200,8,6,139.00,743.00,1.2309,3.5464,0.7063,33693.56,0.0297,585.00,0.2968,0.4204,0.3708,0.8011,1.2481
32,4000,200,8,8,139.00,743.00,1.2309,3.5464,0.7161,32577.63,0.0307,584.00,0.3070,0.4171,0.3675,0.8186,1.2590
32,4000,200,8,12,139.00,743.00,1.2309,3.5464,0.7243,31498.27,0.0317,585.00,0.3175,0.4224,0.3737,0.8061,1.2737
32,4000,200,8,16,139.00,743.00,1.2309,3.5464,0.7267,30876.60,0.0324,585.00,0.3239,0.4215,0.3742,0.8159,1.2421
32,4000,200,16,3,139.00,743.00,1.2309,3.5464,0.7328,20788.11,0.0481,584.00,0.4810,0.7903,0.7127,1.4262,2.1703
32,4000,200,16,6,139.00,743.00,1.2309,3.5464,0.7981,18149.08,0.0551,582.00,0.5510,0.8536,0.7657,1.5479,2.4725
32,4000,200,16,12,139.00,743.00,1.2309,3.5464,0.8317,19892.75,0.0503,580.00,0.5027,0.8270,0.7508,1.4560,2.1539
32,4000,200,16,16,139.00,743.00,1.2309,3.5464,0.8376,19095.23,0.0524,587.00,0.5237,0.8353,0.7572,1.4785,2.2779
32,4000,200,16,24,139.00,743.00,1.2309,3.5464,0.8409,19332.74,0.0517,586.00,0.5173,0.7965,0.7169,1.4226,2.2835
32,4000,200,16,32,139.00,743.00,1.2309,3.5464,0.8417,20576.93,0.0486,582.00,0.4860,0.8034,0.7274,1.3986,2.2471
32,4000,200,32,6,139.00,743.00,1.2309,3.5464,0.8494,9469.67,0.1056,585.00,1.0560,1.7392,1.6311,3.0166,4.4716
32,4000,200,32,12,139.00,743.00,1.2309,3.5464,0.9007,9878.43,0.1012,593.00,1.0123,1.6550,1.5282,2.8712,4.5044
32,4000,200,32,25,139.00,743.00,1.2309,3.5464,0.9195,9420.21,0.1062,583.00,1.0615,1.7614,1.6517,3.0634,4.1607
32,4000,200,32,32,139.00,743.00,1.2309,3.5464,0.9214,9334.11,0.1071,584.00,1.0713,1.8040,1.6929,3.1856,4.4058
32,4000,200,32,48,139.00,743.00,1.2309,3.5464,0.9224,8982.44,0.1113,585.00,1.1133,1.8711,1.7616,3.1909,4.4728
32,4000,200,32,64,139.00,743.00,1.2309,3.5464,0.9225,9321.37,0.1073,585.00,1.0728,1.8148,1.7448,3.0693,3.9598
32,4000,200,64,12,139.00,743.00,1.2309,3.5464,0.9316,4941.07,0.2024,590.00,2.0239,3.5184,3.4160,5.6466,7.7966
32,4000,200,64,25,139.00,743.00,1.2309,3.5464,0.9627,5113.32,0.1956,582.00,1.9557,3.3993,3.2439,5.4468,7.9055
32,4000,200,64,51,139.00,743.00,1.2309,3.5464,0.9693,5329.05,0.1877,584.00,1.8765,3.2631,3.0467,5.2825,8.7716
32,4000,200,64,64,139.00,743.00,1.2309,3.5464,0.9697,5490.32,0.1821,574.00,1.8214,3.2139,3.0056,4.8880,8.0052
32,4000,200,64,96,139.00,743.00,1.2309,3.5464,0.9701,5552.20,0.1801,585.00,1.8011,3.1949,2.9817,4.9200,8.2743
32,4000,200,64,128,139.00,743.00,1.2309,3.5464,0.9700,5512.56,0.1814,582.00,1.8140,3.1880,2.9961,4.9028,7.9470
32,4000,200,128,25,139.00,743.00,1.2309,3.5464,0.9780,3030.53,0.3300,586.00,3.2998,6.0431,5.8097,8.6407,13.1867
32,4000,200,128,51,139.00,743.00,1.2309,3.5464,0.9897,3047.99,0.3281,586.00,3.2809,5.9602,5.6476,8.3873,15.5580
32,4000,200,128,102,139.00,743.00,1.2309,3.5464,0.9915,3012.21,0.3320,587.00,3.3198,6.0734,5.7492,8.5242,15.2677
32,4000,200,128,128,139.00,743.00,1.2309,3.5464,0.9915,2953.88,0.3385,589.00,3.3854,6.0661,5.7616,8.7053,15.7874
32,4000,200,128,192,139.00,743.00,1.2309,3.5464,0.9916,2881.94,0.3470,587.00,3.4699,6.1689,5.8673,9.1383,14.9688
32,4000,200,128,256,139.00,743.00,1.2309,3.5464,0.9916,2838.74,0.3523,588.00,3.5227,6.2687,6.0769,9.2758,12.3540
32,4000,200,256,51,139.00,743.00,1.2309,3.5464,0.9950,1580.84,0.6326,600.00,6.3258,11.5822,11.0674,15.2827,29.1337
32,4000,200,256,102,139.00,743.00,1.2309,3.5464,0.9979,1607.69,0.6220,600.00,6.2201,11.7647,11.3757,15.4250,27.4764
32,4000,200,256,204,139.00,743.00,1.2309,3.5464,0.9982,1567.24,0.6381,599.00,6.3806,11.7006,11.2506,15.2306,28.6152
32,4000,200,256,256,139.00,743.00,1.2309,3.5464,0.9982,1609.10,0.6215,597.00,6.2147,11.5397,11.0879,15.0445,27.7143
32,4000,200,256,384,139.00,743.00,1.2309,3.5464,0.9982,1614.15,0.6195,597.00,6.1952,11.5671,11.1028,15.1317,28.1292
32,4000,200,256,512,139.00,743.00,1.2309,3.5464,0.9982,1553.71,0.6436,612.00,6.4362,11.8833,11.4526,15.2999,29.6797
32,6000,40,6,1,163.00,733.00,1.5578,4.2212,0.5525,39820.66,0.0251,580.00,0.2511,0.3439,0.3040,0.6873,1.0041
32,6000,40,6,2,163.00,733.00,1.5578,4.2212,0.6103,41346.36,0.0242,580.00,0.2419,0.3191,0.2783,0.6509,0.9565
32,6000,40,6,4,163.00,733.00,1.5578,4.2212,0.6352,41573.07,0.0241,580.00,0.2405,0.2984,0.2578,0.6101,0.9172
32,6000,40,6,6,163.00,733.00,1.5578,4.2212,0.6412,43287.34,0.0231,580.00,0.2310,0.3050,0.2667,0.6157,0.8926
32,6000,40,6,9,163.00,733.00,1.5578,4.2212,0.6444,43999.20,0.0227,578.00,0.2273,0.2918,0.2551,0.5967,0.8912
32,6000,40,6,12,163.00,733.00,1.5578,4.2212,0.6449,40163.14,0.0249,581.00,0.2490,0.2941,0.2570,0.5839,0.8684
32,6000,40,12,2,163.00,733.00,1.5578,4.2212,0.7074,26698.68,0.0375,586.00,0.3746,0.5713,0.5153,1.0592,1.6101
32,6000,40,12,4,163.00,733.00,1.5578,4.2212,0.7474,26209.60,0.0382,578.00,0.3815,0.5627,0.5099,1.0517,1.5199
32,6000,40,12,9,163.00,733.00,1.5578,4.2212,0.7651,27108.63,0.0369,581.00,0.3689,0.5591,0.5052,1.0452,1.4730
32,6000,40,12,12,163.00,733.00,1.5578,4.2212,0.7669,26814.83,0.0373,579.00,0.3729,0.5554,0.5012,1.0240,1.5537
32,6000,40,12,18,163.00,733.00,1.5578,4.2212,0.7678,27264.38,0.0367,579.00,0.3668,0.5758,0.5233,1.0729,1.5547
32,6000,40,12,24,163.00,733.00,1.5578,4.2212,0.7681,26753.01,0.0374,578.00,0.3738,0.5655,0.5141,1.0416,1.4905
32,6000,40,24,4,163.00,733.00,1.5578,4.2212,0.8296,14586.87,0.0686,577.00,0.6855,1.1050,0.9992,1.9977,2.9654
32,6000,40,24,9,163.00,733.00,1.5578,4.2212,0.8592,15119.63,0.0661,581.00,0.6614,1.0978,0.9947,1.9658,3.0795
32,6000,40,24,19,163.00,733.00,1.5578,4.2212,0.8666,15872.43,0.0630,579.00,0.6300,1.0905,0.9933,1.8660,2.8332
32,6000,40,24,24,163.00,733.00,1.5578,4.2212,0.8673,16072.55,0.0622,578.00,0.6222,1.0627,0.9765,1.8410,2.6491
32,6000,40,24,36,163.00,733.00,1.5578,4.2212,0.8677,15336.55,0.0652,583.00,0.6520,1.1123,1.0247,1.8994,2.6906
32,6000,40,24,48,163.00,733.00,1.5578,4.2212,0.8677,15888.41,0.0629,580.00,0.6294,1.0665,0.9826,1.8421,2.5892
32,6000,40,48,9,163.00,733.00,1.5578,4.2212,0.9202,8786.78,0.1138,582.00,1.1381,2.0546,1.9015,3.3079,4.9105
32,6000,40,48,19,163.00,733.00,1.5578,4.2212,0.9344,8614.18,0.1161,579.00,1.1609,2.0907,1.9475,3.3574,4.5866
32,6000,40,48,38,163.00,733.00,1.5578,4.2212,0.9372,8839.59,0.1131,577.00,1.1313,2.0603,1.9021,3.3158,4.7826
32,6000,40,48,48,163.00,733.00,1.5578,4.2212,0.9373,8867.36,0.1128,575.00,1.1277,2.0732,1.9159,3.3016,5.0918
32,6000,40,48,72,163.00,733.00,1.5578,4.2212,0.9375,8914.93,0.1122,576.00,1.1217,2.0617,1.9078,3.3084,4.9595
32,6000,40,48,96,163.00,733.00,1.5578,4.2212,0.9375,8911.15,0.1122,580.00,1.1222,2.0714,1.9117,3.3029,5.1122
32,6000,40,96,19,163.00,733.00,1.5578,4.2212,0.9704,4720.59,0.2118,579.00,2.1184,3.8934,3.6615,5.7662,9.2042
32,6000,40,96,38,163.00,733.00,1.5578,4.2212,0.9766,4810.85,0.2079,581.00,2.0786,3.9342,3.7051,5.8555,8.9833
32,6000,40,96,76,163.00,733.00,1.5578,4.2212,0.9775,4765.40,0.2098,578.00,2.0985,3.9571,3.7183,5.9381,8.9758
32,6000,40,96,96,163.00,733.00,1.5578,4.2212,0.9775,4778.40,0.2093,578.00,2.0928,3.9911,3.7516,5.9376,9.4274
32,6000,40,96,144,163.00,733.00,1.5578,4.2212,0.9777,4493.47,0.2225,579.00,2.2255,4.1282,3.8974,6.1696,9.6942
32,6000,40,96,192,163.00,733.00,1.5578,4.2212,0.9777,4455.27,0.2245,582.00,2.2445,4.1646,3.9268,6.2004,9.4690
32,6000,40,192,38,163.00,733.00,1.5578,4.2212,0.9912,2326.09,0.4299,584.00,4.2991,8.0334,7.7168,11.2925,16.5511
32,6000,40,192,76,163.00,733.00,1.5578,4.2212,0.9931,2431.90,0.4112,584.00,4.1120,7.7927,7.4896,10.9847,16.5915
32,6000,40,192,153,163.00,733.00,1.5578,4.2212,0.9935,2507.59,0.3988,588.00,3.9879,7.6679,7.3627,10.7272,16.9285
32,6000,40,192,192,163.00,733.00,1.5578,4.2212,0.9935,2480.51,0.4031,590.00,4.0314,7.5812,7.2701,10.3239,19.0153
32,6000,40,192,288,163.00,733.00,1.5578,4.2212,0.9935,2467.30,0.4053,599.00,4.0530,7.8073,7.4928,10.8790,17.2032
32,6000,40,192,384,163.00,733.00,1.5578,4.2212,0.9935,2356.13,0.4244,588.00,4.2442,7.8885,7.5667,10.7799,19.7198
32,6000,40,384,76,163.00,733.00,1.5578,4.2212,0.9976,1337.66,0.7476,600.00,7.4757,14.2870,13.9229,20.0806,31.4538
32,6000,40,384,153,163.00,733.00,1.5578,4.2212,0.9982,1324.32,0.7551,606.00,7.5510,14.3443,13.9825,19.4231,32.8698
32,6000,40,384,307,163.00,733.00,1.5578,4.2212,0.9982,1312.62,0.7618,607.00,7.6184,14.5041,14.1279,19.1889,35.1040
32,6000,40,384,384,163.00,733.00,1.5578,4.2212,0.9982,1312.70,0.7618,619.00,7.6179,14.5793,14.1822,19.9420,32.1618
32,6000,40,384,576,163.00,733.00,1.5578,4.2212,0.9983,1258.36,0.7947,620.00,7.9469,15.1926,14.7313,21.4550,29.9465
32,6000,40,384,768,163.00,733.00,1.5578,4.2212,0.9984,1238.16,0.8076,610.00,8.0765,15.4632,15.0545,22.1889,29.4779
32,6000,100,6,1,164.00,734.00,1.2929,3.6580,0.4768,40191.84,0.0249,578.00,0.2488,0.3438,0.3037,0.6965,1.0292
32,6000,100,6,2,164.00,734.00,1.2929,3.6580,0.5592,39853.80,0.0251,580.00,0.2509,0.3091,0.2702,0.6212,0.9554
32,6000,100,6,4,164.00,734.00,1.2929,3.6580,0.6122,41716.12,0.0240,578.00,0.2397,0.2996,0.2609,0.6072,0.9366
32,6000,100,6,6,164.00,734.00,1.2929,3.6580,0.6291,39768.17,0.0251,581.00,0.2515,0.2958,0.2595,0.5956,0.9265
32,6000,100,6,9,164.00,734.00,1.2929,3.6580,0.6396,42952.80,0.0233,580.00,0.2328,0.3003,0.2623,0.6168,0.9092
32,6000,100,6,12,164.00,734.00,1.2929,3.6580,0.6428,43330.71,0.0231,579.00,0.2308,0.3014,0.2672,0.6009,0.9098
32,6000,100,12,2,164.00,734.00,1.2929,3.6580,0.6308,26519.80,0.0377,578.00,0.3771,0.5724,0.5161,1.0774,1.6493
32,6000,100,12,4,164.00,734.00,1.2929,3.6580,0.7066,26285.06,0.0380,581.00,0.3804,0.5662,0.5099,1.0493,1.6120
32,6000,100,12,9,164.00,734.00,1.2929,3.6580,0.7536,27268.40,0.0367,578.00,0.3667,0.5647,0.5060,1.0448,1.5887
32,6000,100,12,12,164.00,734.00,1.2929,3.6580,0.7601,26952.51,0.0371,580.00,0.3710,0.5685,0.5192,1.0662,1.5505
32,6000,100,12,18,164.00,734.00,1.2929,3.6580,0.7661,25811.77,0.0387,580.00,0.3874,0.5616,0.5063,1.0474,1.5155
32,6000,100,12,24,164.00,734.00,1.2929,3.6580,0.7673,24862.48,0.0402,577.00,0.4022,0.5834,0.5266,1.1017,1.5426
32,6000,100,24,4,164.00,734.00,1.2929,3.6580,0.7657,14735.37,0.0679,574.00,0.6786,1.1335,1.0514,1.9825,2.5645
32,6000,100,24,9,164.00,734.00,1.2929,3.6580,0.8373,14669.93,0.0682,577.00,0.6817,1.1555,1.0597,2.0342,2.6548
32,6000,100,24,19,164.00,734.00,1.2929,3.6580,0.8629,14817.75,0.0675,577.00,0.6749,1.1083,1.0030,1.9794,2.8666
32,6000,100,24,24,164.00,734.00,1.2929,3.6580,0.8658,14517.36,0.0689,579.00,0.6888,1.1394,1.0279,2.0161,3.1441
32,6000,100,24,36,164.00,734.00,1.2929,3.6580,0.8680,14756.55,0.0678,580.00,0.6777,1.1076,1.0060,1.9410,3.0592
32,6000,100,24,48,164.00,734.00,1.2929,3.6580,0.8684,14822.70,0.0675,581.00,0.6746,1.1532,1.0499,2.0119,2.7458
32,6000,100,48,9,164.00,734.00,1.2929,3.6580,0.8831,8749.99,0.1143,576.00,1.1429,2.0333,1.8794,3.2070,5.2365
32,6000,100,48,19,164.00,734.00,1.2929,3.6580,0.9264,8623.60,0.1160,576.00,1.1596,2.0537,1.8936,3.2670,5.3443
32,6000,100,48,38,164.00,734.00,1.2929,3.6580,0.9376,8718.81,0.1147,588.00,1.1469,2.0777,1.9239,3.3657,4.9690
32,6000,100,48,48,164.00,734.00,1.2929,3.6580,0.9386,8428.87,0.1186,584.00,1.1864,2.0844,1.9231,3.3394,5.3162
32,6000,100,48,72,164.00,734.00,1.2929,3.6580,0.9393,8927.21,0.1120,586.00,1.1202,2.0735,1.9202,3.3175,4.7370
32,6000,100,48,96,164.00,734.00,1.2929,3.6580,0.9394,8821.57,0.1134,580.00,1.1336,2.0698,1.9113,3.2993,4.8845
32,6000,100,96,19,164.00,734.00,1.2929,3.6580,0.9533,4848.74,0.2062,584.00,2.0624,3.9277,3.7146,5.8791,9.1238
32,6000,100,96,38,164.00,734.00,1.2929,3.6580,0.9735,4737.34,0.2111,581.00,2.1109,3.9493,3.7207,5.7314,9.3295
32,6000,100,96,76,164.00,734.00,1.2929,3.6580,0.9778,4789.77,0.2088,589.00,2.0878,3.9734,3.7347,5.9498,9.0313
32,6000,100,96,96,164.00,734.00,1.2929,3.6580,0.9782,4760.42,0.2101,584.00,2.1007,3.9822,3.7254,5.9477,9.5626
32,6000,100,96,144,164.00,734.00,1.2929,3.6580,0.9783,4697.79,0.2129,581.00,2.1287,3.9950,3.7613,5.9684,9.5613
32,6000,100,96,192,164.00,734.00,1.2929,3.6580,0.9783,4614.04,0.2167,589.00,2.1673,4.0669,3.8307,6.0838,9.1068
32,6000,100,192,38,164.00,734.00,1.2929,3.6580,0.9853,2536.09,0.3943,590.00,3.9431,7.6069,7.2582,10.7163,17.0592
32,6000,100,192,76,164.00,734.00,1.2929,3.6580,0.9929,2545.09,0.3929,590.00,3.9291,7.6303,7.3007,10.6652,16.9760
32,6000,100,192,153,164.00,734.00,1.2929,3.6580,0.9940,2533.04,0.3948,598.00,3.9478,7.6368,7.3192,10.7323,17.1706
32,6000,100,192,192,164.00,734.00,1.2929,3.6580,0.9940,2517.07,0.3973,595.00,3.9729,7.6888,7.3502,10.9695,17.5523
32,6000,100,192,288,164.00,734.00,1.2929,3.6580,0.9940,2483.41,0.4027,595.00,4.0267,7.7700,7.4498,11.0903,16.6518
32,6000,100,192,384,164.00,734.00,1.2929,3.6580,0.9940,2438.08,0.4102,594.00,4.1016,7.9267,7.6195,11.0795,16.7543
32,6000,100,384,76,164.00,734.00,1.2929,3.6580,0.9965,1325.12,0.7546,613.00,7.5465,14.3154,13.8578,19.8581,32.4962
32,6000,100,384,153,164.00,734.00,1.2929,3.6580,0.9985,1321.13,0.7569,609.00,7.5693,14.5502,14.1589,21.2931,29.6746
32,6000,100,384,307,164.00,734.00,1.2929,3.6580,0.9987,1291.26,0.7744,616.00,7.7443,14.9348,14.5119,20.7936,31.2361
32,6000,100,384,384,164.00,734.00,1.2929,3.6580,0.9987,1272.01,0.7862,614.00,7.8616,14.8439,14.4372,19.9705,33.6800
32,6000,100,384,576,164.00,734.00,1.2929,3.6580,0.9988,1265.49,0.7902,608.00,7.9021,15.0136,14.6424,19.8015,36.0138
32,6000,100,384,768,164.00,734.00,1.2929,3.6580,0.9988,1225.76,0.8158,607.00,8.1582,15.4411,15.0386,20.1183,37.8725
32,6000,200,6,1,163.00,732.00,1.5538,3.9927,0.4779,38524.19,0.0260,578.00,0.2596,0.3398,0.3019,0.6867,0.9914
32,6000,200,6,2,163.00,732.00,1.5538,3.9927,0.5598,41536.40,0.0241,579.00,0.2408,0.3347,0.2987,0.6525,1.0067
32,6000,200,6,4,163.00,732.00,1.5538,3.9927,0.6126,41384.88,0.0242,578.00,0.2416,0.3120,0.2734,0.6468,0.9651
32,6000,200,6,6,163.00,732.00,1.5538,3.9927,0.6303,41855.58,0.0239,580.00,0.2389,0.3016,0.2612,0.6182,0.9940
32,6000,200,6,9,163.00,732.00,1.5538,3.9927,0.6377,42818.31,0.0234,577.00,0.2335,0.3020,0.2634,0.5962,0.9722
32,6000,200,6,12,163.00,732.00,1.5538,3.9927,0.6418,43730.07,0.0229,577.00,0.2287,0.2901,0.2529,0.5947,0.9070
32,6000,200,12,2,163.00,732.00,1.5538,3.9927,0.6329,26645.70,0.0375,575.00,0.3753,0.5745,0.5223,1.0585,1.5177
32,6000,200,12,4,163.00,732.00,1.5538,3.9927,0.7091,26701.82,0.0375,577.00,0.3745,0.5713,0.5143,1.0649,1.6143
32,6000,200,12,9,163.00,732.00,1.5538,3.9927,0.7546,25580.15,0.0391,579.00,0.3909,0.5698,0.5115,1.0724,1.5845
32,6000,200,12,12,163.00,732.00,1.5538,3.9927,0.7629,24465.36,0.0409,580.00,0.4087,0.5670,0.5053,1.0788,1.5801
32,6000,200,12,18,163.00,732.00,1.5538,3.9927,0.7671,26602.39,0.0376,577.00,0.3759,0.5763,0.5183,1.0845,1.5715
32,6000,200,12,24,163.00,732.00,1.5538,3.9927,0.7680,26036.38,0.0384,578.00,0.3841,0.5547,0.4988,1.0536,1.5718
32,6000,200,24,4,163.00,732.00,1.5538,3.9927,0.7673,16117.92,0.0620,578.00,0.6204,1.0686,0.9776,1.8058,2.7462
32,6000,200,24,9,163.00,732.00,1.5538,3.9927,0.8385,15327.66,0.0652,580.00,0.6524,1.0822,0.9889,1.8503,2.9113
32,6000,200,24,19,163.00,732.00,1.5538,3.9927,0.8639,15349.79,0.0651,576.00,0.6515,1.1040,1.0175,1.9015,2.6138
32,6000,200,24,24,163.00,732.00,1.5538,3.9927,0.8664,15184.07,0.0659,573.00,0.6586,1.0839,0.9801,1.9189,2.9479
32,6000,200,24,36,163.00,732.00,1.5538,3.9927,0.8683,15186.13,0.0658,575.00,0.6585,1.0938,0.9932,1.9094,2.8664
32,6000,200,24,48,163.00,732.00,1.5538,3.9927,0.8687,14909.55,0.0671,576.00,0.6707,1.1013,1.0032,1.9269,2.9461
32,6000,200,48,9,163.00,732.00,1.5538,3.9927,0.8837,8443.14,0.1184,586.00,1.1844,2.1325,1.9818,3.4415,4.9525
32,6000,200,48,19,163.00,732.00,1.5538,3.9927,0.9268,8714.89,0.1147,578.00,1.1475,2.0820,1.9309,3.3302,4.8554
32,6000,200,48,38,163.00,732.00,1.5538,3.9927,0.9368,8590.84,0.1164,578.00,1.1640,2.0491,1.9017,3.2712,5.1474
32,6000,200,48,48,163.00,732.00,1.5538,3.9927,0.9378,8184.35,0.1222,581.00,1.2218,2.1912,2.0513,3.5049,4.8779
32,6000,200,48,72,163.00,732.00,1.5538,3.9927,0.9383,8828.67,0.1133,578.00,1.1327,2.0551,1.8885,3.3347,5.2816
32,6000,200,48,96,163.00,732.00,1.5538,3.9927,0.9384,8846.60,0.1130,586.00,1.1304,2.0475,1.8959,3.3252,4.8836
32,6000,200,96,19,163.00,732.00,1.5538,3.9927,0.9545,4781.51,0.2091,587.00,2.0914,3.8960,3.6726,5.8219,9.1823
32,6000,200,96,38,163.00,732.00,1.5538,3.9927,0.9736,4754.79,0.2103,575.00,2.1031,3.9636,3.7392,5.9846,8.9248
32,6000,200,96,76,163.00,732.00,1.5538,3.9927,0.9774,4759.62,0.2101,578.00,2.1010,3.9471,3.7217,5.9588,8.9293
32,6000,200,96,96,163.00,732.00,1.5538,3.9927,0.9776,4808.52,0.2080,588.00,2.0796,3.9452,3.7065,5.8958,9.2954
32,6000,200,96,144,163.00,732.00,1.5538,3.9927,0.9778,4731.33,0.2114,580.00,2.1136,4.0084,3.7766,5.9722,9.1960
32,6000,200,96,192,163.00,732.00,1.5538,3.9927,0.9779,4702.46,0.2127,588.00,2.1265,4.0595,3.8112,6.0338,9.3726
32,6000,200,192,38,163.00,732.00,1.5538,3.9927,0.9854,2530.65,0.3952,586.00,3.9516,7.5227,7.2012,10.7363,16.3126
32,6000,200,192,76,163.00,732.00,1.5538,3.9927,0.9927,2546.68,0.3927,591.00,3.9267,7.5988,7.2367,10.5850,17.6598
32,6000,200,192,153,163.00,732.00,1.5538,3.9927,0.9938,2525.90,0.3959,591.00,3.9590,7.6142,7.2993,10.6828,17.2191
32,6000,200,192,192,163.00,732.00,1.5538,3.9927,0.9939,2493.65,0.4010,589.00,4.0102,7.6329,7.3242,10.4429,17.2515
32,6000,200,192,288,163.00,732.00,1.5538,3.9927,0.9939,2461.70,0.4062,599.00,4.0622,7.7751,7.4548,10.9801,16.6855
32,6000,200,192,384,163.00,732.00,1.5538,3.9927,0.9939,2415.64,0.4140,588.00,4.1397,7.9520,7.6288,11.2490,17.2755
32,6000,200,384,76,163.00,732.00,1.5538,3.9927,0.9965,1351.37,0.7400,607.00,7.3999,14.3854,13.9028,20.4467,30.5873
32,6000,200,384,153,163.00,732.00,1.5538,3.9927,0.9984,1341.05,0.7457,606.00,7.4568,14.4538,14.0633,20.3381,30.1396
32,6000,200,384,307,163.00,732.00,1.5538,3.9927,0.9986,1327.25,0.7534,617.00,7.5344,14.7080,14.2764,19.9712,31.7504
32,6000,200,384,384,163.00,732.00,1.5538,3.9927,0.9986,1315.63,0.7601,614.00,7.6009,14.7626,14.3804,20.6212,30.6669
32,6000,200,384,576,163.00,732.00,1.5538,3.9927,0.9986,1284.11,0.7787,617.00,7.7875,15.1298,14.7598,20.6179,31.2957
32,6000,200,384,768,163.00,732.00,1.5538,3.9927,0.9986,1256.61,0.7958,619.00,7.9579,15.4989,15.1008,20.1735,33.2740
32,8000,40,8,1,172.00,730.00,1.7387,4.4557,0.5649,38274.83,0.0261,597.00,0.2613,0.3705,0.3345,0.7138,1.0382
32,8000,40,8,3,172.00,730.00,1.7387,4.4557,0.6501,38955.69,0.0257,597.00,0.2567,0.3401,0.3071,0.6631,0.9853
32,8000,40,8,6,172.00,730.00,1.7387,4.4557,0.6670,40360.99,0.0248,597.00,0.2478,0.3208,0.2884,0.6224,0.9040
32,8000,40,8,8,172.00,730.00,1.7387,4.4557,0.6700,39916.91,0.0251,595.00,0.2505,0.3248,0.2927,0.6232,0.9066
32,8000,40,8,12,172.00,730.00,1.7387,4.4557,0.6728,41650.04,0.0240,598.00,0.2401,0.3156,0.2828,0.5992,0.9068
32,8000,40,8,16,172.00,730.00,1.7387,4.4557,0.6733,38646.54,0.0259,593.00,0.2588,0.3132,0.2745,0.6090,0.8890
32,8000,40,16,3,172.00,730.00,1.7387,4.4557,0.7463,26485.66,0.0378,595.00,0.3776,0.5925,0.5403,1.0820,1.5395
32,8000,40,16,6,172.00,730.00,1.7387,4.4557,0.7769,25236.81,0.0396,597.00,0.3962,0.6063,0.5557,1.0934,1.5064
32,8000,40,16,12,172.00,730.00,1.7387,4.4557,0.7883,25385.19,0.0394,594.00,0.3939,0.6057,0.5509,1.1047,1.5688
32,8000,40,16,16,172.00,730.00,1.7387,4.4557,0.7906,25392.11,0.0394,596.00,0.3938,0.6042,0.5482,1.0840,1.6299
32,8000,40,16,24,172.00,730.00,1.7387,4.4557,0.7915,26541.12,0.0377,593.00,0.3768,0.5832,0.5339,1.0649,1.4874
32,8000,40,16,32,172.00,730.00,1.7387,4.4557,0.7919,25763.88,0.0388,594.00,0.3881,0.5807,0.5267,1.0733,1.5145
32,8000,40,32,6,172.00,730.00,1.7387,4.4557,0.8549,15425.79,0.0648,594.00,0.6483,1.1261,1.0402,1.9228,2.6360
32,8000,40,32,12,172.00,730.00,1.7387,4.4557,0.8762,15383.86,0.0650,598.00,0.6500,1.1208,1.0321,1.9139,2.6440
32,8000,40,32,25,172.00,730.00,1.7387,4.4557,0.8830,15383.87,0.0650,604.00,0.6500,1.1291,1.0368,1.9161,2.6413
32,8000,40,32,32,172.00,730.00,1.7387,4.4557,0.8835,15315.52,0.0653,596.00,0.6529,1.1403,1.0539,1.9725,2.7401
32,8000,40,32,48,172.00,730.00,1.7387,4.4557,0.8838,14826.88,0.0674,597.00,0.6745,1.1174,1.0296,1.9167,2.6207
32,8000,40,32,64,172.00,730.00,1.7387,4.4557,0.8838,15220.64,0.0657,597.00,0.6570,1.1520,1.0577,1.9694,2.7155
32,8000,40,64,12,172.00,730.00,1.7387,4.4557,0.9301,8311.94,0.1203,596.00,1.2031,2.1489,1.9942,3.3836,5.2767
32,8000,40,64,25,172.00,730.00,1.7387,4.4557,0.9444,8590.83,0.1164,594.00,1.1640,2.1436,1.9991,3.3683,4.7728
32,8000,40,64,51,172.00,730.00,1.7387,4.4557,0.9469,8339.49,0.1199,594.00,1.1991,2.1531,2.0072,3.3175,5.2556
32,8000,40,64,64,172.00,730.00,1.7387,4.4557,0.9470,8605.56,0.1162,605.00,1.1620,2.1142,1.9677,3.3168,4.9652
32,8000,40,64,96,172.00,730.00,1.7387,4.4557,0.9471,8582.93,0.1165,597.00,1.1651,2.1486,2.0068,3.3912,4.8491
32,8000,40,64,128,172.00,730.00,1.7387,4.4557,0.9472,8433.35,0.1186,598.00,1.1858,2.1806,2.0338,3.4232,4.8240
32,8000,40,128,25,172.00,730.00,1.7387,4.4557,0.9750,4693.70,0.2131,600.00,2.1305,4.0608,3.8525,6.0791,8.3952
32,8000,40,128,51,172.00,730.00,1.7387,4.4557,0.9806,4654.90,0.2148,599.00,2.1483,4.0260,3.8189,6.1419,8.4655
32,8000,40,128,102,172.00,730.00,1.7387,4.4557,0.9814,4645.83,0.2152,598.00,2.1525,4.0686,3.8498,6.1460,8.3744
32,8000,40,128,128,172.00,730.00,1.7387,4.4557,0.9816,4663.04,0.2145,596.00,2.1445,4.0611,3.8420,6.2377,8.4062
32,8000,40,128,192,172.00,730.00,1.7387,4.4557,0.9817,4551.61,0.2197,598.00,2.1970,4.1805,3.9638,6.1867,8.5617
32,8000,40,128,256,172.00,730.00,1.7387,4.4557,0.9817,4467.72,0.2238,598.00,2.2383,4.2663,4.0311,6.4211,8.9566
32,8000,40,256,51,172.00,730.00,1.7387,4.4557,0.9930,2477.89,0.4036,614.00,4.0357,7.7780,7.4757,11.2266,16.0538
32,8000,40,256,102,172.00,730.00,1.7387,4.4557,0.9947,2467.37,0.4053,607.00,4.0529,7.8172,7.5292,11.2255,14.9434
32,8000,40,256,204,172.00,730.00,1.7387,4.4557,0.9952,2391.04,0.4182,611.00,4.1823,8.0388,7.7592,11.4375,15.7543
32,8000,40,256,256,172.00,730.00,1.7387,4.4557,0.9952,2390.96,0.4182,602.00,4.1824,8.0521,7.7710,11.5084,16.2716
32,8000,40,256,384,172.00,730.00,1.7387,4.4557,0.9952,2342.82,0.4268,617.00,4.2684,8.1466,7.8723,11.3116,17.2000
32,8000,40,256,512,172.00,730.00,1.7387,4.4557,0.9952,2296.68,0.4354,607.00,4.3541,8.4210,8.1259,11.6723,17.1477
32,8000,40,512,102,172.00,730.00,1.7387,4.4557,0.9980,1273.85,0.7850,626.00,7.8502,15.0525,14.7573,21.6811,27.2293
32,8000,40,512,204,172.00,730.00,1.7387,4.4557,0.9987,1274.23,0.7848,635.00,7.8479,15.1669,14.7985,21.8802,28.2022
32,8000,40,512,409,172.00,730.00,1.7387,4.4557,0.9988,1247.69,0.8015,628.00,8.0148,15.4145,15.0257,21.8878,29.3886
32,8000,40,512,512,172.00,730.00,1.7387,4.4557,0.9988,1224.62,0.8166,627.00,8.1658,15.6582,15.2350,22.1934,29.2294
32,8000,40,512,768,172.00,730.00,1.7387,4.4557,0.9988,1146.86,0.8719,633.00,8.7195,16.5632,16.1503,22.9345,29.3300
32,8000,40,512,1024,172.00,730.00,1.7387,4.4557,0.9988,1135.81,0.8804,626.00,8.8043,16.8437,16.4345,23.2513,30.3512
32,8000,100,8,1,193.00,733.00,1.5091,3.9854,0.4907,37520.38,0.0267,598.00,0.2665,0.3651,0.3274,0.6993,1.0723
32,8000,100,8,3,193.00,733.00,1.5091,3.9854,0.6156,38239.18,0.0262,601.00,0.2615,0.3534,0.3149,0.6948,1.0104
32,8000,100,8,6,193.00,733.00,1.5091,3.9854,0.6564,40261.32,0.0248,598.00,0.2484,0.3356,0.2990,0.6605,0.9798
32,8000,100,8,8,193.00,733.00,1.5091,3.9854,0.6659,41055.32,0.0244,599.00,0.2436,0.3254,0.2919,0.6336,0.9199
32,8000,100,8,12,193.00,733.00,1.5091,3.9854,0.6730,39585.10,0.0253,600.00,0.2526,0.3171,0.2831,0.6200,0.8963
32,8000,100,8,16,193.00,733.00,1.5091,3.9854,0.6750,39635.31,0.0252,599.00,0.2523,0.3142,0.2801,0.6109,0.9005
32,8000,100,16,3,193.00,733.00,1.5091,3.9854,0.6880,24251.59,0.0412,600.00,0.4123,0.6314,0.5738,1.1486,1.5978
32,8000,100,16,6,193.00,733.00,1.5091,3.9854,0.7524,26198.19,0.0382,599.00,0.3817,0.6034,0.5473,1.1076,1.6395
32,8000,100,16,12,193.00,733.00,1.5091,3.9854,0.7826,25360.09,0.0394,600.00,0.3943,0.5826,0.5247,1.1019,1.5035
32,8000,100,16,16,193.00,733.00,1.5091,3.9854,0.7877,25996.70,0.0385,598.00,0.3847,0.6076,0.5481,1.1208,1.5773
32,8000,100,16,24,193.00,733.00,1.5091,3.9854,0.7912,25542.38,0.0392,597.00,0.3915,0.6044,0.5488,1.0987,1.5667
32,8000,100,16,32,193.00,733.00,1.5091,3.9854,0.7926,25112.37,0.0398,597.00,0.3982,0.6067,0.5520,1.1118,1.5356
32,8000,100,32,6,193.00,733.00,1.5091,3.9854,0.8103,14459.64,0.0692,596.00,0.6916,1.1916,1.1012,2.0286,2.7198
32,8000,100,32,12,193.00,733.00,1.5091,3.9854,0.8614,14516.68,0.0689,608.00,0.6889,1.1685,1.0577,2.0365,3.1726
32,8000,100,32,25,193.00,733.00,1.5091,3.9854,0.8825,14448.30,0.0692,598.00,0.6921,1.1719,1.0759,2.0328,2.9544
32,8000,100,32,32,193.00,733.00,1.5091,3.9854,0.8845,14581.62,0.0686,602.00,0.6858,1.1498,1.0557,1.9638,2.8534
32,8000,100,32,48,193.00,733.00,1.5091,3.9854,0.8861,14630.89,0.0683,603.00,0.6835,1.1675,1.0733,1.9708,2.9633
32,8000,100,32,64,193.00,733.00,1.5091,3.9854,0.8864,14578.65,0.0686,597.00,0.6859,1.1577,1.0631,1.9525,2.9108
32,8000,100,64,12,193.00,733.00,1.5091,3.9854,0.9018,8504.58,0.1176,606.00,1.1758,2.1796,2.0367,3.4708,4.7183
32,8000,100,64,25,193.00,733.00,1.5091,3.9854,0.9391,8293.46,0.1206,600.00,1.2058,2.2106,2.0485,3.5114,5.0399
32,8000,100,64,51,193.00,733.00,1.5091,3.9854,0.9482,8341.92,0.1199,598.00,1.1988,2.1979,2.0387,3.4904,5.0571
32,8000,100,64,64,193.00,733.00,1.5091,3.9854,0.9489,8313.19,0.1203,601.00,1.2029,2.2201,2.0724,3.5111,4.6935
32,8000,100,64,96,193.00,733.00,1.5091,3.9854,0.9494,8100.95,0.1234,598.00,1.2344,2.2220,2.0672,3.5533,4.8570
32,8000,100,64,128,193.00,733.00,1.5091,3.9854,0.9495,8119.19,0.1232,596.00,1.2316,2.2686,2.1094,3.5949,5.0022
32,8000,100,128,25,193.00,733.00,1.5091,3.9854,0.9619,4333.47,0.2308,610.00,2.3076,4.1658,3.9309,6.1326,10.3106
32,8000,100,128,51,193.00,733.00,1.5091,3.9854,0.9787,4326.61,0.2311,601.00,2.3113,4.2394,3.9910,6.2160,10.2221
32,8000,100,128,102,193.00,733.00,1.5091,3.9854,0.9821,4455.45,0.2244,599.00,2.2444,4.2252,3.9884,6.2518,8.7377
32,8000,100,128,128,193.00,733.00,1.5091,3.9854,0.9823,4366.02,0.2290,601.00,2.2904,4.2175,3.9672,6.1206,10.1027
32,8000,100,128,192,193.00,733.00,1.5091,3.9854,0.9824,4345.59,0.2301,601.00,2.3012,4.3297,4.1017,6.4327,9.3667
32,8000,100,128,256,193.00,733.00,1.5091,3.9854,0.9824,4294.24,0.2329,598.00,2.3287,4.3787,4.1461,6.5005,9.4264
32,8000,100,256,51,193.00,733.00,1.5091,3.9854,0.9884,2381.98,0.4198,617.00,4.1982,8.0431,7.7641,11.5942,15.8124
32,8000,100,256,102,193.00,733.00,1.5091,3.9854,0.9946,2314.80,0.4320,614.00,4.3200,8.0328,7.7368,11.2437,17.4735
32,8000,100,256,204,193.00,733.00,1.5091,3.9854,0.9955,2318.98,0.4312,615.00,4.3122,8.2082,7.9186,11.5418,17.4567
32,8000,100,256,256,193.00,733.00,1.5091,3.9854,0.9955,2249.17,0.4446,603.00,4.4461,8.1320,7.7926,11.0462,21.3192
32,8000,100,256,384,193.00,733.00,1.5091,3.9854,0.9955,2298.72,0.4350,610.00,4.3502,8.3438,8.0170,11.5494,18.3217
32,8000,100,256,512,193.00,733.00,1.5091,3.9854,0.9955,2172.27,0.4603,620.00,4.6035,8.5810,8.2636,11.8968,18.8613
32,8000,100,512,102,193.00,733.00,1.5091,3.9854,0.9971,1216.89,0.8218,634.00,8.2177,15.3346,14.8779,20.3139,34.3668
32,8000,100,512,204,193.00,733.00,1.5091,3.9854,0.9987,1210.55,0.8261,641.00,8.2607,15.5489,15.1308,21.1460,32.8420
32,8000,100,512,409,193.00,733.00,1.5091,3.9854,0.9989,1210.44,0.8261,640.00,8.2614,15.6364,15.3725,20.6816,35.8709
32,8000,100,512,512,193.00,733.00,1.5091,3.9854,0.9989,1111.72,0.8995,641.00,8.9951,16.4361,16.0992,23.5097,30.0703
32,8000,100,512,768,193.00,733.00,1.5091,3.9854,0.9989,1149.97,0.8696,636.00,8.6958,16.3933,15.8956,24.1781,31.0743
32,8000,100,512,1024,193.00,733.00,1.5091,3.9854,0.9989,1073.54,0.9315,635.00,9.3150,17.7001,17.2351,23.6926,31.5150
32,8000,200,8,1,200.00,730.00,1.8652,4.4151,0.4888,38753.46,0.0258,589.00,0.2580,0.3708,0.3377,0.7002,0.9894
32,8000,200,8,3,200.00,730.00,1.8652,4.4151,0.6157,38508.01,0.0260,589.00,0.2597,0.3391,0.3062,0.6556,0.9477
32,8000,200,8,6,200.00,730.00,1.8652,4.4151,0.6570,38454.04,0.0260,593.00,0.2601,0.3308,0.2952,0.6437,0.9752
32,8000,200,8,8,200.00,730.00,1.8652,4.4151,0.6654,39339.96,0.0254,589.00,0.2542,0.3210,0.2836,0.6265,0.9184
32,8000,200,8,12,200.00,730.00,1.8652,4.4151,0.6720,41758.83,0.0239,588.00,0.2395,0.3111,0.2790,0.6054,0.8622
32,8000,200,8,16,200.00,730.00,1.8652,4.4151,0.6741,39221.01,0.0255,589.00,0.2550,0.3054,0.2690,0.5943,0.9332
32,8000,200,16,3,200.00,730.00,1.8652,4.4151,0.6907,24876.99,0.0402,590.00,0.4020,0.5933,0.5375,1.0793,1.5979
32,8000,200,16,6,200.00,730.00,1.8652,4.4151,0.7530,25769.24,0.0388,589.00,0.3881,0.5812,0.5269,1.0837,1.5650
32,8000,200,16,12,200.00,730.00,1.8652,4.4151,0.7829,25444.85,0.0393,592.00,0.3930,0.5885,0.5297,1.1129,1.6298
32,8000,200,16,16,200.00,730.00,1.8652,4.4151,0.7876,25718.15,0.0389,591.00,0.3888,0.5697,0.5114,1.0591,1.6416
32,8000,200,16,24,200.00,730.00,1.8652,4.4151,0.7913,25719.46,0.0389,590.00,0.3888,0.5727,0.5167,1.0488,1.5487
32,8000,200,16,32,200.00,730.00,1.8652,4.4151,0.7921,25598.48,0.0391,588.00,0.3906,0.5790,0.5181,1.0732,1.5714
32,8000,200,32,6,200.00,730.00,1.8652,4.4151,0.8133,14915.12,0.0670,589.00,0.6705,1.1193,1.0283,1.9300,2.8143
32,8000,200,32,12,200.00,730.00,1.8652,4.4151,0.8624,14839.01,0.0674,588.00,0.6739,1.1270,1.0319,1.9369,2.7684
32,8000,200,32,25,200.00,730.00,1.8652,4.4151,0.8830,14381.27,0.0695,586.00,0.6953,1.1587,1.0663,1.9919,2.8284
32,8000,200,32,32,200.00,730.00,1.8652,4.4151,0.8850,14861.11,0.0673,588.00,0.6729,1.1450,1.0558,1.9383,2.7125
32,8000,200,32,48,200.00,730.00,1.8652,4.4151,0.8865,14138.71,0.0707,585.00,0.7073,1.1819,1.0843,2.0171,2.7809
32,8000,200,32,64,200.00,730.00,1.8652,4.4151,0.8866,13828.09,0.0723,590.00,0.7232,1.1677,1.0725,2.0093,2.8928
32,8000,200,64,12,200.00,730.00,1.8652,4.4151,0.9037,7916.15,0.1263,587.00,1.2632,2.2043,2.0535,3.5408,5.3961
32,8000,200,64,25,200.00,730.00,1.8652,4.4151,0.9395,7749.19,0.1290,587.00,1.2905,2.2580,2.1015,3.6487,5.3078
32,8000,200,64,51,200.00,730.00,1.8652,4.4151,0.9480,7773.40,0.1286,588.00,1.2864,2.2475,2.0606,3.6171,5.9214
32,8000,200,64,64,200.00,730.00,1.8652,4.4151,0.9483,7640.51,0.1309,588.00,1.3088,2.2733,2.1009,3.6120,5.6837
32,8000,200,64,96,200.00,730.00,1.8652,4.4151,0.9486,7725.60,0.1294,586.00,1.2944,2.2642,2.0956,3.6193,5.5520
32,8000,200,64,128,200.00,730.00,1.8652,4.4151,0.9487,7921.39,0.1262,590.00,1.2624,2.2607,2.1031,3.5705,5.1753
32,8000,200,128,25,200.00,730.00,1.8652,4.4151,0.9636,4285.31,0.2334,589.00,2.3336,4.2888,4.0851,6.3941,8.8015
32,8000,200,128,51,200.00,730.00,1.8652,4.4151,0.9792,4211.82,0.2374,586.00,2.3743,4.2516,4.0159,6.4126,10.0202
32,8000,200,128,102,200.00,730.00,1.8652,4.4151,0.9818,4345.37,0.2301,590.00,2.3013,4.1490,3.9036,6.2489,9.8880
32,8000,200,128,128,200.00,730.00,1.8652,4.4151,0.9820,4351.41,0.2298,588.00,2.2981,4.1751,3.9481,6.1742,9.7653
32,8000,200,128,192,200.00,730.00,1.8652,4.4151,0.9820,4185.15,0.2389,587.00,2.3894,4.4273,4.2206,6.5221,9.4747
32,8000,200,128,256,200.00,730.00,1.8652,4.4151,0.9820,4108.66,0.2434,588.00,2.4339,4.4096,4.1585,6.5987,10.2518
32,8000,200,256,51,200.00,730.00,1.8652,4.4151,0.9898,2350.87,0.4254,599.00,4.2537,7.8426,7.5212,11.1849,17.1601
32,8000,200,256,102,200.00,730.00,1.8652,4.4151,0.9948,2298.44,0.4351,611.00,4.3508,7.9227,7.6064,11.2328,18.2982
32,8000,200,256,204,200.00,730.00,1.8652,4.4151,0.9955,2254.48,0.4436,611.00,4.4356,8.1080,7.7735,11.3337,18.4453
32,8000,200,256,256,200.00,730.00,1.8652,4.4151,0.9955,2259.08,0.4427,611.00,4.4266,8.1209,7.7944,11.3214,18.0927
32,8000,200,256,384,200.00,730.00,1.8652,4.4151,0.9956,2289.52,0.4368,610.00,4.3677,8.2904,7.9969,11.6645,16.6141
32,8000,200,256,512,200.00,730.00,1.8652,4.4151,0.9956,2224.75,0.4495,612.00,4.4949,8.3889,8.0888,11.8705,16.8129
32,8000,200,512,102,200.00,730.00,1.8652,4.4151,0.9976,1293.67,0.7730,623.00,7.7299,14.7009,14.2674,21.2377,29.4126
32,8000,200,512,204,200.00,730.00,1.8652,4.4151,0.9989,1267.61,0.7889,633.00,7.8889,15.0094,14.6692,21.3417,30.4141
32,8000,200,512,409,200.00,730.00,1.8652,4.4151,0.9990,1260.19,0.7935,628.00,7.9353,15.3729,14.9649,22.0076,28.3744
32,8000,200,512,512,200.00,730.00,1.8652,4.4151,0.9990,1234.47,0.8101,637.00,8.1006,15.3187,14.9377,21.2382,29.5882
32,8000,200,512,768,200.00,730.00,1.8652,4.4151,0.9990,1186.98,0.8425,640.00,8.4248,15.8224,15.4050,21.4138,34.1662
32,8000,200,512,1024,200.00,730.00,1.8652,4.4151,0.9990,1152.66,0.8676,632.00,8.6756,16.4857,16.1320,22.4964,32.3392
32,10000,40,10,2,192.00,728.00,2.0198,4.8528,0.6372,37389.15,0.0267,607.00,0.2675,0.3828,0.3481,0.7173,0.9604
32,10000,40,10,4,192.00,728.00,2.0198,4.8528,0.6736,38464.02,0.0260,611.00,0.2600,0.3421,0.3092,0.6556,0.9532
32,10000,40,10,8,192.00,728.00,2.0198,4.8528,0.6892,39202.82,0.0255,609.00,0.2551,0.3415,0.3099,0.6225,0.9722
32,10000,40,10,10,192.00,728.00,2.0198,4.8528,0.6915,39273.94,0.0255,609.00,0.2546,0.3334,0.2996,0.6381,0.9615
32,10000,40,10,15,192.00,728.00,2.0198,4.8528,0.6931,39017.49,0.0256,609.00,0.2563,0.3276,0.2963,0.6145,0.8770
32,10000,40,10,20,192.00,728.00,2.0198,4.8528,0.6934,38797.55,0.0258,609.00,0.2577,0.3287,0.2942,0.6142,0.8795
32,10000,40,20,4,192.00,728.00,2.0198,4.8528,0.7666,25024.15,0.0400,611.00,0.3996,0.6388,0.5899,1.1267,1.5753
32,10000,40,20,8,192.00,728.00,2.0198,4.8528,0.7949,25204.21,0.0397,608.00,0.3968,0.6130,0.5683,1.0778,1.4958
32,10000,40,20,16,192.00,728.00,2.0198,4.8528,0.8046,25566.41,0.0391,611.00,0.3911,0.6016,0.5557,1.0646,1.4573
32,10000,40,20,20,192.00,728.00,2.0198,4.8528,0.8053,25751.93,0.0388,609.00,0.3883,0.6071,0.5585,1.0834,1.4864
32,10000,40,20,30,192.00,728.00,2.0198,4.8528,0.8064,24563.80,0.0407,613.00,0.4071,0.6189,0.5702,1.0866,1.4547
32,10000,40,20,40,192.00,728.00,2.0198,4.8528,0.8067,25682.20,0.0389,611.00,0.3894,0.6185,0.5709,1.0843,1.5060
32,10000,40,40,8,192.00,728.00,2.0198,4.8528,0.8692,15064.97,0.0664,612.00,0.6638,1.1711,1.0937,1.9636,2.5713
32,10000,40,40,16,192.00,728.00,2.0198,4.8528,0.8892,14707.76,0.0680,609.00,0.6799,1.1817,1.0979,1.9600,2.6590
32,10000,40,40,32,192.00,728.00,2.0198,4.8528,0.8939,14726.03,0.0679,609.00,0.6791,1.1651,1.0752,1.9033,2.8436
32,10000,40,40,40,192.00,728.00,2.0198,4.8528,0.8942,14723.05,0.0679,608.00,0.6792,1.1693,1.0808,1.9697,2.7040
32,10000,40,40,60,192.00,728.00,2.0198,4.8528,0.8947,14049.58,0.0712,610.00,0.7118,1.1944,1.1166,1.9838,2.7002
32,10000,40,40,80,192.00,728.00,2.0198,4.8528,0.8947,14015.23,0.0714,606.00,0.7135,1.1947,1.1065,1.9850,2.7841
32,10000,40,80,16,192.00,728.00,2.0198,4.8528,0.9405,8196.48,0.1220,607.00,1.2200,2.2196,2.0922,3.4240,4.6323
32,10000,40,80,32,192.00,728.00,2.0198,4.8528,0.9508,8049.57,0.1242,616.00,1.2423,2.2662,2.1361,3.5127,4.7967
32,10000,40,80,64,192.00,728.00,2.0198,4.8528,0.9526,7786.35,0.1284,614.00,1.2843,2.2463,2.1113,3.5689,5.0386
32,10000,40,80,80,192.00,728.00,2.0198,4.8528,0.9527,8177.26,0.1223,607.00,1.2229,2.2325,2.1080,3.4864,4.7660
32,10000,40,80,120,192.00,728.00,2.0198,4.8528,0.9528,8170.22,0.1224,605.00,1.2240,2.2762,2.1359,3.4983,4.7866
32,10000,40,80,160,192.00,728.00,2.0198,4.8528,0.9528,7978.42,0.1253,608.00,1.2534,2.3356,2.2102,3.5234,4.5490
32,10000,40,160,32,192.00,728.00,2.0198,4.8528,0.9786,4442.19,0.2251,607.00,2.2511,4.2596,4.0664,6.2827,8.2871
32,10000,40,160,64,192.00,728.00,2.0198,4.8528,0.9832,4380.96,0.2283,621.00,2.2826,4.2884,4.0809,6.3389,8.6613
32,10000,40,160,128,192.00,728.00,2.0198,4.8528,0.9838,4358.85,0.2294,612.00,2.2942,4.3186,4.1228,6.2328,8.8580
32,10000,40,160,160,192.00,728.00,2.0198,4.8528,0.9838,4392.46,0.2277,612.00,2.2766,4.3251,4.1520,6.2889,8.5184
32,10000,40,160,240,192.00,728.00,2.0198,4.8528,0.9838,4281.58,0.2336,612.00,2.3356,4.4426,4.2441,6.3699,8.5415
32,10000,40,160,320,192.00,728.00,2.0198,4.8528,0.9840,4145.27,0.2412,612.00,2.4124,4.4544,4.2677,6.2380,10.0533
32,10000,40,320,64,192.00,728.00,2.0198,4.8528,0.9931,2328.87,0.4294,629.00,4.2939,8.1500,7.8981,11.7398,14.8641
32,10000,40,320,128,192.00,728.00,2.0198,4.8528,0.9945,2320.72,0.4309,618.00,4.3090,8.1243,7.8635,11.4961,16.1292
32,10000,40,320,256,192.00,728.00,2.0198,4.8528,0.9948,2285.72,0.4375,615.00,4.3750,8.2497,7.9877,11.7753,15.6757
32,10000,40,320,320,192.00,728.00,2.0198,4.8528,0.9950,2271.88,0.4402,615.00,4.4016,8.3697,8.1255,11.7411,15.3143
32,10000,40,320,480,192.00,728.00,2.0198,4.8528,0.9950,2167.96,0.4613,620.00,4.6126,8.5610,8.2993,11.8582,17.9167
32,10000,40,320,640,192.00,728.00,2.0198,4.8528,0.9950,2141.03,0.4671,628.00,4.6707,8.9025,8.6951,12.2745,15.3358
32,10000,40,640,128,192.00,728.00,2.0198,4.8528,0.9975,1214.36,0.8235,653.00,8.2348,15.4155,14.9959,21.9676,29.3265
32,10000,40,640,256,192.00,728.00,2.0198,4.8528,0.9979,1194.88,0.8369,641.00,8.3690,15.6903,15.2703,21.6491,29.6757
32,10000,40,640,512,192.00,728.00,2.0198,4.8528,0.9981,1191.10,0.8396,660.00,8.3956,15.8635,15.5471,21.9182,28.3299
32,10000,40,640,640,192.00,728.00,2.0198,4.8528,0.9981,1172.72,0.8527,646.00,8.5272,15.9812,15.6355,21.7117,30.0633
32,10000,40,640,960,192.00,728.00,2.0198,4.8528,0.9982,1126.11,0.8880,648.00,8.8801,16.9555,16.5712,22.9759,28.5913
32,10000,40,640,1280,192.00,728.00,2.0198,4.8528,0.9983,1031.85,0.9691,665.00,9.6913,18.1493,17.6677,23.1681,34.4707
32,10000,100,10,2,216.00,724.00,1.7149,4.2522,0.5826,36527.23,0.0274,603.00,0.2738,0.3970,0.3602,0.7356,0.9996
32,10000,100,10,4,216.00,724.00,1.7149,4.2522,0.6479,36691.19,0.0273,603.00,0.2725,0.3563,0.3138,0.7084,0.9763
32,10000,100,10,8,216.00,724.00,1.7149,4.2522,0.6830,38156.65,0.0262,602.00,0.2621,0.3511,0.3162,0.6606,0.9620
32,10000,100,10,10,216.00,724.00,1.7149,4.2522,0.6887,38339.38,0.0261,602.00,0.2608,0.3420,0.3098,0.6453,0.9232
32,10000,100,10,15,216.00,724.00,1.7149,4.2522,0.6953,40433.05,0.0247,603.00,0.2473,0.3243,0.2913,0.6140,0.8933
32,10000,100,10,20,216.00,724.00,1.7149,4.2522,0.6975,38788.05,0.0258,603.00,0.2578,0.3311,0.2980,0.6139,0.9036
32,10000,100,20,4,216.00,724.00,1.7149,4.2522,0.7194,24143.71,0.0414,596.00,0.4142,0.6250,0.5734,1.1023,1.6073
32,10000,100,20,8,216.00,724.00,1.7149,4.2522,0.7748,24279.23,0.0412,605.00,0.4119,0.6199,0.5619,1.1325,1.7490
32,10000,100,20,16,216.00,724.00,1.7149,4.2522,0.8011,25245.33,0.0396,603.00,0.3961,0.6164,0.5618,1.0840,1.6907
32,10000,100,20,20,216.00,724.00,1.7149,4.2522,0.8048,24657.55,0.0406,604.00,0.4056,0.6223,0.5718,1.0798,1.6507
32,10000,100,20,30,216.00,724.00,1.7149,4.2522,0.8082,25793.46,0.0388,602.00,0.3877,0.6229,0.5717,1.1032,1.5631
32,10000,100,20,40,216.00,724.00,1.7149,4.2522,0.8089,24254.03,0.0412,601.00,0.4123,0.6307,0.5811,1.1147,1.5356
32,10000,100,40,8,216.00,724.00,1.7149,4.2522,0.8332,13917.08,0.0719,601.00,0.7185,1.1980,1.1050,2.0226,2.9416
32,10000,100,40,16,216.00,724.00,1.7149,4.2522,0.8783,13380.75,0.0747,601.00,0.7473,1.2304,1.1429,2.1061,2.9251
32,10000,100,40,32,216.00,724.00,1.7149,4.2522,0.8946,12645.85,0.0791,600.00,0.7908,1.2556,1.1707,2.1317,2.9530
32,10000,100,40,40,216.00,724.00,1.7149,4.2522,0.8961,13467.38,0.0743,602.00,0.7425,1.2193,1.1299,2.0386,2.9682
32,10000,100,40,60,216.00,724.00,1.7149,4.2522,0.8973,13355.17,0.0749,602.00,0.7488,1.2368,1.1512,2.0591,2.7836
32,10000,100,40,80,216.00,724.00,1.7149,4.2522,0.8974,13522.50,0.0740,604.00,0.7395,1.2560,1.1765,2.0563,2.7442
32,10000,100,80,16,216.00,724.00,1.7149,4.2522,0.9181,7825.26,0.1278,603.00,1.2779,2.3093,2.1861,3.5680,4.7428
32,10000,100,80,32,216.00,724.00,1.7149,4.2522,0.9470,7770.91,0.1287,603.00,1.2869,2.2815,2.1321,3.5792,5.6901
32,10000,100,80,64,216.00,724.00,1.7149,4.2522,0.9545,7785.00,0.1285,608.00,1.2845,2.3269,2.1947,3.6220,4.8385
32,10000,100,80,80,216.00,724.00,1.7149,4.2522,0.9551,7786.25,0.1284,606.00,1.2843,2.2778,2.1349,3.4964,5.2255
32,10000,100,80,120,216.00,724.00,1.7149,4.2522,0.9555,7805.13,0.1281,612.00,1.2812,2.2902,2.1472,3.5029,5.2099
32,10000,100,80,160,216.00,724.00,1.7149,4.2522,0.9556,7796.38,0.1283,604.00,1.2826,2.3445,2.2019,3.6140,4.9685
32,10000,100,160,32,216.00,724.00,1.7149,4.2522,0.9678,4362.58,0.2292,605.00,2.2922,4.2556,4.0624,6.1037,9.5829
32,10000,100,160,64,216.00,724.00,1.7149,4.2522,0.9819,4314.49,0.2318,606.00,2.3178,4.3096,4.1106,6.2731,9.1248
32,10000,100,160,128,216.00,724.00,1.7149,4.2522,0.9847,4169.90,0.2398,605.00,2.3981,4.3741,4.1434,6.4118,10.0211
32,10000,100,160,160,216.00,724.00,1.7149,4.2522,0.9849,4200.57,0.2381,606.00,2.3806,4.3460,4.1313,6.2945,9.8694
32,10000,100,160,240,216.00,724.00,1.7149,4.2522,0.9850,4185.30,0.2389,605.00,2.3893,4.4257,4.2308,6.3738,9.7390
32,10000,100,160,320,216.00,724.00,1.7149,4.2522,0.9851,4031.95,0.2480,603.00,2.4802,4.6382,4.4403,6.6944,9.2144
32,10000,100,320,64,216.00,724.00,1.7149,4.2522,0.9906,2251.48,0.4442,622.00,4.4415,8.3159,8.0497,11.8960,14.9255
32,10000,100,320,128,216.00,724.00,1.7149,4.2522,0.9953,2300.06,0.4348,632.00,4.3477,8.2170,7.9517,11.2215,18.3786
32,10000,100,320,256,216.00,724.00,1.7149,4.2522,0.9960,2201.96,0.4541,632.00,4.5414,8.5611,8.3108,12.1276,15.1440
32,10000,100,320,320,216.00,724.00,1.7149,4.2522,0.9960,2198.51,0.4549,618.00,4.5485,8.4580,8.1887,12.0302,15.5742
32,10000,100,320,480,216.00,724.00,1.7149,4.2522,0.9960,2094.54,0.4774,622.00,4.7743,8.7708,8.5068,12.2716,16.7407
32,10000,100,320,640,216.00,724.00,1.7149,4.2522,0.9960,2017.61,0.4956,620.00,4.9563,9.2763,9.0297,12.8498,16.3359
32,10000,100,640,128,216.00,724.00,1.7149,4.2522,0.9978,1204.69,0.8301,656.00,8.3009,15.5125,15.0042,21.5926,27.3682
32,10000,100,640,256,216.00,724.00,1.7149,4.2522,0.9989,1185.25,0.8437,665.00,8.4371,15.8626,15.5170,22.3824,27.0710
32,10000,100,640,512,216.00,724.00,1.7149,4.2522,0.9990,1167.49,0.8565,658.00,8.5653,16.1292,15.7479,22.5468,28.9372
32,10000,100,640,640,216.00,724.00,1.7149,4.2522,0.9990,1150.58,0.8691,655.00,8.6913,16.2792,15.8952,22.4398,28.5735
32,10000,100,640,960,216.00,724.00,1.7149,4.2522,0.9991,1086.60,0.9203,673.00,9.2030,17.3265,16.8955,24.1719,28.4423
32,10000,100,640,1280,216.00,724.00,1.7149,4.2522,0.9991,1018.31,0.9820,666.00,9.8202,18.2694,17.7888,24.5475,32.5446
32,10000,200,10,2,221.00,725.00,2.2032,4.8184,0.5872,36003.77,0.0278,580.00,0.2777,0.3916,0.3553,0.7339,1.0584
32,10000,200,10,4,221.00,725.00,2.2032,4.8184,0.6496,35689.80,0.0280,582.00,0.2802,0.3600,0.3260,0.6888,0.9758
32,10000,200,10,8,221.00,725.00,2.2032,4.8184,0.6838,37093.83,0.0270,583.00,0.2696,0.3455,0.3093,0.6724,0.9790
32,10000,200,10,10,221.00,725.00,2.2032,4.8184,0.6900,38181.59,0.0262,581.00,0.2619,0.3352,0.3013,0.6463,0.9620
32,10000,200,10,15,221.00,725.00,2.2032,4.8184,0.6956,37828.68,0.0264,582.00,0.2643,0.3368,0.3014,0.6518,0.9412
32,10000,200,10,20,221.00,725.00,2.2032,4.8184,0.6974,36832.80,0.0271,582.00,0.2715,0.3353,0.2996,0.6382,0.9100
32,10000,200,20,4,221.00,725.00,2.2032,4.8184,0.7235,23310.71,0.0429,582.00,0.4290,0.6422,0.5808,1.2026,1.6689
32,10000,200,20,8,221.00,725.00,2.2032,4.8184,0.7781,24482.96,0.0408,580.00,0.4084,0.6295,0.5759,1.1491,1.5368
32,10000,200,20,16,221.00,725.00,2.2032,4.8184,0.8035,24716.28,0.0405,582.00,0.4046,0.6123,0.5605,1.0934,1.5770
32,10000,200,20,20,221.00,725.00,2.2032,4.8184,0.8063,24502.79,0.0408,581.00,0.4081,0.6012,0.5493,1.0880,1.6360
32,10000,200,20,30,221.00,725.00,2.2032,4.8184,0.8090,24448.65,0.0409,580.00,0.4090,0.6123,0.5592,1.0715,1.6839
32,10000,200,20,40,221.00,725.00,2.2032,4.8184,0.8097,24171.92,0.0414,584.00,0.4137,0.6196,0.5688,1.1057,1.5750
32,10000,200,40,8,221.00,725.00,2.2032,4.8184,0.8377,14478.23,0.0691,591.00,0.6907,1.1866,1.1031,1.9591,2.6617
32,10000,200,40,16,221.00,725.00,2.2032,4.8184,0.8803,14626.64,0.0684,585.00,0.6837,1.1890,1.1049,1.9836,2.7718
32,10000,200,40,32,221.00,725.00,2.2032,4.8184,0.8944,14440.14,0.0693,582.00,0.6925,1.1968,1.1170,1.9633,2.6149
32,10000,200,40,40,221.00,725.00,2.2032,4.8184,0.8958,14036.11,0.0712,585.00,0.7124,1.2249,1.1487,2.0333,2.7097
32,10000,200,40,60,221.00,725.00,2.2032,4.8184,0.8968,14609.37,0.0684,584.00,0.6845,1.1922,1.1093,1.9623,2.6152
32,10000,200,40,80,221.00,725.00,2.2032,4.8184,0.8971,14581.29,0.0686,583.00,0.6858,1.1943,1.1072,2.0026,2.6374
32,10000,200,80,16,221.00,725.00,2.2032,4.8184,0.9219,8034.76,0.1245,580.00,1.2446,2.2489,2.1322,3.4540,4.5492
32,10000,200,80,32,221.00,725.00,2.2032,4.8184,0.9476,7980.13,0.1253,590.00,1.2531,2.2783,2.1425,3.5530,4.8670
32,10000,200,80,64,221.00,725.00,2.2032,4.8184,0.9544,7749.18,0.1290,582.00,1.2905,2.2879,2.1336,3.5437,5.5975
32,10000,200,80,80,221.00,725.00,2.2032,4.8184,0.9550,7778.41,0.1286,582.00,1.2856,2.2955,2.1443,3.5424,5.5492
32,10000,200,80,120,221.00,725.00,2.2032,4.8184,0.9552,7845.77,0.1275,581.00,1.2746,2.3248,2.1861,3.5627,4.8979
32,10000,200,80,160,221.00,725.00,2.2032,4.8184,0.9551,7826.41,0.1278,583.00,1.2777,2.3643,2.2340,3.5730,4.8156
32,10000,200,160,32,221.00,725.00,2.2032,4.8184,0.9698,4279.20,0.2337,585.00,2.3369,4.2800,4.0852,6.2295,9.3253
32,10000,200,160,64,221.00,725.00,2.2032,4.8184,0.9825,4365.05,0.2291,595.00,2.2909,4.3356,4.1465,6.3485,8.8728
32,10000,200,160,128,221.00,725.00,2.2032,4.8184,0.9843,4300.98,0.2325,589.00,2.3251,4.3967,4.1952,6.4358,9.0384
32,10000,200,160,160,221.00,725.00,2.2032,4.8184,0.9844,4176.77,0.2394,594.00,2.3942,4.3873,4.1794,6.2743,10.2294
32,10000,200,160,240,221.00,725.00,2.2032,4.8184,0.9845,4130.06,0.2421,579.00,2.4213,4.5392,4.3355,6.5926,9.1894
32,10000,200,160,320,221.00,725.00,2.2032,4.8184,0.9845,4044.72,0.2472,584.00,2.4724,4.5379,4.3234,6.4262,10.3606
32,10000,200,320,64,221.00,725.00,2.2032,4.8184,0.9915,2259.40,0.4426,608.00,4.4260,8.3091,8.0428,11.9148,15.2206
32,10000,200,320,128,221.00,725.00,2.2032,4.8184,0.9954,2230.37,0.4484,597.00,4.4836,8.3667,8.0922,11.9893,15.9332
32,10000,200,320,256,221.00,725.00,2.2032,4.8184,0.9959,2180.60,0.4586,600.00,4.5859,8.5508,8.2910,11.9154,16.7957
32,10000,200,320,320,221.00,725.00,2.2032,4.8184,0.9960,2188.24,0.4570,615.00,4.5699,8.5950,8.3511,12.2635,15.4574
32,10000,200,320,480,221.00,725.00,2.2032,4.8184,0.9960,2103.11,0.4755,613.00,4.7549,8.7566,8.4782,12.3095,17.2759
32,10000,200,320,640,221.00,725.00,2.2032,4.8184,0.9960,2013.74,0.4966,606.00,4.9659,9.1435,8.8375,12.5508,17.7573
32,10000,200,640,128,221.00,725.00,2.2032,4.8184,0.9978,1186.10,0.8431,648.00,8.4310,15.5185,15.0413,21.6353,30.5026
32,10000,200,640,256,221.00,725.00,2.2032,4.8184,0.9989,1157.88,0.8636,642.00,8.6365,16.1769,15.7318,23.4335,27.7219
32,10000,200,640,512,221.00,725.00,2.2032,4.8184,0.9990,1135.33,0.8808,645.00,8.8080,16.3503,15.8818,22.8361,29.8296
32,10000,200,640,640,221.00,725.00,2.2032,4.8184,0.9990,1125.92,0.8882,642.00,8.8816,16.5075,16.0878,22.5984,31.2338
32,10000,200,640,960,221.00,725.00,2.2032,4.8184,0.9990,1122.52,0.8909,654.00,8.9085,17.1515,16.7686,23.8971,30.5441
32,10000,200,640,1280,221.00,725.00,2.2032,4.8184,0.9990,1022.83,0.9777,640.00,9.7768,18.4225,18.0280,24.6697,32.5885
32,14000,40,14,2,213.00,723.00,2.4580,5.4024,0.6515,34415.93,0.0291,598.00,0.2906,0.4098,0.3787,0.7435,1.0486
32,14000,40,14,5,213.00,723.00,2.4580,5.4024,0.7072,35779.20,0.0279,598.00,0.2795,0.3742,0.3445,0.6907,1.0027
32,14000,40,14,11,213.00,723.00,2.4580,5.4024,0.7240,35672.76,0.0280,599.00,0.2803,0.3626,0.3298,0.6777,0.9614
32,14000,40,14,14,213.00,723.00,2.4580,5.4024,0.7255,37322.44,0.0268,597.00,0.2679,0.3504,0.3126,0.6712,0.9505
32,14000,40,14,21,213.00,723.00,2.4580,5.4024,0.7275,37260.57,0.0268,595.00,0.2684,0.3622,0.3346,0.6544,0.9033
32,14000,40,14,28,213.00,723.00,2.4580,5.4024,0.7278,38530.24,0.0260,598.00,0.2595,0.3629,0.3337,0.6416,0.8570
32,14000,40,28,5,213.00,723.00,2.4580,5.4024,0.7933,24002.46,0.0417,600.00,0.4166,0.6642,0.6144,1.1381,1.4897
32,14000,40,28,11,213.00,723.00,2.4580,5.4024,0.8225,23286.16,0.0429,600.00,0.4294,0.6742,0.6229,1.1919,1.6392
32,14000,40,28,22,213.00,723.00,2.4580,5.4024,0.8314,24553.25,0.0407,597.00,0.4073,0.6590,0.6184,1.1240,1.5050
32,14000,40,28,28,213.00,723.00,2.4580,5.4024,0.8322,24188.32,0.0413,595.00,0.4134,0.6599,0.6163,1.1135,1.4899
32,14000,40,28,42,213.00,723.00,2.4580,5.4024,0.8327,24002.64,0.0417,599.00,0.4166,0.6655,0.6238,1.1257,1.5017
32,14000,40,28,56,213.00,723.00,2.4580,5.4024,0.8328,23602.81,0.0424,601.00,0.4237,0.6645,0.6245,1.1228,1.4803
32,14000,40,56,11,213.00,723.00,2.4580,5.4024,0.8899,13667.32,0.0732,596.00,0.7317,1.2454,1.1616,2.0106,2.9540
32,14000,40,56,22,213.00,723.00,2.4580,5.4024,0.9086,13664.67,0.0732,594.00,0.7318,1.2665,1.1984,2.0413,2.7340
32,14000,40,56,44,213.00,723.00,2.4580,5.4024,0.9128,13254.60,0.0754,598.00,0.7545,1.2955,1.2250,2.0929,2.7734
32,14000,40,56,56,213.00,723.00,2.4580,5.4024,0.9128,13565.14,0.0737,595.00,0.7372,1.2689,1.2018,2.0090,2.5753
32,14000,40,56,84,213.00,723.00,2.4580,5.4024,0.9128,13633.01,0.0734,598.00,0.7335,1.2912,1.2172,2.0560,2.7671
32,14000,40,56,112,213.00,723.00,2.4580,5.4024,0.9128,13018.18,0.0768,596.00,0.7682,1.3254,1.2426,2.1102,2.9068
32,14000,40,112,22,213.00,723.00,2.4580,5.4024,0.9509,7032.04,0.1422,597.00,1.4221,2.4973,2.4128,3.9253,4.8050
32,14000,40,112,44,213.00,723.00,2.4580,5.4024,0.9610,7266.09,0.1376,597.00,1.3763,2.4753,2.3664,3.7254,4.6929
32,14000,40,112,89,213.00,723.00,2.4580,5.4024,0.9625,7175.50,0.1394,592.00,1.3936,2.4492,2.3120,3.7829,5.7198
32,14000,40,112,112,213.00,723.00,2.4580,5.4024,0.9625,7438.41,0.1344,594.00,1.3444,2.4613,2.3490,3.7032,4.7043
32,14000,40,112,168,213.00,723.00,2.4580,5.4024,0.9626,7171.68,0.1394,596.00,1.3944,2.4817,2.3647,3.6673,5.6484
32,14000,40,112,224,213.00,723.00,2.4580,5.4024,0.9626,7085.90,0.1411,599.00,1.4113,2.5480,2.4290,3.7724,5.4182
32,14000,40,224,44,213.00,723.00,2.4580,5.4024,0.9827,4055.45,0.2466,603.00,2.4658,4.6035,4.4369,6.6698,8.4739
32,14000,40,224,89,213.00,723.00,2.4580,5.4024,0.9868,3961.54,0.2524,601.00,2.5243,4.6038,4.4089,6.6306,9.9557
32,14000,40,224,179,213.00,723.00,2.4580,5.4024,0.9872,3949.88,0.2532,601.00,2.5317,4.7204,4.5663,6.7858,8.7451
32,14000,40,224,224,213.00,723.00,2.4580,5.4024,0.9873,3799.87,0.2632,598.00,2.6317,4.7792,4.5893,6.9661,9.6328
32,14000,40,224,336,213.00,723.00,2.4580,5.4024,0.9874,3666.43,0.2727,607.00,2.7274,4.9048,4.7010,6.9737,11.0382
32,14000,40,224,448,213.00,723.00,2.4580,5.4024,0.9874,3651.56,0.2739,615.00,2.7386,5.1238,4.9735,7.2157,9.0024
32,14000,40,448,89,213.00,723.00,2.4580,5.4024,0.9949,2117.43,0.4723,628.00,4.7227,8.7162,8.4585,12.1709,17.3905
32,14000,40,448,179,213.00,723.00,2.4580,5.4024,0.9960,2144.21,0.4664,616.00,4.6637,8.7163,8.5037,12.1155,16.4675
32,14000,40,448,358,213.00,723.00,2.4580,5.4024,0.9963,2084.00,0.4798,634.00,4.7985,8.9730,8.7387,12.3657,16.8090
32,14000,40,448,448,213.00,723.00,2.4580,5.4024,0.9963,2070.23,0.4830,632.00,4.8304,8.9765,8.7270,12.2416,18.2059
32,14000,40,448,672,213.00,723.00,2.4580,5.4024,0.9963,2012.64,0.4969,641.00,4.9686,9.4333,9.1867,12.9096,18.1166
32,14000,40,448,896,213.00,723.00,2.4580,5.4024,0.9965,1905.69,0.5247,625.00,5.2474,10.0164,9.7560,13.6554,18.3089
32,14000,40,896,179,213.00,723.00,2.4580,5.4024,0.9980,1158.51,0.8632,679.00,8.6318,16.4994,16.1497,22.3415,26.3281
32,14000,40,896,358,213.00,723.00,2.4580,5.4024,0.9984,1165.73,0.8578,680.00,8.5783,16.6531,16.2720,23.3054,32.2055
32,14000,40,896,716,213.00,723.00,2.4580,5.4024,0.9985,1128.46,0.8862,679.00,8.8616,17.2875,16.8827,25.0122,30.1592
32,14000,40,896,896,213.00,723.00,2.4580,5.4024,0.9987,1099.79,0.9093,697.00,9.0927,17.5451,17.1705,24.5233,30.1809
32,14000,40,896,1344,213.00,723.00,2.4580,5.4024,0.9987,980.61,1.0198,679.00,10.1977,19.3595,19.0943,25.3758,28.3602
32,14000,40,896,1792,213.00,723.00,2.4580,5.4024,0.9987,889.90,1.1237,676.00,11.2372,21.3101,20.9281,27.5536,33.8813
32,14000,100,14,2,243.00,723.00,2.2525,4.9209,0.5949,33621.18,0.0297,591.00,0.2974,0.4200,0.3876,0.7603,1.0437
32,14000,100,14,5,243.00,723.00,2.2525,4.9209,0.6857,36169.86,0.0276,601.00,0.2765,0.3962,0.3654,0.7227,0.9848
32,14000,100,14,11,243.00,723.00,2.2525,4.9209,0.7205,36104.29,0.0277,590.00,0.2770,0.3758,0.3457,0.6862,0.9411
32,14000,100,14,14,243.00,723.00,2.2525,4.9209,0.7248,36393.32,0.0275,594.00,0.2748,0.3743,0.3408,0.6977,0.9898
32,14000,100,14,21,243.00,723.00,2.2525,4.9209,0.7284,37096.14,0.0270,593.00,0.2696,0.3672,0.3380,0.6647,0.8900
32,14000,100,14,28,243.00,723.00,2.2525,4.9209,0.7296,36302.47,0.0275,590.00,0.2755,0.3583,0.3245,0.6536,0.9663
32,14000,100,28,5,243.00,723.00,2.2525,4.9209,0.7508,23918.90,0.0418,591.00,0.4181,0.6779,0.6251,1.1760,1.6379
32,14000,100,28,11,243.00,723.00,2.2525,4.9209,0.8099,24062.58,0.0416,593.00,0.4156,0.6641,0.6215,1.1441,1.5003
32,14000,100,28,22,243.00,723.00,2.2525,4.9209,0.8304,24642.21,0.0406,592.00,0.4058,0.6697,0.6240,1.1481,1.5400
32,14000,100,28,28,243.00,723.00,2.2525,4.9209,0.8330,23609.48,0.0424,589.00,0.4236,0.6737,0.6261,1.1448,1.5342
32,14000,100,28,42,243.00,723.00,2.2525,4.9209,0.8352,22772.91,0.0439,599.00,0.4391,0.6852,0.6330,1.1762,1.6649
32,14000,100,28,56,243.00,723.00,2.2525,4.9209,0.8357,23079.33,0.0433,593.00,0.4333,0.6820,0.6395,1.1450,1.5107
32,14000,100,56,11,243.00,723.00,2.2525,4.9209,0.8628,13307.77,0.0751,592.00,0.7514,1.3046,1.2379,2.1020,2.6842
32,14000,100,56,22,243.00,723.00,2.2525,4.9209,0.9015,13388.02,0.0747,594.00,0.7469,1.2846,1.1986,2.0904,3.0317
32,14000,100,56,44,243.00,723.00,2.2525,4.9209,0.9134,13316.17,0.0751,589.00,0.7510,1.2790,1.1920,2.0802,3.1443
32,14000,100,56,56,243.00,723.00,2.2525,4.9209,0.9149,13280.20,0.0753,589.00,0.7530,1.3094,1.2368,2.0950,2.6631
32,14000,100,56,84,243.00,723.00,2.2525,4.9209,0.9159,13074.89,0.0765,594.00,0.7648,1.3186,1.2292,2.1110,3.0797
32,14000,100,56,112,243.00,723.00,2.2525,4.9209,0.9161,13459.57,0.0743,592.00,0.7430,1.3198,1.2520,2.0588,2.6464
32,14000,100,112,22,243.00,723.00,2.2525,4.9209,0.9344,7608.70,0.1314,592.00,1.3143,2.4198,2.3058,3.6612,4.7004
32,14000,100,112,44,243.00,723.00,2.2525,4.9209,0.9574,7583.02,0.1319,595.00,1.3187,2.4499,2.3302,3.6954,4.8582
32,14000,100,112,89,243.00,723.00,2.2525,4.9209,0.9635,7409.69,0.1350,590.00,1.3496,2.5002,2.3811,3.7578,4.9011
32,14000,100,112,112,243.00,723.00,2.2525,4.9209,0.9640,7062.93,0.1416,592.00,1.4158,2.5215,2.3827,3.8133,5.6164
32,14000,100,112,168,243.00,723.00,2.2525,4.9209,0.9643,7008.93,0.1427,592.00,1.4268,2.5424,2.4111,3.8244,5.5876
32,14000,100,112,224,243.00,723.00,2.2525,4.9209,0.9644,6757.52,0.1480,597.00,1.4798,2.6470,2.5134,3.9956,6.2064
32,14000,100,224,44,243.00,723.00,2.2525,4.9209,0.9748,3905.41,0.2561,605.00,2.5605,4.6283,4.4609,6.7653,9.2660
32,14000,100,224,89,243.00,723.00,2.2525,4.9209,0.9858,4056.51,0.2465,597.00,2.4652,4.6944,4.5369,6.8326,8.7233
32,14000,100,224,179,243.00,723.00,2.2525,4.9209,0.9881,3998.41,0.2501,602.00,2.5010,4.7418,4.5858,6.8228,9.0118
32,14000,100,224,224,243.00,723.00,2.2525,4.9209,0.9882,3960.19,0.2525,596.00,2.5251,4.8209,4.6630,6.9574,8.7015
32,14000,100,224,336,243.00,723.00,2.2525,4.9209,0.9883,3825.33,0.2614,612.00,2.6142,4.9195,4.7758,6.9234,8.5996
32,14000,100,224,448,243.00,723.00,2.2525,4.9209,0.9883,3652.77,0.2738,598.00,2.7376,5.0740,4.8721,7.3040,10.2063
32,14000,100,448,89,243.00,723.00,2.2525,4.9209,0.9922,2118.07,0.4721,620.00,4.7213,8.7363,8.5053,12.3001,16.7151
32,14000,100,448,179,243.00,723.00,2.2525,4.9209,0.9961,2146.18,0.4659,622.00,4.6594,8.9146,8.7065,12.6872,16.1198
32,14000,100,448,358,243.00,723.00,2.2525,4.9209,0.9968,2090.45,0.4784,622.00,4.7836,9.0761,8.8658,12.6766,16.0157
32,14000,100,448,448,243.00,723.00,2.2525,4.9209,0.9968,1987.63,0.5031,631.00,5.0311,9.3926,9.1999,12.9775,15.0982
32,14000,100,448,672,243.00,723.00,2.2525,4.9209,0.9968,1887.70,0.5297,639.00,5.2974,9.7767,9.5288,13.3326,17.6762
32,14000,100,448,896,243.00,723.00,2.2525,4.9209,0.9968,1858.38,0.5381,622.00,5.3810,10.1308,9.8707,13.9871,18.7665
32,14000,100,896,179,243.00,723.00,2.2525,4.9209,0.9978,1127.91,0.8866,662.00,8.8660,16.3712,15.9708,22.3462,31.9022
32,14000,100,896,358,243.00,723.00,2.2525,4.9209,0.9989,1070.55,0.9341,690.00,9.3410,17.6446,17.3744,23.4907,27.1867
32,14000,100,896,716,243.00,723.00,2.2525,4.9209,0.9990,1018.50,0.9818,684.00,9.8183,18.1669,17.6471,25.2217,33.1443
32,14000,100,896,896,243.00,723.00,2.2525,4.9209,0.9990,1029.02,0.9718,694.00,9.7180,18.1222,17.6924,24.2159,33.9245
32,14000,100,896,1344,243.00,723.00,2.2525,4.9209,0.9990,996.50,1.0035,693.00,10.0351,19.4546,19.1022,25.4783,30.3281
32,14000,100,896,1792,243.00,723.00,2.2525,4.9209,0.9990,895.38,1.1168,702.00,11.1685,21.3785,21.0177,27.7771,32.1016
32,14000,200,14,2,253.00,721.00,2.8897,5.5905,0.6004,33729.86,0.0296,600.00,0.2965,0.4136,0.3776,0.7881,1.0957
32,14000,200,14,5,253.00,721.00,2.8897,5.5905,0.6911,35802.73,0.0279,598.00,0.2793,0.3954,0.3635,0.7298,0.9975
32,14000,200,14,11,253.00,721.00,2.8897,5.5905,0.7229,37747.83,0.0265,597.00,0.2649,0.3776,0.3483,0.6888,0.9428
32,14000,200,14,14,253.00,721.00,2.8897,5.5905,0.7270,38548.82,0.0259,598.00,0.2594,0.3750,0.3416,0.6873,0.9785
32,14000,200,14,21,253.00,721.00,2.8897,5.5905,0.7312,38272.30,0.0261,596.00,0.2613,0.3588,0.3298,0.6536,0.8978
32,14000,200,14,28,253.00,721.00,2.8897,5.5905,0.7323,37644.88,0.0266,596.00,0.2656,0.3579,0.3280,0.6401,0.8988
32,14000,200,28,5,253.00,721.00,2.8897,5.5905,0.7567,23253.63,0.0430,597.00,0.4300,0.6918,0.6453,1.1890,1.5443
32,14000,200,28,11,253.00,721.00,2.8897,5.5905,0.8134,21530.62,0.0464,598.00,0.4645,0.6839,0.6313,1.2156,1.7041
32,14000,200,28,22,253.00,721.00,2.8897,5.5905,0.8323,21700.02,0.0461,599.00,0.4608,0.6965,0.6459,1.2243,1.6569
32,14000,200,28,28,253.00,721.00,2.8897,5.5905,0.8348,21429.73,0.0467,599.00,0.4666,0.6980,0.6410,1.2622,1.7177
32,14000,200,28,42,253.00,721.00,2.8897,5.5905,0.8365,22370.06,0.0447,599.00,0.4470,0.7072,0.6604,1.2081,1.6007
32,14000,200,28,56,253.00,721.00,2.8897,5.5905,0.8368,21871.36,0.0457,597.00,0.4572,0.7208,0.6711,1.2314,1.6741
32,14000,200,56,11,253.00,721.00,2.8897,5.5905,0.8671,12257.94,0.0816,597.00,0.8158,1.3499,1.2677,2.2148,3.0092
32,14000,200,56,22,253.00,721.00,2.8897,5.5905,0.9036,12258.83,0.0816,589.00,0.8157,1.3377,1.2499,2.2284,3.0937
32,14000,200,56,44,253.00,721.00,2.8897,5.5905,0.9147,12695.94,0.0788,603.00,0.7877,1.3347,1.2462,2.2249,3.1398
32,14000,200,56,56,253.00,721.00,2.8897,5.5905,0.9155,13221.57,0.0756,601.00,0.7563,1.3081,1.2390,2.0883,2.6693
32,14000,200,56,84,253.00,721.00,2.8897,5.5905,0.9161,13364.58,0.0748,598.00,0.7482,1.3143,1.2405,2.0856,2.7287
32,14000,200,56,112,253.00,721.00,2.8897,5.5905,0.9161,13244.98,0.0755,598.00,0.7550,1.3458,1.2773,2.1129,2.6931
32,14000,200,112,22,253.00,721.00,2.8897,5.5905,0.9383,7540.39,0.1326,609.00,1.3262,2.4300,2.3080,3.7213,4.8047
32,14000,200,112,44,253.00,721.00,2.8897,5.5905,0.9597,7454.16,0.1342,596.00,1.3415,2.4315,2.3119,3.6877,5.2729
32,14000,200,112,89,253.00,721.00,2.8897,5.5905,0.9645,7373.45,0.1356,597.00,1.3562,2.4505,2.3147,3.7525,5.3591
32,14000,200,112,112,253.00,721.00,2.8897,5.5905,0.9647,7396.19,0.1352,595.00,1.3520,2.4827,2.3685,3.7204,4.7491
32,14000,200,112,168,253.00,721.00,2.8897,5.5905,0.9650,7120.63,0.1404,597.00,1.4044,2.5382,2.4089,3.8025,5.5854
32,14000,200,112,224,253.00,721.00,2.8897,5.5905,0.9650,6995.57,0.1429,597.00,1.4295,2.6306,2.5246,3.8984,4.8954
32,14000,200,224,44,253.00,721.00,2.8897,5.5905,0.9779,3983.72,0.2510,599.00,2.5102,4.6971,4.5402,6.7892,8.8482
32,14000,200,224,89,253.00,721.00,2.8897,5.5905,0.9872,3817.99,0.2619,602.00,2.6192,4.7850,4.6400,6.9044,8.3403
32,14000,200,224,179,253.00,721.00,2.8897,5.5905,0.9885,3856.68,0.2593,607.00,2.5929,4.8164,4.6791,6.9227,8.3158
32,14000,200,224,224,253.00,721.00,2.8897,5.5905,0.9885,3850.74,0.2597,606.00,2.5969,4.8471,4.7008,6.8920,8.4872
32,14000,200,224,336,253.00,721.00,2.8897,5.5905,0.9885,3662.34,0.2730,614.00,2.7305,4.9906,4.8141,7.2564,9.6307
32,14000,200,224,448,253.00,721.00,2.8897,5.5905,0.9885,3566.76,0.2804,619.00,2.8037,5.2248,5.0902,7.3282,8.6470
32,14000,200,448,89,253.00,721.00,2.8897,5.5905,0.9938,2112.47,0.4734,625.00,4.7338,8.7933,8.5772,12.4468,16.0099
32,14000,200,448,179,253.00,721.00,2.8897,5.5905,0.9968,2124.14,0.4708,629.00,4.7078,8.9873,8.8411,12.3843,14.8576
32,14000,200,448,358,253.00,721.00,2.8897,5.5905,0.9970,2037.99,0.4907,634.00,4.9068,9.1086,8.8616,12.9255,17.6817
32,14000,200,448,448,253.00,721.00,2.8897,5.5905,0.9970,2026.82,0.4934,628.00,4.9338,9.2792,9.1103,12.8181,14.8558
32,14000,200,448,672,253.00,721.00,2.8897,5.5905,0.9970,1944.55,0.5143,644.00,5.1426,9.6288,9.3907,13.0018,18.3660
32,14000,200,448,896,253.00,721.00,2.8897,5.5905,0.9970,1887.48,0.5298,637.00,5.2981,10.2034,10.0267,13.5783,16.1681
32,14000,200,896,179,253.00,721.00,2.8897,5.5905,0.9985,1147.24,0.8717,680.00,8.7165,16.3933,16.0014,22.8112,27.9490
32,14000,200,896,358,253.00,721.00,2.8897,5.5905,0.9990,1094.63,0.9135,674.00,9.1355,17.2554,16.9395,22.9593,26.4372
32,14000,200,896,716,253.00,721.00,2.8897,5.5905,0.9991,1055.28,0.9476,677.00,9.4762,17.8746,17.5267,23.9175,27.8814
32,14000,200,896,896,253.00,721.00,2.8897,5.5905,0.9991,1031.81,0.9692,687.00,9.6917,18.3177,17.9881,24.4207,28.1495
32,14000,200,896,1344,253.00,721.00,2.8897,5.5905,0.9991,958.37,1.0434,669.00,10.4344,19.6922,19.3180,25.9083,30.5220
32,14000,200,896,1792,253.00,721.00,2.8897,5.5905,0.9991,904.87,1.1051,687.00,11.0513,21.2514,20.9062,28.0895,34.1974
32,18000,40,18,3,241.00,721.00,2.9535,6.0556,0.6926,33099.52,0.0302,596.00,0.3021,0.4510,0.4245,0.7973,1.0197
32,18000,40,18,7,241.00,721.00,2.9535,6.0556,0.7325,35018.36,0.0286,590.00,0.2856,0.3942,0.3675,0.7138,0.9617
32,18000,40,18,14,241.00,721.00,2.9535,6.0556,0.7447,36523.99,0.0274,594.00,0.2738,0.3921,0.3684,0.6783,0.8884
32,18000,40,18,18,241.00,721.00,2.9535,6.0556,0.7464,38760.20,0.0258,589.00,0.2580,0.3771,0.3464,0.6814,0.9452
32,18000,40,18,27,241.00,721.00,2.9535,6.0556,0.7478,35361.17,0.0283,592.00,0.2828,0.3787,0.3500,0.6572,0.8792
32,18000,40,18,36,241.00,721.00,2.9535,6.0556,0.7479,34868.43,0.0287,594.00,0.2868,0.4013,0.3734,0.6908,0.9853
32,18000,40,36,7,241.00,721.00,2.9535,6.0556,0.8159,22761.15,0.0439,590.00,0.4393,0.7108,0.6738,1.1859,1.5236
32,18000,40,36,14,241.00,721.00,2.9535,6.0556,0.8400,22693.82,0.0441,593.00,0.4406,0.7022,0.6745,1.1524,1.4618
32,18000,40,36,28,241.00,721.00,2.9535,6.0556,0.8483,22455.49,0.0445,588.00,0.4453,0.7093,0.6673,1.1878,1.6614
32,18000,40,36,36,241.00,721.00,2.9535,6.0556,0.8492,22167.58,0.0451,592.00,0.4511,0.7058,0.6660,1.1780,1.5023
32,18000,40,36,54,241.00,721.00,2.9535,6.0556,0.8497,22086.34,0.0453,590.00,0.4528,0.7477,0.7127,1.1875,1.5709
32,18000,40,36,72,241.00,721.00,2.9535,6.0556,0.8499,20790.92,0.0481,594.00,0.4810,0.7562,0.7074,1.2692,1.7123
32,18000,40,72,14,241.00,721.00,2.9535,6.0556,0.9031,12881.17,0.0776,591.00,0.7763,1.3488,1.2830,2.1234,2.7306
32,18000,40,72,28,241.00,721.00,2.9535,6.0556,0.9195,12316.21,0.0812,594.00,0.8119,1.3842,1.3179,2.1901,2.7584
32,18000,40,72,57,241.00,721.00,2.9535,6.0556,0.9230,12394.58,0.0807,592.00,0.8068,1.4096,1.3580,2.1627,2.6635
32,18000,40,72,72,241.00,721.00,2.9535,6.0556,0.9232,12521.13,0.0799,589.00,0.7986,1.3950,1.3295,2.1493,2.6813
32,18000,40,72,108,241.00,721.00,2.9535,6.0556,0.9234,12178.99,0.0821,591.00,0.8211,1.4440,1.3897,2.1694,2.6306
32,18000,40,72,144,241.00,721.00,2.9535,6.0556,0.9234,11991.55,0.0834,597.00,0.8339,1.4640,1.4060,2.1840,2.6947
32,18000,40,144,28,241.00,721.00,2.9535,6.0556,0.9581,7064.80,0.1415,591.00,1.4155,2.6072,2.5040,3.8709,4.7910
32,18000,40,144,57,241.00,721.00,2.9535,6.0556,0.9668,6742.71,0.1483,599.00,1.4831,2.6366,2.5280,3.9778,5.2769
32,18000,40,144,115,241.00,721.00,2.9535,6.0556,0.9687,6872.96,0.1455,608.00,1.4550,2.6174,2.5084,3.8982,5.6010
32,18000,40,144,144,241.00,721.00,2.9535,6.0556,0.9689,7036.19,0.1421,600.00,1.4212,2.6182,2.5341,3.8374,4.6574
32,18000,40,144,216,241.00,721.00,2.9535,6.0556,0.9689,6765.15,0.1478,596.00,1.4782,2.7115,2.6379,3.8599,4.6936
32,18000,40,144,288,241.00,721.00,2.9535,6.0556,0.9690,6655.44,0.1503,595.00,1.5025,2.8105,2.7176,4.0454,4.8906
32,18000,40,288,57,241.00,721.00,2.9535,6.0556,0.9853,3846.13,0.2600,602.00,2.6000,4.8668,4.7667,6.8120,8.3893
32,18000,40,288,115,241.00,721.00,2.9535,6.0556,0.9893,3777.88,0.2647,607.00,2.6470,4.9572,4.8438,6.9632,8.2576
32,18000,40,288,230,241.00,721.00,2.9535,6.0556,0.9901,3668.50,0.2726,605.00,2.7259,5.0651,4.9318,7.1671,8.7559
32,18000,40,288,288,241.00,721.00,2.9535,6.0556,0.9901,3689.06,0.2711,613.00,2.7107,5.1080,4.9970,7.0940,8.2920
32,18000,40,288,432,241.00,721.00,2.9535,6.0556,0.9901,3533.59,0.2830,622.00,2.8300,5.3959,5.2754,7.3170,8.8836
32,18000,40,288,576,241.00,721.00,2.9535,6.0556,0.9901,3344.85,0.2990,611.00,2.9897,5.6616,5.5515,7.6667,8.8772
32,18000,40,576,115,241.00,721.00,2.9535,6.0556,0.9958,1972.28,0.5070,635.00,5.0703,9.4618,9.2830,12.7862,14.8367
32,18000,40,576,230,241.00,721.00,2.9535,6.0556,0.9971,1969.05,0.5079,654.00,5.0786,9.4995,9.3614,12.8822,14.8172
32,18000,40,576,460,241.00,721.00,2.9535,6.0556,0.9973,1929.51,0.5183,651.00,5.1827,9.7575,9.6136,13.0503,15.0827
32,18000,40,576,576,241.00,721.00,2.9535,6.0556,0.9973,1912.29,0.5229,664.00,5.2293,9.9088,9.7533,13.2002,15.2138
32,18000,40,576,864,241.00,721.00,2.9535,6.0556,0.9973,1757.79,0.5689,658.00,5.6889,10.7194,10.5584,14.1402,16.1076
32,18000,40,576,1152,241.00,721.00,2.9535,6.0556,0.9973,1660.52,0.6022,662.00,6.0222,11.4535,11.3540,14.8146,16.6389
32,18000,40,1152,230,241.00,721.00,2.9535,6.0556,0.9988,1082.80,0.9235,715.00,9.2354,17.4975,17.3259,22.9298,25.9330
32,18000,40,1152,460,241.00,721.00,2.9535,6.0556,0.9991,1022.06,0.9784,719.00,9.7842,18.5205,18.2233,24.2100,28.1517
32,18000,40,1152,921,241.00,721.00,2.9535,6.0556,0.9991,973.80,1.0269,735.00,10.2690,19.4058,19.1443,24.9172,27.8009
32,18000,40,1152,1152,241.00,721.00,2.9535,6.0556,0.9991,953.59,1.0487,731.00,10.4867,19.6740,19.4067,25.3285,29.2371
32,18000,40,1152,1728,241.00,721.00,2.9535,6.0556,0.9991,855.46,1.1690,744.00,11.6896,22.0159,21.6296,28.4986,32.8894
32,18000,40,1152,2304,241.00,721.00,2.9535,6.0556,0.9991,763.15,1.3104,756.00,13.1036,25.0408,24.6528,32.5685,37.8591
32,18000,100,18,3,308.00,719.00,2.7121,5.4462,0.6463,33429.39,0.0299,590.00,0.2991,0.4499,0.4221,0.7906,1.0527
32,18000,100,18,7,308.00,719.00,2.7121,5.4462,0.7161,33918.56,0.0295,588.00,0.2948,0.4123,0.3836,0.7345,0.9344
32,18000,100,18,14,308.00,719.00,2.7121,5.4462,0.7418,34895.35,0.0287,589.00,0.2866,0.4000,0.3743,0.7089,0.9864
32,18000,100,18,18,308.00,719.00,2.7121,5.4462,0.7457,36109.24,0.0277,588.00,0.2769,0.3881,0.3622,0.6764,0.8773
32,18000,100,18,27,308.00,719.00,2.7121,5.4462,0.7494,33432.34,0.0299,584.00,0.2991,0.3930,0.3638,0.6807,0.9109
32,18000,100,18,36,308.00,719.00,2.7121,5.4462,0.7501,35029.53,0.0285,586.00,0.2855,0.3951,0.3682,0.6803,0.8709
32,18000,100,36,7,308.00,719.00,2.7121,5.4462,0.7826,22151.12,0.0451,584.00,0.4514,0.7321,0.6967,1.1961,1.5400
32,18000,100,36,14,308.00,719.00,2.7121,5.4462,0.8276,22051.82,0.0453,588.00,0.4535,0.7241,0.6864,1.2148,1.6473
32,18000,100,36,28,308.00,719.00,2.7121,5.4462,0.8465,21609.45,0.0463,589.00,0.4628,0.7274,0.6869,1.2236,1.5821
32,18000,100,36,36,308.00,719.00,2.7121,5.4462,0.8488,20472.67,0.0488,588.00,0.4885,0.7477,0.7000,1.2626,1.6046
32,18000,100,36,54,308.00,719.00,2.7121,5.4462,0.8504,19611.76,0.0510,588.00,0.5099,0.7887,0.7482,1.3231,1.6871
32,18000,100,36,72,308.00,719.00,2.7121,5.4462,0.8510,19832.59,0.0504,587.00,0.5042,0.7868,0.7296,1.3602,1.8763
32,18000,100,72,14,308.00,719.00,2.7121,5.4462,0.8791,12326.29,0.0811,581.00,0.8113,1.3965,1.3342,2.2119,2.7856
32,18000,100,72,28,308.00,719.00,2.7121,5.4462,0.9136,12542.10,0.0797,590.00,0.7973,1.3985,1.3342,2.1716,2.7380
32,18000,100,72,57,308.00,719.00,2.7121,5.4462,0.9238,12240.68,0.0817,592.00,0.8169,1.4304,1.3645,2.2082,2.7064
32,18000,100,72,72,308.00,719.00,2.7121,5.4462,0.9248,12648.09,0.0791,589.00,0.7906,1.3984,1.3376,2.1357,2.6017
32,18000,100,72,108,308.00,719.00,2.7121,5.4462,0.9252,11899.74,0.0840,584.00,0.8404,1.4508,1.3856,2.2806,2.9078
32,18000,100,72,144,308.00,719.00,2.7121,5.4462,0.9252,11906.33,0.0840,581.00,0.8399,1.4624,1.4004,2.2270,2.6910
32,18000,100,144,28,308.00,719.00,2.7121,5.4462,0.9458,6932.14,0.1443,605.00,1.4426,2.6411,2.5417,3.9052,4.8418
32,18000,100,144,57,308.00,719.00,2.7121,5.4462,0.9653,6635.30,0.1507,602.00,1.5071,2.6552,2.5328,4.1078,5.5908
32,18000,100,144,115,308.00,719.00,2.7121,5.4462,0.9692,6847.21,0.1460,593.00,1.4604,2.6747,2.5862,3.9248,4.8531
32,18000,100,144,144,308.00,719.00,2.7121,5.4462,0.9693,6537.29,0.1530,599.00,1.5297,2.7023,2.5899,4.0608,5.4478
32,18000,100,144,216,308.00,719.00,2.7121,5.4462,0.9696,6719.28,0.1488,593.00,1.4883,2.7292,2.6299,3.9829,4.9407
32,18000,100,144,288,308.00,719.00,2.7121,5.4462,0.9696,6484.81,0.1542,598.00,1.5421,2.8080,2.7251,4.0303,4.9021
32,18000,100,288,57,308.00,719.00,2.7121,5.4462,0.9811,3702.14,0.2701,606.00,2.7011,4.8507,4.6850,6.8193,11.1831
32,18000,100,288,115,308.00,719.00,2.7121,5.4462,0.9889,3785.46,0.2642,607.00,2.6417,5.0023,4.8693,7.0752,8.7352
32,18000,100,288,230,308.00,719.00,2.7121,5.4462,0.9905,3663.97,0.2729,606.00,2.7293,5.0641,4.8907,7.2621,9.7387
32,18000,100,288,288,308.00,719.00,2.7121,5.4462,0.9906,3641.62,0.2746,609.00,2.7460,5.0801,4.9103,7.0765,10.8106
32,18000,100,288,432,308.00,719.00,2.7121,5.4462,0.9906,3495.68,0.2861,620.00,2.8607,5.3122,5.1436,7.3027,11.2808
32,18000,100,288,576,308.00,719.00,2.7121,5.4462,0.9906,3358.92,0.2977,609.00,2.9771,5.5895,5.4555,7.7065,9.5794
32,18000,100,576,115,308.00,719.00,2.7121,5.4462,0.9944,2058.23,0.4859,630.00,4.8586,9.2938,9.0582,12.8582,16.2545
32,18000,100,576,230,308.00,719.00,2.7121,5.4462,0.9971,1973.85,0.5066,634.00,5.0662,9.6378,9.4585,13.0611,15.2852
32,18000,100,576,460,308.00,719.00,2.7121,5.4462,0.9975,1895.03,0.5277,650.00,5.2770,9.8816,9.7023,13.3987,15.7222
32,18000,100,576,576,308.00,719.00,2.7121,5.4462,0.9976,1838.23,0.5440,642.00,5.4400,10.0492,9.7655,13.8545,18.5273
32,18000,100,576,864,308.00,719.00,2.7121,5.4462,0.9976,1727.11,0.5790,639.00,5.7900,10.7638,10.5019,14.7574,18.0084
32,18000,100,576,1152,308.00,719.00,2.7121,5.4462,0.9976,1619.82,0.6174,654.00,6.1735,11.7195,11.5435,15.3080,17.2727
32,18000,100,1152,230,308.00,719.00,2.7121,5.4462,0.9985,1085.10,0.9216,707.00,9.2157,17.2590,16.8467,24.1150,31.0487
32,18000,100,1152,460,308.00,719.00,2.7121,5.4462,0.9991,1047.80,0.9544,727.00,9.5438,18.4274,18.0209,24.4701,29.4679
32,18000,100,1152,921,308.00,719.00,2.7121,5.4462,0.9991,986.98,1.0132,727.00,10.1320,19.3694,19.0488,25.1466,29.6287
32,18000,100,1152,1152,308.00,719.00,2.7121,5.4462,0.9992,941.63,1.0620,714.00,10.6199,19.7950,19.3816,26.5444,32.6451
32,18000,100,1152,1728,308.00,719.00,2.7121,5.4462,0.9992,877.38,1.1398,730.00,11.3975,21.8754,21.5815,27.7753,30.2713
32,18000,100,1152,2304,308.00,719.00,2.7121,5.4462,0.9992,760.99,1.3141,748.00,13.1408,25.1393,24.8595,31.0072,35.2241
32,18000,200,18,3,305.00,721.00,3.6619,6.4593,0.6521,34235.21,0.0292,611.00,0.2921,0.4529,0.4295,0.7703,1.0254
32,18000,200,18,7,305.00,721.00,3.6619,6.4593,0.7203,34652.78,0.0289,612.00,0.2886,0.4104,0.3871,0.7183,0.9511
32,18000,200,18,14,305.00,721.00,3.6619,6.4593,0.7437,33720.90,0.0297,612.00,0.2966,0.4053,0.3759,0.7161,0.9453
32,18000,200,18,18,305.00,721.00,3.6619,6.4593,0.7469,36276.72,0.0276,610.00,0.2757,0.4009,0.3733,0.6975,0.9530
32,18000,200,18,27,305.00,721.00,3.6619,6.4593,0.7502,36250.08,0.0276,611.00,0.2759,0.3941,0.3673,0.6861,0.8909
32,18000,200,18,36,305.00,721.00,3.6619,6.4593,0.7510,34451.24,0.0290,615.00,0.2903,0.3923,0.3591,0.6948,0.9889
32,18000,200,36,7,305.00,721.00,3.6619,6.4593,0.7887,22336.97,0.0448,610.00,0.4477,0.7212,0.6862,1.2052,1.5323
32,18000,200,36,14,305.00,721.00,3.6619,6.4593,0.8327,21788.55,0.0459,609.00,0.4590,0.7231,0.6789,1.2073,1.5676
32,18000,200,36,28,305.00,721.00,3.6619,6.4593,0.8492,20972.21,0.0477,611.00,0.4768,0.7476,0.7106,1.2424,1.6216
32,18000,200,36,36,305.00,721.00,3.6619,6.4593,0.8513,22098.04,0.0453,614.00,0.4525,0.7401,0.7093,1.1839,1.4930
32,18000,200,36,54,305.00,721.00,3.6619,6.4593,0.8527,21100.30,0.0474,609.00,0.4739,0.7468,0.7036,1.2539,1.6211
32,18000,200,36,72,305.00,721.00,3.6619,6.4593,0.8529,21453.16,0.0466,612.00,0.4661,0.7604,0.7271,1.2171,1.5447
32,18000,200,72,14,305.00,721.00,3.6619,6.4593,0.8852,12466.37,0.0802,611.00,0.8022,1.3833,1.3306,2.1496,2.6757
32,18000,200,72,28,305.00,721.00,3.6619,6.4593,0.9170,12578.98,0.0795,609.00,0.7950,1.3920,1.3271,2.1961,2.8705
32,18000,200,72,57,305.00,721.00,3.6619,6.4593,0.9258,12130.66,0.0824,611.00,0.8244,1.4208,1.3630,2.2005,2.7273
32,18000,200,72,72,305.00,721.00,3.6619,6.4593,0.9266,12531.39,0.0798,612.00,0.7980,1.3790,1.3025,2.1498,3.0635
32,18000,200,72,108,305.00,721.00,3.6619,6.4593,0.9269,12452.38,0.0803,611.00,0.8031,1.4198,1.3605,2.1658,2.6701
32,18000,200,72,144,305.00,721.00,3.6619,6.4593,0.9269,11725.31,0.0853,608.00,0.8529,1.4516,1.3733,2.2848,3.2333
32,18000,200,144,28,305.00,721.00,3.6619,6.4593,0.9494,6824.84,0.1465,617.00,1.4652,2.5851,2.4613,3.8791,6.0168
32,18000,200,144,57,305.00,721.00,3.6619,6.4593,0.9667,6970.49,0.1435,612.00,1.4346,2.6265,2.5366,3.8886,4.7665
32,18000,200,144,115,305.00,721.00,3.6619,6.4593,0.9700,6777.08,0.1476,615.00,1.4756,2.6559,2.5459,3.9249,5.4269
32,18000,200,144,144,305.00,721.00,3.6619,6.4593,0.9701,6702.27,0.1492,615.00,1.4920,2.6758,2.5648,3.9843,5.8765
32,18000,200,144,216,305.00,721.00,3.6619,6.4593,0.9701,6529.97,0.1531,613.00,1.5314,2.7816,2.6974,4.0265,4.7972
32,18000,200,144,288,305.00,721.00,3.6619,6.4593,0.9701,6470.87,0.1545,616.00,1.5454,2.8590,2.7707,4.1153,4.9400
32,18000,200,288,57,305.00,721.00,3.6619,6.4593,0.9833,3711.58,0.2694,621.00,2.6943,5.0020,4.8629,7.1500,8.4735
32,18000,200,288,115,305.00,721.00,3.6619,6.4593,0.9896,3640.92,0.2747,638.00,2.7466,5.1069,5.0006,7.1940,8.4345
32,18000,200,288,230,305.00,721.00,3.6619,6.4593,0.9905,3535.79,0.2828,629.00,2.8282,5.2176,5.0920,7.3024,8.5812
32,18000,200,288,288,305.00,721.00,3.6619,6.4593,0.9906,3522.11,0.2839,625.00,2.8392,5.1502,4.9721,7.3977,9.7516
32,18000,200,288,432,305.00,721.00,3.6619,6.4593,0.9906,3337.22,0.2997,639.00,2.9965,5.4399,5.2535,7.7791,10.0899
32,18000,200,288,576,305.00,721.00,3.6619,6.4593,0.9907,3302.30,0.3028,636.00,3.0282,5.6887,5.5622,7.7890,9.1880
32,18000,200,576,115,305.00,721.00,3.6619,6.4593,0.9954,1986.92,0.5033,669.00,5.0329,9.4279,9.2597,12.7527,14.7046
32,18000,200,576,230,305.00,721.00,3.6619,6.4593,0.9973,1901.46,0.5259,668.00,5.2591,9.7011,9.4941,13.3179,16.2202
32,18000,200,576,460,305.00,721.00,3.6619,6.4593,0.9976,1863.98,0.5365,660.00,5.3649,9.9392,9.7339,13.6053,17.4349
32,18000,200,576,576,305.00,721.00,3.6619,6.4593,0.9977,1857.96,0.5382,664.00,5.3822,10.1028,9.9625,13.6043,15.7361
32,18000,200,576,864,305.00,721.00,3.6619,6.4593,0.9977,1744.66,0.5732,679.00,5.7318,10.6837,10.4941,14.3935,17.3441
32,18000,200,576,1152,305.00,721.00,3.6619,6.4593,0.9977,1622.63,0.6163,666.00,6.1629,11.6722,11.5083,15.1148,17.2263
32,18000,200,1152,230,305.00,721.00,3.6619,6.4593,0.9986,1053.92,0.9488,729.00,9.4884,17.5776,17.3469,23.3217,27.6914
32,18000,200,1152,460,305.00,721.00,3.6619,6.4593,0.9992,1030.84,0.9701,736.00,9.7008,18.2032,17.9096,24.0312,27.7608
32,18000,200,1152,921,305.00,721.00,3.6619,6.4593,0.9992,960.05,1.0416,734.00,10.4162,19.6889,19.4031,25.3556,28.2034
32,18000,200,1152,1152,305.00,721.00,3.6619,6.4593,0.9992,969.05,1.0319,750.00,10.3194,19.7579,19.4664,25.3841,27.9251
32,18000,200,1152,1728,305.00,721.00,3.6619,6.4593,0.9992,850.21,1.1762,738.00,11.7617,22.1386,21.8493,28.1793,31.2104
32,18000,200,1152,2304,305.00,721.00,3.6619,6.4593,0.9992,749.87,1.3336,750.00,13.3356,25.4835,25.1959,31.2231,34.0343
32,22000,40,22,4,315.00,720.00,3.6599,6.8370,0.7211,33289.37,0.0300,630.00,0.3004,0.4611,0.4400,0.7863,1.0100
32,22000,40,22,8,315.00,720.00,3.6599,6.8370,0.7524,32488.97,0.0308,630.00,0.3078,0.4232,0.3931,0.7570,0.9792
32,22000,40,22,17,315.00,720.00,3.6599,6.8370,0.7659,32356.30,0.0309,628.00,0.3091,0.4254,0.3958,0.7449,0.9837
32,22000,40,22,22,315.00,720.00,3.6599,6.8370,0.7670,33432.19,0.0299,631.00,0.2991,0.4182,0.3912,0.7253,0.9908
32,22000,40,22,33,315.00,720.00,3.6599,6.8370,0.7683,31793.16,0.0315,629.00,0.3145,0.4252,0.3970,0.7201,1.0244
32,22000,40,22,44,315.00,720.00,3.6599,6.8370,0.7687,33488.41,0.0299,626.00,0.2986,0.4175,0.3911,0.7020,0.8942
32,22000,40,44,8,315.00,720.00,3.6599,6.8370,0.8289,20213.94,0.0495,629.00,0.4947,0.7807,0.7429,1.2954,1.6662
32,22000,40,44,17,315.00,720.00,3.6599,6.8370,0.8559,20430.19,0.0489,630.00,0.4895,0.7748,0.7259,1.2988,1.7919
32,22000,40,44,35,315.00,720.00,3.6599,6.8370,0.8623,20754.02,0.0482,627.00,0.4818,0.7724,0.7338,1.2682,1.7497
32,22000,40,44,44,315.00,720.00,3.6599,6.8370,0.8628,20202.45,0.0495,624.00,0.4950,0.7763,0.7305,1.3013,1.8278
32,22000,40,44,66,315.00,720.00,3.6599,6.8370,0.8632,20390.13,0.0490,640.00,0.4904,0.7906,0.7569,1.2272,1.5555
32,22000,40,44,88,315.00,720.00,3.6599,6.8370,0.8631,20294.40,0.0493,626.00,0.4927,0.8211,0.7831,1.2703,1.5912
32,22000,40,88,17,315.00,720.00,3.6599,6.8370,0.9134,12088.84,0.0827,635.00,0.8272,1.4164,1.3600,2.2047,2.9114
32,22000,40,88,35,315.00,720.00,3.6599,6.8370,0.9285,11861.58,0.0843,630.00,0.8431,1.4815,1.4301,2.2448,2.7911
32,22000,40,88,70,315.00,720.00,3.6599,6.8370,0.9323,12265.99,0.0815,633.00,0.8153,1.4432,1.3999,2.1686,2.6898
32,22000,40,88,88,315.00,720.00,3.6599,6.8370,0.9326,12124.62,0.0825,623.00,0.8248,1.4430,1.3990,2.1798,2.6866
32,22000,40,88,132,315.00,720.00,3.6599,6.8370,0.9327,11214.03,0.0892,627.00,0.8917,1.5259,1.4630,2.3367,3.2737
32,22000,40,88,176,315.00,720.00,3.6599,6.8370,0.9328,11072.98,0.0903,624.00,0.9031,1.5677,1.5012,2.3533,3.2858
32,22000,40,176,35,315.00,720.00,3.6599,6.8370,0.9634,6652.19,0.1503,637.00,1.5033,2.6898,2.5831,3.9962,5.4876
32,22000,40,176,70,315.00,720.00,3.6599,6.8370,0.9709,6645.06,0.1505,628.00,1.5049,2.7583,2.6894,3.9759,4.7381
32,22000,40,176,140,315.00,720.00,3.6599,6.8370,0.9724,6625.27,0.1509,635.00,1.5094,2.7964,2.7336,4.0028,4.7665
32,22000,40,176,176,315.00,720.00,3.6599,6.8370,0.9725,6695.70,0.1493,626.00,1.4935,2.7669,2.6889,3.9872,4.8044
32,22000,40,176,264,315.00,720.00,3.6599,6.8370,0.9726,6494.56,0.1540,633.00,1.5398,2.8982,2.8313,4.0698,4.8867
32,22000,40,176,352,315.00,720.00,3.6599,6.8370,0.9726,6126.78,0.1632,632.00,1.6322,3.0056,2.9357,4.3106,5.1375
32,22000,40,352,70,315.00,720.00,3.6599,6.8370,0.9881,3694.80,0.2707,643.00,2.7065,5.1414,5.0398,7.0540,8.2493
32,22000,40,352,140,315.00,720.00,3.6599,6.8370,0.9910,3677.01,0.2720,639.00,2.7196,5.1585,5.0655,7.1497,8.5142
32,22000,40,352,281,315.00,720.00,3.6599,6.8370,0.9914,3604.00,0.2775,653.00,2.7747,5.3148,5.2058,7.3539,8.7243
32,22000,40,352,352,315.00,720.00,3.6599,6.8370,0.9914,3538.27,0.2826,656.00,2.8262,5.3575,5.2342,7.4149,8.9361
32,22000,40,352,528,315.00,720.00,3.6599,6.8370,0.9915,3355.70,0.2980,641.00,2.9800,5.7102,5.6190,7.6341,9.2275
32,22000,40,352,704,315.00,720.00,3.6599,6.8370,0.9915,3084.79,0.3242,642.00,3.2417,6.0802,5.9300,8.1541,10.9054
32,22000,40,704,140,315.00,720.00,3.6599,6.8370,0.9966,1946.92,0.5136,668.00,5.1363,9.7598,9.5769,12.9762,15.1656
32,22000,40,704,281,315.00,720.00,3.6599,6.8370,0.9976,1910.38,0.5235,673.00,5.2346,10.0088,9.9064,12.9832,14.9071
32,22000,40,704,563,315.00,720.00,3.6599,6.8370,0.9976,1850.95,0.5403,685.00,5.4026,10.3649,10.2050,13.6379,16.0108
32,22000,40,704,704,315.00,720.00,3.6599,6.8370,0.9977,1819.92,0.5495,697.00,5.4948,10.5477,10.3715,13.8859,15.7303
32,22000,40,704,1056,315.00,720.00,3.6599,6.8370,0.9978,1685.77,0.5932,687.00,5.9320,11.5369,11.4039,14.6839,16.7742
32,22000,40,704,1408,315.00,720.00,3.6599,6.8370,0.9978,1517.22,0.6591,679.00,6.5910,12.8229,12.6905,15.9554,18.2719
32,22000,40,1408,281,315.00,720.00,3.6599,6.8370,0.9989,1054.65,0.9482,753.00,9.4818,18.2476,18.0733,23.5041,27.3985
32,22000,40,1408,563,315.00,720.00,3.6599,6.8370,0.9991,977.10,1.0234,777.00,10.2344,19.4226,19.2646,24.4976,27.0107
32,22000,40,1408,1126,315.00,720.00,3.6599,6.8370,0.9992,893.61,1.1191,777.00,11.1905,21.0050,20.9095,26.1346,28.5251
32,22000,40,1408,1408,315.00,720.00,3.6599,6.8370,0.9992,901.40,1.1094,778.00,11.0938,21.0142,20.7893,27.0301,30.7683
32,22000,40,1408,2112,315.00,720.00,3.6599,6.8370,0.9992,776.48,1.2879,789.00,12.8787,24.6262,24.3646,30.5793,34.9836
32,22000,40,1408,2816,315.00,720.00,3.6599,6.8370,0.9992,655.52,1.5255,772.00,15.2550,29.8076,29.6471,34.8320,37.4060
32,22000,100,22,4,334.00,725.00,3.1770,5.9914,0.6823,30810.03,0.0325,624.00,0.3246,0.4554,0.4285,0.8030,1.0564
32,22000,100,22,8,334.00,725.00,3.1770,5.9914,0.7383,34153.19,0.0293,627.00,0.2928,0.4351,0.4117,0.7423,0.9611
32,22000,100,22,17,334.00,725.00,3.1770,5.9914,0.7644,32441.88,0.0308,622.00,0.3082,0.4230,0.3931,0.7448,0.9901
32,22000,100,22,22,334.00,725.00,3.1770,5.9914,0.7675,34084.91,0.0293,626.00,0.2934,0.4269,0.4012,0.7399,0.9983
32,22000,100,22,33,334.00,725.00,3.1770,5.9914,0.7702,33266.10,0.0301,622.00,0.3006,0.4156,0.3935,0.6971,0.9176
32,22000,100,22,44,334.00,725.00,3.1770,5.9914,0.7706,33129.74,0.0302,625.00,0.3018,0.4229,0.3947,0.7146,0.9437
32,22000,100,44,8,334.00,725.00,3.1770,5.9914,0.7984,21086.89,0.0474,626.00,0.4742,0.7682,0.7267,1.2610,1.6831
32,22000,100,44,17,334.00,725.00,3.1770,5.9914,0.8465,20218.47,0.0495,629.00,0.4946,0.7930,0.7503,1.3098,1.6968
32,22000,100,44,35,334.00,725.00,3.1770,5.9914,0.8623,19822.21,0.0504,627.00,0.5045,0.7896,0.7522,1.3236,1.6446
32,22000,100,44,44,334.00,725.00,3.1770,5.9914,0.8638,18982.60,0.0527,625.00,0.5268,0.8169,0.7815,1.3562,1.7055
32,22000,100,44,66,334.00,725.00,3.1770,5.9914,0.8648,19207.80,0.0521,622.00,0.5206,0.8164,0.7805,1.3222,1.6568
32,22000,100,44,88,334.00,725.00,3.1770,5.9914,0.8653,19067.39,0.0524,629.00,0.5245,0.8356,0.7940,1.3611,1.6654
32,22000,100,88,17,334.00,725.00,3.1770,5.9914,0.8916,11872.11,0.0842,625.00,0.8423,1.4797,1.4253,2.2852,2.8495
32,22000,100,88,35,334.00,725.00,3.1770,5.9914,0.9226,11560.32,0.0865,626.00,0.8650,1.4835,1.4137,2.3048,3.0466
32,22000,100,88,70,334.00,725.00,3.1770,5.9914,0.9317,11222.35,0.0891,626.00,0.8911,1.5062,1.4434,2.3384,2.9764
32,22000,100,88,88,334.00,725.00,3.1770,5.9914,0.9326,11436.38,0.0874,623.00,0.8744,1.5136,1.4667,2.2716,2.7453
32,22000,100,88,132,334.00,725.00,3.1770,5.9914,0.9330,11168.41,0.0895,622.00,0.8954,1.5479,1.4940,2.3341,2.8294
32,22000,100,88,176,334.00,725.00,3.1770,5.9914,0.9329,11008.17,0.0908,623.00,0.9084,1.6120,1.5588,2.3800,2.8759
32,22000,100,176,35,334.00,725.00,3.1770,5.9914,0.9527,6531.44,0.1531,628.00,1.5311,2.7606,2.6897,3.9965,4.7924
32,22000,100,176,70,334.00,725.00,3.1770,5.9914,0.9693,6276.48,0.1593,619.00,1.5932,2.8137,2.7003,4.2771,5.4154
32,22000,100,176,140,334.00,725.00,3.1770,5.9914,0.9728,6362.93,0.1572,627.00,1.5716,2.8175,2.7097,4.2506,5.5809
32,22000,100,176,176,334.00,725.00,3.1770,5.9914,0.9730,6256.36,0.1598,631.00,1.5984,2.8440,2.7416,4.1646,5.3382
32,22000,100,176,264,334.00,725.00,3.1770,5.9914,0.9731,5985.23,0.1671,632.00,1.6708,2.9945,2.9297,4.2854,5.0682
32,22000,100,176,352,334.00,725.00,3.1770,5.9914,0.9731,5766.01,0.1734,628.00,1.7343,3.1579,3.0749,4.4732,5.1675
32,22000,100,352,70,334.00,725.00,3.1770,5.9914,0.9838,3400.62,0.2941,653.00,2.9406,5.3906,5.2993,7.4390,8.6222
32,22000,100,352,140,334.00,725.00,3.1770,5.9914,0.9906,3417.61,0.2926,655.00,2.9260,5.3515,5.2095,7.7083,10.1134
32,22000,100,352,281,334.00,725.00,3.1770,5.9914,0.9916,3341.92,0.2992,639.00,2.9923,5.6371,5.5333,7.7197,8.9184
32,22000,100,352,352,334.00,725.00,3.1770,5.9914,0.9917,3230.05,0.3096,644.00,3.0959,5.7366,5.6320,7.8755,9.2521
32,22000,100,352,528,334.00,725.00,3.1770,5.9914,0.9917,3054.25,0.3274,644.00,3.2741,6.0585,5.9605,8.2245,9.4134
32,22000,100,352,704,334.00,725.00,3.1770,5.9914,0.9917,2988.78,0.3346,645.00,3.3458,6.2361,6.1070,8.4508,10.0220
32,22000,100,704,140,334.00,725.00,3.1770,5.9914,0.9953,1884.08,0.5308,671.00,5.3076,9.9665,9.8363,13.3483,15.2334
32,22000,100,704,281,334.00,725.00,3.1770,5.9914,0.9974,1828.87,0.5468,667.00,5.4679,10.2849,10.1299,13.8260,16.0233
32,22000,100,704,563,334.00,725.00,3.1770,5.9914,0.9977,1754.85,0.5698,678.00,5.6985,10.6613,10.5347,14.0798,15.9966
32,22000,100,704,704,334.00,725.00,3.1770,5.9914,0.9977,1699.28,0.5885,689.00,5.8849,10.9940,10.8715,14.3967,16.3414
32,22000,100,704,1056,334.00,725.00,3.1770,5.9914,0.9978,1570.11,0.6369,691.00,6.3690,11.7632,11.4674,15.9596,20.3029
32,22000,100,704,1408,334.00,725.00,3.1770,5.9914,0.9979,1445.75,0.6917,687.00,6.9168,13.0483,12.8985,16.5084,18.2171
32,22000,100,1408,281,334.00,725.00,3.1770,5.9914,0.9985,1005.75,0.9943,770.00,9.9428,18.5042,18.2924,24.7967,27.7478
32,22000,100,1408,563,334.00,725.00,3.1770,5.9914,0.9990,960.51,1.0411,756.00,10.4112,19.5709,19.3306,25.4128,28.3480
32,22000,100,1408,1126,334.00,725.00,3.1770,5.9914,0.9991,899.00,1.1123,756.00,11.1235,20.9506,20.7811,26.5895,29.2222
32,22000,100,1408,1408,334.00,725.00,3.1770,5.9914,0.9992,875.33,1.1424,761.00,11.4242,21.3114,21.0556,28.2056,33.1516
32,22000,100,1408,2112,334.00,725.00,3.1770,5.9914,0.9992,762.71,1.3111,770.00,13.1112,25.0085,24.7743,30.8575,33.7093
32,22000,100,1408,2816,334.00,725.00,3.1770,5.9914,0.9992,651.04,1.5360,783.00,15.3600,29.8919,29.7589,35.3261,37.7876
32,22000,200,22,4,345.00,725.00,4.3858,7.2917,0.6886,32135.60,0.0311,605.00,0.3112,0.4656,0.4380,0.8331,1.1237
32,22000,200,22,8,345.00,725.00,4.3858,7.2917,0.7408,33409.38,0.0299,600.00,0.2993,0.4421,0.4195,0.7583,1.0108
32,22000,200,22,17,345.00,725.00,4.3858,7.2917,0.7662,33145.35,0.0302,607.00,0.3017,0.4325,0.4048,0.7436,0.9631
32,22000,200,22,22,345.00,725.00,4.3858,7.2917,0.7697,34744.53,0.0288,605.00,0.2878,0.4204,0.3993,0.7053,0.9083
32,22000,200,22,33,345.00,725.00,4.3858,7.2917,0.7720,32181.86,0.0311,604.00,0.3107,0.4146,0.3852,0.7063,0.9598
32,22000,200,22,44,345.00,725.00,4.3858,7.2917,0.7722,32960.56,0.0303,604.00,0.3034,0.4316,0.4061,0.7164,0.9183
32,22000,200,44,8,345.00,725.00,4.3858,7.2917,0.8027,21365.92,0.0468,604.00,0.4680,0.7674,0.7290,1.2603,1.5657
32,22000,200,44,17,345.00,725.00,4.3858,7.2917,0.8500,20452.35,0.0489,602.00,0.4889,0.7641,0.7260,1.2620,1.6117
32,22000,200,44,35,345.00,725.00,4.3858,7.2917,0.8641,20657.76,0.0484,605.00,0.4841,0.7898,0.7501,1.2866,1.6931
32,22000,200,44,44,345.00,725.00,4.3858,7.2917,0.8654,20591.84,0.0486,603.00,0.4856,0.7847,0.7470,1.2841,1.6275
32,22000,200,44,66,345.00,725.00,4.3858,7.2917,0.8659,20326.57,0.0492,607.00,0.4920,0.8105,0.7783,1.2740,1.6248
32,22000,200,44,88,345.00,725.00,4.3858,7.2917,0.8660,19655.94,0.0509,602.00,0.5088,0.8216,0.7802,1.3274,1.7385
32,22000,200,88,17,345.00,725.00,4.3858,7.2917,0.8970,12154.33,0.0823,600.00,0.8228,1.4552,1.4008,2.2100,2.7673
32,22000,200,88,35,345.00,725.00,4.3858,7.2917,0.9262,11983.74,0.0834,607.00,0.8345,1.4736,1.4034,2.2656,3.0797
32,22000,200,88,70,345.00,725.00,4.3858,7.2917,0.9324,11992.26,0.0834,602.00,0.8339,1.4471,1.3856,2.2270,3.0160
32,22000,200,88,88,345.00,725.00,4.3858,7.2917,0.9329,11780.81,0.0849,604.00,0.8488,1.4581,1.3935,2.2226,2.9685
32,22000,200,88,132,345.00,725.00,4.3858,7.2917,0.9330,11431.34,0.0875,602.00,0.8748,1.5574,1.5116,2.3448,2.8981
32,22000,200,88,176,345.00,725.00,4.3858,7.2917,0.9330,11316.39,0.0884,607.00,0.8837,1.5581,1.5120,2.3051,2.8419
32,22000,200,176,35,345.00,725.00,4.3858,7.2917,0.9570,6663.79,0.1501,604.00,1.5006,2.7560,2.6875,4.0034,4.7134
32,22000,200,176,70,345.00,725.00,4.3858,7.2917,0.9704,6545.92,0.1528,609.00,1.5277,2.8180,2.7305,4.0869,4.9094
32,22000,200,176,140,345.00,725.00,4.3858,7.2917,0.9724,6400.83,0.1562,610.00,1.5623,2.8293,2.7152,4.1858,5.5234
32,22000,200,176,176,345.00,725.00,4.3858,7.2917,0.9725,6461.13,0.1548,607.00,1.5477,2.8587,2.7771,4.1468,5.0704
32,22000,200,176,264,345.00,725.00,4.3858,7.2917,0.9725,6127.56,0.1632,609.00,1.6320,2.9885,2.9140,4.2558,5.0344
32,22000,200,176,352,345.00,725.00,4.3858,7.2917,0.9726,5905.73,0.1693,612.00,1.6933,3.1005,3.0363,4.3493,5.2205
32,22000,200,352,70,345.00,725.00,4.3858,7.2917,0.9858,3599.70,0.2778,616.00,2.7780,5.2291,5.1116,7.3099,8.8671
32,22000,200,352,140,345.00,725.00,4.3858,7.2917,0.9910,3463.33,0.2887,621.00,2.8874,5.3984,5.3049,7.4937,8.8516
32,22000,200,352,281,345.00,725.00,4.3858,7.2917,0.9918,3417.13,0.2926,621.00,2.9264,5.5064,5.3831,7.6281,9.3072
32,22000,200,352,352,345.00,725.00,4.3858,7.2917,0.9919,3398.34,0.2943,625.00,2.9426,5.5341,5.4358,7.6178,8.8792
32,22000,200,352,528,345.00,725.00,4.3858,7.2917,0.9920,3199.14,0.3126,623.00,3.1258,5.9112,5.7998,7.9657,9.3831
32,22000,200,352,704,345.00,725.00,4.3858,7.2917,0.9920,3002.79,0.3330,625.00,3.3302,6.1749,6.0138,8.5664,11.2153
32,22000,200,704,140,345.00,725.00,4.3858,7.2917,0.9959,1936.08,0.5165,656.00,5.1651,9.8319,9.6874,13.3040,15.1076
32,22000,200,704,281,345.00,725.00,4.3858,7.2917,0.9975,1869.42,0.5349,656.00,5.3492,10.0026,9.7588,13.9235,18.5255
32,22000,200,704,563,345.00,725.00,4.3858,7.2917,0.9978,1832.20,0.5458,654.00,5.4579,10.4590,10.2913,13.9000,16.3998
32,22000,200,704,704,345.00,725.00,4.3858,7.2917,0.9978,1773.38,0.5639,653.00,5.6390,10.6083,10.4543,14.1898,16.4209
32,22000,200,704,1056,345.00,725.00,4.3858,7.2917,0.9979,1628.37,0.6141,676.00,6.1411,11.5554,11.3820,15.3934,19.0762
32,22000,200,704,1408,345.00,725.00,4.3858,7.2917,0.9979,1445.89,0.6916,662.00,6.9161,13.0478,12.8301,17.0180,20.1005
32,22000,200,1408,281,345.00,725.00,4.3858,7.2917,0.9986,1025.82,0.9748,738.00,9.7483,18.2303,17.9772,24.1486,29.4311
32,22000,200,1408,563,345.00,725.00,4.3858,7.2917,0.9992,974.63,1.0260,749.00,10.2603,19.5561,19.3017,25.2216,28.5398
32,22000,200,1408,1126,345.00,725.00,4.3858,7.2917,0.9992,905.07,1.1049,766.00,11.0488,20.6929,20.3106,27.1016,33.5299
32,22000,200,1408,1408,345.00,725.00,4.3858,7.2917,0.9992,864.98,1.1561,755.00,11.5610,21.6648,21.5554,27.0143,29.3038
32,22000,200,1408,2112,345.00,725.00,4.3858,7.2917,0.9993,756.53,1.3218,762.00,13.2183,25.0670,24.8889,30.8279,33.9112
32,22000,200,1408,2816,345.00,725.00,4.3858,7.2917,0.9993,637.72,1.5681,766.00,15.6809,29.8979,29.6796,35.7619,39.3067
32,26000,40,26,5,329.00,722.00,4.4045,7.6778,0.7447,30675.55,0.0326,600.00,0.3260,0.4839,0.4603,0.8164,1.0370
32,26000,40,26,10,329.00,722.00,4.4045,7.6778,0.7718,31553.26,0.0317,599.00,0.3169,0.4333,0.4129,0.7349,0.9383
32,26000,40,26,20,329.00,722.00,4.4045,7.6778,0.7822,33218.97,0.0301,596.00,0.3010,0.4322,0.4107,0.7354,0.9343
32,26000,40,26,26,329.00,722.00,4.4045,7.6778,0.7836,33222.56,0.0301,602.00,0.3010,0.4218,0.4001,0.7058,0.8872
32,26000,40,26,39,329.00,722.00,4.4045,7.6778,0.7845,32940.63,0.0304,599.00,0.3036,0.4363,0.4140,0.7167,0.9404
32,26000,40,26,52,329.00,722.00,4.4045,7.6778,0.7844,33090.16,0.0302,596.00,0.3022,0.4438,0.4182,0.7323,0.9398
32,26000,40,52,10,329.00,722.00,4.4045,7.6778,0.8465,20070.06,0.0498,597.00,0.4983,0.7937,0.7534,1.3250,1.7083
32,26000,40,52,20,329.00,722.00,4.4045,7.6778,0.8679,20126.19,0.0497,597.00,0.4969,0.7871,0.7558,1.2690,1.6088
32,26000,40,52,41,329.00,722.00,4.4045,7.6778,0.8740,20233.40,0.0494,598.00,0.4942,0.8034,0.7757,1.2533,1.5174
32,26000,40,52,52,329.00,722.00,4.4045,7.6778,0.8745,19810.79,0.0505,594.00,0.5048,0.8245,0.7881,1.2953,1.6918
32,26000,40,52,78,329.00,722.00,4.4045,7.6778,0.8748,19300.93,0.0518,599.00,0.5181,0.8484,0.8178,1.2971,1.6031
32,26000,40,52,104,329.00,722.00,4.4045,7.6778,0.8750,17742.51,0.0564,599.00,0.5636,0.8997,0.8639,1.4078,1.7829
32,26000,40,104,20,329.00,722.00,4.4045,7.6778,0.9225,11669.94,0.0857,598.00,0.8569,1.5162,1.4748,2.2272,2.7238
32,26000,40,104,41,329.00,722.00,4.4045,7.6778,0.9362,11444.16,0.0874,603.00,0.8738,1.5349,1.4954,2.2617,2.7404
32,26000,40,104,83,329.00,722.00,4.4045,7.6778,0.9390,10988.02,0.0910,597.00,0.9101,1.6033,1.5471,2.3978,2.8532
32,26000,40,104,104,329.00,722.00,4.4045,7.6778,0.9392,11109.24,0.0900,612.00,0.9002,1.6036,1.5677,2.2980,2.7245
32,26000,40,104,156,329.00,722.00,4.4045,7.6778,0.9393,10620.09,0.0942,605.00,0.9416,1.6644,1.6258,2.4148,2.8644
32,26000,40,104,208,329.00,722.00,4.4045,7.6778,0.9393,10118.78,0.0988,601.00,0.9883,1.7342,1.6932,2.4893,2.9279
32,26000,40,208,41,329.00,722.00,4.4045,7.6778,0.9680,6583.45,0.1519,615.00,1.5190,2.7892,2.7452,4.0065,4.7339
32,26000,40,208,83,329.00,722.00,4.4045,7.6778,0.9745,6579.60,0.1520,611.00,1.5199,2.8351,2.7817,4.0121,4.7892
32,26000,40,208,166,329.00,722.00,4.4045,7.6778,0.9756,6364.22,0.1571,607.00,1.5713,2.9019,2.8471,4.1444,4.9801
32,26000,40,208,208,329.00,722.00,4.4045,7.6778,0.9757,6313.86,0.1584,606.00,1.5838,2.9376,2.8961,4.0676,4.8035
32,26000,40,208,312,329.00,722.00,4.4045,7.6778,0.9758,6074.37,0.1646,610.00,1.6463,3.0738,3.0217,4.2556,5.0744
32,26000,40,208,416,329.00,722.00,4.4045,7.6778,0.9759,5783.48,0.1729,608.00,1.7291,3.2503,3.2030,4.3825,5.0983
32,26000,40,416,83,329.00,722.00,4.4045,7.6778,0.9895,3544.25,0.2821,638.00,2.8215,5.3240,5.2191,7.3656,8.7589
32,26000,40,416,166,329.00,722.00,4.4045,7.6778,0.9921,3434.78,0.2911,626.00,2.9114,5.4520,5.3852,7.3931,8.6235
32,26000,40,416,332,329.00,722.00,4.4045,7.6778,0.9925,3341.57,0.2993,641.00,2.9926,5.6640,5.5864,7.5852,8.7640
32,26000,40,416,416,329.00,722.00,4.4045,7.6778,0.9926,3208.68,0.3117,633.00,3.1166,5.7011,5.5542,8.0083,10.1029
32,26000,40,416,624,329.00,722.00,4.4045,7.6778,0.9926,3073.31,0.3254,630.00,3.2538,6.1251,6.0533,8.0026,9.1163
32,26000,40,416,832,329.00,722.00,4.4045,7.6778,0.9926,2805.47,0.3564,643.00,3.5645,6.7066,6.6247,8.6530,9.8744
32,26000,40,832,166,329.00,722.00,4.4045,7.6778,0.9971,1815.06,0.5509,677.00,5.5095,10.3463,10.2721,13.5583,15.1095
32,26000,40,832,332,329.00,722.00,4.4045,7.6778,0.9977,1756.72,0.5692,691.00,5.6924,10.5503,10.4164,13.9417,16.1823
32,26000,40,832,665,329.00,722.00,4.4045,7.6778,0.9980,1698.57,0.5887,686.00,5.8873,11.0783,10.9788,14.3519,15.9424
32,26000,40,832,832,329.00,722.00,4.4045,7.6778,0.9980,1655.28,0.6041,679.00,6.0413,11.2491,11.1097,14.6004,17.3806
32,26000,40,832,1248,329.00,722.00,4.4045,7.6778,0.9980,1477.19,0.6770,691.00,6.7696,12.7729,12.6774,15.9995,17.7057
32,26000,40,832,1664,329.00,722.00,4.4045,7.6778,0.9980,1292.25,0.7738,692.00,7.7384,14.6564,14.5821,17.7958,19.3160
32,26000,40,1664,332,329.00,722.00,4.4045,7.6778,0.9988,959.83,1.0419,787.00,10.4185,19.3576,19.3016,25.4562,28.3820
32,26000,40,1664,665,329.00,722.00,4.4045,7.6778,0.9990,901.37,1.1094,795.00,11.0942,20.7268,20.7068,25.9036,28.2401
32,26000,40,1664,1331,329.00,722.00,4.4045,7.6778,0.9991,809.48,1.2354,798.00,12.3535,23.0905,23.0519,28.6341,31.3058
32,26000,40,1664,1664,329.00,722.00,4.4045,7.6778,0.9991,807.08,1.2390,796.00,12.3903,23.1327,22.8598,30.1807,37.1824
32,26000,40,1664,2496,329.00,722.00,4.4045,7.6778,0.9991,672.65,1.4867,807.00,14.8666,28.4750,28.3839,33.6951,35.8910
32,26000,40,1664,3328,329.00,722.00,4.4045,7.6778,0.9991,547.32,1.8271,807.00,18.2708,35.3490,35.2880,40.6222,42.9811
32,26000,100,26,5,361.00,722.00,3.6539,6.5739,0.7117,31102.02,0.0322,610.00,0.3215,0.4970,0.4747,0.8492,1.0834
32,26000,100,26,10,361.00,722.00,3.6539,6.5739,0.7582,32622.98,0.0307,614.00,0.3065,0.4471,0.4245,0.7556,1.0094
32,26000,100,26,20,361.00,722.00,3.6539,6.5739,0.7800,32439.35,0.0308,615.00,0.3083,0.4401,0.4179,0.7506,0.9710
32,26000,100,26,26,361.00,722.00,3.6539,6.5739,0.7838,32679.43,0.0306,610.00,0.3060,0.4292,0.4021,0.7437,1.0281
32,26000,100,26,39,361.00,722.00,3.6539,6.5739,0.7866,33585.56,0.0298,614.00,0.2977,0.4393,0.4183,0.7337,0.9834
32,26000,100,26,52,361.00,722.00,3.6539,6.5739,0.7873,31542.22,0.0317,612.00,0.3170,0.4319,0.4044,0.7240,0.9830
32,26000,100,52,10,361.00,722.00,3.6539,6.5739,0.8175,20551.70,0.0487,607.00,0.4866,0.8192,0.7960,1.2772,1.6036
32,26000,100,52,20,361.00,722.00,3.6539,6.5739,0.8592,20410.48,0.0490,613.00,0.4899,0.8043,0.7783,1.2656,1.6000
32,26000,100,52,41,361.00,722.00,3.6539,6.5739,0.8747,20023.14,0.0499,608.00,0.4994,0.8133,0.7825,1.2852,1.5968
32,26000,100,52,52,361.00,722.00,3.6539,6.5739,0.8759,19458.60,0.0514,616.00,0.5139,0.8401,0.8058,1.3271,1.7045
32,26000,100,52,78,361.00,722.00,3.6539,6.5739,0.8771,18492.27,0.0541,607.00,0.5408,0.8736,0.8367,1.3780,1.7156
32,26000,100,52,104,361.00,722.00,3.6539,6.5739,0.8773,18162.55,0.0551,611.00,0.5506,0.9004,0.8592,1.4573,1.8410
32,26000,100,104,20,361.00,722.00,3.6539,6.5739,0.9019,11567.23,0.0865,612.00,0.8645,1.4806,1.4209,2.3086,3.0544
32,26000,100,104,41,361.00,722.00,3.6539,6.5739,0.9314,11436.45,0.0874,608.00,0.8744,1.5115,1.4548,2.3376,3.1608
32,26000,100,104,83,361.00,722.00,3.6539,6.5739,0.9398,11097.09,0.0901,614.00,0.9011,1.5571,1.5128,2.3192,2.8386
32,26000,100,104,104,361.00,722.00,3.6539,6.5739,0.9406,10427.64,0.0959,609.00,0.9590,1.5765,1.5015,2.5015,3.3101
32,26000,100,104,156,361.00,722.00,3.6539,6.5739,0.9411,10639.38,0.0940,611.00,0.9399,1.6531,1.6113,2.4227,2.9019
32,26000,100,104,208,361.00,722.00,3.6539,6.5739,0.9411,10302.16,0.0971,615.00,0.9707,1.6985,1.6541,2.4512,2.8961
32,26000,100,208,41,361.00,722.00,3.6539,6.5739,0.9580,6196.29,0.1614,614.00,1.6139,2.9058,2.8417,4.2740,5.1449
32,26000,100,208,83,361.00,722.00,3.6539,6.5739,0.9732,5976.48,0.1673,611.00,1.6732,2.9964,2.8972,4.4150,5.6928
32,26000,100,208,166,361.00,722.00,3.6539,6.5739,0.9765,5820.60,0.1718,614.00,1.7180,3.0465,2.9204,4.5297,6.4664
32,26000,100,208,208,361.00,722.00,3.6539,6.5739,0.9766,5842.93,0.1711,617.00,1.7115,3.0967,3.0451,4.3531,5.0527
32,26000,100,208,312,361.00,722.00,3.6539,6.5739,0.9767,5309.21,0.1884,613.00,1.8835,3.3078,3.1632,5.0004,6.2766
32,26000,100,208,416,361.00,722.00,3.6539,6.5739,0.9767,5461.95,0.1831,615.00,1.8308,3.3220,3.2547,4.6093,5.4381
32,26000,100,416,83,361.00,722.00,3.6539,6.5739,0.9859,3332.55,0.3001,644.00,3.0007,5.5037,5.4153,7.5999,8.7950
32,26000,100,416,166,361.00,722.00,3.6539,6.5739,0.9923,3208.83,0.3116,635.00,3.1164,5.6124,5.4739,7.9017,9.6912
32,26000,100,416,332,361.00,722.00,3.6539,6.5739,0.9931,3239.66,0.3087,645.00,3.0867,5.7465,5.6335,7.8926,9.5709
32,26000,100,416,416,361.00,722.00,3.6539,6.5739,0.9931,3163.43,0.3161,638.00,3.1611,5.7821,5.6753,8.0086,9.2914
32,26000,100,416,624,361.00,722.00,3.6539,6.5739,0.9931,3013.38,0.3319,627.00,3.3185,6.2009,6.1252,8.2205,9.3394
32,26000,100,416,832,361.00,722.00,3.6539,6.5739,0.9931,2846.87,0.3513,628.00,3.5126,6.6805,6.5947,8.6441,9.8068
32,26000,100,832,166,361.00,722.00,3.6539,6.5739,0.9965,1825.86,0.5477,688.00,5.4769,10.2063,10.1116,13.5616,15.3602
32,26000,100,832,332,361.00,722.00,3.6539,6.5739,0.9980,1740.70,0.5745,684.00,5.7448,10.7088,10.5417,14.1541,15.8260
32,26000,100,832,665,361.00,722.00,3.6539,6.5739,0.9982,1691.91,0.5910,694.00,5.9105,11.1701,11.0415,14.5487,16.5100
32,26000,100,832,832,361.00,722.00,3.6539,6.5739,0.9982,1630.19,0.6134,689.00,6.1343,11.3407,11.2239,14.7590,16.7230
32,26000,100,832,1248,361.00,722.00,3.6539,6.5739,0.9982,1468.44,0.6810,694.00,6.8100,12.7826,12.6980,16.0096,17.5456
32,26000,100,832,1664,361.00,722.00,3.6539,6.5739,0.9982,1298.44,0.7702,691.00,7.7015,14.5823,14.4831,17.9161,19.4323
32,26000,100,1664,332,361.00,722.00,3.6539,6.5739,0.9988,950.93,1.0516,777.00,10.5161,19.3023,19.2593,25.6366,28.3396
32,26000,100,1664,665,361.00,722.00,3.6539,6.5739,0.9992,900.53,1.1105,794.00,11.1046,20.6185,20.4623,26.5396,29.8920
32,26000,100,1664,1331,361.00,722.00,3.6539,6.5739,0.9993,853.26,1.1720,778.00,11.7198,22.3453,22.2520,27.5900,29.6115
32,26000,100,1664,1664,361.00,722.00,3.6539,6.5739,0.9993,816.40,1.2249,791.00,12.2489,23.0586,22.8511,29.4701,33.8739
32,26000,100,1664,2496,361.00,722.00,3.6539,6.5739,0.9993,678.57,1.4737,809.00,14.7369,28.1366,27.9958,33.6696,36.4067
32,26000,100,1664,3328,361.00,722.00,3.6539,6.5739,0.9993,553.95,1.8052,800.00,18.0521,34.8552,34.6965,40.6505,44.1140
32,26000,200,26,5,358.00,723.00,5.1237,8.1479,0.7194,30917.73,0.0323,649.00,0.3234,0.4939,0.4671,0.8462,1.1058
32,26000,200,26,10,358.00,723.00,5.1237,8.1479,0.7639,32696.23,0.0306,657.00,0.3058,0.4486,0.4239,0.7662,1.0666
32,26000,200,26,20,358.00,723.00,5.1237,8.1479,0.7837,32591.49,0.0307,656.00,0.3068,0.4356,0.4098,0.7572,1.0180
32,26000,200,26,26,358.00,723.00,5.1237,8.1479,0.7864,33187.78,0.0301,654.00,0.3013,0.4347,0.4088,0.7448,1.0097
32,26000,200,26,39,358.00,723.00,5.1237,8.1479,0.7882,32086.78,0.0312,655.00,0.3117,0.4570,0.4327,0.7547,0.9702
32,26000,200,26,52,358.00,723.00,5.1237,8.1479,0.7887,32748.16,0.0305,656.00,0.3054,0.4658,0.4414,0.7548,0.9555
32,26000,200,52,10,358.00,723.00,5.1237,8.1479,0.8255,20283.72,0.0493,653.00,0.4930,0.7913,0.7632,1.2681,1.5693
32,26000,200,52,20,358.00,723.00,5.1237,8.1479,0.8632,19878.28,0.0503,655.00,0.5031,0.8196,0.7823,1.3109,1.6642
32,26000,200,52,41,358.00,723.00,5.1237,8.1479,0.8761,20020.44,0.0499,653.00,0.4995,0.8324,0.7934,1.3357,1.6544
32,26000,200,52,52,358.00,723.00,5.1237,8.1479,0.8776,19682.43,0.0508,657.00,0.5081,0.8136,0.7773,1.2883,1.6090
32,26000,200,52,78,358.00,723.00,5.1237,8.1479,0.8785,18956.71,0.0528,655.00,0.5275,0.8469,0.8045,1.3439,1.7953
32,26000,200,52,104,358.00,723.00,5.1237,8.1479,0.8786,18609.22,0.0537,659.00,0.5374,0.8683,0.8341,1.3541,1.7235
32,26000,200,104,20,358.00,723.00,5.1237,8.1479,0.9094,11430.40,0.0875,655.00,0.8749,1.5408,1.4992,2.3060,2.8264
32,26000,200,104,41,358.00,723.00,5.1237,8.1479,0.9353,11247.44,0.0889,650.00,0.8891,1.5630,1.5109,2.3677,2.9079
32,26000,200,104,83,358.00,723.00,5.1237,8.1479,0.9415,10683.72,0.0936,659.00,0.9360,1.6137,1.5778,2.4064,2.8860
32,26000,200,104,104,358.00,723.00,5.1237,8.1479,0.9418,10663.14,0.0938,652.00,0.9378,1.6339,1.5914,2.4478,3.0247
32,26000,200,104,156,358.00,723.00,5.1237,8.1479,0.9421,10185.45,0.0982,659.00,0.9818,1.6827,1.6072,2.6088,3.4887
32,26000,200,104,208,358.00,723.00,5.1237,8.1479,0.9422,10165.35,0.0984,654.00,0.9837,1.7252,1.6727,2.5432,3.0968
32,26000,200,208,41,358.00,723.00,5.1237,8.1479,0.9625,6121.28,0.1634,657.00,1.6336,2.9460,2.8805,4.2580,4.9700
32,26000,200,208,83,358.00,723.00,5.1237,8.1479,0.9752,6052.00,0.1652,662.00,1.6523,2.9825,2.9217,4.2896,4.9826
32,26000,200,208,166,358.00,723.00,5.1237,8.1479,0.9774,5898.34,0.1695,661.00,1.6954,3.0824,3.0168,4.4133,5.2101
32,26000,200,208,208,358.00,723.00,5.1237,8.1479,0.9774,5719.31,0.1748,657.00,1.7485,3.1198,3.0393,4.5413,5.4489
32,26000,200,208,312,358.00,723.00,5.1237,8.1479,0.9775,5510.69,0.1815,658.00,1.8147,3.1993,3.0915,4.7073,5.9731
32,26000,200,208,416,358.00,723.00,5.1237,8.1479,0.9775,5258.30,0.1902,657.00,1.9018,3.3819,3.2807,4.8519,6.0738
32,26000,200,416,83,358.00,723.00,5.1237,8.1479,0.9883,3275.41,0.3053,688.00,3.0530,5.4723,5.3249,7.8665,9.5093
32,26000,200,416,166,358.00,723.00,5.1237,8.1479,0.9928,3270.54,0.3058,690.00,3.0576,5.6421,5.5576,7.6699,8.8743
32,26000,200,416,332,358.00,723.00,5.1237,8.1479,0.9933,3135.90,0.3189,683.00,3.1889,5.7772,5.6448,8.2020,10.1892
32,26000,200,416,416,358.00,723.00,5.1237,8.1479,0.9934,3162.86,0.3162,681.00,3.1617,5.8754,5.7920,7.8766,9.0193
32,26000,200,416,624,358.00,723.00,5.1237,8.1479,0.9934,2897.89,0.3451,690.00,3.4508,6.2877,6.1318,8.6778,10.3676
32,26000,200,416,832,358.00,723.00,5.1237,8.1479,0.9934,2809.44,0.3559,686.00,3.5594,6.7550,6.6866,8.9369,10.2919
32,26000,200,832,166,358.00,723.00,5.1237,8.1479,0.9971,1865.24,0.5361,710.00,5.3612,10.0363,9.8453,13.6350,16.6796
32,26000,200,832,332,358.00,723.00,5.1237,8.1479,0.9982,1765.12,0.5665,720.00,5.6653,10.5380,10.3778,13.9740,16.1357
32,26000,200,832,665,358.00,723.00,5.1237,8.1479,0.9983,1702.08,0.5875,723.00,5.8752,11.1685,11.0377,14.3705,16.3185
32,26000,200,832,832,358.00,723.00,5.1237,8.1479,0.9983,1659.05,0.6028,727.00,6.0275,11.3727,11.2488,14.6430,16.5897
32,26000,200,832,1248,358.00,723.00,5.1237,8.1479,0.9983,1474.58,0.6782,722.00,6.7816,12.6884,12.5230,16.5220,19.6654
32,26000,200,832,1664,358.00,723.00,5.1237,8.1479,0.9983,1301.46,0.7684,730.00,7.6837,14.6689,14.5641,18.0259,19.8462
32,26000,200,1664,332,358.00,723.00,5.1237,8.1479,0.9990,961.91,1.0396,814.00,10.3960,19.3598,19.3152,25.3697,28.2632
32,26000,200,1664,665,358.00,723.00,5.1237,8.1479,0.9993,914.76,1.0932,812.00,10.9319,20.6116,20.6554,25.8106,28.2366
32,26000,200,1664,1331,358.00,723.00,5.1237,8.1479,0.9993,842.71,1.1866,824.00,11.8664,22.1978,21.9815,28.3409,32.1083
32,26000,200,1664,1664,358.00,723.00,5.1237,8.1479,0.9993,827.03,1.2091,824.00,12.0914,23.0240,22.9357,28.3942,30.7259
32,26000,200,1664,2496,358.00,723.00,5.1237,8.1479,0.9993,681.99,1.4663,822.00,14.6629,28.0814,27.9358,33.7544,36.2963
32,26000,200,1664,3328,358.00,723.00,5.1237,8.1479,0.9993,550.87,1.8153,840.00,18.1532,35.2304,35.1382,40.4668,42.7740
32,30000,40,30,6,392.00,727.00,5.1773,8.5234,0.7563,30444.82,0.0328,625.00,0.3285,0.4968,0.4757,0.8584,1.1146
32,30000,40,30,12,392.00,727.00,5.1773,8.5234,0.7831,30655.29,0.0326,623.00,0.3262,0.4557,0.4351,0.7728,0.9587
32,30000,40,30,24,392.00,727.00,5.1773,8.5234,0.7926,31062.99,0.0322,624.00,0.3219,0.4696,0.4437,0.7735,0.9881
32,30000,40,30,30,392.00,727.00,5.1773,8.5234,0.7940,30739.21,0.0325,619.00,0.3253,0.4605,0.4351,0.7585,0.9550
32,30000,40,30,45,392.00,727.00,5.1773,8.5234,0.7946,31485.61,0.0318,625.00,0.3176,0.4788,0.4512,0.7745,0.9802
32,30000,40,30,60,392.00,727.00,5.1773,8.5234,0.7948,30923.55,0.0323,624.00,0.3234,0.4996,0.4787,0.7865,1.0138
32,30000,40,60,12,392.00,727.00,5.1773,8.5234,0.8560,19759.73,0.0506,623.00,0.5061,0.8342,0.7947,1.3654,1.8592
32,30000,40,60,24,392.00,727.00,5.1773,8.5234,0.8757,19649.66,0.0509,623.00,0.5089,0.8199,0.8005,1.2556,1.5792
32,30000,40,60,48,392.00,727.00,5.1773,8.5234,0.8810,18543.15,0.0539,631.00,0.5393,0.8390,0.8065,1.3411,1.7407
32,30000,40,60,60,392.00,727.00,5.1773,8.5234,0.8815,19141.42,0.0522,625.00,0.5224,0.8444,0.8075,1.3499,1.7164
32,30000,40,60,90,392.00,727.00,5.1773,8.5234,0.8820,18596.90,0.0538,619.00,0.5377,0.8840,0.8621,1.3208,1.5642
32,30000,40,60,120,392.00,727.00,5.1773,8.5234,0.8820,18092.52,0.0553,622.00,0.5527,0.9266,0.8951,1.3745,1.6442
32,30000,40,120,24,392.00,727.00,5.1773,8.5234,0.9295,11070.54,0.0903,623.00,0.9033,1.5876,1.5440,2.3645,2.8323
32,30000,40,120,48,392.00,727.00,5.1773,8.5234,0.9421,11445.88,0.0874,622.00,0.8737,1.5648,1.5303,2.3007,2.7416
32,30000,40,120,96,392.00,727.00,5.1773,8.5234,0.9446,11206.25,0.0892,635.00,0.8924,1.5871,1.5601,2.3003,2.7030
32,30000,40,120,120,392.00,727.00,5.1773,8.5234,0.9448,11157.96,0.0896,624.00,0.8962,1.6116,1.5892,2.3122,2.7761
32,30000,40,120,180,392.00,727.00,5.1773,8.5234,0.9449,10393.26,0.0962,625.00,0.9622,1.6786,1.6307,2.4222,3.4084
32,30000,40,120,240,392.00,727.00,5.1773,8.5234,0.9449,10129.55,0.0987,627.00,0.9872,1.7921,1.7591,2.5199,2.9751
32,30000,40,240,48,392.00,727.00,5.1773,8.5234,0.9712,6157.70,0.1624,633.00,1.6240,2.8932,2.8299,4.2230,5.1345
32,30000,40,240,96,392.00,727.00,5.1773,8.5234,0.9774,6182.45,0.1617,629.00,1.6175,2.9603,2.9177,4.1685,4.8883
32,30000,40,240,192,392.00,727.00,5.1773,8.5234,0.9784,6127.74,0.1632,647.00,1.6319,3.0298,2.9773,4.2626,5.0490
32,30000,40,240,240,392.00,727.00,5.1773,8.5234,0.9784,6029.78,0.1658,635.00,1.6584,3.0616,3.0209,4.3359,5.0116
32,30000,40,240,360,392.00,727.00,5.1773,8.5234,0.9785,5725.47,0.1747,638.00,1.7466,3.2575,3.2049,4.5597,5.3206
32,30000,40,240,480,392.00,727.00,5.1773,8.5234,0.9785,5381.96,0.1858,634.00,1.8581,3.4834,3.4284,4.7126,5.4154
32,30000,40,480,96,392.00,727.00,5.1773,8.5234,0.9906,3407.78,0.2934,654.00,2.9345,5.5281,5.4530,7.5505,8.7944
32,30000,40,480,192,392.00,727.00,5.1773,8.5234,0.9932,3290.98,0.3039,658.00,3.0386,5.7044,5.6486,7.6660,8.9134
32,30000,40,480,384,392.00,727.00,5.1773,8.5234,0.9936,3170.20,0.3154,657.00,3.1544,5.9444,5.8882,7.8579,9.0749
32,30000,40,480,480,392.00,727.00,5.1773,8.5234,0.9936,3088.66,0.3238,674.00,3.2377,6.0402,5.9763,7.9869,9.1669
32,30000,40,480,720,392.00,727.00,5.1773,8.5234,0.9937,2825.73,0.3539,664.00,3.5389,6.6480,6.5853,8.6213,9.6856
32,30000,40,480,960,392.00,727.00,5.1773,8.5234,0.9937,2531.23,0.3951,663.00,3.9506,7.3045,7.1911,9.6112,11.0862
32,30000,40,960,192,392.00,727.00,5.1773,8.5234,0.9972,1826.67,0.5474,707.00,5.4745,10.4609,10.3391,13.8471,16.1110
32,30000,40,960,384,392.00,727.00,5.1773,8.5234,0.9980,1736.18,0.5760,728.00,5.7598,10.8589,10.7915,14.1674,16.0995
32,30000,40,960,768,392.00,727.00,5.1773,8.5234,0.9982,1634.28,0.6119,714.00,6.1189,11.7295,11.6910,14.8519,16.5147
32,30000,40,960,960,392.00,727.00,5.1773,8.5234,0.9982,1597.25,0.6261,712.00,6.2608,12.0191,11.9761,15.0134,16.3919
32,30000,40,960,1440,392.00,727.00,5.1773,8.5234,0.9983,1392.67,0.7180,721.00,7.1804,13.8254,13.7723,17.0125,18.7517
32,30000,40,960,1920,392.00,727.00,5.1773,8.5234,0.9983,1187.85,0.8419,735.00,8.4185,16.1849,16.0391,19.5197,21.5205
32,30000,40,1920,384,392.00,727.00,5.1773,8.5234,0.9988,957.03,1.0449,828.00,10.4490,19.7544,19.6862,25.2324,28.0903
32,30000,40,1920,768,392.00,727.00,5.1773,8.5234,0.9991,899.71,1.1115,850.00,11.1147,21.1800,21.1357,27.4744,31.9835
32,30000,40,1920,1536,392.00,727.00,5.1773,8.5234,0.9992,812.67,1.2305,853.00,12.3051,23.8328,23.7549,28.8560,31.6312
32,30000,40,1920,1920,392.00,727.00,5.1773,8.5234,0.9992,762.46,1.3115,849.00,13.1154,25.1555,25.0965,30.3090,33.0778
32,30000,40,1920,2880,392.00,727.00,5.1773,8.5234,0.9993,602.25,1.6604,847.00,16.6043,31.9958,31.9149,37.3081,39.7422
32,30000,40,1920,3840,392.00,727.00,5.1773,8.5234,0.9993,477.20,2.0955,861.00,20.9554,41.2694,41.1751,46.2611,48.5496
32,30000,100,30,6,414.00,731.00,4.2124,7.1533,0.7289,31171.06,0.0321,627.00,0.3208,0.4955,0.4687,0.8653,1.1836
32,30000,100,30,12,414.00,731.00,4.2124,7.1533,0.7733,30857.84,0.0324,635.00,0.3241,0.4668,0.4461,0.7890,0.9769
32,30000,100,30,24,414.00,731.00,4.2124,7.1533,0.7928,31844.99,0.0314,634.00,0.3140,0.4702,0.4531,0.7682,0.9586
32,30000,100,30,30,414.00,731.00,4.2124,7.1533,0.7954,32516.42,0.0308,627.00,0.3075,0.4540,0.4343,0.7471,0.9342
32,30000,100,30,45,414.00,731.00,4.2124,7.1533,0.7973,31139.77,0.0321,636.00,0.3211,0.4654,0.4416,0.7568,0.9427
32,30000,100,30,60,414.00,731.00,4.2124,7.1533,0.7974,30933.79,0.0323,632.00,0.3233,0.4801,0.4630,0.7640,0.9768
32,30000,100,60,12,414.00,731.00,4.2124,7.1533,0.8337,20021.91,0.0499,635.00,0.4995,0.8343,0.8140,1.2815,1.5824
32,30000,100,60,24,414.00,731.00,4.2124,7.1533,0.8714,19631.72,0.0509,636.00,0.5094,0.8444,0.8197,1.3120,1.5983
32,30000,100,60,48,414.00,731.00,4.2124,7.1533,0.8831,19138.97,0.0522,633.00,0.5225,0.8548,0.8345,1.2895,1.5425
32,30000,100,60,60,414.00,731.00,4.2124,7.1533,0.8841,19223.22,0.0520,631.00,0.5202,0.8355,0.8076,1.3200,1.7140
32,30000,100,60,90,414.00,731.00,4.2124,7.1533,0.8847,18679.05,0.0535,631.00,0.5354,0.8750,0.8464,1.3438,1.6136
32,30000,100,60,120,414.00,731.00,4.2124,7.1533,0.8847,17952.52,0.0557,632.00,0.5570,0.9141,0.8903,1.3726,1.6453
32,30000,100,120,24,414.00,731.00,4.2124,7.1533,0.9145,11176.57,0.0895,629.00,0.8947,1.5920,1.5566,2.3619,2.7911
32,30000,100,120,48,414.00,731.00,4.2124,7.1533,0.9395,10709.63,0.0934,632.00,0.9337,1.6486,1.6082,2.4687,2.9985
32,30000,100,120,96,414.00,731.00,4.2124,7.1533,0.9459,10506.94,0.0952,630.00,0.9518,1.6469,1.5992,2.4699,3.0195
32,30000,100,120,120,414.00,731.00,4.2124,7.1533,0.9463,10848.78,0.0922,631.00,0.9218,1.6336,1.5971,2.4359,2.9352
32,30000,100,120,180,414.00,731.00,4.2124,7.1533,0.9465,10407.81,0.0961,633.00,0.9608,1.7109,1.6752,2.4653,2.9777
32,30000,100,120,240,414.00,731.00,4.2124,7.1533,0.9467,10102.49,0.0990,632.00,0.9899,1.7767,1.7502,2.4892,2.9115
32,30000,100,240,48,414.00,731.00,4.2124,7.1533,0.9638,6118.67,0.1634,636.00,1.6343,2.9866,2.9381,4.2286,4.9713
32,30000,100,240,96,414.00,731.00,4.2124,7.1533,0.9762,5859.59,0.1707,641.00,1.7066,3.0831,3.0474,4.3158,5.0441
32,30000,100,240,192,414.00,731.00,4.2124,7.1533,0.9785,5780.12,0.1730,640.00,1.7301,3.1488,3.1107,4.4189,5.0976
32,30000,100,240,240,414.00,731.00,4.2124,7.1533,0.9788,5644.20,0.1772,648.00,1.7717,3.1826,3.1399,4.4219,5.1133
32,30000,100,240,360,414.00,731.00,4.2124,7.1533,0.9790,5432.58,0.1841,642.00,1.8407,3.3026,3.2369,4.6219,5.4151
32,30000,100,240,480,414.00,731.00,4.2124,7.1533,0.9790,5153.23,0.1941,646.00,1.9405,3.5266,3.4915,4.7199,5.3488
32,30000,100,480,96,414.00,731.00,4.2124,7.1533,0.9878,3290.16,0.3039,664.00,3.0394,5.5806,5.4538,7.7837,9.5297
32,30000,100,480,192,414.00,731.00,4.2124,7.1533,0.9928,3110.21,0.3215,674.00,3.2152,5.8175,5.7255,7.9788,9.4915
32,30000,100,480,384,414.00,731.00,4.2124,7.1533,0.9938,2969.38,0.3368,673.00,3.3677,6.0271,5.8893,8.4802,10.1780
32,30000,100,480,480,414.00,731.00,4.2124,7.1533,0.9939,3112.50,0.3213,682.00,3.2128,6.0711,6.0176,7.9741,9.1121
32,30000,100,480,720,414.00,731.00,4.2124,7.1533,0.9939,2787.92,0.3587,675.00,3.5869,6.6183,6.5564,8.7233,9.9226
32,30000,100,480,960,414.00,731.00,4.2124,7.1533,0.9939,2530.16,0.3952,673.00,3.9523,7.2915,7.1161,9.8820,11.9017
32,30000,100,960,192,414.00,731.00,4.2124,7.1533,0.9963,1791.72,0.5581,731.00,5.5812,10.4313,10.2747,14.1588,16.4388
32,30000,100,960,384,414.00,731.00,4.2124,7.1533,0.9981,1708.42,0.5853,726.00,5.8534,11.1442,11.0221,14.5097,16.4397
32,30000,100,960,768,414.00,731.00,4.2124,7.1533,0.9983,1593.52,0.6275,730.00,6.2754,11.5878,11.3356,15.5190,21.1993
32,30000,100,960,960,414.00,731.00,4.2124,7.1533,0.9983,1581.37,0.6324,731.00,6.3236,11.9976,11.9006,15.2320,17.2877
32,30000,100,960,1440,414.00,731.00,4.2124,7.1533,0.9983,1392.84,0.7180,745.00,7.1796,13.7900,13.7090,17.0015,18.8105
32,30000,100,960,1920,414.00,731.00,4.2124,7.1533,0.9983,1189.27,0.8409,733.00,8.4085,16.0460,15.9648,19.4834,21.2357
32,30000,100,1920,384,414.00,731.00,4.2124,7.1533,0.9989,954.84,1.0473,835.00,10.4730,19.6849,19.7973,24.8315,27.1516
32,30000,100,1920,768,414.00,731.00,4.2124,7.1533,0.9992,880.84,1.1353,840.00,11.3527,21.5575,21.6634,26.4836,28.2787
32,30000,100,1920,1536,414.00,731.00,4.2124,7.1533,0.9993,823.87,1.2138,853.00,12.1379,23.5172,23.2926,29.4483,33.7146
32,30000,100,1920,1920,414.00,731.00,4.2124,7.1533,0.9993,780.90,1.2806,855.00,12.8058,24.8099,24.7073,29.8286,32.2863
32,30000,100,1920,2880,414.00,731.00,4.2124,7.1533,0.9993,609.12,1.6417,854.00,16.4170,31.6521,31.6973,36.8183,38.9813
32,30000,100,1920,3840,414.00,731.00,4.2124,7.1533,0.9993,473.13,2.1136,866.00,21.1357,41.0004,41.0488,46.5200,49.1018
32,30000,200,30,6,417.00,727.00,5.8475,8.9003,0.7353,29259.64,0.0342,613.00,0.3418,0.5210,0.4986,0.8753,1.1051
32,30000,200,30,12,417.00,727.00,5.8475,8.9003,0.7767,30526.07,0.0328,608.00,0.3276,0.4738,0.4493,0.8109,1.0169
32,30000,200,30,24,417.00,727.00,5.8475,8.9003,0.7956,31693.50,0.0316,609.00,0.3155,0.4620,0.4429,0.7535,0.9573
32,30000,200,30,30,417.00,727.00,5.8475,8.9003,0.7973,30777.64,0.0325,608.00,0.3249,0.4448,0.4165,0.7686,1.0191
32,30000,200,30,45,417.00,727.00,5.8475,8.9003,0.7988,31255.79,0.0320,611.00,0.3199,0.4810,0.4558,0.7743,0.9413
32,30000,200,30,60,417.00,727.00,5.8475,8.9003,0.7989,30863.30,0.0324,606.00,0.3240,0.4881,0.4680,0.7905,1.0203
32,30000,200,60,12,417.00,727.00,5.8475,8.9003,0.8378,19735.83,0.0507,607.00,0.5067,0.8515,0.8296,1.3148,1.6091
32,30000,200,60,24,417.00,727.00,5.8475,8.9003,0.8735,18542.87,0.0539,605.00,0.5393,0.8518,0.8143,1.3639,1.7130
32,30000,200,60,48,417.00,727.00,5.8475,8.9003,0.8834,18624.76,0.0537,610.00,0.5369,0.8653,0.8311,1.3773,1.6648
32,30000,200,60,60,417.00,727.00,5.8475,8.9003,0.8843,17967.22,0.0557,604.00,0.5566,0.8557,0.8160,1.3838,1.8429
32,30000,200,60,90,417.00,727.00,5.8475,8.9003,0.8850,17778.83,0.0562,608.00,0.5625,0.9391,0.9080,1.4371,1.7503
32,30000,200,60,120,417.00,727.00,5.8475,8.9003,0.8850,17740.75,0.0564,609.00,0.5637,0.9051,0.8568,1.4393,1.8825
32,30000,200,120,24,417.00,727.00,5.8475,8.9003,0.9178,11137.15,0.0898,612.00,0.8979,1.5652,1.5249,2.3367,2.8234
32,30000,200,120,48,417.00,727.00,5.8475,8.9003,0.9405,10798.48,0.0926,610.00,0.9261,1.6086,1.5676,2.3952,2.8965
32,30000,200,120,96,417.00,727.00,5.8475,8.9003,0.9451,10517.40,0.0951,608.00,0.9508,1.6758,1.6351,2.4421,2.8702
32,30000,200,120,120,417.00,727.00,5.8475,8.9003,0.9453,10282.87,0.0972,608.00,0.9725,1.6798,1.6276,2.5216,3.0846
32,30000,200,120,180,417.00,727.00,5.8475,8.9003,0.9455,9954.40,0.1005,611.00,1.0046,1.7318,1.6782,2.5722,3.2152
32,30000,200,120,240,417.00,727.00,5.8475,8.9003,0.9456,9593.65,0.1042,609.00,1.0424,1.8315,1.7944,2.6049,3.0853
32,30000,200,240,48,417.00,727.00,5.8475,8.9003,0.9666,5915.02,0.1691,618.00,1.6906,3.0722,3.0174,4.3539,5.0166
32,30000,200,240,96,417.00,727.00,5.8475,8.9003,0.9766,5737.46,0.1743,615.00,1.7429,3.0932,3.0332,4.4276,5.1923
32,30000,200,240,192,417.00,727.00,5.8475,8.9003,0.9783,5664.47,0.1765,611.00,1.7654,3.1782,3.0883,4.6040,5.5595
32,30000,200,240,240,417.00,727.00,5.8475,8.9003,0.9784,5573.86,0.1794,617.00,1.7941,3.2662,3.2265,4.4781,5.1732
32,30000,200,240,360,417.00,727.00,5.8475,8.9003,0.9784,5356.11,0.1867,621.00,1.8670,3.4121,3.3520,4.7250,5.4663
32,30000,200,240,480,417.00,727.00,5.8475,8.9003,0.9784,5124.18,0.1952,618.00,1.9515,3.6154,3.5577,4.8506,5.5593
32,30000,200,480,96,417.00,727.00,5.8475,8.9003,0.9892,3157.22,0.3167,635.00,3.1673,5.7629,5.7013,7.8707,9.0459
32,30000,200,480,192,417.00,727.00,5.8475,8.9003,0.9936,3126.83,0.3198,637.00,3.1981,5.8575,5.7447,8.0806,9.6169
32,30000,200,480,384,417.00,727.00,5.8475,8.9003,0.9941,3000.23,0.3333,647.00,3.3331,6.1123,6.0242,8.3151,9.6242
32,30000,200,480,480,417.00,727.00,5.8475,8.9003,0.9941,2974.56,0.3362,647.00,3.3618,6.2132,6.1549,8.1979,9.1777
32,30000,200,480,720,417.00,727.00,5.8475,8.9003,0.9941,2816.42,0.3551,644.00,3.5506,6.6055,6.5180,8.7639,10.3907
32,30000,200,480,960,417.00,727.00,5.8475,8.9003,0.9941,2567.84,0.3894,648.00,3.8943,7.3021,7.2455,9.3543,10.6110
32,30000,200,960,192,417.00,727.00,5.8475,8.9003,0.9972,1752.07,0.5708,711.00,5.7075,10.5688,10.4929,14.1028,16.2721
32,30000,200,960,384,417.00,727.00,5.8475,8.9003,0.9982,1671.97,0.5981,718.00,5.9810,11.1872,11.1653,14.3782,15.9597
32,30000,200,960,768,417.00,727.00,5.8475,8.9003,0.9983,1582.71,0.6318,710.00,6.3183,11.7980,11.6650,15.4758,18.0621
32,30000,200,960,960,417.00,727.00,5.8475,8.9003,0.9983,1566.86,0.6382,718.00,6.3822,11.9947,11.9034,15.4893,17.9855
32,30000,200,960,1440,417.00,727.00,5.8475,8.9003,0.9983,1330.91,0.7514,715.00,7.5137,14.0065,13.8389,17.9702,20.2022
32,30000,200,960,1920,417.00,727.00,5.8475,8.9003,0.9983,1143.18,0.8748,715.00,8.7476,16.5220,16.3944,20.2014,22.3846
32,30000,200,1920,384,417.00,727.00,5.8475,8.9003,0.9990,924.54,1.0816,819.00,10.8162,20.0426,19.9460,26.1470,31.9709
32,30000,200,1920,768,417.00,727.00,5.8475,8.9003,0.9992,848.21,1.1789,833.00,11.7895,22.2097,22.6039,27.6336,30.6639
32,30000,200,1920,1536,417.00,727.00,5.8475,8.9003,0.9993,825.70,1.2111,846.00,12.1109,23.5632,23.3919,28.9724,34.0290
32,30000,200,1920,1920,417.00,727.00,5.8475,8.9003,0.9993,766.43,1.3048,836.00,13.0475,24.7592,24.4290,31.3076,37.1984
32,30000,200,1920,2880,417.00,727.00,5.8475,8.9003,0.9993,617.62,1.6191,861.00,16.1913,31.3381,30.9944,37.8800,42.1671
32,30000,200,1920,3840,417.00,727.00,5.8475,8.9003,0.9993,471.27,2.1219,861.00,21.2192,41.0665,40.9261,47.1365,50.5303
64,1000,40,1,1,412.00,780.00,0.9460,3.2404,0.3918,44174.67,0.0226,634.00,0.2264,0.2799,0.2350,0.6311,1.0115
64,1000,40,1,1,412.00,780.00,0.9460,3.2404,0.3918,43851.59,0.0228,634.00,0.2280,0.2645,0.2191,0.5917,0.9616
64,1000,40,1,1,412.00,780.00,0.9460,3.2404,0.3918,45272.33,0.0221,635.00,0.2209,0.2531,0.2138,0.5510,0.8850
64,1000,40,1,1,412.00,780.00,0.9460,3.2404,0.3918,47074.11,0.0212,633.00,0.2124,0.2412,0.2027,0.5208,0.7855
64,1000,40,1,1,412.00,780.00,0.9460,3.2404,0.3918,47319.22,0.0211,634.00,0.2113,0.2360,0.1974,0.5229,0.8123
64,1000,40,1,2,412.00,780.00,0.9460,3.2404,0.3973,47818.58,0.0209,635.00,0.2091,0.2298,0.1897,0.5178,0.8265
64,1000,40,2,1,412.00,780.00,0.9460,3.2404,0.5460,29613.30,0.0338,633.00,0.3377,0.4674,0.4124,0.9327,1.4860
64,1000,40,2,1,412.00,780.00,0.9460,3.2404,0.5460,31775.20,0.0315,633.00,0.3147,0.4562,0.3934,0.9236,1.5132
64,1000,40,2,1,412.00,780.00,0.9460,3.2404,0.5460,32075.32,0.0312,634.00,0.3118,0.4349,0.3827,0.8609,1.4257
64,1000,40,2,2,412.00,780.00,0.9460,3.2404,0.5535,30364.71,0.0329,634.00,0.3293,0.4285,0.3719,0.8745,1.4546
64,1000,40,2,3,412.00,780.00,0.9460,3.2404,0.5549,32316.70,0.0309,635.00,0.3094,0.4283,0.3717,0.8839,1.4085
64,1000,40,2,4,412.00,780.00,0.9460,3.2404,0.5552,32393.35,0.0309,636.00,0.3087,0.4362,0.3781,0.8955,1.4973
64,1000,40,4,1,412.00,780.00,0.9460,3.2404,0.6948,18257.64,0.0548,632.00,0.5477,0.8639,0.7635,1.6080,2.7786
64,1000,40,4,1,412.00,780.00,0.9460,3.2404,0.6948,18669.11,0.0536,633.00,0.5356,0.8436,0.7523,1.5490,2.6365
64,1000,40,4,3,412.00,780.00,0.9460,3.2404,0.7088,18395.54,0.0544,636.00,0.5436,0.8565,0.7698,1.5873,2.5830
64,1000,40,4,4,412.00,780.00,0.9460,3.2404,0.7093,18021.15,0.0555,637.00,0.5549,0.8666,0.7666,1.5751,2.7369
64,1000,40,4,6,412.00,780.00,0.9460,3.2404,0.7097,18938.61,0.0528,635.00,0.5280,0.8441,0.7540,1.5667,2.4080
64,1000,40,4,8,412.00,780.00,0.9460,3.2404,0.7098,18385.13,0.0544,635.00,0.5439,0.8543,0.7590,1.6093,2.6993
64,1000,40,8,1,412.00,780.00,0.9460,3.2404,0.8136,10739.16,0.0931,635.00,0.9312,1.6286,1.4677,2.8251,4.6293
64,1000,40,8,3,412.00,780.00,0.9460,3.2404,0.8360,11008.80,0.0908,631.00,0.9084,1.5985,1.4536,2.7662,4.0889
64,1000,40,8,6,412.00,780.00,0.9460,3.2404,0.8381,10540.75,0.0949,634.00,0.9487,1.6212,1.4611,2.8739,4.0672
64,1000,40,8,8,412.00,780.00,0.9460,3.2404,0.8384,10716.72,0.0933,637.00,0.9331,1.6536,1.4819,2.8104,4.8401
64,1000,40,8,12,412.00,780.00,0.9460,3.2404,0.8386,10716.61,0.0933,634.00,0.9331,1.6541,1.4989,2.8192,4.5765
64,1000,40,8,16,412.00,780.00,0.9460,3.2404,0.8386,10361.41,0.0965,636.00,0.9651,1.6514,1.4948,2.7751,4.9592
64,1000,40,16,3,412.00,780.00,0.9460,3.2404,0.9237,5672.23,0.1763,631.00,1.7630,3.1764,2.9575,4.8502,7.7510
64,1000,40,16,6,412.00,780.00,0.9460,3.2404,0.9280,5838.22,0.1713,634.00,1.7129,3.1976,2.9315,4.8126,9.6017
64,1000,40,16,12,412.00,780.00,0.9460,3.2404,0.9288,5605.50,0.1784,637.00,1.7840,3.2827,3.0347,5.0397,8.9889
64,1000,40,16,16,412.00,780.00,0.9460,3.2404,0.9290,5412.66,0.1848,639.00,1.8475,3.2469,3.0050,4.9533,9.8988
64,1000,40,16,24,412.00,780.00,0.9460,3.2404,0.9290,5470.31,0.1828,640.00,1.8281,3.3162,3.0789,5.0664,8.9223
64,1000,40,16,32,412.00,780.00,0.9460,3.2404,0.9290,5367.40,0.1863,635.00,1.8631,3.2907,3.0406,4.9550,9.6374
64,1000,40,32,6,412.00,780.00,0.9460,3.2404,0.9743,2996.12,0.3338,642.00,3.3377,6.3247,5.9548,8.8449,18.3313
64,1000,40,32,12,412.00,780.00,0.9460,3.2404,0.9762,2928.58,0.3415,641.00,3.4146,6.3991,6.0222,8.8751,17.8616
64,1000,40,32,25,412.00,780.00,0.9460,3.2404,0.9765,2872.60,0.3481,636.00,3.4812,6.3412,5.9813,8.8328,20.0837
64,1000,40,32,32,412.00,780.00,0.9460,3.2404,0.9765,2899.52,0.3449,640.00,3.4489,6.2828,5.9148,8.7682,19.6399
64,1000,40,32,48,412.00,780.00,0.9460,3.2404,0.9765,2888.13,0.3462,636.00,3.4624,6.3382,5.9508,8.8201,19.6215
64,1000,40,32,64,412.00,780.00,0.9460,3.2404,0.9765,2971.45,0.3365,642.00,3.3654,6.2625,5.9230,8.8637,18.6877
64,1000,40,64,12,412.00,780.00,0.9460,3.2404,0.9948,1533.36,0.6522,636.00,6.5216,12.1746,11.6905,15.8687,24.4940
64,1000,40,64,25,412.00,780.00,0.9460,3.2404,0.9954,1506.93,0.6636,640.00,6.6360,12.5431,12.0928,17.3355,24.6789
64,1000,40,64,51,412.00,780.00,0.9460,3.2404,0.9954,1452.89,0.6883,635.00,6.8828,12.8974,12.3807,17.2109,35.5424
64,1000,40,64,64,412.00,780.00,0.9460,3.2404,0.9954,1481.57,0.6750,636.00,6.7496,12.4021,11.8680,16.0141,41.8404
64,1000,40,64,96,412.00,780.00,0.9460,3.2404,0.9954,1470.32,0.6801,643.00,6.8012,12.4410,11.9186,16.1075,40.9083
64,1000,40,64,128,412.00,780.00,0.9460,3.2404,0.9954,1487.24,0.6724,639.00,6.7239,12.4134,11.8908,16.2135,32.9142
64,1000,100,1,1,191.00,773.00,1.0515,3.4225,0.3751,43371.72,0.0231,620.00,0.2306,0.2748,0.2362,0.5972,0.8936
64,1000,100,1,1,191.00,773.00,1.0515,3.4225,0.3751,46088.10,0.0217,611.00,0.2170,0.2481,0.2102,0.5275,0.8438
64,1000,100,1,1,191.00,773.00,1.0515,3.4225,0.3751,46616.21,0.0215,613.00,0.2145,0.2387,0.2007,0.5271,0.8245
64,1000,100,1,1,191.00,773.00,1.0515,3.4225,0.3751,46640.63,0.0214,614.00,0.2144,0.2384,0.2015,0.5273,0.8152
64,1000,100,1,1,191.00,773.00,1.0515,3.4225,0.3751,48549.63,0.0206,611.00,0.2060,0.2185,0.1813,0.4931,0.7610
64,1000,100,1,2,191.00,773.00,1.0515,3.4225,0.3913,48350.98,0.0207,612.00,0.2068,0.2345,0.1982,0.5107,0.8370
64,1000,100,2,1,191.00,773.00,1.0515,3.4225,0.5190,29744.33,0.0336,613.00,0.3362,0.4792,0.4241,0.9384,1.4708
64,1000,100,2,1,191.00,773.00,1.0515,3.4225,0.5190,30144.13,0.0332,611.00,0.3317,0.4596,0.4015,0.9206,1.4687
64,1000,100,2,1,191.00,773.00,1.0515,3.4225,0.5190,30774.82,0.0325,611.00,0.3249,0.4470,0.3912,0.9045,1.4562
64,1000,100,2,2,191.00,773.00,1.0515,3.4225,0.5443,29991.74,0.0333,616.00,0.3334,0.4409,0.3825,0.8853,1.5232
64,1000,100,2,3,191.00,773.00,1.0515,3.4225,0.5509,30309.83,0.0330,614.00,0.3299,0.4325,0.3711,0.9004,1.4569
64,1000,100,2,4,191.00,773.00,1.0515,3.4225,0.5532,31560.00,0.0317,615.00,0.3169,0.4304,0.3760,0.8644,1.3824
64,1000,100,4,1,191.00,773.00,1.0515,3.4225,0.6521,18031.56,0.0555,615.00,0.5546,0.8750,0.7793,1.6199,2.7589
64,1000,100,4,1,191.00,773.00,1.0515,3.4225,0.6521,18633.47,0.0537,615.00,0.5367,0.8678,0.7638,1.6306,2.6983
64,1000,100,4,3,191.00,773.00,1.0515,3.4225,0.7013,18295.21,0.0547,615.00,0.5466,0.8575,0.7659,1.5723,2.5664
64,1000,100,4,4,191.00,773.00,1.0515,3.4225,0.7056,18806.02,0.0532,615.00,0.5317,0.8489,0.7562,1.5762,2.3920
64,1000,100,4,6,191.00,773.00,1.0515,3.4225,0.7087,18387.19,0.0544,613.00,0.5439,0.8376,0.7498,1.5882,2.3934
64,1000,100,4,8,191.00,773.00,1.0515,3.4225,0.7098,19274.07,0.0519,614.00,0.5188,0.8421,0.7517,1.6122,2.4176
64,1000,100,8,1,191.00,773.00,1.0515,3.4225,0.7537,10553.22,0.0948,611.00,0.9476,1.6670,1.5158,2.8404,4.6097
64,1000,100,8,3,191.00,773.00,1.0515,3.4225,0.8244,10989.57,0.0910,616.00,0.9100,1.5915,1.4139,2.7714,5.1231
64,1000,100,8,6,191.00,773.00,1.0515,3.4225,0.8368,10811.83,0.0925,616.00,0.9249,1.6313,1.4494,2.8997,5.0174
64,1000,100,8,8,191.00,773.00,1.0515,3.4225,0.8390,11020.51,0.0907,616.00,0.9074,1.6136,1.4344,2.8211,4.9622
64,1000,100,8,12,191.00,773.00,1.0515,3.4225,0.8398,10952.36,0.0913,617.00,0.9130,1.6272,1.4587,2.8192,5.0079
64,1000,100,8,16,191.00,773.00,1.0515,3.4225,0.8400,11030.78,0.0907,620.00,0.9066,1.5965,1.4389,2.7529,4.9874
64,1000,100,16,3,191.00,773.00,1.0515,3.4225,0.9053,5923.00,0.1688,617.00,1.6883,3.1564,2.8849,4.8265,10.1998
64,1000,100,16,6,191.00,773.00,1.0515,3.4225,0.9243,5840.97,0.1712,615.00,1.7120,3.2186,2.9478,4.8431,9.4832
64,1000,100,16,12,191.00,773.00,1.0515,3.4225,0.9298,5548.25,0.1802,616.00,1.8024,3.3164,3.0855,5.1189,7.6849
64,1000,100,16,16,191.00,773.00,1.0515,3.4225,0.9301,5572.37,0.1795,615.00,1.7946,3.3477,3.1142,5.1537,8.3563
64,1000,100,16,24,191.00,773.00,1.0515,3.4225,0.9301,5415.86,0.1846,613.00,1.8464,3.2751,3.0209,5.0046,10.0681
64,1000,100,16,32,191.00,773.00,1.0515,3.4225,0.9302,5436.44,0.1839,612.00,1.8394,3.2540,2.9868,4.9320,10.1691
64,1000,100,32,6,191.00,773.00,1.0515,3.4225,0.9688,2918.52,0.3426,611.00,3.4264,6.3869,5.9814,9.0540,18.4625
64,1000,100,32,12,191.00,773.00,1.0515,3.4225,0.9764,2868.51,0.3486,617.00,3.4861,6.5088,6.1872,9.2850,17.4311
64,1000,100,32,25,191.00,773.00,1.0515,3.4225,0.9772,2869.74,0.3485,613.00,3.4846,6.5153,6.1572,9.2013,17.1305
64,1000,100,32,32,191.00,773.00,1.0515,3.4225,0.9773,2849.59,0.3509,616.00,3.5093,6.5250,6.1768,9.3191,13.6693
64,1000,100,32,48,191.00,773.00,1.0515,3.4225,0.9773,2921.58,0.3423,613.00,3.4228,6.4505,6.0901,9.0505,18.1842
64,1000,100,32,64,191.00,773.00,1.0515,3.4225,0.9773,2916.08,0.3429,614.00,3.4293,6.4522,6.0772,8.9784,18.8731
64,1000,100,64,12,191.00,773.00,1.0515,3.4225,0.9939,1521.29,0.6573,621.00,6.5734,12.4735,11.9045,16.3709,38.0801
64,1000,100,64,25,191.00,773.00,1.0515,3.4225,0.9954,1475.98,0.6775,616.00,6.7751,12.4794,11.9519,16.0672,40.8634
64,1000,100,64,51,191.00,773.00,1.0515,3.4225,0.9955,1474.49,0.6782,617.00,6.7820,12.4866,11.8998,15.9032,43.9292
64,1000,100,64,64,191.00,773.00,1.0515,3.4225,0.9955,1486.86,0.6726,615.00,6.7256,12.3828,11.8309,16.0566,40.8298
64,1000,100,64,96,191.00,773.00,1.0515,3.4225,0.9956,1569.35,0.6372,621.00,6.3721,12.2856,11.7225,15.6103,38.4952
64,1000,100,64,128,191.00,773.00,1.0515,3.4225,0.9955,1564.62,0.6391,617.00,6.3913,12.3016,11.7364,15.6066,37.3164
64,1000,200,1,1,171.00,773.00,0.6558,2.6378,0.3267,45152.41,0.0221,644.00,0.2215,0.2703,0.2262,0.6044,0.9563
64,1000,200,1,1,171.00,773.00,0.6558,2.6378,0.3267,44527.44,0.0225,643.00,0.2246,0.2377,0.1983,0.5393,0.8463
64,1000,200,1,1,171.00,773.00,0.6558,2.6378,0.3267,48397.62,0.0207,644.00,0.2066,0.2305,0.1938,0.5132,0.7777
64,1000,200,1,1,171.00,773.00,0.6558,2.6378,0.3267,48598.69,0.0206,644.00,0.2058,0.2389,0.1966,0.5486,0.8880
64,1000,200,1,1,171.00,773.00,0.6558,2.6378,0.3267,48400.64,0.0207,644.00,0.2066,0.2328,0.1950,0.5108,0.8231
64,1000,200,1,2,171.00,773.00,0.6558,2.6378,0.3658,46090.18,0.0217,644.00,0.2170,0.2265,0.1873,0.5087,0.7924
64,1000,200,2,1,171.00,773.00,0.6558,2.6378,0.4459,30129.74,0.0332,645.00,0.3319,0.4635,0.4007,0.9400,1.5730
64,1000,200,2,1,171.00,773.00,0.6558,2.6378,0.4459,32607.13,0.0307,644.00,0.3067,0.4422,0.3883,0.8736,1.3610
64,1000,200,2,1,171.00,773.00,0.6558,2.6378,0.4459,30917.58,0.0323,646.00,0.3234,0.4321,0.3802,0.8999,1.3727
64,1000,200,2,2,171.00,773.00,0.6558,2.6378,0.5044,30265.86,0.0330,648.00,0.3304,0.4352,0.3776,0.9052,1.4251
64,1000,200,2,3,171.00,773.00,0.6558,2.6378,0.5278,31395.48,0.0319,649.00,0.3185,0.4449,0.3859,0.9104,1.5251
64,1000,200,2,4,171.00,773.00,0.6558,2.6378,0.5398,31132.92,0.0321,648.00,0.3212,0.4346,0.3792,0.8976,1.4868
64,1000,200,4,1,171.00,773.00,0.6558,2.6378,0.5428,18517.22,0.0540,644.00,0.5400,0.8569,0.7720,1.5783,2.5389
64,1000,200,4,1,171.00,773.00,0.6558,2.6378,0.5428,18847.37,0.0531,646.00,0.5306,0.8575,0.7678,1.5882,2.4002
64,1000,200,4,3,171.00,773.00,0.6558,2.6378,0.6635,17885.98,0.0559,648.00,0.5591,0.8853,0.7977,1.6336,2.3922
64,1000,200,4,4,171.00,773.00,0.6558,2.6378,0.6826,19412.37,0.0515,647.00,0.5151,0.8345,0.7424,1.5540,2.4989
64,1000,200,4,6,171.00,773.00,0.6558,2.6378,0.6983,19067.12,0.0524,650.00,0.5245,0.8476,0.7549,1.5892,2.4573
64,1000,200,4,8,171.00,773.00,0.6558,2.6378,0.7051,18784.34,0.0532,649.00,0.5324,0.8448,0.7529,1.5964,2.4372
64,1000,200,8,1,171.00,773.00,0.6558,2.6378,0.6018,10263.38,0.0974,643.00,0.9743,1.6843,1.5456,2.8636,4.3340
64,1000,200,8,3,171.00,773.00,0.6558,2.6378,0.7614,10219.33,0.0979,647.00,0.9785,1.7116,1.5549,2.9647,4.2771
64,1000,200,8,6,171.00,773.00,0.6558,2.6378,0.8155,10331.11,0.0968,648.00,0.9680,1.6711,1.5149,2.7906,4.5240
64,1000,200,8,8,171.00,773.00,0.6558,2.6378,0.8271,10204.97,0.0980,648.00,0.9799,1.6954,1.5457,2.9160,4.5326
64,1000,200,8,12,171.00,773.00,0.6558,2.6378,0.8359,10237.15,0.0977,647.00,0.9768,1.6987,1.5585,2.8703,4.1307
64,1000,200,8,16,171.00,773.00,0.6558,2.6378,0.8384,10503.53,0.0952,651.00,0.9521,1.6827,1.5383,2.8944,4.4145
64,1000,200,16,3,171.00,773.00,0.6558,2.6378,0.8121,5893.09,0.1697,646.00,1.6969,3.1926,2.9496,4.8577,9.3267
64,1000,200,16,6,171.00,773.00,0.6558,2.6378,0.8876,5652.65,0.1769,650.00,1.7691,3.2974,3.0471,5.0596,9.1598
64,1000,200,16,12,171.00,773.00,0.6558,2.6378,0.9210,5605.66,0.1784,648.00,1.7839,3.3061,3.0735,5.0430,9.0171
64,1000,200,16,16,171.00,773.00,0.6558,2.6378,0.9260,5643.80,0.1772,645.00,1.7719,3.2767,3.0249,5.0570,9.0658
64,1000,200,16,24,171.00,773.00,0.6558,2.6378,0.9287,5536.61,0.1806,650.00,1.8062,3.2791,3.0491,5.0992,8.5909
64,1000,200,16,32,171.00,773.00,0.6558,2.6378,0.9291,5360.40,0.1866,646.00,1.8655,3.3823,3.1543,5.2939,7.9310
64,1000,200,32,6,171.00,773.00,0.6558,2.6378,0.9148,3075.67,0.3251,648.00,3.2513,6.2277,5.8486,8.4260,19.3688
64,1000,200,32,12,171.00,773.00,0.6558,2.6378,0.9614,2914.18,0.3431,647.00,3.4315,6.4135,6.0470,8.9118,18.4546
64,1000,200,32,25,171.00,773.00,0.6558,2.6378,0.9755,2956.50,0.3382,646.00,3.3824,6.3983,6.0358,9.0394,18.2449
64,1000,200,32,32,171.00,773.00,0.6558,2.6378,0.9767,2877.74,0.3475,649.00,3.4749,6.4806,6.1218,9.3428,15.2868
64,1000,200,32,48,171.00,773.00,0.6558,2.6378,0.9770,2908.15,0.3439,647.00,3.4386,6.4470,6.0971,9.1187,16.7859
64,1000,200,32,64,171.00,773.00,0.6558,2.6378,0.9771,2921.93,0.3422,647.00,3.4224,6.4657,6.1204,9.1649,17.6714
64,1000,200,64,12,171.00,773.00,0.6558,2.6378,0.9722,1472.88,0.6789,645.00,6.7894,12.5657,12.1658,18.2860,24.8593
64,1000,200,64,25,171.00,773.00,0.6558,2.6378,0.9916,1539.23,0.6497,649.00,6.4967,12.3308,11.7480,15.8988,38.5057
64,1000,200,64,51,171.00,773.00,0.6558,2.6378,0.9950,1532.84,0.6524,655.00,6.5238,12.3659,11.8424,16.5103,33.3054
64,1000,200,64,64,171.00,773.00,0.6558,2.6378,0.9952,1555.80,0.6428,654.00,6.4276,12.3023,11.7739,16.0068,37.0121
64,1000,200,64,96,171.00,773.00,0.6558,2.6378,0.9952,1513.84,0.6606,653.00,6.6057,12.2681,11.8150,15.8996,41.4570
64,1000,200,64,128,171.00,773.00,0.6558,2.6378,0.9952,1541.52,0.6487,653.00,6.4871,12.3633,11.8058,15.9028,38.1999
64,2000,40,2,1,206.00,765.00,1.2396,3.7529,0.4915,44082.39,0.0227,610.00,0.2268,0.2999,0.2588,0.6219,0.9908
64,2000,40,2,1,206.00,765.00,1.2396,3.7529,0.4915,43321.80,0.0231,611.00,0.2308,0.2773,0.2396,0.5929,0.9033
64,2000,40,2,1,206.00,765.00,1.2396,3.7529,0.4915,44440.05,0.0225,609.00,0.2250,0.2614,0.2210,0.5553,0.8568
64,2000,40,2,2,206.00,765.00,1.2396,3.7529,0.5024,45842.71,0.0218,606.00,0.2181,0.2539,0.2147,0.5406,0.8078
64,2000,40,2,3,206.00,765.00,1.2396,3.7529,0.5046,46094.88,0.0217,607.00,0.2169,0.2553,0.2195,0.5311,0.8058
64,2000,40,2,4,206.00,765.00,1.2396,3.7529,0.5052,45397.93,0.0220,608.00,0.2203,0.2468,0.2111,0.5135,0.7864
64,2000,40,4,1,206.00,765.00,1.2396,3.7529,0.6305,27553.36,0.0363,610.00,0.3629,0.4833,0.4244,0.9844,1.5104
64,2000,40,4,1,206.00,765.00,1.2396,3.7529,0.6305,28888.61,0.0346,610.00,0.3462,0.4945,0.4383,0.9438,1.4736
64,2000,40,4,3,206.00,765.00,1.2396,3.7529,0.6516,30922.97,0.0323,610.00,0.3234,0.4604,0.4090,0.9043,1.3499
64,2000,40,4,4,206.00,765.00,1.2396,3.7529,0.6526,30582.85,0.0327,610.00,0.3270,0.4784,0.4236,0.9441,1.4899
64,2000,40,4,6,206.00,765.00,1.2396,3.7529,0.6534,30994.76,0.0323,611.00,0.3226,0.4613,0.4081,0.8867,1.4012
64,2000,40,4,8,206.00,765.00,1.2396,3.7529,0.6537,31683.42,0.0316,610.00,0.3156,0.4539,0.4057,0.8917,1.3520
64,2000,40,8,1,206.00,765.00,1.2396,3.7529,0.7471,17339.61,0.0577,610.00,0.5767,0.9077,0.8224,1.6135,2.7483
64,2000,40,8,3,206.00,765.00,1.2396,3.7529,0.7808,17564.98,0.0569,608.00,0.5693,0.9013,0.8121,1.6034,2.6448
64,2000,40,8,6,206.00,765.00,1.2396,3.7529,0.7845,18074.65,0.0553,608.00,0.5533,0.9082,0.8171,1.6344,2.5260
64,2000,40,8,8,206.00,765.00,1.2396,3.7529,0.7852,18143.71,0.0551,610.00,0.5512,0.8790,0.7892,1.5400,2.5370
64,2000,40,8,12,206.00,765.00,1.2396,3.7529,0.7854,17562.90,0.0569,612.00,0.5694,0.9176,0.8289,1.6704,2.5851
64,2000,40,8,16,206.00,765.00,1.2396,3.7529,0.7854,16835.27,0.0594,610.00,0.5940,0.9255,0.8352,1.6790,2.7232
64,2000,40,16,3,206.00,765.00,1.2396,3.7529,0.8789,9552.85,0.1047,607.00,1.0468,1.8221,1.6609,2.9742,5.3178
64,2000,40,16,6,206.00,765.00,1.2396,3.7529,0.8868,9739.13,0.1027,610.00,1.0268,1.7660,1.6203,2.8550,5.0966
64,2000,40,16,12,206.00,765.00,1.2396,3.7529,0.8882,10188.12,0.0982,608.00,0.9815,1.7231,1.5744,2.8062,4.8786
64,2000,40,16,16,206.00,765.00,1.2396,3.7529,0.8885,9954.31,0.1005,611.00,1.0046,1.7788,1.6342,2.9808,4.5301
64,2000,40,16,24,206.00,765.00,1.2396,3.7529,0.8885,10151.16,0.0985,609.00,0.9851,1.7710,1.6254,2.9037,4.6895
64,2000,40,16,32,206.00,765.00,1.2396,3.7529,0.8886,10275.90,0.0973,608.00,0.9732,1.7626,1.6189,2.8875,4.7648
64,2000,40,32,6,206.00,765.00,1.2396,3.7529,0.9499,5326.48,0.1877,606.00,1.8774,3.4211,3.1817,5.1601,8.9316
64,2000,40,32,12,206.00,765.00,1.2396,3.7529,0.9528,5070.30,0.1972,608.00,1.9723,3.4500,3.2166,5.1356,10.6242
64,2000,40,32,25,206.00,765.00,1.2396,3.7529,0.9535,5270.14,0.1897,618.00,1.8975,3.4763,3.2493,5.2545,8.9421
64,2000,40,32,32,206.00,765.00,1.2396,3.7529,0.9536,5359.71,0.1866,613.00,1.8658,3.4496,3.2228,5.2188,8.9559
64,2000,40,32,48,206.00,765.00,1.2396,3.7529,0.9537,5353.45,0.1868,609.00,1.8680,3.4291,3.2079,5.1753,8.7848
64,2000,40,32,64,206.00,765.00,1.2396,3.7529,0.9538,5057.50,0.1977,612.00,1.9773,3.5132,3.2679,5.2638,10.3260
64,2000,40,64,12,206.00,765.00,1.2396,3.7529,0.9839,2798.06,0.3574,612.00,3.5739,6.6811,6.3566,9.2742,18.7518
64,2000,40,64,25,206.00,765.00,1.2396,3.7529,0.9853,2919.23,0.3426,616.00,3.4256,6.5233,6.1566,8.7949,19.1753
64,2000,40,64,51,206.00,765.00,1.2396,3.7529,0.9857,2847.26,0.3512,612.00,3.5121,6.4904,6.1504,8.8412,18.9179
64,2000,40,64,64,206.00,765.00,1.2396,3.7529,0.9857,2899.77,0.3449,613.00,3.4485,6.5464,6.1803,8.9865,18.1460
64,2000,40,64,96,206.00,765.00,1.2396,3.7529,0.9857,2882.32,0.3469,610.00,3.4694,6.5917,6.2174,8.9255,19.4030
64,2000,40,64,128,206.00,765.00,1.2396,3.7529,0.9857,2801.86,0.3569,610.00,3.5691,6.5331,6.2018,8.8830,19.5673
64,2000,40,128,25,206.00,765.00,1.2396,3.7529,0.9964,1535.64,0.6512,616.00,6.5120,12.6268,12.0711,15.8039,38.3211
64,2000,40,128,51,206.00,765.00,1.2396,3.7529,0.9969,1533.76,0.6520,615.00,6.5199,12.6695,12.1281,15.7778,38.9815
64,2000,40,128,102,206.00,765.00,1.2396,3.7529,0.9970,1530.94,0.6532,625.00,6.5319,12.6739,12.1371,15.7659,37.0661
64,2000,40,128,128,206.00,765.00,1.2396,3.7529,0.9970,1488.00,0.6720,617.00,6.7204,12.7690,12.2746,16.4492,36.0016
64,2000,40,128,192,206.00,765.00,1.2396,3.7529,0.9970,1476.13,0.6774,623.00,6.7745,12.9100,12.3742,16.6550,37.1380
64,2000,40,128,256,206.00,765.00,1.2396,3.7529,0.9970,1432.62,0.6980,624.00,6.9802,13.2013,12.7433,17.4680,34.3818
64,2000,100,2,1,175.00,764.00,1.4098,3.9873,0.4733,46026.86,0.0217,590.00,0.2173,0.2972,0.2622,0.6046,0.9094
64,2000,100,2,1,175.00,764.00,1.4098,3.9873,0.4733,42770.58,0.0234,590.00,0.2338,0.2653,0.2214,0.5866,0.9113
64,2000,100,2,1,175.00,764.00,1.4098,3.9873,0.4733,46005.15,0.0217,593.00,0.2174,0.2595,0.2225,0.5534,0.8461
64,2000,100,2,2,175.00,764.00,1.4098,3.9873,0.4953,43622.75,0.0229,590.00,0.2292,0.2528,0.2155,0.5409,0.8286
64,2000,100,2,3,175.00,764.00,1.4098,3.9873,0.5020,49805.23,0.0201,592.00,0.2008,0.2427,0.2082,0.5052,0.7784
64,2000,100,2,4,175.00,764.00,1.4098,3.9873,0.5046,48513.54,0.0206,592.00,0.2061,0.2397,0.2032,0.4977,0.8366
64,2000,100,4,1,175.00,764.00,1.4098,3.9873,0.6020,29936.18,0.0334,591.00,0.3340,0.4784,0.4302,0.8965,1.4582
64,2000,100,4,1,175.00,764.00,1.4098,3.9873,0.6020,30241.03,0.0331,591.00,0.3307,0.4736,0.4244,0.8934,1.4599
64,2000,100,4,3,175.00,764.00,1.4098,3.9873,0.6482,29711.68,0.0337,593.00,0.3366,0.4587,0.4049,0.9016,1.4142
64,2000,100,4,4,175.00,764.00,1.4098,3.9873,0.6520,31130.12,0.0321,594.00,0.3212,0.4661,0.4127,0.9117,1.4079
64,2000,100,4,6,175.00,764.00,1.4098,3.9873,0.6541,30222.63,0.0331,594.00,0.3309,0.4580,0.4074,0.8845,1.4790
64,2000,100,4,8,175.00,764.00,1.4098,3.9873,0.6545,30035.99,0.0333,593.00,0.3329,0.4764,0.4200,0.9516,1.5376
64,2000,100,8,1,175.00,764.00,1.4098,3.9873,0.7058,17171.31,0.0582,588.00,0.5824,0.9317,0.8359,1.6935,2.8066
64,2000,100,8,3,175.00,764.00,1.4098,3.9873,0.7730,18160.55,0.0551,592.00,0.5506,0.8878,0.7990,1.5938,2.6556
64,2000,100,8,6,175.00,764.00,1.4098,3.9873,0.7837,17471.89,0.0572,590.00,0.5723,0.9154,0.8302,1.6526,2.4426
64,2000,100,8,8,175.00,764.00,1.4098,3.9873,0.7853,17548.91,0.0570,590.00,0.5698,0.9108,0.8214,1.6509,2.4710
64,2000,100,8,12,175.00,764.00,1.4098,3.9873,0.7865,17491.88,0.0572,593.00,0.5717,0.9068,0.8170,1.6292,2.6762
64,2000,100,8,16,175.00,764.00,1.4098,3.9873,0.7867,17355.61,0.0576,593.00,0.5762,0.9228,0.8382,1.6606,2.4286
64,2000,100,16,3,175.00,764.00,1.4098,3.9873,0.8663,9667.11,0.1034,592.00,1.0344,1.7930,1.6452,3.0165,4.3706
64,2000,100,16,6,175.00,764.00,1.4098,3.9873,0.8834,9263.04,0.1080,591.00,1.0796,1.8568,1.7128,3.0711,4.4886
64,2000,100,16,12,175.00,764.00,1.4098,3.9873,0.8887,9888.03,0.1011,592.00,1.0113,1.7752,1.6323,2.8981,4.4802
64,2000,100,16,16,175.00,764.00,1.4098,3.9873,0.8891,9851.61,0.1015,594.00,1.0151,1.7496,1.5917,2.8800,5.3095
64,2000,100,16,24,175.00,764.00,1.4098,3.9873,0.8893,9778.51,0.1023,591.00,1.0227,1.7422,1.5949,2.8427,5.0861
64,2000,100,16,32,175.00,764.00,1.4098,3.9873,0.8894,10195.72,0.0981,593.00,0.9808,1.7487,1.6068,2.8631,4.4850
64,2000,100,32,6,175.00,764.00,1.4098,3.9873,0.9435,5310.64,0.1883,591.00,1.8830,3.3861,3.1475,5.0400,9.2563
64,2000,100,32,12,175.00,764.00,1.4098,3.9873,0.9525,5237.57,0.1909,592.00,1.9093,3.3924,3.1616,5.0379,9.9208
64,2000,100,32,25,175.00,764.00,1.4098,3.9873,0.9541,5340.00,0.1873,588.00,1.8727,3.3472,3.1098,5.0028,10.1777
64,2000,100,32,32,175.00,764.00,1.4098,3.9873,0.9541,5281.71,0.1893,591.00,1.8933,3.4601,3.2489,5.1816,8.6371
64,2000,100,32,48,175.00,764.00,1.4098,3.9873,0.9542,5207.16,0.1920,589.00,1.9204,3.5220,3.3197,5.2885,8.8795
64,2000,100,32,64,175.00,764.00,1.4098,3.9873,0.9542,5090.44,0.1964,590.00,1.9645,3.4948,3.2415,5.2002,10.1604
64,2000,100,64,12,175.00,764.00,1.4098,3.9873,0.9825,2738.79,0.3651,591.00,3.6513,6.8118,6.4847,9.5740,17.9679
64,2000,100,64,25,175.00,764.00,1.4098,3.9873,0.9854,2803.07,0.3568,594.00,3.5675,6.7013,6.3601,9.3739,18.1541
64,2000,100,64,51,175.00,764.00,1.4098,3.9873,0.9857,2812.49,0.3556,603.00,3.5556,6.7064,6.3685,9.3402,18.6024
64,2000,100,64,64,175.00,764.00,1.4098,3.9873,0.9857,2903.81,0.3444,598.00,3.4437,6.4826,6.1398,8.7539,17.8116
64,2000,100,64,96,175.00,764.00,1.4098,3.9873,0.9857,2797.08,0.3575,590.00,3.5752,6.5689,6.2480,9.1864,15.8615
64,2000,100,64,128,175.00,764.00,1.4098,3.9873,0.9857,2849.35,0.3510,596.00,3.5096,6.6474,6.2918,9.1013,18.8172
64,2000,100,128,25,175.00,764.00,1.4098,3.9873,0.9964,1529.63,0.6538,607.00,6.5375,12.6473,12.1218,15.7549,38.2668
64,2000,100,128,51,175.00,764.00,1.4098,3.9873,0.9971,1503.48,0.6651,607.00,6.6512,12.4276,12.0691,15.8448,41.0868
64,2000,100,128,102,175.00,764.00,1.4098,3.9873,0.9971,1516.15,0.6596,603.00,6.5956,12.6506,12.1135,15.8440,37.5867
64,2000,100,128,128,175.00,764.00,1.4098,3.9873,0.9971,1448.26,0.6905,610.00,6.9048,13.0419,12.5247,16.7993,37.6067
64,2000,100,128,192,175.00,764.00,1.4098,3.9873,0.9972,1451.84,0.6888,607.00,6.8878,12.7773,12.2903,16.4425,39.1188
64,2000,100,128,256,175.00,764.00,1.4098,3.9873,0.9972,1493.11,0.6697,604.00,6.6974,12.6508,12.2328,16.1222,36.0833
64,2000,200,2,1,155.00,753.00,0.8966,3.0139,0.3929,45201.52,0.0221,577.00,0.2212,0.2802,0.2368,0.6122,0.9692
64,2000,200,2,1,155.00,753.00,0.8966,3.0139,0.3929,47526.69,0.0210,579.00,0.2104,0.2628,0.2281,0.5491,0.8531
64,2000,200,2,1,155.00,753.00,0.8966,3.0139,0.3929,44634.54,0.0224,579.00,0.2240,0.2449,0.2022,0.5598,0.8626
64,2000,200,2,2,155.00,753.00,0.8966,3.0139,0.4541,48198.77,0.0207,580.00,0.2075,0.2501,0.2124,0.5322,0.8519
64,2000,200,2,3,155.00,753.00,0.8966,3.0139,0.4773,46733.57,0.0214,580.00,0.2140,0.2467,0.2145,0.5039,0.7916
64,2000,200,2,4,155.00,753.00,0.8966,3.0139,0.4887,45868.64,0.0218,580.00,0.2180,0.2507,0.2144,0.5389,0.8224
64,2000,200,4,1,155.00,753.00,0.8966,3.0139,0.4839,29735.98,0.0336,579.00,0.3363,0.4884,0.4376,0.9471,1.4819
64,2000,200,4,1,155.00,753.00,0.8966,3.0139,0.4839,29995.70,0.0333,579.00,0.3334,0.4795,0.4266,0.9514,1.3670
64,2000,200,4,3,155.00,753.00,0.8966,3.0139,0.6052,29547.49,0.0338,581.00,0.3384,0.4931,0.4473,0.9496,1.4290
64,2000,200,4,4,155.00,753.00,0.8966,3.0139,0.6232,29907.08,0.0334,582.00,0.3344,0.4795,0.4243,0.9317,1.4267
64,2000,200,4,6,155.00,753.00,0.8966,3.0139,0.6397,30470.75,0.0328,582.00,0.3282,0.4844,0.4333,0.9360,1.3401
64,2000,200,4,8,155.00,753.00,0.8966,3.0139,0.6453,28828.73,0.0347,577.00,0.3469,0.4892,0.4480,0.9511,1.3864
64,2000,200,8,1,155.00,753.00,0.8966,3.0139,0.5450,17830.59,0.0561,581.00,0.5608,0.8901,0.8177,1.5961,2.2528
64,2000,200,8,3,155.00,753.00,0.8966,3.0139,0.7073,16967.56,0.0589,582.00,0.5894,0.9338,0.8358,1.7345,2.7339
64,2000,200,8,6,155.00,753.00,0.8966,3.0139,0.7608,17225.46,0.0581,582.00,0.5805,0.9469,0.8539,1.7269,2.4537
64,2000,200,8,8,155.00,753.00,0.8966,3.0139,0.7719,17380.52,0.0575,581.00,0.5754,0.9326,0.8576,1.6497,2.3058
64,2000,200,8,12,155.00,753.00,0.8966,3.0139,0.7805,16847.56,0.0594,582.00,0.5936,0.9382,0.8722,1.7016,2.3252
64,2000,200,8,16,155.00,753.00,0.8966,3.0139,0.7833,17538.33,0.0570,580.00,0.5702,0.9360,0.8561,1.6577,2.3357
64,2000,200,16,3,155.00,753.00,0.8966,3.0139,0.7690,9470.23,0.1056,576.00,1.0559,1.7760,1.6213,2.8822,5.3308
64,2000,200,16,6,155.00,753.00,0.8966,3.0139,0.8448,9621.72,0.1039,583.00,1.0393,1.7781,1.6185,2.9334,5.0986
64,2000,200,16,12,155.00,753.00,0.8966,3.0139,0.8786,10091.63,0.0991,580.00,0.9909,1.7737,1.6308,2.9142,4.6649
64,2000,200,16,16,155.00,753.00,0.8966,3.0139,0.8837,10122.60,0.0988,590.00,0.9879,1.7026,1.5598,2.8293,4.8097
64,2000,200,16,24,155.00,753.00,0.8966,3.0139,0.8867,10565.02,0.0947,581.00,0.9465,1.7069,1.5636,2.7959,4.7093
64,2000,200,16,32,155.00,753.00,0.8966,3.0139,0.8876,10341.27,0.0967,582.00,0.9670,1.7088,1.5571,2.8438,4.5889
64,2000,200,32,6,155.00,753.00,0.8966,3.0139,0.8838,5627.81,0.1777,580.00,1.7769,3.3191,3.0801,4.8664,9.4591
64,2000,200,32,12,155.00,753.00,0.8966,3.0139,0.9345,5616.33,0.1781,579.00,1.7805,3.3614,3.1073,4.9577,9.1552
64,2000,200,32,25,155.00,753.00,0.8966,3.0139,0.9515,5430.89,0.1841,583.00,1.8413,3.3766,3.1466,5.0104,9.1207
64,2000,200,32,32,155.00,753.00,0.8966,3.0139,0.9531,5511.71,0.1814,581.00,1.8143,3.3711,3.1427,5.0364,9.0166
64,2000,200,32,48,155.00,753.00,0.8966,3.0139,0.9540,5601.74,0.1785,581.00,1.7852,3.3508,3.1038,4.9780,9.1315
64,2000,200,32,64,155.00,753.00,0.8966,3.0139,0.9540,5508.43,0.1815,582.00,1.8154,3.3566,3.1109,4.9931,9.1229
64,2000,200,64,12,155.00,753.00,0.8966,3.0139,0.9546,2926.08,0.3418,582.00,3.4175,6.5007,6.1253,8.8232,18.9590
64,2000,200,64,25,155.00,753.00,0.8966,3.0139,0.9801,2901.91,0.3446,590.00,3.4460,6.5506,6.1898,8.9176,19.0991
64,2000,200,64,51,155.00,753.00,0.8966,3.0139,0.9853,2911.20,0.3435,584.00,3.4350,6.5435,6.1950,8.9036,18.2467
64,2000,200,64,64,155.00,753.00,0.8966,3.0139,0.9855,2857.34,0.3500,580.00,3.4998,6.4746,6.1541,8.8843,15.3149
64,2000,200,64,96,155.00,753.00,0.8966,3.0139,0.9857,2755.22,0.3629,582.00,3.6295,6.5994,6.2853,9.1379,18.7126
64,2000,200,64,128,155.00,753.00,0.8966,3.0139,0.9857,2745.12,0.3643,581.00,3.6428,6.6260,6.2563,9.1229,20.2437
64,2000,200,128,25,155.00,753.00,0.8966,3.0139,0.9879,1467.06,0.6816,591.00,6.8164,12.8080,12.3604,17.4598,30.0248
64,2000,200,128,51,155.00,753.00,0.8966,3.0139,0.9960,1468.60,0.6809,590.00,6.8092,12.5618,12.0407,16.1074,41.2580
64,2000,200,128,102,155.00,753.00,0.8966,3.0139,0.9970,1450.46,0.6894,587.00,6.8944,12.6991,12.2296,16.3655,40.5979
64,2000,200,128,128,155.00,753.00,0.8966,3.0139,0.9970,1468.97,0.6807,596.00,6.8075,12.9090,12.3662,16.9532,36.8667
64,2000,200,128,192,155.00,753.00,0.8966,3.0139,0.9970,1420.55,0.7040,594.00,7.0395,12.9150,12.3506,16.7962,42.6780
64,2000,200,128,256,155.00,753.00,0.8966,3.0139,0.9970,1485.30,0.6733,598.00,6.7326,12.8314,12.3176,16.5304,36.5072
64,3000,40,3,1,149.00,741.00,1.5199,4.2933,0.5395,40281.86,0.0248,574.00,0.2483,0.3203,0.2806,0.6431,1.0234
64,3000,40,3,1,149.00,741.00,1.5199,4.2933,0.5395,43007.82,0.0233,574.00,0.2325,0.2887,0.2490,0.6056,0.9286
64,3000,40,3,2,149.00,741.00,1.5199,4.2933,0.5544,45174.47,0.0221,574.00,0.2214,0.2739,0.2354,0.5649,0.9016
64,3000,40,3,3,149.00,741.00,1.5199,4.2933,0.5570,45648.02,0.0219,575.00,0.2191,0.2573,0.2200,0.5360,0.8495
64,3000,40,3,4,149.00,741.00,1.5199,4.2933,0.5579,45849.05,0.0218,571.00,0.2181,0.2615,0.2242,0.5340,0.8529
64,3000,40,3,6,149.00,741.00,1.5199,4.2933,0.5588,45127.18,0.0222,574.00,0.2216,0.2574,0.2191,0.5443,0.8545
64,3000,40,6,1,149.00,741.00,1.5199,4.2933,0.6653,28053.65,0.0356,572.00,0.3565,0.5132,0.4500,1.0163,1.6284
64,3000,40,6,2,149.00,741.00,1.5199,4.2933,0.6895,28914.78,0.0346,573.00,0.3458,0.4951,0.4379,0.9608,1.4912
64,3000,40,6,4,149.00,741.00,1.5199,4.2933,0.6963,29587.62,0.0338,572.00,0.3380,0.4992,0.4429,0.9546,1.4435
64,3000,40,6,6,149.00,741.00,1.5199,4.2933,0.6978,28722.47,0.0348,575.00,0.3482,0.4883,0.4304,0.9547,1.5888
64,3000,40,6,9,149.00,741.00,1.5199,4.2933,0.6981,27623.93,0.0362,571.00,0.3620,0.4772,0.4201,0.9642,1.4336
64,3000,40,6,12,149.00,741.00,1.5199,4.2933,0.6981,29807.76,0.0335,571.00,0.3355,0.4901,0.4297,0.9643,1.4767
64,3000,40,12,2,149.00,741.00,1.5199,4.2933,0.8014,17546.26,0.0570,574.00,0.5699,0.9436,0.8483,1.7579,2.6200
64,3000,40,12,4,149.00,741.00,1.5199,4.2933,0.8142,17694.29,0.0565,575.00,0.5652,0.9470,0.8522,1.7114,2.5688
64,3000,40,12,9,149.00,741.00,1.5199,4.2933,0.8189,17494.69,0.0572,575.00,0.5716,0.9447,0.8460,1.7291,2.5712
64,3000,40,12,12,149.00,741.00,1.5199,4.2933,0.8191,17334.32,0.0577,572.00,0.5769,0.9326,0.8390,1.6911,2.5985
64,3000,40,12,18,149.00,741.00,1.5199,4.2933,0.8192,17619.90,0.0568,573.00,0.5675,0.9418,0.8473,1.7038,2.5421
64,3000,40,12,24,149.00,741.00,1.5199,4.2933,0.8193,17471.12,0.0572,573.00,0.5724,0.9411,0.8467,1.6770,2.5906
64,3000,40,24,4,149.00,741.00,1.5199,4.2933,0.8997,9427.84,0.1061,573.00,1.0607,1.8385,1.6827,3.0071,5.0139
64,3000,40,24,9,149.00,741.00,1.5199,4.2933,0.9088,9700.28,0.1031,581.00,1.0309,1.8348,1.6769,3.0757,4.7045
64,3000,40,24,19,149.00,741.00,1.5199,4.2933,0.9097,9510.72,0.1051,573.00,1.0514,1.8638,1.7164,3.1046,4.5991
64,3000,40,24,24,149.00,741.00,1.5199,4.2933,0.9097,9351.08,0.1069,573.00,1.0694,1.8253,1.6613,2.9684,5.1963
64,3000,40,24,36,149.00,741.00,1.5199,4.2933,0.9098,9619.13,0.1040,573.00,1.0396,1.8485,1.7009,3.0319,4.5898
64,3000,40,24,48,149.00,741.00,1.5199,4.2933,0.9099,9426.79,0.1061,575.00,1.0608,1.8647,1.7216,3.0918,4.5232
64,3000,40,48,9,149.00,741.00,1.5199,4.2933,0.9619,5024.54,0.1990,579.00,1.9902,3.5635,3.2981,5.4024,10.0882
64,3000,40,48,19,149.00,741.00,1.5199,4.2933,0.9644,5193.81,0.1925,572.00,1.9254,3.5416,3.3071,5.4093,8.5553
64,3000,40,48,38,149.00,741.00,1.5199,4.2933,0.9650,5242.03,0.1908,574.00,1.9077,3.5394,3.2894,5.3848,8.8959
64,3000,40,48,48,149.00,741.00,1.5199,4.2933,0.9650,5136.91,0.1947,577.00,1.9467,3.5580,3.3286,5.4686,8.5120
64,3000,40,48,72,149.00,741.00,1.5199,4.2933,0.9651,5284.55,0.1892,572.00,1.8923,3.5532,3.2976,5.4099,8.7421
64,3000,40,48,96,149.00,741.00,1.5199,4.2933,0.9651,5179.30,0.1931,574.00,1.9308,3.5159,3.2694,5.2251,9.9032
64,3000,40,96,19,149.00,741.00,1.5199,4.2933,0.9884,2686.73,0.3722,573.00,3.7220,6.7771,6.3995,9.3673,20.4615
64,3000,40,96,38,149.00,741.00,1.5199,4.2933,0.9896,2778.35,0.3599,576.00,3.5993,6.6992,6.3483,9.2928,18.2335
64,3000,40,96,76,149.00,741.00,1.5199,4.2933,0.9897,2778.98,0.3598,573.00,3.5984,6.7977,6.4317,9.4217,17.5797
64,3000,40,96,96,149.00,741.00,1.5199,4.2933,0.9897,2764.97,0.3617,570.00,3.6167,6.7226,6.3896,9.2459,18.6798
64,3000,40,96,144,149.00,741.00,1.5199,4.2933,0.9898,2742.54,0.3646,583.00,3.6462,6.9102,6.5395,9.6378,17.9464
64,3000,40,96,192,149.00,741.00,1.5199,4.2933,0.9898,2679.03,0.3733,577.00,3.7327,6.9169,6.5566,9.6426,16.5258
64,3000,40,192,38,149.00,741.00,1.5199,4.2933,0.9974,1421.32,0.7036,593.00,7.0357,13.3217,12.7984,17.8371,33.8230
64,3000,40,192,76,149.00,741.00,1.5199,4.2933,0.9976,1428.00,0.7003,588.00,7.0028,13.2956,12.7830,17.6911,34.4236
64,3000,40,192,153,149.00,741.00,1.5199,4.2933,0.9977,1391.86,0.7185,594.00,7.1846,13.2600,12.7312,17.2917,39.1988
64,3000,40,192,192,149.00,741.00,1.5199,4.2933,0.9977,1385.10,0.7220,585.00,7.2197,13.4636,12.9515,18.0761,33.4432
64,3000,40,192,288,149.00,741.00,1.5199,4.2933,0.9979,1404.89,0.7118,583.00,7.1180,13.3992,12.8878,17.9623,33.0427
64,3000,40,192,384,149.00,741.00,1.5199,4.2933,0.9979,1399.00,0.7148,582.00,7.1480,13.3895,12.9065,17.5684,31.4102
64,3000,100,3,1,147.00,742.00,1.7619,4.6727,0.5222,39284.06,0.0255,563.00,0.2546,0.3168,0.2764,0.6435,1.0397
64,3000,100,3,1,147.00,742.00,1.7619,4.6727,0.5222,42112.58,0.0237,567.00,0.2375,0.2839,0.2465,0.5872,0.9015
64,3000,100,3,2,147.00,742.00,1.7619,4.6727,0.5476,43853.35,0.0228,566.00,0.2280,0.2852,0.2496,0.5807,0.9013
64,3000,100,3,3,147.00,742.00,1.7619,4.6727,0.5536,43337.12,0.0231,566.00,0.2307,0.2673,0.2289,0.5575,0.8869
64,3000,100,3,4,147.00,742.00,1.7619,4.6727,0.5560,45126.19,0.0222,564.00,0.2216,0.2649,0.2283,0.5505,0.8408
64,3000,100,3,6,147.00,742.00,1.7619,4.6727,0.5577,44668.84,0.0224,563.00,0.2239,0.2608,0.2243,0.5452,0.8262
64,3000,100,6,1,147.00,742.00,1.7619,4.6727,0.6404,28187.85,0.0355,565.00,0.3548,0.5188,0.4623,0.9721,1.5644
64,3000,100,6,2,147.00,742.00,1.7619,4.6727,0.6783,28362.03,0.0353,564.00,0.3526,0.5116,0.4515,1.0107,1.4549
64,3000,100,6,4,147.00,742.00,1.7619,4.6727,0.6930,28393.27,0.0352,564.00,0.3522,0.5025,0.4463,0.9811,1.4424
64,3000,100,6,6,147.00,742.00,1.7619,4.6727,0.6968,28779.85,0.0347,572.00,0.3475,0.4819,0.4251,0.9458,1.5090
64,3000,100,6,9,147.00,742.00,1.7619,4.6727,0.6983,28744.49,0.0348,564.00,0.3479,0.4840,0.4256,0.9799,1.4536
64,3000,100,6,12,147.00,742.00,1.7619,4.6727,0.6986,29823.08,0.0335,565.00,0.3353,0.4946,0.4357,0.9579,1.4475
64,3000,100,12,2,147.00,742.00,1.7619,4.6727,0.7851,17012.90,0.0588,566.00,0.5878,0.9729,0.8804,1.7352,2.6730
64,3000,100,12,4,147.00,742.00,1.7619,4.6727,0.8087,17095.32,0.0585,567.00,0.5850,0.9813,0.8884,1.7639,2.5406
64,3000,100,12,9,147.00,742.00,1.7619,4.6727,0.8195,17478.74,0.0572,562.00,0.5721,0.9489,0.8565,1.7112,2.5262
64,3000,100,12,12,147.00,742.00,1.7619,4.6727,0.8208,17391.98,0.0575,569.00,0.5750,0.9701,0.8769,1.7417,2.4965
64,3000,100,12,18,147.00,742.00,1.7619,4.6727,0.8212,16939.70,0.0590,566.00,0.5903,0.9589,0.8646,1.7073,2.6187
64,3000,100,12,24,147.00,742.00,1.7619,4.6727,0.8213,17070.64,0.0586,565.00,0.5858,0.9707,0.8732,1.7244,2.5353
64,3000,100,24,4,147.00,742.00,1.7619,4.6727,0.8899,9077.37,0.1102,566.00,1.1016,1.9346,1.7835,3.1962,4.5737
64,3000,100,24,9,147.00,742.00,1.7619,4.6727,0.9070,9405.56,0.1063,563.00,1.0632,1.8396,1.6789,3.0189,5.3832
64,3000,100,24,19,147.00,742.00,1.7619,4.6727,0.9101,9439.86,0.1059,571.00,1.0593,1.8615,1.7201,3.0772,4.5582
64,3000,100,24,24,147.00,742.00,1.7619,4.6727,0.9103,9391.32,0.1065,565.00,1.0648,1.8540,1.7049,3.0418,5.1303
64,3000,100,24,36,147.00,742.00,1.7619,4.6727,0.9103,9201.76,0.1087,561.00,1.0867,1.8457,1.6942,2.9920,5.0696
64,3000,100,24,48,147.00,742.00,1.7619,4.6727,0.9104,9174.03,0.1090,565.00,1.0900,1.8450,1.6744,3.0156,5.6796
64,3000,100,48,9,147.00,742.00,1.7619,4.6727,0.9582,5010.87,0.1996,564.00,1.9957,3.5480,3.2917,5.3905,9.7948
64,3000,100,48,19,147.00,742.00,1.7619,4.6727,0.9637,5206.10,0.1921,565.00,1.9208,3.5480,3.2984,5.4199,9.4000
64,3000,100,48,38,147.00,742.00,1.7619,4.6727,0.9643,5101.09,0.1960,562.00,1.9604,3.5826,3.3539,5.4322,9.1535
64,3000,100,48,48,147.00,742.00,1.7619,4.6727,0.9644,5107.49,0.1958,567.00,1.9579,3.6095,3.3834,5.5209,8.3414
64,3000,100,48,72,147.00,742.00,1.7619,4.6727,0.9644,4920.79,0.2032,562.00,2.0322,3.6429,3.3765,5.4323,10.8072
64,3000,100,48,96,147.00,742.00,1.7619,4.6727,0.9645,5009.26,0.1996,563.00,1.9963,3.5718,3.3247,5.3069,10.2788
64,3000,100,96,19,147.00,742.00,1.7619,4.6727,0.9883,2597.80,0.3849,567.00,3.8494,7.0783,6.7287,10.3143,17.0794
64,3000,100,96,38,147.00,742.00,1.7619,4.6727,0.9896,2662.40,0.3756,565.00,3.7560,6.8414,6.4639,9.6612,18.7631
64,3000,100,96,76,147.00,742.00,1.7619,4.6727,0.9899,2698.31,0.3706,566.00,3.7060,6.7939,6.4254,9.5664,19.2036
64,3000,100,96,96,147.00,742.00,1.7619,4.6727,0.9899,2643.17,0.3783,571.00,3.7833,6.8935,6.5398,9.6187,20.2518
64,3000,100,96,144,147.00,742.00,1.7619,4.6727,0.9899,2639.22,0.3789,569.00,3.7890,6.8674,6.5064,9.4312,20.9433
64,3000,100,96,192,147.00,742.00,1.7619,4.6727,0.9899,2594.87,0.3854,570.00,3.8538,7.0020,6.6309,9.6829,21.1940
64,3000,100,192,38,147.00,742.00,1.7619,4.6727,0.9974,1457.86,0.6859,585.00,6.8594,12.9003,12.4872,16.6294,37.1589
64,3000,100,192,76,147.00,742.00,1.7619,4.6727,0.9978,1421.14,0.7037,575.00,7.0366,13.3295,12.8133,17.3634,35.9262
64,3000,100,192,153,147.00,742.00,1.7619,4.6727,0.9980,1377.85,0.7258,579.00,7.2577,13.2950,12.7528,17.1052,42.9110
64,3000,100,192,192,147.00,742.00,1.7619,4.6727,0.9980,1428.93,0.6998,578.00,6.9982,13.2887,12.7855,17.4928,34.8401
64,3000,100,192,288,147.00,742.00,1.7619,4.6727,0.9980,1435.05,0.6968,576.00,6.9684,13.0622,12.6082,16.4677,40.2546
64,3000,100,192,384,147.00,742.00,1.7619,4.6727,0.9980,1433.16,0.6978,579.00,6.9776,13.4193,12.8952,17.1667,35.6485
64,3000,200,3,1,140.00,735.00,1.1260,3.4931,0.4429,43146.47,0.0232,557.00,0.2318,0.3058,0.2647,0.6443,1.0049
64,3000,200,3,1,140.00,735.00,1.1260,3.4931,0.4429,43434.13,0.0230,558.00,0.2302,0.2882,0.2507,0.6010,0.9319
64,3000,200,3,2,140.00,735.00,1.1260,3.4931,0.5035,43746.18,0.0229,562.00,0.2286,0.2797,0.2403,0.5904,0.9083
64,3000,200,3,3,140.00,735.00,1.1260,3.4931,0.5269,46892.89,0.0213,562.00,0.2133,0.2641,0.2268,0.5389,0.8742
64,3000,200,3,4,140.00,735.00,1.1260,3.4931,0.5392,46866.38,0.0213,563.00,0.2134,0.2655,0.2276,0.5553,0.8878
64,3000,200,3,6,140.00,735.00,1.1260,3.4931,0.5509,47570.73,0.0210,563.00,0.2102,0.2461,0.2086,0.5300,0.7965
64,3000,200,6,1,140.00,735.00,1.1260,3.4931,0.5234,28910.66,0.0346,560.00,0.3459,0.5068,0.4488,0.9847,1.5366
64,3000,200,6,2,140.00,735.00,1.1260,3.4931,0.6082,29057.99,0.0344,570.00,0.3441,0.5032,0.4466,0.9709,1.5304
64,3000,200,6,4,140.00,735.00,1.1260,3.4931,0.6649,28879.77,0.0346,565.00,0.3463,0.4899,0.4323,0.9727,1.4635
64,3000,200,6,6,140.00,735.00,1.1260,3.4931,0.6839,30339.57,0.0330,564.00,0.3296,0.4940,0.4364,0.9628,1.5190
64,3000,200,6,9,140.00,735.00,1.1260,3.4931,0.6942,29605.88,0.0338,563.00,0.3378,0.4945,0.4341,0.9748,1.5225
64,3000,200,6,12,140.00,735.00,1.1260,3.4931,0.6975,30015.79,0.0333,561.00,0.3332,0.4765,0.4150,0.9472,1.4721
64,3000,200,12,2,140.00,735.00,1.1260,3.4931,0.6760,17099.30,0.0585,561.00,0.5848,0.9459,0.8540,1.6569,2.6448
64,3000,200,12,4,140.00,735.00,1.1260,3.4931,0.7572,17143.01,0.0583,561.00,0.5833,0.9583,0.8690,1.7330,2.4474
64,3000,200,12,9,140.00,735.00,1.1260,3.4931,0.8087,16935.84,0.0590,561.00,0.5905,0.9768,0.8863,1.7670,2.5532
64,3000,200,12,12,140.00,735.00,1.1260,3.4931,0.8159,16975.31,0.0589,561.00,0.5891,0.9674,0.8864,1.7107,2.4872
64,3000,200,12,18,140.00,735.00,1.1260,3.4931,0.8199,17454.47,0.0573,557.00,0.5729,0.9556,0.8622,1.7362,2.6143
64,3000,200,12,24,140.00,735.00,1.1260,3.4931,0.8212,17112.97,0.0584,564.00,0.5844,0.9533,0.8580,1.6932,2.7370
64,3000,200,24,4,140.00,735.00,1.1260,3.4931,0.8076,9651.75,0.1036,566.00,1.0361,1.7969,1.6424,2.9126,5.2559
64,3000,200,24,9,140.00,735.00,1.1260,3.4931,0.8823,9520.40,0.1050,566.00,1.0504,1.8357,1.6842,3.0759,4.8210
64,3000,200,24,19,140.00,735.00,1.1260,3.4931,0.9051,9575.63,0.1044,566.00,1.0443,1.8483,1.6906,3.1092,4.7240
64,3000,200,24,24,140.00,735.00,1.1260,3.4931,0.9076,9572.13,0.1045,565.00,1.0447,1.8275,1.6630,3.0342,5.1203
64,3000,200,24,36,140.00,735.00,1.1260,3.4931,0.9090,9937.15,0.1006,562.00,1.0063,1.8015,1.6460,2.9945,4.8906
64,3000,200,24,48,140.00,735.00,1.1260,3.4931,0.9093,10010.23,0.0999,562.00,0.9990,1.8079,1.6464,3.0595,4.5687
64,3000,200,48,9,140.00,735.00,1.1260,3.4931,0.9177,5425.70,0.1843,570.00,1.8431,3.4518,3.1998,5.1545,9.5469
64,3000,200,48,19,140.00,735.00,1.1260,3.4931,0.9549,5286.99,0.1891,567.00,1.8914,3.5243,3.2727,5.3271,9.1164
64,3000,200,48,38,140.00,735.00,1.1260,3.4931,0.9639,5266.20,0.1899,562.00,1.8989,3.5410,3.2838,5.3414,9.3867
64,3000,200,48,48,140.00,735.00,1.1260,3.4931,0.9645,5342.46,0.1872,567.00,1.8718,3.4911,3.2479,5.2778,8.0595
64,3000,200,48,72,140.00,735.00,1.1260,3.4931,0.9649,5145.18,0.1944,561.00,1.9436,3.5234,3.2808,5.2668,8.3878
64,3000,200,48,96,140.00,735.00,1.1260,3.4931,0.9650,5155.82,0.1940,565.00,1.9396,3.5252,3.2819,5.2475,9.4740
64,3000,200,96,19,140.00,735.00,1.1260,3.4931,0.9723,2732.60,0.3660,570.00,3.6595,6.7142,6.3366,9.2428,20.3013
64,3000,200,96,38,140.00,735.00,1.1260,3.4931,0.9870,2695.57,0.3710,571.00,3.7098,6.9534,6.5945,9.8400,18.0688
64,3000,200,96,76,140.00,735.00,1.1260,3.4931,0.9893,2801.24,0.3570,561.00,3.5699,6.8065,6.4045,9.4579,18.7885
64,3000,200,96,96,140.00,735.00,1.1260,3.4931,0.9896,2780.81,0.3596,564.00,3.5961,6.8194,6.4172,9.5126,18.9752
64,3000,200,96,144,140.00,735.00,1.1260,3.4931,0.9897,2787.68,0.3587,571.00,3.5872,6.8799,6.4985,9.4968,18.3596
64,3000,200,96,192,140.00,735.00,1.1260,3.4931,0.9897,2775.29,0.3603,565.00,3.6032,6.9000,6.5146,9.4575,18.1392
64,3000,200,192,38,140.00,735.00,1.1260,3.4931,0.9930,1439.63,0.6946,578.00,6.9462,13.1204,12.5651,17.3009,33.4352
64,3000,200,192,76,140.00,735.00,1.1260,3.4931,0.9972,1429.24,0.6997,581.00,6.9967,13.0037,12.5291,17.1198,35.7742
64,3000,200,192,153,140.00,735.00,1.1260,3.4931,0.9978,1451.37,0.6890,570.00,6.8901,13.1264,12.5973,16.9236,34.3667
64,3000,200,192,192,140.00,735.00,1.1260,3.4931,0.9979,1417.62,0.7054,580.00,7.0541,13.3921,12.8744,17.6426,35.7870
64,3000,200,192,288,140.00,735.00,1.1260,3.4931,0.9979,1412.61,0.7079,580.00,7.0791,13.1185,12.6561,16.9217,39.0758
64,3000,200,192,384,140.00,735.00,1.1260,3.4931,0.9979,1416.75,0.7058,574.00,7.0584,13.4889,12.9752,17.5711,34.7107
64,4000,40,4,1,134.00,741.00,1.7603,4.7375,0.5662,45174.84,0.0221,581.00,0.2214,0.2834,0.2469,0.5807,0.8433
64,4000,40,4,1,134.00,741.00,1.7603,4.7375,0.5662,48752.18,0.0205,578.00,0.2051,0.2505,0.2186,0.5137,0.7653
64,4000,40,4,3,134.00,741.00,1.7603,4.7375,0.5915,48860.44,0.0205,578.00,0.2047,0.2470,0.2131,0.4994,0.7659
64,4000,40,4,4,134.00,741.00,1.7603,4.7375,0.5927,50020.61,0.0200,579.00,0.1999,0.2330,0.2019,0.4710,0.7195
64,4000,40,4,6,134.00,741.00,1.7603,4.7375,0.5940,51023.03,0.0196,579.00,0.1960,0.2327,0.2021,0.4643,0.6990
64,4000,40,4,8,134.00,741.00,1.7603,4.7375,0.5942,47939.79,0.0209,580.00,0.2086,0.2375,0.2065,0.4687,0.7214
64,4000,40,8,1,134.00,741.00,1.7603,4.7375,0.6816,32375.51,0.0309,581.00,0.3089,0.4455,0.3962,0.8451,1.2694
64,4000,40,8,3,134.00,741.00,1.7603,4.7375,0.7218,32553.81,0.0307,578.00,0.3072,0.4124,0.3634,0.8017,1.1721
64,4000,40,8,6,134.00,741.00,1.7603,4.7375,0.7272,32381.46,0.0309,580.00,0.3088,0.4273,0.3809,0.8428,1.2323
64,4000,40,8,8,134.00,741.00,1.7603,4.7375,0.7277,33510.40,0.0298,586.00,0.2984,0.4156,0.3702,0.7842,1.1689
64,4000,40,8,12,134.00,741.00,1.7603,4.7375,0.7279,34167.49,0.0293,579.00,0.2927,0.4160,0.3698,0.7980,1.1432
64,4000,40,8,16,134.00,741.00,1.7603,4.7375,0.7280,30485.92,0.0328,580.00,0.3280,0.4335,0.3856,0.8167,1.2503
64,4000,40,16,3,134.00,741.00,1.7603,4.7375,0.8280,20399.04,0.0490,579.00,0.4902,0.8175,0.7407,1.4228,2.1748
64,4000,40,16,6,134.00,741.00,1.7603,4.7375,0.8386,19822.75,0.0504,581.00,0.5045,0.8071,0.7302,1.4423,2.1163
64,4000,40,16,12,134.00,741.00,1.7603,4.7375,0.8409,20080.37,0.0498,580.00,0.4980,0.8122,0.7339,1.4656,2.1512
64,4000,40,16,16,134.00,741.00,1.7603,4.7375,0.8412,19729.21,0.0507,579.00,0.5069,0.8287,0.7563,1.4613,2.1201
64,4000,40,16,24,134.00,741.00,1.7603,4.7375,0.8414,19068.48,0.0524,578.00,0.5244,0.8518,0.7721,1.4903,2.2438
64,4000,40,16,32,134.00,741.00,1.7603,4.7375,0.8414,18875.45,0.0530,580.00,0.5298,0.8561,0.7850,1.4680,2.1211
64,4000,40,32,6,134.00,741.00,1.7603,4.7375,0.9168,10923.40,0.0915,576.00,0.9155,1.6108,1.4923,2.6342,3.9674
64,4000,40,32,12,134.00,741.00,1.7603,4.7375,0.9218,10912.12,0.0916,577.00,0.9164,1.5606,1.4322,2.5123,4.3141
64,4000,40,32,25,134.00,741.00,1.7603,4.7375,0.9227,10810.41,0.0925,587.00,0.9250,1.5758,1.4468,2.5758,4.2203
64,4000,40,32,32,134.00,741.00,1.7603,4.7375,0.9229,10691.73,0.0935,582.00,0.9353,1.6001,1.4635,2.5856,4.4622
64,4000,40,32,48,134.00,741.00,1.7603,4.7375,0.9228,10940.82,0.0914,581.00,0.9140,1.6024,1.4728,2.5960,3.8600
64,4000,40,32,64,134.00,741.00,1.7603,4.7375,0.9228,10814.97,0.0925,576.00,0.9246,1.5814,1.4516,2.5493,4.1097
64,4000,40,64,12,134.00,741.00,1.7603,4.7375,0.9669,4875.30,0.2051,584.00,2.0512,3.5861,3.4615,5.8762,8.2451
64,4000,40,64,25,134.00,741.00,1.7603,4.7375,0.9696,4996.02,0.2002,584.00,2.0016,3.4382,3.2590,5.6996,8.3219
64,4000,40,64,51,134.00,741.00,1.7603,4.7375,0.9699,5169.09,0.1935,578.00,1.9346,3.3349,3.1451,5.3503,7.8339
64,4000,40,64,64,134.00,741.00,1.7603,4.7375,0.9699,5571.85,0.1795,583.00,1.7947,3.1590,2.9501,5.0150,8.4334
64,4000,40,64,96,134.00,741.00,1.7603,4.7375,0.9699,5582.59,0.1791,577.00,1.7913,3.1955,2.9902,4.8464,8.5154
64,4000,40,64,128,134.00,741.00,1.7603,4.7375,0.9699,5677.60,0.1761,586.00,1.7613,3.2061,3.0353,4.8515,6.8997
64,4000,40,128,25,134.00,741.00,1.7603,4.7375,0.9905,3014.94,0.3317,591.00,3.3168,6.1207,5.8728,8.8332,13.1180
64,4000,40,128,51,134.00,741.00,1.7603,4.7375,0.9913,3003.75,0.3329,581.00,3.3292,6.0182,5.7018,8.5394,15.4117
64,4000,40,128,102,134.00,741.00,1.7603,4.7375,0.9914,2949.66,0.3390,581.00,3.3902,6.1490,5.8451,8.6287,15.8127
64,4000,40,128,128,134.00,741.00,1.7603,4.7375,0.9914,2956.73,0.3382,586.00,3.3821,6.0703,5.7779,8.5517,15.2817
64,4000,40,128,192,134.00,741.00,1.7603,4.7375,0.9915,3020.19,0.3311,583.00,3.3110,6.0459,5.7516,8.3291,16.5901
64,4000,40,128,256,134.00,741.00,1.7603,4.7375,0.9915,3019.28,0.3312,584.00,3.3120,6.0095,5.7009,8.3728,15.9730
64,4000,40,256,51,134.00,741.00,1.7603,4.7375,0.9978,1656.27,0.6038,601.00,6.0377,11.2589,10.8583,14.9371,27.3717
64,4000,40,256,102,134.00,741.00,1.7603,4.7375,0.9980,1601.13,0.6246,605.00,6.2456,11.5050,11.0631,15.1725,29.3936
64,4000,40,256,204,134.00,741.00,1.7603,4.7375,0.9981,1578.40,0.6336,593.00,6.3355,11.7477,11.3602,15.6976,27.9131
64,4000,40,256,256,134.00,741.00,1.7603,4.7375,0.9981,1560.94,0.6406,594.00,6.4064,11.7903,11.3470,15.5201,28.9404
64,4000,40,256,384,134.00,741.00,1.7603,4.7375,0.9982,1534.38,0.6517,596.00,6.5173,11.9904,11.5505,15.6376,29.3174
64,4000,40,256,512,134.00,741.00,1.7603,4.7375,0.9982,1548.81,0.6457,606.00,6.4566,12.1385,11.7262,16.2032,27.8970
64,4000,100,4,1,158.00,742.00,2.0436,5.0354,0.5399,39893.59,0.0251,580.00,0.2507,0.3370,0.2981,0.6786,1.0160
64,4000,100,4,1,158.00,742.00,2.0436,5.0354,0.5399,43408.53,0.0230,581.00,0.2304,0.3059,0.2682,0.6235,0.9452
64,4000,100,4,3,158.00,742.00,2.0436,5.0354,0.5865,42302.27,0.0236,581.00,0.2364,0.2891,0.2514,0.5913,0.9011
64,4000,100,4,4,158.00,742.00,2.0436,5.0354,0.5907,43014.52,0.0232,583.00,0.2325,0.2873,0.2476,0.5984,0.9117
64,4000,100,4,6,158.00,742.00,2.0436,5.0354,0.5937,44262.05,0.0226,589.00,0.2259,0.2781,0.2392,0.5776,0.8749
64,4000,100,4,8,158.00,742.00,2.0436,5.0354,0.5947,45339.30,0.0221,583.00,0.2206,0.2686,0.2307,0.5568,0.8443
64,4000,100,8,1,158.00,742.00,2.0436,5.0354,0.6434,27971.00,0.0358,582.00,0.3575,0.5142,0.4543,1.0300,1.5757
64,4000,100,8,3,158.00,742.00,2.0436,5.0354,0.7114,28897.20,0.0346,583.00,0.3461,0.5276,0.4684,1.0124,1.5024
64,4000,100,8,6,158.00,742.00,2.0436,5.0354,0.7248,28205.05,0.0355,584.00,0.3545,0.5326,0.4754,1.0407,1.6626
64,4000,100,8,8,158.00,742.00,2.0436,5.0354,0.7271,28125.78,0.0356,584.00,0.3555,0.5370,0.4840,1.0280,1.4839
64,4000,100,8,12,158.00,742.00,2.0436,5.0354,0.7284,27922.40,0.0358,581.00,0.3581,0.5302,0.4772,1.0086,1.5203
64,4000,100,8,16,158.00,742.00,2.0436,5.0354,0.7287,28272.59,0.0354,580.00,0.3537,0.5370,0.4791,1.0173,1.5490
64,4000,100,16,3,158.00,742.00,2.0436,5.0354,0.8103,16271.76,0.0615,577.00,0.6146,1.0100,0.9089,1.7764,2.8923
64,4000,100,16,6,158.00,742.00,2.0436,5.0354,0.8323,15876.23,0.0630,581.00,0.6299,1.0233,0.9225,1.8358,2.8558
64,4000,100,16,12,158.00,742.00,2.0436,5.0354,0.8393,16605.06,0.0602,582.00,0.6022,1.0174,0.9224,1.8132,2.5520
64,4000,100,16,16,158.00,742.00,2.0436,5.0354,0.8400,16700.20,0.0599,584.00,0.5988,1.0356,0.9460,1.8084,2.5363
64,4000,100,16,24,158.00,742.00,2.0436,5.0354,0.8408,16358.90,0.0611,579.00,0.6113,1.0088,0.9091,1.7954,2.7156
64,4000,100,16,32,158.00,742.00,2.0436,5.0354,0.8407,16511.69,0.0606,581.00,0.6056,1.0205,0.9223,1.8171,2.7245
64,4000,100,32,6,158.00,742.00,2.0436,5.0354,0.9069,9094.37,0.1100,580.00,1.0996,1.9121,1.7460,3.1621,5.0929
64,4000,100,32,12,158.00,742.00,2.0436,5.0354,0.9192,9029.86,0.1107,590.00,1.1074,1.9120,1.7443,3.1641,5.0401
64,4000,100,32,25,158.00,742.00,2.0436,5.0354,0.9226,9114.06,0.1097,586.00,1.0972,1.9404,1.7691,3.1673,5.0575
64,4000,100,32,32,158.00,742.00,2.0436,5.0354,0.9227,9093.79,0.1100,583.00,1.0997,1.9241,1.7588,3.1522,4.9406
64,4000,100,32,48,158.00,742.00,2.0436,5.0354,0.9228,8954.65,0.1117,583.00,1.1167,1.9404,1.7752,3.1859,5.0640
64,4000,100,32,64,158.00,742.00,2.0436,5.0354,0.9228,8940.96,0.1118,589.00,1.1184,1.9332,1.7686,3.1583,5.1746
64,4000,100,64,12,158.00,742.00,2.0436,5.0354,0.9632,4881.88,0.2048,588.00,2.0484,3.8040,3.5501,5.8091,9.6187
64,4000,100,64,25,158.00,742.00,2.0436,5.0354,0.9690,4900.70,0.2041,582.00,2.0405,3.7259,3.4543,5.5718,10.3153
64,4000,100,64,51,158.00,742.00,2.0436,5.0354,0.9696,4924.46,0.2031,583.00,2.0307,3.6937,3.4359,5.5849,9.5945
64,4000,100,64,64,158.00,742.00,2.0436,5.0354,0.9697,4952.83,0.2019,592.00,2.0190,3.7495,3.4922,5.7275,9.6398
64,4000,100,64,96,158.00,742.00,2.0436,5.0354,0.9697,4825.69,0.2072,585.00,2.0722,3.7456,3.4881,5.6581,10.0449
64,4000,100,64,128,158.00,742.00,2.0436,5.0354,0.9697,4781.05,0.2092,585.00,2.0916,3.7654,3.4995,5.6729,10.2766
64,4000,100,128,25,158.00,742.00,2.0436,5.0354,0.9896,2602.70,0.3842,595.00,3.8422,7.0759,6.7270,9.8894,19.6167
64,4000,100,128,51,158.00,742.00,2.0436,5.0354,0.9913,2592.55,0.3857,582.00,3.8572,7.3272,6.9469,10.3623,17.9947
64,4000,100,128,102,158.00,742.00,2.0436,5.0354,0.9914,2572.40,0.3887,584.00,3.8874,7.1838,6.7945,10.0397,19.9536
64,4000,100,128,128,158.00,742.00,2.0436,5.0354,0.9914,2506.89,0.3989,586.00,3.9890,7.5374,7.1602,10.6332,17.6114
64,4000,100,128,192,158.00,742.00,2.0436,5.0354,0.9914,2511.49,0.3982,590.00,3.9817,7.3235,6.9277,10.2413,20.5430
64,4000,100,128,256,158.00,742.00,2.0436,5.0354,0.9914,2528.09,0.3956,584.00,3.9556,7.5248,7.1510,10.4779,18.8073
64,4000,100,256,51,158.00,742.00,2.0436,5.0354,0.9977,1374.58,0.7275,604.00,7.2749,13.8862,13.3276,18.7090,33.0470
64,4000,100,256,102,158.00,742.00,2.0436,5.0354,0.9980,1362.19,0.7341,609.00,7.3411,13.9570,13.4253,18.6658,33.3863
64,4000,100,256,204,158.00,742.00,2.0436,5.0354,0.9980,1369.03,0.7304,602.00,7.3044,13.6558,13.1651,17.7101,39.2216
64,4000,100,256,256,158.00,742.00,2.0436,5.0354,0.9980,1348.62,0.7415,609.00,7.4150,13.9959,13.4485,19.2034,32.2162
64,4000,100,256,384,158.00,742.00,2.0436,5.0354,0.9980,1310.71,0.7629,609.00,7.6295,14.1755,13.5281,18.2477,40.0482
64,4000,100,256,512,158.00,742.00,2.0436,5.0354,0.9980,1364.68,0.7328,610.00,7.3277,14.0142,13.5641,18.1744,36.7247
64,4000,200,4,1,161.00,744.00,1.3568,3.7500,0.4570,42823.99,0.0234,575.00,0.2335,0.3283,0.2937,0.6730,0.9913
64,4000,200,4,1,161.00,744.00,1.3568,3.7500,0.4570,43925.66,0.0228,578.00,0.2277,0.2985,0.2644,0.6238,0.9583
64,4000,200,4,3,161.00,744.00,1.3568,3.7500,0.5559,44185.13,0.0226,582.00,0.2263,0.2878,0.2478,0.5994,0.9481
64,4000,200,4,4,161.00,744.00,1.3568,3.7500,0.5713,45117.92,0.0222,582.00,0.2216,0.2833,0.2452,0.6013,0.9029
64,4000,200,4,6,161.00,744.00,1.3568,3.7500,0.5849,46531.90,0.0215,582.00,0.2149,0.2692,0.2304,0.5758,0.8833
64,4000,200,4,8,161.00,744.00,1.3568,3.7500,0.5898,45855.01,0.0218,582.00,0.2181,0.2731,0.2351,0.5703,0.8851
64,4000,200,8,1,161.00,744.00,1.3568,3.7500,0.5228,28469.16,0.0351,578.00,0.3513,0.5339,0.4820,1.0186,1.5561
64,4000,200,8,3,161.00,744.00,1.3568,3.7500,0.6610,27926.52,0.0358,580.00,0.3581,0.5606,0.5068,1.0425,1.5619
64,4000,200,8,6,161.00,744.00,1.3568,3.7500,0.7072,27535.82,0.0363,580.00,0.3632,0.5403,0.4894,1.0068,1.5189
64,4000,200,8,8,161.00,744.00,1.3568,3.7500,0.7169,28595.22,0.0350,581.00,0.3497,0.5205,0.4641,1.0105,1.5083
64,4000,200,8,12,161.00,744.00,1.3568,3.7500,0.7258,28617.10,0.0349,582.00,0.3494,0.5365,0.4852,0.9843,1.4828
64,4000,200,8,16,161.00,744.00,1.3568,3.7500,0.7276,27437.61,0.0364,583.00,0.3645,0.5283,0.4718,1.0109,1.5077
64,4000,200,16,3,161.00,744.00,1.3568,3.7500,0.7308,16733.98,0.0598,580.00,0.5976,1.0064,0.9086,1.7444,2.8966
64,4000,200,16,6,161.00,744.00,1.3568,3.7500,0.7999,16966.57,0.0589,580.00,0.5894,0.9944,0.9021,1.7387,2.6704
64,4000,200,16,12,161.00,744.00,1.3568,3.7500,0.8333,17120.86,0.0584,581.00,0.5841,0.9848,0.8880,1.7817,2.6499
64,4000,200,16,16,161.00,744.00,1.3568,3.7500,0.8383,17300.29,0.0578,581.00,0.5780,0.9785,0.8813,1.7900,2.6811
64,4000,200,16,24,161.00,744.00,1.3568,3.7500,0.8418,17223.92,0.0581,582.00,0.5806,0.9861,0.8856,1.7679,2.6606
64,4000,200,16,32,161.00,744.00,1.3568,3.7500,0.8425,17345.31,0.0577,581.00,0.5765,0.9786,0.8850,1.7698,2.7258
64,4000,200,32,6,161.00,744.00,1.3568,3.7500,0.8517,9482.12,0.1055,581.00,1.0546,1.9305,1.7664,3.1562,5.1366
64,4000,200,32,12,161.00,744.00,1.3568,3.7500,0.9023,9583.16,0.1043,581.00,1.0435,1.9106,1.7414,3.1466,5.2384
64,4000,200,32,25,161.00,744.00,1.3568,3.7500,0.9204,9546.23,0.1048,580.00,1.0475,1.9286,1.7642,3.1542,5.0728
64,4000,200,32,32,161.00,744.00,1.3568,3.7500,0.9220,9473.44,0.1056,580.00,1.0556,1.9239,1.7683,3.1769,5.0765
64,4000,200,32,48,161.00,744.00,1.3568,3.7500,0.9227,9350.77,0.1069,583.00,1.0694,1.9501,1.7890,3.1940,4.8279
64,4000,200,32,64,161.00,744.00,1.3568,3.7500,0.9230,9185.57,0.1089,582.00,1.0887,1.9603,1.8020,3.2425,4.8511
64,4000,200,64,12,161.00,744.00,1.3568,3.7500,0.9340,5027.91,0.1989,590.00,1.9889,3.7476,3.4941,5.5913,9.3596
64,4000,200,64,25,161.00,744.00,1.3568,3.7500,0.9646,4891.21,0.2044,586.00,2.0445,3.7098,3.4419,5.6218,9.9258
64,4000,200,64,51,161.00,744.00,1.3568,3.7500,0.9704,4964.17,0.2014,587.00,2.0144,3.7485,3.4924,5.6103,9.5194
64,4000,200,64,64,161.00,744.00,1.3568,3.7500,0.9709,5172.11,0.1933,584.00,1.9334,3.6630,3.3950,5.5400,9.5556
64,4000,200,64,96,161.00,744.00,1.3568,3.7500,0.9711,5132.76,0.1948,581.00,1.9483,3.7022,3.4324,5.5860,9.3118
64,4000,200,64,128,161.00,744.00,1.3568,3.7500,0.9711,5059.29,0.1977,582.00,1.9766,3.7330,3.4671,5.6552,9.5476
64,4000,200,128,25,161.00,744.00,1.3568,3.7500,0.9795,2743.58,0.3645,590.00,3.6449,7.0136,6.6414,9.6171,18.2347
64,4000,200,128,51,161.00,744.00,1.3568,3.7500,0.9898,2641.24,0.3786,590.00,3.7861,7.1697,6.7783,10.0530,17.9442
64,4000,200,128,102,161.00,744.00,1.3568,3.7500,0.9916,2626.87,0.3807,580.00,3.8068,7.2301,6.8393,10.2152,17.4523
64,4000,200,128,128,161.00,744.00,1.3568,3.7500,0.9917,2627.87,0.3805,594.00,3.8054,7.2354,6.8684,10.1253,18.6160
64,4000,200,128,192,161.00,744.00,1.3568,3.7500,0.9917,2641.13,0.3786,581.00,3.7863,7.2401,6.8650,9.9685,18.1603
64,4000,200,128,256,161.00,744.00,1.3568,3.7500,0.9917,2557.14,0.3911,583.00,3.9106,7.3730,6.9967,10.2780,18.3193
64,4000,200,256,51,161.00,744.00,1.3568,3.7500,0.9950,1352.98,0.7391,604.00,7.3911,14.0751,13.5351,19.3846,31.6992
64,4000,200,256,102,161.00,744.00,1.3568,3.7500,0.9981,1364.50,0.7329,594.00,7.3287,13.7275,13.1606,18.0300,37.8745
64,4000,200,256,204,161.00,744.00,1.3568,3.7500,0.9983,1381.55,0.7238,595.00,7.2382,13.6835,13.2115,18.6256,31.2584
64,4000,200,256,256,161.00,744.00,1.3568,3.7500,0.9983,1385.11,0.7220,604.00,7.2197,13.8340,13.2705,18.2614,34.1198
64,4000,200,256,384,161.00,744.00,1.3568,3.7500,0.9983,1405.60,0.7114,607.00,7.1144,13.7585,13.3190,18.0993,34.0326
64,4000,200,256,512,161.00,744.00,1.3568,3.7500,0.9983,1392.32,0.7182,598.00,7.1822,14.0185,13.4946,17.6170,33.9699
64,6000,40,6,1,151.00,734.00,1.9963,5.0955,0.6054,39299.79,0.0254,591.00,0.2545,0.3740,0.3358,0.7276,1.0759
64,6000,40,6,2,151.00,734.00,1.9963,5.0955,0.6308,39986.88,0.0250,595.00,0.2501,0.3231,0.2824,0.6513,0.9767
64,6000,40,6,4,151.00,734.00,1.9963,5.0955,0.6406,40280.49,0.0248,597.00,0.2483,0.2998,0.2639,0.5947,0.8577
64,6000,40,6,6,151.00,734.00,1.9963,5.0955,0.6428,41994.54,0.0238,594.00,0.2381,0.3026,0.2679,0.5938,0.8986
64,6000,40,6,9,151.00,734.00,1.9963,5.0955,0.6435,40993.55,0.0244,597.00,0.2439,0.2997,0.2635,0.5993,0.8898
64,6000,40,6,12,151.00,734.00,1.9963,5.0955,0.6440,40745.34,0.0245,596.00,0.2454,0.3034,0.2639,0.5942,0.9229
64,6000,40,12,2,151.00,734.00,1.9963,5.0955,0.7430,27079.41,0.0369,593.00,0.3693,0.5556,0.5028,1.0059,1.5103
64,6000,40,12,4,151.00,734.00,1.9963,5.0955,0.7601,27372.56,0.0365,596.00,0.3653,0.5457,0.4922,0.9958,1.4918
64,6000,40,12,9,151.00,734.00,1.9963,5.0955,0.7663,27249.38,0.0367,596.00,0.3670,0.5527,0.4968,1.0111,1.5565
64,6000,40,12,12,151.00,734.00,1.9963,5.0955,0.7672,27084.52,0.0369,595.00,0.3692,0.5407,0.4838,1.0033,1.5021
64,6000,40,12,18,151.00,734.00,1.9963,5.0955,0.7674,27161.70,0.0368,594.00,0.3682,0.5658,0.5090,1.0394,1.4725
64,6000,40,12,24,151.00,734.00,1.9963,5.0955,0.7674,25293.56,0.0395,590.00,0.3954,0.5690,0.5060,1.0738,1.6348
64,6000,40,24,4,151.00,734.00,1.9963,5.0955,0.8532,15358.31,0.0651,604.00,0.6511,1.0600,0.9523,1.9063,2.9511
64,6000,40,24,9,151.00,734.00,1.9963,5.0955,0.8654,15057.45,0.0664,601.00,0.6641,1.1063,1.0147,1.9223,2.6563
64,6000,40,24,19,151.00,734.00,1.9963,5.0955,0.8677,15368.01,0.0651,598.00,0.6507,1.0973,1.0126,1.8870,2.5449
64,6000,40,24,24,151.00,734.00,1.9963,5.0955,0.8679,14343.60,0.0697,595.00,0.6972,1.1152,1.0106,2.0369,2.8787
64,6000,40,24,36,151.00,734.00,1.9963,5.0955,0.8679,13918.72,0.0718,596.00,0.7185,1.1416,1.0348,2.0335,2.9448
64,6000,40,24,48,151.00,734.00,1.9963,5.0955,0.8680,13153.63,0.0760,597.00,0.7602,1.1651,1.0668,2.1586,3.0466
64,6000,40,48,9,151.00,734.00,1.9963,5.0955,0.9320,7798.87,0.1282,595.00,1.2822,2.1818,2.0627,3.6831,4.5912
64,6000,40,48,19,151.00,734.00,1.9963,5.0955,0.9375,7726.87,0.1294,600.00,1.2942,2.1821,2.0238,3.7298,5.3264
64,6000,40,48,38,151.00,734.00,1.9963,5.0955,0.9380,7770.79,0.1287,602.00,1.2869,2.1471,1.9930,3.7525,5.3592
64,6000,40,48,48,151.00,734.00,1.9963,5.0955,0.9381,7919.25,0.1263,592.00,1.2627,2.0981,1.9353,3.6251,5.5591
64,6000,40,48,72,151.00,734.00,1.9963,5.0955,0.9381,7850.88,0.1274,593.00,1.2737,2.1605,2.0044,3.6368,5.2938
64,6000,40,48,96,151.00,734.00,1.9963,5.0955,0.9383,7774.41,0.1286,601.00,1.2863,2.1782,2.0113,3.6179,5.7756
64,6000,40,96,19,151.00,734.00,1.9963,5.0955,0.9754,4461.87,0.2241,597.00,2.2412,3.9827,3.7278,6.1317,10.0389
64,6000,40,96,38,151.00,734.00,1.9963,5.0955,0.9772,4568.90,0.2189,601.00,2.1887,4.0653,3.8617,6.1274,8.0935
64,6000,40,96,76,151.00,734.00,1.9963,5.0955,0.9776,4331.99,0.2308,597.00,2.3084,4.1634,3.9094,6.2721,9.9619
64,6000,40,96,96,151.00,734.00,1.9963,5.0955,0.9777,4455.85,0.2244,598.00,2.2442,4.0508,3.8089,6.0795,9.8092
64,6000,40,96,144,151.00,734.00,1.9963,5.0955,0.9777,4285.45,0.2333,605.00,2.3335,4.1382,3.8941,6.3115,9.8976
64,6000,40,96,192,151.00,734.00,1.9963,5.0955,0.9777,4336.57,0.2306,596.00,2.3060,4.1200,3.8705,6.2161,9.9048
64,6000,40,192,38,151.00,734.00,1.9963,5.0955,0.9930,2465.27,0.4056,609.00,4.0563,7.4532,7.1483,10.4888,18.2352
64,6000,40,192,76,151.00,734.00,1.9963,5.0955,0.9937,2305.36,0.4338,614.00,4.3377,7.7678,7.3733,11.3830,18.4535
64,6000,40,192,153,151.00,734.00,1.9963,5.0955,0.9938,2284.25,0.4378,606.00,4.3778,7.9874,7.6225,11.2703,19.2717
64,6000,40,192,192,151.00,734.00,1.9963,5.0955,0.9938,2285.93,0.4375,606.00,4.3746,7.9026,7.5386,11.2029,19.8882
64,6000,40,192,288,151.00,734.00,1.9963,5.0955,0.9938,2312.34,0.4325,614.00,4.3246,8.1285,7.8200,11.3732,17.2620
64,6000,40,192,384,151.00,734.00,1.9963,5.0955,0.9938,2234.39,0.4476,613.00,4.4755,7.9957,7.7418,12.0131,15.5578
64,6000,40,384,76,151.00,734.00,1.9963,5.0955,0.9982,1241.91,0.8052,629.00,8.0521,14.9000,14.4344,21.2040,27.9386
64,6000,40,384,153,151.00,734.00,1.9963,5.0955,0.9985,1268.84,0.7881,618.00,7.8812,14.5015,14.0095,18.9182,37.3439
64,6000,40,384,307,151.00,734.00,1.9963,5.0955,0.9985,1287.48,0.7767,619.00,7.7671,14.3912,13.9960,18.8223,38.6612
64,6000,40,384,384,151.00,734.00,1.9963,5.0955,0.9986,1259.44,0.7940,632.00,7.9400,14.6616,14.1879,18.8361,40.2198
64,6000,40,384,576,151.00,734.00,1.9963,5.0955,0.9986,1207.71,0.8280,622.00,8.2801,15.2658,14.7565,19.9382,35.0345
64,6000,40,384,768,151.00,734.00,1.9963,5.0955,0.9986,1173.97,0.8518,622.00,8.5181,15.5806,15.0559,20.0861,36.1004
64,6000,100,6,1,183.00,734.00,2.4672,5.6675,0.5685,39540.42,0.0253,572.00,0.2529,0.3461,0.3055,0.6907,1.0282
64,6000,100,6,2,183.00,734.00,2.4672,5.6675,0.6163,41508.10,0.0241,571.00,0.2409,0.3209,0.2836,0.6300,0.9438
64,6000,100,6,4,183.00,734.00,2.4672,5.6675,0.6368,42140.20,0.0237,571.00,0.2373,0.3229,0.2904,0.6222,0.9158
64,6000,100,6,6,183.00,734.00,2.4672,5.6675,0.6421,41402.90,0.0242,570.00,0.2415,0.3028,0.2647,0.5988,0.9347
64,6000,100,6,9,183.00,734.00,2.4672,5.6675,0.6437,42655.82,0.0234,568.00,0.2344,0.3102,0.2747,0.6116,0.9251
64,6000,100,6,12,183.00,734.00,2.4672,5.6675,0.6445,43404.95,0.0230,571.00,0.2304,0.3063,0.2735,0.6010,0.8971
64,6000,100,12,2,183.00,734.00,2.4672,5.6675,0.7201,26052.41,0.0384,572.00,0.3838,0.5841,0.5285,1.0702,1.6491
64,6000,100,12,4,183.00,734.00,2.4672,5.6675,0.7524,27169.27,0.0368,572.00,0.3681,0.5628,0.5088,1.0529,1.5178
64,6000,100,12,9,183.00,734.00,2.4672,5.6675,0.7652,27382.25,0.0365,576.00,0.3652,0.5588,0.5046,1.0384,1.4744
64,6000,100,12,12,183.00,734.00,2.4672,5.6675,0.7669,27535.87,0.0363,569.00,0.3632,0.5673,0.5129,1.0679,1.5260
64,6000,100,12,18,183.00,734.00,2.4672,5.6675,0.7675,26825.27,0.0373,575.00,0.3728,0.5661,0.5140,1.0517,1.5260
64,6000,100,12,24,183.00,734.00,2.4672,5.6675,0.7677,26705.98,0.0374,572.00,0.3744,0.5664,0.5095,1.0496,1.4598
64,6000,100,24,4,183.00,734.00,2.4672,5.6675,0.8405,15929.67,0.0628,572.00,0.6278,1.0888,0.9982,1.8794,2.6430
64,6000,100,24,9,183.00,734.00,2.4672,5.6675,0.8623,15971.41,0.0626,570.00,0.6261,1.0333,0.9374,1.8735,2.6014
64,6000,100,24,19,183.00,734.00,2.4672,5.6675,0.8679,16362.04,0.0611,571.00,0.6112,1.0614,0.9675,1.8365,2.5679
64,6000,100,24,24,183.00,734.00,2.4672,5.6675,0.8681,15775.23,0.0634,572.00,0.6339,1.0576,0.9610,1.9075,2.6957
64,6000,100,24,36,183.00,734.00,2.4672,5.6675,0.8683,16192.15,0.0618,572.00,0.6176,1.0475,0.9662,1.8347,2.5233
64,6000,100,24,48,183.00,734.00,2.4672,5.6675,0.8683,15720.00,0.0636,573.00,0.6361,1.0682,0.9716,1.9014,2.6089
64,6000,100,48,9,183.00,734.00,2.4672,5.6675,0.9269,9218.53,0.1085,580.00,1.0848,1.9681,1.8116,3.3091,4.6146
64,6000,100,48,19,183.00,734.00,2.4672,5.6675,0.9372,8841.00,0.1131,571.00,1.1311,2.0145,1.8656,3.3815,4.6203
64,6000,100,48,38,183.00,734.00,2.4672,5.6675,0.9384,8994.48,0.1112,573.00,1.1118,2.0387,1.8842,3.2752,4.7744
64,6000,100,48,48,183.00,734.00,2.4672,5.6675,0.9384,8783.10,0.1139,571.00,1.1386,1.9938,1.8488,3.4603,4.6985
64,6000,100,48,72,183.00,734.00,2.4672,5.6675,0.9384,8834.21,0.1132,573.00,1.1320,2.0477,1.8920,3.4185,4.8114
64,6000,100,48,96,183.00,734.00,2.4672,5.6675,0.9384,8700.40,0.1149,573.00,1.1494,2.0646,1.9129,3.3910,4.6284
64,6000,100,96,19,183.00,734.00,2.4672,5.6675,0.9745,4915.93,0.2034,574.00,2.0342,3.8498,3.6110,6.1423,8.5449
64,6000,100,96,38,183.00,734.00,2.4672,5.6675,0.9774,4907.52,0.2038,572.00,2.0377,3.8845,3.6341,5.9239,8.7999
64,6000,100,96,76,183.00,734.00,2.4672,5.6675,0.9777,4838.14,0.2067,575.00,2.0669,3.9571,3.6945,5.9478,9.1307
64,6000,100,96,96,183.00,734.00,2.4672,5.6675,0.9778,4828.26,0.2071,575.00,2.0711,3.9515,3.7058,5.8793,9.1630
64,6000,100,96,144,183.00,734.00,2.4672,5.6675,0.9778,4765.46,0.2098,572.00,2.0984,4.0022,3.7555,6.0362,9.0190
64,6000,100,96,192,183.00,734.00,2.4672,5.6675,0.9778,4705.14,0.2125,572.00,2.1253,4.0297,3.7899,6.0329,8.9132
64,6000,100,192,38,183.00,734.00,2.4672,5.6675,0.9930,2574.75,0.3884,579.00,3.8839,7.4786,7.1517,10.7231,16.2545
64,6000,100,192,76,183.00,734.00,2.4672,5.6675,0.9938,2545.22,0.3929,583.00,3.9289,7.5489,7.2119,10.6008,17.3297
64,6000,100,192,153,183.00,734.00,2.4672,5.6675,0.9939,2535.92,0.3943,590.00,3.9433,7.6369,7.2958,10.5995,17.7740
64,6000,100,192,192,183.00,734.00,2.4672,5.6675,0.9939,2525.55,0.3960,581.00,3.9595,7.6738,7.3751,10.7506,16.4664
64,6000,100,192,288,183.00,734.00,2.4672,5.6675,0.9939,2487.78,0.4020,581.00,4.0197,7.6752,7.3588,10.5869,16.5949
64,6000,100,192,384,183.00,734.00,2.4672,5.6675,0.9939,2445.38,0.4089,583.00,4.0894,7.9024,7.5763,10.9644,17.2447
64,6000,100,384,76,183.00,734.00,2.4672,5.6675,0.9983,1355.71,0.7376,593.00,7.3762,14.4080,13.9955,19.9657,30.6761
64,6000,100,384,153,183.00,734.00,2.4672,5.6675,0.9986,1322.89,0.7559,599.00,7.5592,14.2971,13.9293,18.7004,37.0765
64,6000,100,384,307,183.00,734.00,2.4672,5.6675,0.9986,1318.97,0.7582,610.00,7.5817,14.5067,14.1033,20.2590,32.1346
64,6000,100,384,384,183.00,734.00,2.4672,5.6675,0.9986,1320.88,0.7571,606.00,7.5707,14.6674,14.2536,20.4877,30.5088
64,6000,100,384,576,183.00,734.00,2.4672,5.6675,0.9986,1287.16,0.7769,617.00,7.7690,15.0542,14.6133,20.7317,31.0063
64,6000,100,384,768,183.00,734.00,2.4672,5.6675,0.9986,1264.38,0.7909,612.00,7.9090,15.4625,15.0173,21.6957,31.3669
64,6000,200,6,1,171.00,733.00,1.6813,4.1499,0.4728,40101.94,0.0249,590.00,0.2494,0.3500,0.3135,0.6867,1.0058
64,6000,200,6,2,171.00,733.00,1.6813,4.1499,0.5561,40846.62,0.0245,593.00,0.2448,0.3264,0.2910,0.6459,0.9746
64,6000,200,6,4,171.00,733.00,1.6813,4.1499,0.6135,40518.33,0.0247,594.00,0.2468,0.3106,0.2718,0.6232,0.9486
64,6000,200,6,6,171.00,733.00,1.6813,4.1499,0.6315,41278.50,0.0242,591.00,0.2423,0.3167,0.2771,0.6365,0.9652
64,6000,200,6,9,171.00,733.00,1.6813,4.1499,0.6411,43138.90,0.0232,594.00,0.2318,0.2983,0.2596,0.6037,0.9139
64,6000,200,6,12,171.00,733.00,1.6813,4.1499,0.6455,41305.35,0.0242,592.00,0.2421,0.2921,0.2541,0.5961,0.8936
64,6000,200,12,2,171.00,733.00,1.6813,4.1499,0.6268,26476.34,0.0378,592.00,0.3777,0.5782,0.5207,1.0872,1.6446
64,6000,200,12,4,171.00,733.00,1.6813,4.1499,0.7065,27152.14,0.0368,594.00,0.3683,0.5598,0.5054,1.0657,1.5320
64,6000,200,12,9,171.00,733.00,1.6813,4.1499,0.7540,25626.58,0.0390,593.00,0.3902,0.5683,0.5142,1.0754,1.5178
64,6000,200,12,12,171.00,733.00,1.6813,4.1499,0.7619,26844.93,0.0373,594.00,0.3725,0.5641,0.5125,1.0441,1.4954
64,6000,200,12,18,171.00,733.00,1.6813,4.1499,0.7668,27213.71,0.0367,593.00,0.3675,0.5502,0.4997,1.0271,1.5276
64,6000,200,12,24,171.00,733.00,1.6813,4.1499,0.7679,27527.87,0.0363,595.00,0.3633,0.5436,0.4884,1.0415,1.5038
64,6000,200,24,4,171.00,733.00,1.6813,4.1499,0.7679,16136.14,0.0620,592.00,0.6197,1.0760,0.9802,1.8649,2.6473
64,6000,200,24,9,171.00,733.00,1.6813,4.1499,0.8394,15833.15,0.0632,601.00,0.6316,1.0571,0.9590,1.9115,2.6298
64,6000,200,24,19,171.00,733.00,1.6813,4.1499,0.8648,16679.48,0.0600,595.00,0.5995,1.0438,0.9448,1.8790,2.5949
64,6000,200,24,24,171.00,733.00,1.6813,4.1499,0.8671,16309.28,0.0613,595.00,0.6131,1.0293,0.9310,1.8810,2.6006
64,6000,200,24,36,171.00,733.00,1.6813,4.1499,0.8689,16199.70,0.0617,593.00,0.6173,1.0386,0.9486,1.8467,2.5771
64,6000,200,24,48,171.00,733.00,1.6813,4.1499,0.8693,16209.81,0.0617,595.00,0.6169,1.0634,0.9715,1.8827,2.5710
64,6000,200,48,9,171.00,733.00,1.6813,4.1499,0.8857,9028.54,0.1108,597.00,1.1076,2.0466,1.8856,3.2974,4.8789
64,6000,200,48,19,171.00,733.00,1.6813,4.1499,0.9274,8954.10,0.1117,592.00,1.1168,2.0573,1.8873,3.3096,4.8664
64,6000,200,48,38,171.00,733.00,1.6813,4.1499,0.9377,9022.21,0.1108,593.00,1.1084,2.0599,1.8949,3.3269,5.0796
64,6000,200,48,48,171.00,733.00,1.6813,4.1499,0.9385,8842.34,0.1131,589.00,1.1309,2.0688,1.9104,3.3398,5.0642
64,6000,200,48,72,171.00,733.00,1.6813,4.1499,0.9388,8819.16,0.1134,592.00,1.1339,2.0959,1.9436,3.3286,4.8557
64,6000,200,48,96,171.00,733.00,1.6813,4.1499,0.9389,8766.71,0.1141,592.00,1.1407,2.0915,1.9384,3.3040,4.8571
64,6000,200,96,19,171.00,733.00,1.6813,4.1499,0.9558,4821.27,0.2074,599.00,2.0741,3.9522,3.7278,5.9915,9.0095
64,6000,200,96,38,171.00,733.00,1.6813,4.1499,0.9743,4770.07,0.2096,594.00,2.0964,3.9624,3.7147,5.9351,9.5821
64,6000,200,96,76,171.00,733.00,1.6813,4.1499,0.9779,4708.67,0.2124,596.00,2.1237,4.0124,3.7728,5.9969,9.1105
64,6000,200,96,96,171.00,733.00,1.6813,4.1499,0.9780,4696.56,0.2129,593.00,2.1292,3.9889,3.7561,5.9750,9.2065
64,6000,200,96,144,171.00,733.00,1.6813,4.1499,0.9782,4687.29,0.2133,601.00,2.1334,4.0501,3.8033,6.0023,9.8004
64,6000,200,96,192,171.00,733.00,1.6813,4.1499,0.9782,4549.40,0.2198,596.00,2.1981,4.0507,3.8215,5.9210,9.5153
64,6000,200,192,38,171.00,733.00,1.6813,4.1499,0.9865,2486.29,0.4022,604.00,4.0221,7.6458,7.3499,10.7393,17.1945
64,6000,200,192,76,171.00,733.00,1.6813,4.1499,0.9930,2500.71,0.3999,609.00,3.9989,7.5695,7.2752,10.4596,18.5192
64,6000,200,192,153,171.00,733.00,1.6813,4.1499,0.9940,2482.33,0.4028,601.00,4.0285,7.7477,7.4467,10.8385,17.3023
64,6000,200,192,192,171.00,733.00,1.6813,4.1499,0.9941,2508.01,0.3987,601.00,3.9872,7.7253,7.4054,10.8529,17.2588
64,6000,200,192,288,171.00,733.00,1.6813,4.1499,0.9941,2472.94,0.4044,594.00,4.0438,7.8455,7.5128,10.8621,17.0190
64,6000,200,192,384,171.00,733.00,1.6813,4.1499,0.9941,2402.11,0.4163,599.00,4.1630,7.8742,7.5524,10.9446,16.7427
64,6000,200,384,76,171.00,733.00,1.6813,4.1499,0.9967,1338.40,0.7472,627.00,7.4716,14.4522,13.9744,20.3945,30.2888
64,6000,200,384,153,171.00,733.00,1.6813,4.1499,0.9984,1330.09,0.7518,618.00,7.5183,14.6500,14.2215,19.5579,32.4561
64,6000,200,384,307,171.00,733.00,1.6813,4.1499,0.9986,1292.36,0.7738,620.00,7.7378,14.6405,14.2029,19.8425,34.3161
64,6000,200,384,384,171.00,733.00,1.6813,4.1499,0.9987,1293.57,0.7731,623.00,7.7305,14.8774,14.4434,20.6673,30.8593
64,6000,200,384,576,171.00,733.00,1.6813,4.1499,0.9987,1234.65,0.8099,630.00,8.0994,15.4290,14.9761,21.7309,30.1498
64,6000,200,384,768,171.00,733.00,1.6813,4.1499,0.9987,1254.10,0.7974,636.00,7.9738,15.5430,15.1057,20.2008,33.4421
64,8000,40,8,1,189.00,731.00,2.2610,5.5178,0.6106,37692.49,0.0265,585.00,0.2653,0.3807,0.3437,0.7384,1.0413
64,8000,40,8,3,189.00,731.00,2.2610,5.5178,0.6614,36718.83,0.0272,591.00,0.2723,0.3399,0.3026,0.6700,0.9872
64,8000,40,8,6,189.00,731.00,2.2610,5.5178,0.6702,38498.98,0.0260,592.00,0.2597,0.3249,0.2904,0.6280,0.8991
64,8000,40,8,8,189.00,731.00,2.2610,5.5178,0.6721,41236.86,0.0243,590.00,0.2425,0.3250,0.2908,0.6220,0.8845
64,8000,40,8,12,189.00,731.00,2.2610,5.5178,0.6732,41507.49,0.0241,587.00,0.2409,0.3252,0.2929,0.6173,0.8922
64,8000,40,8,16,189.00,731.00,2.2610,5.5178,0.6734,40236.45,0.0249,591.00,0.2485,0.3278,0.2957,0.6141,0.8885
64,8000,40,16,3,189.00,731.00,2.2610,5.5178,0.7693,25877.14,0.0386,587.00,0.3864,0.5998,0.5423,1.1217,1.5773
64,8000,40,16,6,189.00,731.00,2.2610,5.5178,0.7850,25688.23,0.0389,590.00,0.3893,0.5831,0.5243,1.0894,1.5752
64,8000,40,16,12,189.00,731.00,2.2610,5.5178,0.7908,24743.70,0.0404,587.00,0.4041,0.5820,0.5267,1.0894,1.5997
64,8000,40,16,16,189.00,731.00,2.2610,5.5178,0.7914,25667.25,0.0390,591.00,0.3896,0.5953,0.5403,1.0827,1.5582
64,8000,40,16,24,189.00,731.00,2.2610,5.5178,0.7920,26067.11,0.0384,585.00,0.3836,0.6146,0.5650,1.0780,1.5797
64,8000,40,16,32,189.00,731.00,2.2610,5.5178,0.7921,25555.86,0.0391,585.00,0.3913,0.6090,0.5508,1.1034,1.5654
64,8000,40,32,6,189.00,731.00,2.2610,5.5178,0.8696,15146.11,0.0660,586.00,0.6602,1.1511,1.0526,1.9995,2.8064
64,8000,40,32,12,189.00,731.00,2.2610,5.5178,0.8801,14873.32,0.0672,587.00,0.6723,1.1584,1.0591,1.9975,2.7799
64,8000,40,32,25,189.00,731.00,2.2610,5.5178,0.8826,14974.18,0.0668,585.00,0.6678,1.1711,1.0746,1.9884,2.7062
64,8000,40,32,32,189.00,731.00,2.2610,5.5178,0.8828,14565.21,0.0687,586.00,0.6866,1.1904,1.0944,2.0087,2.8030
64,8000,40,32,48,189.00,731.00,2.2610,5.5178,0.8829,14584.13,0.0686,587.00,0.6857,1.1817,1.0864,1.9939,2.8757
64,8000,40,32,64,189.00,731.00,2.2610,5.5178,0.8830,14136.23,0.0707,589.00,0.7074,1.2311,1.1382,2.0615,2.7151
64,8000,40,64,12,189.00,731.00,2.2610,5.5178,0.9407,8108.04,0.1233,585.00,1.2333,2.2276,2.0893,3.5495,4.8009
64,8000,40,64,25,189.00,731.00,2.2610,5.5178,0.9463,8065.25,0.1240,582.00,1.2399,2.2310,2.0872,3.5415,4.7479
64,8000,40,64,51,189.00,731.00,2.2610,5.5178,0.9470,7787.26,0.1284,585.00,1.2841,2.3129,2.1663,3.6559,4.9546
64,8000,40,64,64,189.00,731.00,2.2610,5.5178,0.9471,7940.49,0.1259,589.00,1.2594,2.2341,2.0781,3.5562,4.8947
64,8000,40,64,96,189.00,731.00,2.2610,5.5178,0.9470,7948.61,0.1258,583.00,1.2581,2.3240,2.1723,3.6408,5.1871
64,8000,40,64,128,189.00,731.00,2.2610,5.5178,0.9471,8019.11,0.1247,588.00,1.2470,2.2768,2.1262,3.5523,4.9770
64,8000,40,128,25,189.00,731.00,2.2610,5.5178,0.9788,4488.06,0.2228,589.00,2.2281,4.2242,4.0009,6.3202,9.2009
64,8000,40,128,51,189.00,731.00,2.2610,5.5178,0.9809,4379.98,0.2283,588.00,2.2831,4.2021,3.9905,6.3253,8.3229
64,8000,40,128,102,189.00,731.00,2.2610,5.5178,0.9812,4369.83,0.2288,599.00,2.2884,4.2250,4.0036,6.3429,8.7735
64,8000,40,128,128,189.00,731.00,2.2610,5.5178,0.9812,4369.30,0.2289,591.00,2.2887,4.2354,4.0026,6.2705,9.7442
64,8000,40,128,192,189.00,731.00,2.2610,5.5178,0.9812,4334.45,0.2307,600.00,2.3071,4.2566,4.0232,6.2205,9.4404
64,8000,40,128,256,189.00,731.00,2.2610,5.5178,0.9812,4367.97,0.2289,598.00,2.2894,4.3610,4.1467,6.3444,8.7699
64,8000,40,256,51,189.00,731.00,2.2610,5.5178,0.9940,2437.81,0.4102,608.00,4.1020,7.7662,7.4789,10.7344,17.8307
64,8000,40,256,102,189.00,731.00,2.2610,5.5178,0.9947,2429.16,0.4117,605.00,4.1166,7.8324,7.5249,11.3087,16.8040
64,8000,40,256,204,189.00,731.00,2.2610,5.5178,0.9948,2437.90,0.4102,609.00,4.1019,7.9516,7.6293,11.3413,16.6092
64,8000,40,256,256,189.00,731.00,2.2610,5.5178,0.9948,2424.95,0.4124,600.00,4.1238,7.9368,7.6518,11.3229,15.7201
64,8000,40,256,384,189.00,731.00,2.2610,5.5178,0.9949,2382.33,0.4198,606.00,4.1976,8.1314,7.8200,11.5635,16.6864
64,8000,40,256,512,189.00,731.00,2.2610,5.5178,0.9949,2311.67,0.4326,608.00,4.3259,8.4125,8.1148,11.7300,17.2262
64,8000,40,512,102,189.00,731.00,2.2610,5.5178,0.9981,1302.95,0.7675,634.00,7.6749,14.8605,14.5122,21.5620,28.7545
64,8000,40,512,204,189.00,731.00,2.2610,5.5178,0.9983,1235.08,0.8097,626.00,8.0966,15.3278,14.8837,20.5533,31.8561
64,8000,40,512,409,189.00,731.00,2.2610,5.5178,0.9984,1210.87,0.8259,619.00,8.2585,15.3754,14.8974,19.6701,38.6904
64,8000,40,512,512,189.00,731.00,2.2610,5.5178,0.9984,1230.73,0.8125,624.00,8.1253,15.5853,15.2104,21.6220,30.3029
64,8000,40,512,768,189.00,731.00,2.2610,5.5178,0.9984,1198.92,0.8341,640.00,8.3408,15.8833,15.4848,22.3979,31.6793
64,8000,40,512,1024,189.00,731.00,2.2610,5.5178,0.9985,1134.16,0.8817,623.00,8.8171,16.8123,16.4437,23.3380,30.4387
64,8000,100,8,1,182.00,733.00,3.2120,6.5895,0.5871,38403.37,0.0260,599.00,0.2604,0.3771,0.3410,0.7183,1.0556
64,8000,100,8,3,182.00,733.00,3.2120,6.5895,0.6536,39242.27,0.0255,598.00,0.2548,0.3448,0.3038,0.6787,0.9673
64,8000,100,8,6,182.00,733.00,3.2120,6.5895,0.6683,41085.46,0.0243,599.00,0.2434,0.3305,0.2961,0.6477,0.9077
64,8000,100,8,8,182.00,733.00,3.2120,6.5895,0.6713,42228.98,0.0237,596.00,0.2368,0.3145,0.2776,0.6224,0.8730
64,8000,100,8,12,182.00,733.00,3.2120,6.5895,0.6733,40188.47,0.0249,598.00,0.2488,0.3265,0.2926,0.6182,0.8971
64,8000,100,8,16,182.00,733.00,3.2120,6.5895,0.6737,39713.02,0.0252,595.00,0.2518,0.3369,0.2985,0.6477,0.9433
64,8000,100,16,3,182.00,733.00,3.2120,6.5895,0.7552,25700.96,0.0389,598.00,0.3891,0.6115,0.5582,1.1199,1.5645
64,8000,100,16,6,182.00,733.00,3.2120,6.5895,0.7795,24186.58,0.0413,601.00,0.4135,0.6137,0.5526,1.1357,1.6586
64,8000,100,16,12,182.00,733.00,3.2120,6.5895,0.7886,25511.25,0.0392,597.00,0.3920,0.6130,0.5576,1.0977,1.6079
64,8000,100,16,16,182.00,733.00,3.2120,6.5895,0.7898,25101.39,0.0398,595.00,0.3984,0.6150,0.5572,1.1110,1.6073
64,8000,100,16,24,182.00,733.00,3.2120,6.5895,0.7907,24828.93,0.0403,596.00,0.4028,0.6164,0.5600,1.0948,1.5925
64,8000,100,16,32,182.00,733.00,3.2120,6.5895,0.7908,24763.17,0.0404,593.00,0.4038,0.6222,0.5689,1.1090,1.6085
64,8000,100,32,6,182.00,733.00,3.2120,6.5895,0.8642,13956.07,0.0717,596.00,0.7165,1.2090,1.1142,2.0718,2.6807
64,8000,100,32,12,182.00,733.00,3.2120,6.5895,0.8791,13523.77,0.0739,594.00,0.7394,1.2074,1.1283,2.1111,2.6899
64,8000,100,32,25,182.00,733.00,3.2120,6.5895,0.8830,13136.84,0.0761,594.00,0.7612,1.2324,1.1549,2.1678,2.7904
64,8000,100,32,32,182.00,733.00,3.2120,6.5895,0.8833,13081.99,0.0764,591.00,0.7644,1.2366,1.1427,2.2104,2.9591
64,8000,100,32,48,182.00,733.00,3.2120,6.5895,0.8835,13339.81,0.0750,597.00,0.7496,1.2471,1.1443,2.1464,2.9842
64,8000,100,32,64,182.00,733.00,3.2120,6.5895,0.8836,13706.72,0.0730,594.00,0.7296,1.2421,1.1571,2.0659,2.7053
64,8000,100,64,12,182.00,733.00,3.2120,6.5895,0.9375,7739.17,0.1292,590.00,1.2921,2.3234,2.1860,3.7059,4.7591
64,8000,100,64,25,182.00,733.00,3.2120,6.5895,0.9455,7718.18,0.1296,593.00,1.2956,2.2614,2.1031,3.6812,5.1403
64,8000,100,64,51,182.00,733.00,3.2120,6.5895,0.9469,7799.95,0.1282,594.00,1.2821,2.3049,2.1668,3.6310,4.8085
64,8000,100,64,64,182.00,733.00,3.2120,6.5895,0.9470,7826.51,0.1278,596.00,1.2777,2.2735,2.1141,3.6190,5.1916
64,8000,100,64,96,182.00,733.00,3.2120,6.5895,0.9470,7939.29,0.1260,595.00,1.2596,2.2455,2.0946,3.5377,5.0535
64,8000,100,64,128,182.00,733.00,3.2120,6.5895,0.9470,7943.52,0.1259,598.00,1.2589,2.3037,2.1556,3.5677,4.9202
64,8000,100,128,25,182.00,733.00,3.2120,6.5895,0.9781,4504.19,0.2220,590.00,2.2202,4.0852,3.8341,5.9456,10.1659
64,8000,100,128,51,182.00,733.00,3.2120,6.5895,0.9809,4559.05,0.2193,596.00,2.1934,4.1711,3.9471,6.1513,9.0346
64,8000,100,128,102,182.00,733.00,3.2120,6.5895,0.9812,4370.00,0.2288,604.00,2.2883,4.1892,3.9534,6.1482,9.6615
64,8000,100,128,128,182.00,733.00,3.2120,6.5895,0.9812,4401.21,0.2272,604.00,2.2721,4.2843,4.0569,6.3473,9.2242
64,8000,100,128,192,182.00,733.00,3.2120,6.5895,0.9812,4486.53,0.2229,606.00,2.2289,4.2473,4.0156,6.2730,9.2486
64,8000,100,128,256,182.00,733.00,3.2120,6.5895,0.9812,4381.60,0.2282,605.00,2.2823,4.3346,4.1140,6.4056,8.9604
64,8000,100,256,51,182.00,733.00,3.2120,6.5895,0.9939,2461.69,0.4062,610.00,4.0622,7.8995,7.5851,11.3191,16.9223
64,8000,100,256,102,182.00,733.00,3.2120,6.5895,0.9948,2439.54,0.4099,611.00,4.0991,7.9521,7.6690,11.1959,16.6059
64,8000,100,256,204,182.00,733.00,3.2120,6.5895,0.9948,2388.53,0.4187,614.00,4.1867,7.9557,7.6710,11.1874,16.2482
64,8000,100,256,256,182.00,733.00,3.2120,6.5895,0.9948,2411.89,0.4146,608.00,4.1461,8.0235,7.7256,11.3999,16.8297
64,8000,100,256,384,182.00,733.00,3.2120,6.5895,0.9948,2314.52,0.4321,612.00,4.3206,8.1967,7.8974,11.2498,17.4113
64,8000,100,256,512,182.00,733.00,3.2120,6.5895,0.9949,2282.85,0.4380,607.00,4.3805,8.4680,8.1655,11.7053,17.0241
64,8000,100,512,102,182.00,733.00,3.2120,6.5895,0.9982,1289.45,0.7755,630.00,7.7552,14.7958,14.4550,20.0940,34.3040
64,8000,100,512,204,182.00,733.00,3.2120,6.5895,0.9983,1273.01,0.7855,634.00,7.8554,15.0495,14.6666,21.3693,29.6778
64,8000,100,512,409,182.00,733.00,3.2120,6.5895,0.9984,1255.00,0.7968,634.00,7.9681,15.2319,14.8247,20.7611,35.6088
64,8000,100,512,512,182.00,733.00,3.2120,6.5895,0.9984,1259.64,0.7939,628.00,7.9388,15.4807,15.0792,21.8722,29.1898
64,8000,100,512,768,182.00,733.00,3.2120,6.5895,0.9984,1192.98,0.8382,631.00,8.3824,16.1236,15.7104,21.8011,32.5448
64,8000,100,512,1024,182.00,733.00,3.2120,6.5895,0.9985,1155.95,0.8651,643.00,8.6509,16.7931,16.4301,23.2556,30.3178
64,8000,200,8,1,194.00,733.00,1.9730,4.6004,0.4908,42509.18,0.0235,604.00,0.2352,0.3037,0.2699,0.6008,0.8540
64,8000,200,8,3,194.00,733.00,1.9730,4.6004,0.6200,43072.73,0.0232,609.00,0.2322,0.2862,0.2539,0.5515,0.8012
64,8000,200,8,6,194.00,733.00,1.9730,4.6004,0.6589,46977.74,0.0213,608.00,0.2129,0.2835,0.2554,0.5446,0.7717
64,8000,200,8,8,194.00,733.00,1.9730,4.6004,0.6675,45667.16,0.0219,607.00,0.2190,0.2721,0.2398,0.5238,0.8034
64,8000,200,8,12,194.00,733.00,1.9730,4.6004,0.6742,45735.30,0.0219,608.00,0.2186,0.2661,0.2346,0.5087,0.7329
64,8000,200,8,16,194.00,733.00,1.9730,4.6004,0.6765,44551.47,0.0224,610.00,0.2245,0.2658,0.2334,0.5062,0.7336
64,8000,200,16,3,194.00,733.00,1.9730,4.6004,0.6938,28813.37,0.0347,612.00,0.3471,0.4938,0.4495,0.8812,1.3252
64,8000,200,16,6,194.00,733.00,1.9730,4.6004,0.7552,30158.97,0.0332,606.00,0.3316,0.4927,0.4423,0.9122,1.3950
64,8000,200,16,12,194.00,733.00,1.9730,4.6004,0.7850,28391.91,0.0352,610.00,0.3522,0.5100,0.4595,0.9451,1.3239
64,8000,200,16,16,194.00,733.00,1.9730,4.6004,0.7899,29751.19,0.0336,608.00,0.3361,0.5101,0.4636,0.9105,1.2879
64,8000,200,16,24,194.00,733.00,1.9730,4.6004,0.7931,26932.94,0.0371,608.00,0.3713,0.5146,0.4585,0.9606,1.4285
64,8000,200,16,32,194.00,733.00,1.9730,4.6004,0.7939,27264.47,0.0367,609.00,0.3668,0.5062,0.4605,0.9051,1.2820
64,8000,200,32,6,194.00,733.00,1.9730,4.6004,0.8149,17747.79,0.0563,610.00,0.5635,0.9288,0.8506,1.5998,2.3039
64,8000,200,32,12,194.00,733.00,1.9730,4.6004,0.8641,17316.91,0.0577,610.00,0.5775,0.9249,0.8427,1.5831,2.3639
64,8000,200,32,25,194.00,733.00,1.9730,4.6004,0.8833,17062.43,0.0586,607.00,0.5861,0.9351,0.8599,1.5902,2.4538
64,8000,200,32,32,194.00,733.00,1.9730,4.6004,0.8852,17500.52,0.0571,610.00,0.5714,0.9407,0.8637,1.6070,2.3154
64,8000,200,32,48,194.00,733.00,1.9730,4.6004,0.8864,17507.14,0.0571,604.00,0.5712,0.9552,0.8839,1.5963,2.1544
64,8000,200,32,64,194.00,733.00,1.9730,4.6004,0.8864,16737.52,0.0597,607.00,0.5975,0.9973,0.9199,1.6647,2.4942
64,8000,200,64,12,194.00,733.00,1.9730,4.6004,0.9063,9757.66,0.1025,607.00,1.0248,1.8101,1.6729,2.9012,4.5060
64,8000,200,64,25,194.00,733.00,1.9730,4.6004,0.9407,9981.17,0.1002,609.00,1.0019,1.7683,1.6382,2.7486,4.4506
64,8000,200,64,51,194.00,733.00,1.9730,4.6004,0.9479,9583.16,0.1043,605.00,1.0435,1.8149,1.6788,2.8825,4.4474
64,8000,200,64,64,194.00,733.00,1.9730,4.6004,0.9483,9043.10,0.1106,609.00,1.1058,1.9009,1.7694,3.0937,4.3097
64,8000,200,64,96,194.00,733.00,1.9730,4.6004,0.9484,9421.32,0.1061,608.00,1.0614,1.9215,1.8039,3.0079,3.9963
64,8000,200,64,128,194.00,733.00,1.9730,4.6004,0.9484,9163.62,0.1091,605.00,1.0913,1.9335,1.7973,3.0591,4.3102
64,8000,200,128,25,194.00,733.00,1.9730,4.6004,0.9651,4925.33,0.2030,610.00,2.0303,3.5790,3.3761,5.4471,7.8780
64,8000,200,128,51,194.00,733.00,1.9730,4.6004,0.9799,5125.33,0.1951,620.00,1.9511,3.6347,3.4661,5.4349,7.1533
64,8000,200,128,102,194.00,733.00,1.9730,4.6004,0.9820,5179.64,0.1931,614.00,1.9306,3.5129,3.3281,5.2194,7.6253
64,8000,200,128,128,194.00,733.00,1.9730,4.6004,0.9821,4998.10,0.2001,619.00,2.0008,3.6338,3.4658,5.4321,7.0509
64,8000,200,128,192,194.00,733.00,1.9730,4.6004,0.9823,4826.91,0.2072,615.00,2.0717,3.6854,3.4793,5.5209,8.1880
64,8000,200,128,256,194.00,733.00,1.9730,4.6004,0.9823,4727.24,0.2115,619.00,2.1154,3.7407,3.5515,5.7166,8.2776
64,8000,200,256,51,194.00,733.00,1.9730,4.6004,0.9903,2692.05,0.3715,620.00,3.7146,6.6520,6.3482,10.0876,14.2002
64,8000,200,256,102,194.00,733.00,1.9730,4.6004,0.9947,2756.10,0.3628,614.00,3.6283,6.6286,6.3466,9.4006,15.0659
64,8000,200,256,204,194.00,733.00,1.9730,4.6004,0.9954,2785.90,0.3590,625.00,3.5895,6.8010,6.5623,9.3916,14.1592
64,8000,200,256,256,194.00,733.00,1.9730,4.6004,0.9954,2762.83,0.3619,623.00,3.6195,6.8331,6.6186,9.6340,13.0503
64,8000,200,256,384,194.00,733.00,1.9730,4.6004,0.9954,2708.02,0.3693,630.00,3.6927,6.9973,6.7740,9.6858,13.9496
64,8000,200,256,512,194.00,733.00,1.9730,4.6004,0.9954,2630.05,0.3802,621.00,3.8022,7.2205,6.9652,9.9072,14.9355
64,8000,200,512,102,194.00,733.00,1.9730,4.6004,0.9977,1526.06,0.6553,630.00,6.5528,12.4914,12.1627,17.4253,22.0204
64,8000,200,512,204,194.00,733.00,1.9730,4.6004,0.9988,1489.50,0.6714,648.00,6.7137,12.8630,12.5109,17.2930,25.4310
64,8000,200,512,409,194.00,733.00,1.9730,4.6004,0.9989,1445.59,0.6918,639.00,6.9176,12.9942,12.6827,18.1212,23.4510
64,8000,200,512,512,194.00,733.00,1.9730,4.6004,0.9989,1459.72,0.6851,651.00,6.8506,13.0838,12.7734,17.8818,22.5387
64,8000,200,512,768,194.00,733.00,1.9730,4.6004,0.9989,1335.01,0.7491,640.00,7.4906,14.1061,13.7589,19.2433,23.7990
64,8000,200,512,1024,194.00,733.00,1.9730,4.6004,0.9989,1342.93,0.7446,636.00,7.4464,14.1563,13.8640,19.5126,23.6195
64,10000,40,10,2,199.00,728.00,2.5138,5.8714,0.6726,37176.04,0.0269,608.00,0.2690,0.3952,0.3582,0.7463,1.0786
64,10000,40,10,4,199.00,728.00,2.5138,5.8714,0.6897,39360.99,0.0254,607.00,0.2541,0.3558,0.3208,0.6860,0.9602
64,10000,40,10,8,199.00,728.00,2.5138,5.8714,0.6951,38404.66,0.0260,606.00,0.2604,0.3428,0.3100,0.6346,0.8917
64,10000,40,10,10,199.00,728.00,2.5138,5.8714,0.6960,38926.80,0.0257,607.00,0.2569,0.3495,0.3161,0.6444,0.9136
64,10000,40,10,15,199.00,728.00,2.5138,5.8714,0.6969,37927.68,0.0264,604.00,0.2637,0.3409,0.3050,0.6408,0.9688
64,10000,40,10,20,199.00,728.00,2.5138,5.8714,0.6970,38084.76,0.0263,605.00,0.2626,0.3360,0.3022,0.6220,0.8648
64,10000,40,20,4,199.00,728.00,2.5138,5.8714,0.7935,24929.44,0.0401,609.00,0.4011,0.6236,0.5705,1.1350,1.5564
64,10000,40,20,8,199.00,728.00,2.5138,5.8714,0.8052,24385.16,0.0410,607.00,0.4101,0.6088,0.5533,1.0920,1.5655
64,10000,40,20,16,199.00,728.00,2.5138,5.8714,0.8089,25260.40,0.0396,607.00,0.3959,0.6041,0.5562,1.0644,1.4530
64,10000,40,20,20,199.00,728.00,2.5138,5.8714,0.8093,24764.51,0.0404,605.00,0.4038,0.6303,0.5803,1.0970,1.5230
64,10000,40,20,30,199.00,728.00,2.5138,5.8714,0.8096,23593.00,0.0424,606.00,0.4239,0.6499,0.5986,1.1258,1.6094
64,10000,40,20,40,199.00,728.00,2.5138,5.8714,0.8095,25052.82,0.0399,608.00,0.3992,0.6547,0.6091,1.1134,1.5417
64,10000,40,40,8,199.00,728.00,2.5138,5.8714,0.8871,14608.65,0.0685,606.00,0.6845,1.1845,1.1043,1.9669,2.6072
64,10000,40,40,16,199.00,728.00,2.5138,5.8714,0.8953,15110.03,0.0662,605.00,0.6618,1.1746,1.0891,1.9337,2.5873
64,10000,40,40,32,199.00,728.00,2.5138,5.8714,0.8971,14769.81,0.0677,609.00,0.6771,1.1758,1.0959,1.9194,2.6394
64,10000,40,40,40,199.00,728.00,2.5138,5.8714,0.8971,14606.53,0.0685,609.00,0.6846,1.1839,1.0979,1.9898,2.7213
64,10000,40,40,60,199.00,728.00,2.5138,5.8714,0.8971,14292.17,0.0700,606.00,0.6997,1.2250,1.1472,1.9926,2.6109
64,10000,40,40,80,199.00,728.00,2.5138,5.8714,0.8971,13856.74,0.0722,612.00,0.7217,1.2588,1.1823,2.0317,2.5697
64,10000,40,80,16,199.00,728.00,2.5138,5.8714,0.9499,8371.61,0.1195,607.00,1.1945,2.2189,2.0865,3.4238,4.7679
64,10000,40,80,32,199.00,728.00,2.5138,5.8714,0.9539,8127.95,0.1230,604.00,1.2303,2.2200,2.0832,3.4028,5.0538
64,10000,40,80,64,199.00,728.00,2.5138,5.8714,0.9544,8219.15,0.1217,602.00,1.2167,2.2680,2.1321,3.5118,4.7258
64,10000,40,80,80,199.00,728.00,2.5138,5.8714,0.9544,7906.21,0.1265,605.00,1.2648,2.2646,2.1327,3.4555,5.2733
64,10000,40,80,120,199.00,728.00,2.5138,5.8714,0.9544,7984.01,0.1253,607.00,1.2525,2.3354,2.2054,3.5505,4.6076
64,10000,40,80,160,199.00,728.00,2.5138,5.8714,0.9544,7900.85,0.1266,605.00,1.2657,2.3610,2.2270,3.5992,4.7739
64,10000,40,160,32,199.00,728.00,2.5138,5.8714,0.9829,4370.36,0.2288,609.00,2.2881,4.2270,4.0131,6.0611,10.2752
64,10000,40,160,64,199.00,728.00,2.5138,5.8714,0.9843,4398.32,0.2274,617.00,2.2736,4.2849,4.0999,6.3223,8.4884
64,10000,40,160,128,199.00,728.00,2.5138,5.8714,0.9844,4397.63,0.2274,622.00,2.2740,4.3595,4.1625,6.3922,8.4418
64,10000,40,160,160,199.00,728.00,2.5138,5.8714,0.9844,4303.25,0.2324,613.00,2.3238,4.3141,4.1292,6.1800,9.0769
64,10000,40,160,240,199.00,728.00,2.5138,5.8714,0.9844,4283.44,0.2335,619.00,2.3346,4.4769,4.2800,6.4237,8.7174
64,10000,40,160,320,199.00,728.00,2.5138,5.8714,0.9844,4197.53,0.2382,607.00,2.3824,4.5520,4.3754,6.5185,8.2581
64,10000,40,320,64,199.00,728.00,2.5138,5.8714,0.9951,2374.63,0.4211,631.00,4.2112,8.0463,7.7752,11.3165,16.7829
64,10000,40,320,128,199.00,728.00,2.5138,5.8714,0.9957,2325.66,0.4300,618.00,4.2998,8.2099,7.9684,11.4899,15.2838
64,10000,40,320,256,199.00,728.00,2.5138,5.8714,0.9957,2293.05,0.4361,619.00,4.3610,8.4116,8.1406,11.7345,16.2472
64,10000,40,320,320,199.00,728.00,2.5138,5.8714,0.9957,2284.47,0.4377,636.00,4.3774,8.3088,8.0668,11.2678,18.3330
64,10000,40,320,480,199.00,728.00,2.5138,5.8714,0.9958,2230.85,0.4483,628.00,4.4826,8.5681,8.2950,11.8417,16.7874
64,10000,40,320,640,199.00,728.00,2.5138,5.8714,0.9958,2162.36,0.4625,626.00,4.6246,8.9988,8.7481,12.3335,15.9245
64,10000,40,640,128,199.00,728.00,2.5138,5.8714,0.9987,1215.28,0.8229,641.00,8.2285,15.5495,15.2447,22.1710,26.2450
64,10000,40,640,256,199.00,728.00,2.5138,5.8714,0.9988,1239.45,0.8068,659.00,8.0681,15.5920,15.3046,21.5821,26.5987
64,10000,40,640,512,199.00,728.00,2.5138,5.8714,0.9988,1200.45,0.8330,654.00,8.3302,16.0109,15.6732,21.9833,27.1901
64,10000,40,640,640,199.00,728.00,2.5138,5.8714,0.9988,1189.12,0.8410,651.00,8.4096,16.0259,15.7168,22.0905,29.3126
64,10000,40,640,960,199.00,728.00,2.5138,5.8714,0.9989,1121.63,0.8916,663.00,8.9156,17.1330,16.8138,23.5855,28.2821
64,10000,40,640,1280,199.00,728.00,2.5138,5.8714,0.9989,1027.89,0.9729,645.00,9.7286,18.3455,17.9392,24.2567,33.3965
64,10000,100,10,2,205.00,729.00,3.1974,6.6079,0.6561,37171.72,0.0269,599.00,0.2690,0.4067,0.3733,0.7536,1.0489
64,10000,100,10,4,205.00,729.00,3.1974,6.6079,0.6827,36350.41,0.0275,602.00,0.2751,0.3519,0.3154,0.6833,0.9408
64,10000,100,10,8,205.00,729.00,3.1974,6.6079,0.6932,38439.59,0.0260,599.00,0.2601,0.3495,0.3173,0.6577,0.8825
64,10000,100,10,10,205.00,729.00,3.1974,6.6079,0.6948,39429.37,0.0254,603.00,0.2536,0.3409,0.3058,0.6456,0.9136
64,10000,100,10,15,205.00,729.00,3.1974,6.6079,0.6961,37253.93,0.0268,600.00,0.2684,0.3374,0.3020,0.6356,0.9280
64,10000,100,10,20,205.00,729.00,3.1974,6.6079,0.6965,39796.90,0.0251,601.00,0.2513,0.3479,0.3133,0.6468,0.9240
64,10000,100,20,4,205.00,729.00,3.1974,6.6079,0.7816,24666.01,0.0405,599.00,0.4054,0.6426,0.5915,1.1540,1.5501
64,10000,100,20,8,205.00,729.00,3.1974,6.6079,0.8013,24470.31,0.0409,601.00,0.4087,0.6268,0.5772,1.1373,1.6054
64,10000,100,20,16,205.00,729.00,3.1974,6.6079,0.8074,24322.86,0.0411,599.00,0.4111,0.6315,0.5780,1.1218,1.5297
64,10000,100,20,20,205.00,729.00,3.1974,6.6079,0.8082,24693.08,0.0405,601.00,0.4050,0.6281,0.5752,1.1108,1.6159
64,10000,100,20,30,205.00,729.00,3.1974,6.6079,0.8086,24713.31,0.0405,600.00,0.4046,0.6443,0.5948,1.1241,1.5584
64,10000,100,20,40,205.00,729.00,3.1974,6.6079,0.8087,23964.28,0.0417,598.00,0.4173,0.6517,0.6023,1.1291,1.4775
64,10000,100,40,8,205.00,729.00,3.1974,6.6079,0.8807,13898.53,0.0720,601.00,0.7195,1.1903,1.1016,2.0166,2.9551
64,10000,100,40,16,205.00,729.00,3.1974,6.6079,0.8932,13957.73,0.0716,609.00,0.7164,1.2253,1.1405,2.0385,2.6700
64,10000,100,40,32,205.00,729.00,3.1974,6.6079,0.8957,14499.52,0.0690,603.00,0.6897,1.1990,1.1084,2.0014,2.8809
64,10000,100,40,40,205.00,729.00,3.1974,6.6079,0.8960,14035.04,0.0713,602.00,0.7125,1.2084,1.1300,1.9695,2.5797
64,10000,100,40,60,205.00,729.00,3.1974,6.6079,0.8960,14077.78,0.0710,599.00,0.7103,1.2310,1.1559,2.0004,2.7519
64,10000,100,40,80,205.00,729.00,3.1974,6.6079,0.8962,13654.24,0.0732,598.00,0.7324,1.2459,1.1580,2.0419,2.8181
64,10000,100,80,16,205.00,729.00,3.1974,6.6079,0.9483,8056.74,0.1241,610.00,1.2412,2.2708,2.1486,3.5055,4.7658
64,10000,100,80,32,205.00,729.00,3.1974,6.6079,0.9544,8076.79,0.1238,601.00,1.2381,2.2689,2.1504,3.5370,4.6594
64,10000,100,80,64,205.00,729.00,3.1974,6.6079,0.9549,7886.55,0.1268,598.00,1.2680,2.2566,2.1135,3.4469,5.4714
64,10000,100,80,80,205.00,729.00,3.1974,6.6079,0.9551,7801.25,0.1282,595.00,1.2818,2.3333,2.2017,3.6140,4.8444
64,10000,100,80,120,205.00,729.00,3.1974,6.6079,0.9551,7358.45,0.1359,597.00,1.3590,2.4262,2.2861,3.7805,5.2487
64,10000,100,80,160,205.00,729.00,3.1974,6.6079,0.9551,7589.17,0.1318,601.00,1.3177,2.4564,2.3224,3.7274,5.0117
64,10000,100,160,32,205.00,729.00,3.1974,6.6079,0.9828,4358.45,0.2294,604.00,2.2944,4.3134,4.1264,6.3417,8.7231
64,10000,100,160,64,205.00,729.00,3.1974,6.6079,0.9845,4376.70,0.2285,606.00,2.2848,4.3209,4.1304,6.3042,8.6968
64,10000,100,160,128,205.00,729.00,3.1974,6.6079,0.9847,4193.77,0.2384,604.00,2.3845,4.4355,4.2623,6.5333,8.4807
64,10000,100,160,160,205.00,729.00,3.1974,6.6079,0.9847,4078.69,0.2452,603.00,2.4518,4.4422,4.2215,6.4668,10.3305
64,10000,100,160,240,205.00,729.00,3.1974,6.6079,0.9847,4162.67,0.2402,608.00,2.4023,4.5288,4.3359,6.5371,8.6343
64,10000,100,160,320,205.00,729.00,3.1974,6.6079,0.9848,4082.82,0.2449,613.00,2.4493,4.6589,4.4558,6.7244,9.1138
64,10000,100,320,64,205.00,729.00,3.1974,6.6079,0.9952,2227.12,0.4490,625.00,4.4901,8.2527,7.9696,11.5452,17.2022
64,10000,100,320,128,205.00,729.00,3.1974,6.6079,0.9958,2238.05,0.4468,625.00,4.4682,8.2923,8.0155,11.5618,17.5480
64,10000,100,320,256,205.00,729.00,3.1974,6.6079,0.9959,2218.62,0.4507,619.00,4.5073,8.5162,8.2706,11.8713,15.8587
64,10000,100,320,320,205.00,729.00,3.1974,6.6079,0.9959,2203.67,0.4538,620.00,4.5379,8.4259,8.1102,11.5618,19.5031
64,10000,100,320,480,205.00,729.00,3.1974,6.6079,0.9959,2153.55,0.4644,627.00,4.6435,8.8551,8.5963,12.4136,16.6208
64,10000,100,320,640,205.00,729.00,3.1974,6.6079,0.9959,2046.27,0.4887,621.00,4.8869,9.2106,8.9943,12.6907,15.5074
64,10000,100,640,128,205.00,729.00,3.1974,6.6079,0.9989,1185.90,0.8432,652.00,8.4324,15.9347,15.5639,22.4935,26.6011
64,10000,100,640,256,205.00,729.00,3.1974,6.6079,0.9990,1218.76,0.8205,655.00,8.2051,15.8305,15.4850,21.7896,28.3165
64,10000,100,640,512,205.00,729.00,3.1974,6.6079,0.9990,1214.22,0.8236,662.00,8.2357,15.8834,15.5519,22.5915,30.0596
64,10000,100,640,640,205.00,729.00,3.1974,6.6079,0.9990,1200.34,0.8331,654.00,8.3310,16.1246,15.8012,22.7148,29.1741
64,10000,100,640,960,205.00,729.00,3.1974,6.6079,0.9990,1144.87,0.8735,663.00,8.7346,17.0191,16.7202,23.2663,27.8879
64,10000,100,640,1280,205.00,729.00,3.1974,6.6079,0.9990,1062.70,0.9410,673.00,9.4100,18.0810,17.7675,24.4792,29.5648
64,10000,200,10,2,226.00,727.00,2.2711,4.9008,0.5895,36247.94,0.0276,590.00,0.2759,0.3990,0.3658,0.7402,1.0240
64,10000,200,10,4,226.00,727.00,2.2711,4.9008,0.6533,38055.71,0.0263,591.00,0.2628,0.3398,0.3030,0.6546,1.0344
64,10000,200,10,8,226.00,727.00,2.2711,4.9008,0.6852,39194.38,0.0255,590.00,0.2551,0.3466,0.3127,0.6550,0.9277
64,10000,200,10,10,226.00,727.00,2.2711,4.9008,0.6909,38251.93,0.0261,591.00,0.2614,0.3405,0.3063,0.6564,0.9178
64,10000,200,10,15,226.00,727.00,2.2711,4.9008,0.6964,40686.27,0.0246,585.00,0.2458,0.3351,0.3021,0.6519,0.9064
64,10000,200,10,20,226.00,727.00,2.2711,4.9008,0.6984,39046.93,0.0256,589.00,0.2561,0.3485,0.3146,0.6571,0.9519
64,10000,200,20,4,226.00,727.00,2.2711,4.9008,0.7277,24552.87,0.0407,591.00,0.4073,0.6429,0.5892,1.1522,1.6494
64,10000,200,20,8,226.00,727.00,2.2711,4.9008,0.7796,24238.51,0.0413,588.00,0.4126,0.6399,0.5896,1.1253,1.5056
64,10000,200,20,16,226.00,727.00,2.2711,4.9008,0.8037,24967.02,0.0401,589.00,0.4005,0.6132,0.5626,1.1053,1.5668
64,10000,200,20,20,226.00,727.00,2.2711,4.9008,0.8070,25088.99,0.0399,586.00,0.3986,0.6137,0.5607,1.0975,1.5809
64,10000,200,20,30,226.00,727.00,2.2711,4.9008,0.8096,24968.02,0.0401,591.00,0.4005,0.6141,0.5595,1.1048,1.6205
64,10000,200,20,40,226.00,727.00,2.2711,4.9008,0.8105,25007.36,0.0400,583.00,0.3999,0.6186,0.5668,1.1153,1.4689
64,10000,200,40,8,226.00,727.00,2.2711,4.9008,0.8397,14890.09,0.0672,586.00,0.6716,1.1652,1.0859,1.9598,2.6185
64,10000,200,40,16,226.00,727.00,2.2711,4.9008,0.8818,14632.34,0.0683,589.00,0.6834,1.1775,1.0960,1.9938,2.6966
64,10000,200,40,32,226.00,727.00,2.2711,4.9008,0.8953,14073.40,0.0711,586.00,0.7106,1.1969,1.1064,2.0195,2.8048
64,10000,200,40,40,226.00,727.00,2.2711,4.9008,0.8967,14426.01,0.0693,591.00,0.6932,1.1866,1.1070,1.9648,2.6268
64,10000,200,40,60,226.00,727.00,2.2711,4.9008,0.8974,13999.09,0.0714,587.00,0.7143,1.2165,1.1318,2.0108,2.8221
64,10000,200,40,80,226.00,727.00,2.2711,4.9008,0.8976,14290.87,0.0700,588.00,0.6997,1.2081,1.1140,1.9770,2.9734
64,10000,200,80,16,226.00,727.00,2.2711,4.9008,0.9236,8077.83,0.1238,591.00,1.2380,2.2135,2.0795,3.4372,4.9431
64,10000,200,80,32,226.00,727.00,2.2711,4.9008,0.9486,8044.66,0.1243,588.00,1.2431,2.2578,2.1322,3.5221,4.8091
64,10000,200,80,64,226.00,727.00,2.2711,4.9008,0.9548,7875.10,0.1270,584.00,1.2698,2.2607,2.1194,3.5139,5.2465
64,10000,200,80,80,226.00,727.00,2.2711,4.9008,0.9554,7848.48,0.1274,598.00,1.2741,2.3137,2.1832,3.5545,4.7821
64,10000,200,80,120,226.00,727.00,2.2711,4.9008,0.9555,7936.25,0.1260,589.00,1.2600,2.3283,2.1985,3.5580,4.7129
64,10000,200,80,160,226.00,727.00,2.2711,4.9008,0.9557,7765.06,0.1288,588.00,1.2878,2.3946,2.2650,3.6787,4.8443
64,10000,200,160,32,226.00,727.00,2.2711,4.9008,0.9718,4290.04,0.2331,601.00,2.3310,4.2557,4.0529,6.1072,10.4252
64,10000,200,160,64,226.00,727.00,2.2711,4.9008,0.9830,4217.15,0.2371,596.00,2.3713,4.3241,4.1144,6.2533,9.7629
64,10000,200,160,128,226.00,727.00,2.2711,4.9008,0.9849,4380.58,0.2283,602.00,2.2828,4.3374,4.1492,6.3950,8.5977
64,10000,200,160,160,226.00,727.00,2.2711,4.9008,0.9850,4361.15,0.2293,602.00,2.2930,4.3551,4.1580,6.4325,8.6931
64,10000,200,160,240,226.00,727.00,2.2711,4.9008,0.9851,4333.69,0.2308,590.00,2.3075,4.3846,4.1910,6.4711,8.6571
64,10000,200,160,320,226.00,727.00,2.2711,4.9008,0.9851,4192.68,0.2385,594.00,2.3851,4.5197,4.3261,6.6550,8.9081
64,10000,200,320,64,226.00,727.00,2.2711,4.9008,0.9919,2367.17,0.4224,602.00,4.2245,8.1679,7.9179,11.7376,15.3761
64,10000,200,320,128,226.00,727.00,2.2711,4.9008,0.9957,2293.61,0.4360,605.00,4.3599,8.3387,8.1013,11.7217,15.4136
64,10000,200,320,256,226.00,727.00,2.2711,4.9008,0.9963,2287.13,0.4372,607.00,4.3723,8.4147,8.1901,11.7244,15.6226
64,10000,200,320,320,226.00,727.00,2.2711,4.9008,0.9963,2268.67,0.4408,615.00,4.4079,8.4480,8.2133,11.8595,15.6294
64,10000,200,320,480,226.00,727.00,2.2711,4.9008,0.9963,2143.41,0.4665,610.00,4.6655,8.8626,8.6118,12.4969,16.2297
64,10000,200,320,640,226.00,727.00,2.2711,4.9008,0.9963,2092.36,0.4779,609.00,4.7793,9.1148,8.8649,12.5994,16.2811
64,10000,200,640,128,226.00,727.00,2.2711,4.9008,0.9980,1206.20,0.8291,640.00,8.2905,15.7550,15.3555,22.1983,26.8280
64,10000,200,640,256,226.00,727.00,2.2711,4.9008,0.9989,1169.35,0.8552,660.00,8.5518,16.2604,15.9091,22.8373,26.9900
64,10000,200,640,512,226.00,727.00,2.2711,4.9008,0.9990,1140.61,0.8767,653.00,8.7672,16.3540,15.9027,21.9255,30.8816
64,10000,200,640,640,226.00,727.00,2.2711,4.9008,0.9990,1125.29,0.8887,664.00,8.8866,16.9536,16.6153,23.0476,27.9874
64,10000,200,640,960,226.00,727.00,2.2711,4.9008,0.9990,1125.75,0.8883,665.00,8.8830,17.1519,16.8229,23.7222,28.6697
64,10000,200,640,1280,226.00,727.00,2.2711,4.9008,0.9990,1060.65,0.9428,649.00,9.4281,18.2476,17.8554,24.3965,30.6714
64,14000,40,14,2,224.00,727.00,3.0291,6.5704,0.6915,34424.25,0.0290,602.00,0.2905,0.4269,0.3991,0.7778,1.0393
64,14000,40,14,5,224.00,727.00,3.0291,6.5704,0.7199,34559.67,0.0289,603.00,0.2894,0.3853,0.3579,0.6973,0.9295
64,14000,40,14,11,224.00,727.00,3.0291,6.5704,0.7289,35367.05,0.0283,602.00,0.2827,0.3769,0.3450,0.6852,0.9367
64,14000,40,14,14,224.00,727.00,3.0291,6.5704,0.7298,36458.67,0.0274,597.00,0.2743,0.3776,0.3471,0.6770,0.9350
64,14000,40,14,21,224.00,727.00,3.0291,6.5704,0.7307,36333.81,0.0275,599.00,0.2752,0.3825,0.3500,0.6856,0.9136
64,14000,40,14,28,224.00,727.00,3.0291,6.5704,0.7310,36533.39,0.0274,603.00,0.2737,0.3905,0.3595,0.6839,0.9549
64,14000,40,28,5,224.00,727.00,3.0291,6.5704,0.8140,22817.86,0.0438,600.00,0.4383,0.6994,0.6588,1.1809,1.5411
64,14000,40,28,11,224.00,727.00,3.0291,6.5704,0.8306,21293.26,0.0470,604.00,0.4696,0.6980,0.6474,1.2171,1.6158
64,14000,40,28,22,224.00,727.00,3.0291,6.5704,0.8344,22857.07,0.0438,595.00,0.4375,0.6901,0.6402,1.1945,1.5339
64,14000,40,28,28,224.00,727.00,3.0291,6.5704,0.8347,22812.97,0.0438,600.00,0.4383,0.7037,0.6590,1.1854,1.5612
64,14000,40,28,42,224.00,727.00,3.0291,6.5704,0.8347,21779.37,0.0459,601.00,0.4592,0.7266,0.6794,1.2365,1.6219
64,14000,40,28,56,224.00,727.00,3.0291,6.5704,0.8347,21159.61,0.0473,602.00,0.4726,0.7364,0.6891,1.2320,1.6137
64,14000,40,56,11,224.00,727.00,3.0291,6.5704,0.9046,13069.32,0.0765,612.00,0.7652,1.2825,1.2043,2.1276,2.6943
64,14000,40,56,22,224.00,727.00,3.0291,6.5704,0.9126,13822.60,0.0723,603.00,0.7235,1.2665,1.2010,2.0013,2.5226
64,14000,40,56,44,224.00,727.00,3.0291,6.5704,0.9142,13364.15,0.0748,606.00,0.7483,1.2814,1.2059,2.0691,2.7905
64,14000,40,56,56,224.00,727.00,3.0291,6.5704,0.9142,13153.48,0.0760,602.00,0.7603,1.2897,1.2052,2.0774,2.9342
64,14000,40,56,84,224.00,727.00,3.0291,6.5704,0.9142,12795.34,0.0782,607.00,0.7815,1.3674,1.2931,2.1742,2.7921
64,14000,40,56,112,224.00,727.00,3.0291,6.5704,0.9143,12962.51,0.0771,600.00,0.7715,1.3496,1.2735,2.1214,2.7511
64,14000,40,112,22,224.00,727.00,3.0291,6.5704,0.9587,7611.36,0.1314,601.00,1.3138,2.4117,2.3052,3.6436,4.5702
64,14000,40,112,44,224.00,727.00,3.0291,6.5704,0.9629,7743.73,0.1291,603.00,1.2914,2.4095,2.3028,3.6120,4.5471
64,14000,40,112,89,224.00,727.00,3.0291,6.5704,0.9634,7443.32,0.1343,602.00,1.3435,2.4825,2.3686,3.6988,4.8399
64,14000,40,112,112,224.00,727.00,3.0291,6.5704,0.9634,7349.13,0.1361,609.00,1.3607,2.5018,2.3986,3.7341,4.7037
64,14000,40,112,168,224.00,727.00,3.0291,6.5704,0.9634,7301.60,0.1370,609.00,1.3696,2.5488,2.4424,3.7634,4.7622
64,14000,40,112,224,224.00,727.00,3.0291,6.5704,0.9635,7110.94,0.1406,604.00,1.4063,2.5974,2.4908,3.8353,4.8696
64,14000,40,224,44,224.00,727.00,3.0291,6.5704,0.9861,3992.95,0.2504,607.00,2.5044,4.7083,4.5607,6.7726,8.4359
64,14000,40,224,89,224.00,727.00,3.0291,6.5704,0.9879,3949.31,0.2532,606.00,2.5321,4.6343,4.4481,6.7476,9.0094
64,14000,40,224,179,224.00,727.00,3.0291,6.5704,0.9880,4041.22,0.2475,614.00,2.4745,4.7202,4.5703,6.8307,8.6634
64,14000,40,224,224,224.00,727.00,3.0291,6.5704,0.9881,3841.98,0.2603,608.00,2.6028,4.8475,4.7098,6.8474,8.2929
64,14000,40,224,336,224.00,727.00,3.0291,6.5704,0.9881,3807.49,0.2626,624.00,2.6264,4.8836,4.7074,6.8096,10.3503
64,14000,40,224,448,224.00,727.00,3.0291,6.5704,0.9880,3700.64,0.2702,611.00,2.7022,5.1129,4.9593,7.2060,9.0767
64,14000,40,448,89,224.00,727.00,3.0291,6.5704,0.9962,2162.51,0.4624,621.00,4.6243,8.8523,8.6322,12.3538,15.1513
64,14000,40,448,179,224.00,727.00,3.0291,6.5704,0.9968,2113.90,0.4731,622.00,4.7306,8.8776,8.7120,12.2276,14.7871
64,14000,40,448,358,224.00,727.00,3.0291,6.5704,0.9968,2053.94,0.4869,623.00,4.8687,9.1593,8.9720,12.5458,14.9631
64,14000,40,448,448,224.00,727.00,3.0291,6.5704,0.9968,2046.59,0.4886,642.00,4.8862,9.2841,9.1103,12.6011,14.9865
64,14000,40,448,672,224.00,727.00,3.0291,6.5704,0.9968,1920.62,0.5207,633.00,5.2066,9.8205,9.5843,13.3410,16.3784
64,14000,40,448,896,224.00,727.00,3.0291,6.5704,0.9968,1795.17,0.5570,629.00,5.5705,10.5870,10.4263,13.9838,16.5894
64,14000,40,896,179,224.00,727.00,3.0291,6.5704,0.9988,1108.13,0.9024,668.00,9.0242,16.7982,16.3399,22.9340,32.9963
64,14000,40,896,358,224.00,727.00,3.0291,6.5704,0.9990,1126.71,0.8875,677.00,8.8754,17.0514,16.7615,22.7733,27.5658
64,14000,40,896,716,224.00,727.00,3.0291,6.5704,0.9990,1094.88,0.9133,677.00,9.1334,17.5568,17.2748,23.3765,28.9642
64,14000,40,896,896,224.00,727.00,3.0291,6.5704,0.9990,1096.73,0.9118,673.00,9.1181,17.6092,17.3911,23.1597,29.1026
64,14000,40,896,1344,224.00,727.00,3.0291,6.5704,0.9990,1014.59,0.9856,679.00,9.8562,19.3166,19.0080,25.0463,30.4210
64,14000,40,896,1792,224.00,727.00,3.0291,6.5704,0.9990,899.00,1.1123,690.00,11.1234,21.5421,21.2733,27.2699,30.9169
64,14000,100,14,2,250.00,726.00,4.0999,7.7585,0.6763,35047.84,0.0285,612.00,0.2853,0.4209,0.3918,0.7658,1.0270
64,14000,100,14,5,250.00,726.00,4.0999,7.7585,0.7172,35814.94,0.0279,612.00,0.2792,0.3874,0.3581,0.7035,0.9638
64,14000,100,14,11,250.00,726.00,4.0999,7.7585,0.7287,35680.19,0.0280,609.00,0.2803,0.3815,0.3492,0.6942,0.9887
64,14000,100,14,14,250.00,726.00,4.0999,7.7585,0.7294,37230.19,0.0269,610.00,0.2686,0.3893,0.3591,0.6979,0.9374
64,14000,100,14,21,250.00,726.00,4.0999,7.7585,0.7302,35644.15,0.0281,613.00,0.2806,0.3762,0.3423,0.6850,0.9543
64,14000,100,14,28,250.00,726.00,4.0999,7.7585,0.7304,35949.81,0.0278,609.00,0.2782,0.3909,0.3571,0.6927,0.9868
64,14000,100,28,5,250.00,726.00,4.0999,7.7585,0.8089,23320.61,0.0429,609.00,0.4288,0.6682,0.6166,1.1750,1.7042
64,14000,100,28,11,250.00,726.00,4.0999,7.7585,0.8299,22813.50,0.0438,608.00,0.4383,0.6898,0.6449,1.1858,1.5593
64,14000,100,28,22,250.00,726.00,4.0999,7.7585,0.8348,22713.12,0.0440,611.00,0.4403,0.6963,0.6506,1.1909,1.6040
64,14000,100,28,28,250.00,726.00,4.0999,7.7585,0.8353,22632.16,0.0442,609.00,0.4418,0.7052,0.6491,1.2279,1.7720
64,14000,100,28,42,250.00,726.00,4.0999,7.7585,0.8355,22507.94,0.0444,621.00,0.4443,0.7063,0.6587,1.1774,1.5542
64,14000,100,28,56,250.00,726.00,4.0999,7.7585,0.8355,21728.01,0.0460,609.00,0.4602,0.7276,0.6778,1.2205,1.6170
64,14000,100,56,11,250.00,726.00,4.0999,7.7585,0.9029,13661.63,0.0732,610.00,0.7320,1.2949,1.2207,2.0884,2.7162
64,14000,100,56,22,250.00,726.00,4.0999,7.7585,0.9131,13845.37,0.0722,609.00,0.7223,1.2742,1.2050,2.0427,2.6378
64,14000,100,56,44,250.00,726.00,4.0999,7.7585,0.9152,13402.59,0.0746,613.00,0.7461,1.2935,1.2069,2.1021,2.9774
64,14000,100,56,56,250.00,726.00,4.0999,7.7585,0.9153,12784.82,0.0782,613.00,0.7822,1.3278,1.2556,2.1215,2.8975
64,14000,100,56,84,250.00,726.00,4.0999,7.7585,0.9152,13213.33,0.0757,618.00,0.7568,1.3469,1.2727,2.1224,2.7304
64,14000,100,56,112,250.00,726.00,4.0999,7.7585,0.9152,12576.16,0.0795,613.00,0.7952,1.3689,1.2900,2.1671,2.9849
64,14000,100,112,22,250.00,726.00,4.0999,7.7585,0.9596,7535.65,0.1327,616.00,1.3270,2.4161,2.3038,3.6763,4.8477
64,14000,100,112,44,250.00,726.00,4.0999,7.7585,0.9645,7570.55,0.1321,613.00,1.3209,2.4479,2.3258,3.7054,4.9106
64,14000,100,112,89,250.00,726.00,4.0999,7.7585,0.9650,7445.02,0.1343,610.00,1.3432,2.4525,2.3377,3.7704,4.8510
64,14000,100,112,112,250.00,726.00,4.0999,7.7585,0.9650,7421.80,0.1347,610.00,1.3474,2.5115,2.3882,3.7697,5.0859
64,14000,100,112,168,250.00,726.00,4.0999,7.7585,0.9650,7253.85,0.1379,622.00,1.3786,2.5660,2.4556,3.7817,4.9049
64,14000,100,112,224,250.00,726.00,4.0999,7.7585,0.9650,6979.60,0.1433,609.00,1.4327,2.6540,2.5525,3.8789,4.8565
64,14000,100,224,44,250.00,726.00,4.0999,7.7585,0.9868,4092.32,0.2444,616.00,2.4436,4.6017,4.4338,6.6870,9.2577
64,14000,100,224,89,250.00,726.00,4.0999,7.7585,0.9883,3995.30,0.2503,611.00,2.5029,4.7034,4.5671,6.7134,8.3647
64,14000,100,224,179,250.00,726.00,4.0999,7.7585,0.9884,3952.26,0.2530,618.00,2.5302,4.7861,4.6381,6.8246,8.6262
64,14000,100,224,224,250.00,726.00,4.0999,7.7585,0.9884,3740.43,0.2673,620.00,2.6735,4.8929,4.6905,7.0697,10.3748
64,14000,100,224,336,250.00,726.00,4.0999,7.7585,0.9884,3714.95,0.2692,608.00,2.6918,5.0650,4.8929,7.1090,9.4810
64,14000,100,224,448,250.00,726.00,4.0999,7.7585,0.9884,3608.66,0.2771,625.00,2.7711,5.2422,5.0865,7.3710,9.0802
64,14000,100,448,89,250.00,726.00,4.0999,7.7585,0.9966,2092.44,0.4779,636.00,4.7791,8.8943,8.6646,12.3163,17.6117
64,14000,100,448,179,250.00,726.00,4.0999,7.7585,0.9970,2062.62,0.4848,629.00,4.8482,9.1012,8.8951,12.6037,15.4664
64,14000,100,448,358,250.00,726.00,4.0999,7.7585,0.9970,2025.16,0.4938,627.00,4.9379,9.2663,9.0576,12.7611,16.1035
64,14000,100,448,448,250.00,726.00,4.0999,7.7585,0.9971,2024.32,0.4940,643.00,4.9399,9.3677,9.1540,12.9580,16.0455
64,14000,100,448,672,250.00,726.00,4.0999,7.7585,0.9970,1931.67,0.5177,642.00,5.1769,9.8619,9.6677,13.3046,16.2517
64,14000,100,448,896,250.00,726.00,4.0999,7.7585,0.9970,1808.51,0.5529,648.00,5.5294,10.5088,10.2866,14.1364,16.8434
64,14000,100,896,179,250.00,726.00,4.0999,7.7585,0.9990,1077.99,0.9277,671.00,9.2765,17.2300,16.9601,23.0780,26.5519
64,14000,100,896,358,250.00,726.00,4.0999,7.7585,0.9991,1060.34,0.9431,682.00,9.4310,17.6981,17.4644,23.4829,26.8370
64,14000,100,896,716,250.00,726.00,4.0999,7.7585,0.9991,1026.23,0.9744,692.00,9.7444,18.4400,18.2618,24.2129,27.3340
64,14000,100,896,896,250.00,726.00,4.0999,7.7585,0.9991,1070.75,0.9339,697.00,9.3392,17.7886,17.5251,24.0927,28.5670
64,14000,100,896,1344,250.00,726.00,4.0999,7.7585,0.9991,992.48,1.0076,685.00,10.0758,19.4517,19.2106,25.3616,28.1851
64,14000,100,896,1792,250.00,726.00,4.0999,7.7585,0.9991,888.81,1.1251,703.00,11.2510,21.6727,21.3939,27.6828,30.6256
64,14000,200,14,2,264.00,728.00,2.9395,5.6919,0.5999,35512.15,0.0282,603.00,0.2816,0.4257,0.3927,0.7713,1.0980
64,14000,200,14,5,264.00,728.00,2.9395,5.6919,0.6885,34050.99,0.0294,603.00,0.2937,0.3787,0.3503,0.6972,0.9445
64,14000,200,14,11,264.00,728.00,2.9395,5.6919,0.7224,37406.40,0.0267,604.00,0.2673,0.3851,0.3538,0.7023,0.9820
64,14000,200,14,14,264.00,728.00,2.9395,5.6919,0.7265,37444.00,0.0267,604.00,0.2671,0.3595,0.3304,0.6582,0.9293
64,14000,200,14,21,264.00,728.00,2.9395,5.6919,0.7301,36216.86,0.0276,604.00,0.2761,0.3586,0.3278,0.6467,0.9492
64,14000,200,14,28,264.00,728.00,2.9395,5.6919,0.7309,37871.61,0.0264,607.00,0.2641,0.3684,0.3351,0.6751,0.9369
64,14000,200,28,5,264.00,728.00,2.9395,5.6919,0.7557,22997.70,0.0435,602.00,0.4348,0.6864,0.6409,1.1605,1.5278
64,14000,200,28,11,264.00,728.00,2.9395,5.6919,0.8140,23453.70,0.0426,603.00,0.4264,0.6736,0.6289,1.1570,1.5595
64,14000,200,28,22,264.00,728.00,2.9395,5.6919,0.8333,23404.07,0.0427,604.00,0.4273,0.6758,0.6274,1.1647,1.5920
64,14000,200,28,28,264.00,728.00,2.9395,5.6919,0.8350,24125.85,0.0414,602.00,0.4145,0.6724,0.6289,1.1617,1.5371
64,14000,200,28,42,264.00,728.00,2.9395,5.6919,0.8366,23045.30,0.0434,602.00,0.4339,0.6845,0.6318,1.1868,1.6312
64,14000,200,28,56,264.00,728.00,2.9395,5.6919,0.8369,22611.04,0.0442,606.00,0.4423,0.7008,0.6517,1.2022,1.6443
64,14000,200,56,11,264.00,728.00,2.9395,5.6919,0.8683,13417.86,0.0745,600.00,0.7453,1.2894,1.2241,2.0647,2.6736
64,14000,200,56,22,264.00,728.00,2.9395,5.6919,0.9043,13353.35,0.0749,602.00,0.7489,1.3134,1.2437,2.0903,2.6103
64,14000,200,56,44,264.00,728.00,2.9395,5.6919,0.9144,12298.52,0.0813,602.00,0.8131,1.3479,1.2480,2.2510,3.3715
64,14000,200,56,56,264.00,728.00,2.9395,5.6919,0.9153,12996.63,0.0769,599.00,0.7694,1.3390,1.2598,2.1421,2.7897
64,14000,200,56,84,264.00,728.00,2.9395,5.6919,0.9161,12633.27,0.0792,600.00,0.7916,1.3723,1.2858,2.2212,2.9682
64,14000,200,56,112,264.00,728.00,2.9395,5.6919,0.9161,12719.05,0.0786,610.00,0.7862,1.3760,1.3017,2.1814,2.7821
64,14000,200,112,22,264.00,728.00,2.9395,5.6919,0.9404,7302.53,0.1369,610.00,1.3694,2.5218,2.3994,3.8190,5.0802
64,14000,200,112,44,264.00,728.00,2.9395,5.6919,0.9600,7390.32,0.1353,609.00,1.3531,2.5117,2.3988,3.7843,4.8677
64,14000,200,112,89,264.00,728.00,2.9395,5.6919,0.9647,7501.73,0.1333,609.00,1.3330,2.4942,2.3793,3.7358,4.7656
64,14000,200,112,112,264.00,728.00,2.9395,5.6919,0.9651,7351.16,0.1360,608.00,1.3603,2.5016,2.3863,3.7593,4.8206
64,14000,200,112,168,264.00,728.00,2.9395,5.6919,0.9654,7220.75,0.1385,603.00,1.3849,2.5575,2.4473,3.8126,4.6856
64,14000,200,112,224,264.00,728.00,2.9395,5.6919,0.9653,7131.21,0.1402,608.00,1.4023,2.6181,2.5005,3.9098,5.0052
64,14000,200,224,44,264.00,728.00,2.9395,5.6919,0.9785,4113.44,0.2431,611.00,2.4311,4.6422,4.4778,6.6910,8.7464
64,14000,200,224,89,264.00,728.00,2.9395,5.6919,0.9873,4006.34,0.2496,603.00,2.4960,4.7114,4.5659,6.7649,8.3836
64,14000,200,224,179,264.00,728.00,2.9395,5.6919,0.9888,3951.85,0.2530,604.00,2.5305,4.7716,4.6277,6.8584,8.7419
64,14000,200,224,224,264.00,728.00,2.9395,5.6919,0.9888,3976.72,0.2515,619.00,2.5146,4.8135,4.6751,6.8698,8.5093
64,14000,200,224,336,264.00,728.00,2.9395,5.6919,0.9888,3834.20,0.2608,611.00,2.6081,4.9609,4.8204,7.0346,8.5101
64,14000,200,224,448,264.00,728.00,2.9395,5.6919,0.9888,3749.17,0.2667,606.00,2.6673,5.1209,4.9819,7.2198,8.6909
64,14000,200,448,89,264.00,728.00,2.9395,5.6919,0.9940,2212.93,0.4519,635.00,4.5189,8.7154,8.5171,12.1308,15.4382
64,14000,200,448,179,264.00,728.00,2.9395,5.6919,0.9968,2150.71,0.4650,625.00,4.6496,8.9262,8.7351,12.3534,15.3419
64,14000,200,448,358,264.00,728.00,2.9395,5.6919,0.9970,2103.34,0.4754,627.00,4.7543,9.1436,8.9354,12.7025,16.3630
64,14000,200,448,448,264.00,728.00,2.9395,5.6919,0.9970,2017.42,0.4957,623.00,4.9568,9.2234,8.9559,12.1579,20.2359
64,14000,200,448,672,264.00,728.00,2.9395,5.6919,0.9970,1945.09,0.5141,641.00,5.1412,9.8087,9.6210,13.3548,16.1659
64,14000,200,448,896,264.00,728.00,2.9395,5.6919,0.9970,1832.03,0.5458,627.00,5.4584,10.4371,10.2160,14.0423,17.0593
64,14000,200,896,179,264.00,728.00,2.9395,5.6919,0.9984,1102.29,0.9072,686.00,9.0720,16.8646,16.4670,23.7937,29.3012
64,14000,200,896,358,264.00,728.00,2.9395,5.6919,0.9990,1094.97,0.9133,672.00,9.1326,17.3918,17.0468,23.4927,26.6499
64,14000,200,896,716,264.00,728.00,2.9395,5.6919,0.9991,1057.50,0.9456,679.00,9.4563,18.0102,17.7073,24.1437,27.2788
64,14000,200,896,896,264.00,728.00,2.9395,5.6919,0.9991,1072.85,0.9321,687.00,9.3209,17.9871,17.7056,24.0958,27.3958
64,14000,200,896,1344,264.00,728.00,2.9395,5.6919,0.9991,980.98,1.0194,689.00,10.1939,19.5921,19.2662,25.7812,29.3797
64,14000,200,896,1792,264.00,728.00,2.9395,5.6919,0.9991,880.37,1.1359,672.00,11.3589,21.6270,21.2957,28.1106,33.1749
64,18000,40,18,3,252.00,728.00,3.5541,7.2348,0.7209,33393.79,0.0299,581.00,0.2995,0.4616,0.4326,0.8077,1.1343
64,18000,40,18,7,252.00,728.00,3.5541,7.2348,0.7426,32311.87,0.0309,587.00,0.3095,0.4085,0.3767,0.7267,0.9998
64,18000,40,18,14,252.00,728.00,3.5541,7.2348,0.7479,32481.47,0.0308,587.00,0.3079,0.4274,0.3975,0.7369,0.9893
64,18000,40,18,18,252.00,728.00,3.5541,7.2348,0.7486,33666.01,0.0297,587.00,0.2970,0.4068,0.3776,0.7071,0.9828
64,18000,40,18,27,252.00,728.00,3.5541,7.2348,0.7489,34816.19,0.0287,584.00,0.2872,0.4172,0.3876,0.7133,0.9490
64,18000,40,18,36,252.00,728.00,3.5541,7.2348,0.7490,32956.32,0.0303,586.00,0.3034,0.4273,0.4000,0.7107,0.9121
64,18000,40,36,7,252.00,728.00,3.5541,7.2348,0.8344,21640.27,0.0462,583.00,0.4621,0.7381,0.6937,1.2495,1.6440
64,18000,40,36,14,252.00,728.00,3.5541,7.2348,0.8462,21870.21,0.0457,581.00,0.4572,0.7345,0.6890,1.2189,1.6017
64,18000,40,36,28,252.00,728.00,3.5541,7.2348,0.8489,20920.87,0.0478,586.00,0.4780,0.7507,0.7096,1.2328,1.5639
64,18000,40,36,36,252.00,728.00,3.5541,7.2348,0.8492,20875.80,0.0479,587.00,0.4790,0.7651,0.7213,1.2491,1.5972
64,18000,40,36,54,252.00,728.00,3.5541,7.2348,0.8492,20600.47,0.0485,584.00,0.4854,0.7825,0.7414,1.2655,1.6337
64,18000,40,36,72,252.00,728.00,3.5541,7.2348,0.8494,21064.75,0.0475,585.00,0.4747,0.7714,0.7314,1.2413,1.5798
64,18000,40,72,14,252.00,728.00,3.5541,7.2348,0.9155,12825.18,0.0780,585.00,0.7797,1.3971,1.3212,2.2022,2.8322
64,18000,40,72,28,252.00,728.00,3.5541,7.2348,0.9226,12526.53,0.0798,582.00,0.7983,1.3707,1.3026,2.1782,2.8969
64,18000,40,72,57,252.00,728.00,3.5541,7.2348,0.9240,12333.51,0.0811,585.00,0.8108,1.4008,1.3380,2.1541,2.6877
64,18000,40,72,72,252.00,728.00,3.5541,7.2348,0.9243,12236.98,0.0817,585.00,0.8172,1.4141,1.3400,2.2301,2.9068
64,18000,40,72,108,252.00,728.00,3.5541,7.2348,0.9243,12054.63,0.0830,588.00,0.8296,1.4740,1.4038,2.2048,2.7730
64,18000,40,72,144,252.00,728.00,3.5541,7.2348,0.9244,11540.83,0.0866,581.00,0.8665,1.5051,1.4305,2.2955,2.9615
64,18000,40,144,28,252.00,728.00,3.5541,7.2348,0.9650,7064.35,0.1416,602.00,1.4156,2.5548,2.4350,3.8917,5.2629
64,18000,40,144,57,252.00,728.00,3.5541,7.2348,0.9686,7042.36,0.1420,592.00,1.4200,2.6161,2.5146,3.8394,4.8070
64,18000,40,144,115,252.00,728.00,3.5541,7.2348,0.9694,6828.44,0.1464,592.00,1.4645,2.6082,2.4935,3.8722,5.7699
64,18000,40,144,144,252.00,728.00,3.5541,7.2348,0.9695,6996.39,0.1429,602.00,1.4293,2.6528,2.5376,3.8329,5.3746
64,18000,40,144,216,252.00,728.00,3.5541,7.2348,0.9696,6818.72,0.1467,592.00,1.4666,2.7514,2.6659,3.9595,4.9000
64,18000,40,144,288,252.00,728.00,3.5541,7.2348,0.9696,6554.58,0.1526,596.00,1.5257,2.8700,2.7688,4.1003,5.1598
64,18000,40,288,57,252.00,728.00,3.5541,7.2348,0.9883,3926.97,0.2546,602.00,2.5465,4.8599,4.7244,6.9041,8.3564
64,18000,40,288,115,252.00,728.00,3.5541,7.2348,0.9899,3849.24,0.2598,615.00,2.5979,4.9737,4.8233,7.0188,8.6260
64,18000,40,288,230,252.00,728.00,3.5541,7.2348,0.9903,3641.35,0.2746,609.00,2.7462,5.1667,5.0631,7.1805,8.4156
64,18000,40,288,288,252.00,728.00,3.5541,7.2348,0.9904,3601.61,0.2777,607.00,2.7765,5.1656,5.0255,7.1444,9.1200
64,18000,40,288,432,252.00,728.00,3.5541,7.2348,0.9904,3458.81,0.2891,607.00,2.8912,5.4211,5.3109,7.4617,8.7124
64,18000,40,288,576,252.00,728.00,3.5541,7.2348,0.9904,3278.28,0.3050,611.00,3.0504,5.7740,5.6755,7.7749,8.8657
64,18000,40,576,115,252.00,728.00,3.5541,7.2348,0.9964,1917.10,0.5216,626.00,5.2162,9.6238,9.3994,13.3263,16.4377
64,18000,40,576,230,252.00,728.00,3.5541,7.2348,0.9971,1970.98,0.5074,649.00,5.0736,9.5535,9.3985,13.0168,14.9551
64,18000,40,576,460,252.00,728.00,3.5541,7.2348,0.9972,1903.89,0.5252,655.00,5.2524,9.7831,9.6113,13.2819,15.9382
64,18000,40,576,576,252.00,728.00,3.5541,7.2348,0.9972,1916.48,0.5218,641.00,5.2179,9.9411,9.7863,13.3941,15.7895
64,18000,40,576,864,252.00,728.00,3.5541,7.2348,0.9972,1710.52,0.5846,639.00,5.8462,10.9178,10.6818,14.6526,17.4126
64,18000,40,576,1152,252.00,728.00,3.5541,7.2348,0.9973,1639.37,0.6100,644.00,6.0999,11.6693,11.5119,15.0670,16.8731
64,18000,40,1152,230,252.00,728.00,3.5541,7.2348,0.9989,1057.58,0.9456,715.00,9.4556,17.8414,17.5408,23.7411,26.3058
64,18000,40,1152,460,252.00,728.00,3.5541,7.2348,0.9990,1034.76,0.9664,721.00,9.6641,18.3325,18.1171,23.8217,26.3816
64,18000,40,1152,921,252.00,728.00,3.5541,7.2348,0.9991,985.12,1.0151,714.00,10.1510,19.3770,19.1121,25.0422,28.1415
64,18000,40,1152,1152,252.00,728.00,3.5541,7.2348,0.9991,973.65,1.0271,731.00,10.2706,19.4235,19.1364,25.7097,29.2354
64,18000,40,1152,1728,252.00,728.00,3.5541,7.2348,0.9992,854.70,1.1700,722.00,11.7000,22.3787,22.1609,28.0964,30.4674
64,18000,40,1152,2304,252.00,728.00,3.5541,7.2348,0.9992,751.47,1.3307,738.00,13.3073,25.7537,25.5327,31.1988,34.8098
64,18000,100,18,3,307.00,727.00,4.7630,8.4841,0.7066,33511.84,0.0298,626.00,0.2984,0.4243,0.3879,0.7794,1.1120
64,18000,100,18,7,307.00,727.00,4.7630,8.4841,0.7397,34515.99,0.0290,624.00,0.2897,0.4161,0.3915,0.7328,0.9537
64,18000,100,18,14,307.00,727.00,4.7630,8.4841,0.7483,35012.49,0.0286,627.00,0.2856,0.4196,0.3916,0.7151,0.9408
64,18000,100,18,18,307.00,727.00,4.7630,8.4841,0.7493,34506.44,0.0290,626.00,0.2898,0.3986,0.3704,0.6921,0.8931
64,18000,100,18,27,307.00,727.00,4.7630,8.4841,0.7500,33803.99,0.0296,625.00,0.2958,0.4012,0.3722,0.6949,0.9776
64,18000,100,18,36,307.00,727.00,4.7630,8.4841,0.7501,32528.34,0.0307,624.00,0.3074,0.4197,0.3888,0.7180,0.9827
64,18000,100,36,7,307.00,727.00,4.7630,8.4841,0.8278,22046.14,0.0454,625.00,0.4536,0.7370,0.6958,1.2347,1.6562
64,18000,100,36,14,307.00,727.00,4.7630,8.4841,0.8457,22285.17,0.0449,622.00,0.4487,0.7209,0.6865,1.1927,1.5271
64,18000,100,36,28,307.00,727.00,4.7630,8.4841,0.8503,21327.70,0.0469,625.00,0.4689,0.7483,0.7015,1.2520,1.6687
64,18000,100,36,36,307.00,727.00,4.7630,8.4841,0.8506,21755.66,0.0460,625.00,0.4597,0.7344,0.6908,1.2123,1.6830
64,18000,100,36,54,307.00,727.00,4.7630,8.4841,0.8509,20604.64,0.0485,621.00,0.4853,0.7685,0.7293,1.2239,1.5797
64,18000,100,36,72,307.00,727.00,4.7630,8.4841,0.8509,20146.14,0.0496,625.00,0.4964,0.8032,0.7580,1.3041,1.7459
64,18000,100,72,14,307.00,727.00,4.7630,8.4841,0.9135,12445.85,0.0803,627.00,0.8035,1.3976,1.3371,2.1389,2.7223
64,18000,100,72,28,307.00,727.00,4.7630,8.4841,0.9237,11995.03,0.0834,624.00,0.8337,1.4259,1.3551,2.2673,2.9568
64,18000,100,72,57,307.00,727.00,4.7630,8.4841,0.9253,12218.65,0.0818,625.00,0.8184,1.4315,1.3633,2.2056,2.8506
64,18000,100,72,72,307.00,727.00,4.7630,8.4841,0.9253,12387.77,0.0807,622.00,0.8072,1.4126,1.3453,2.1790,2.7220
64,18000,100,72,108,307.00,727.00,4.7630,8.4841,0.9254,11664.87,0.0857,626.00,0.8573,1.4695,1.4125,2.2313,2.7936
64,18000,100,72,144,307.00,727.00,4.7630,8.4841,0.9254,11612.15,0.0861,622.00,0.8612,1.5233,1.4566,2.2776,2.8826
64,18000,100,144,28,307.00,727.00,4.7630,8.4841,0.9654,6845.45,0.1461,626.00,1.4608,2.6622,2.5619,3.9432,4.9658
64,18000,100,144,57,307.00,727.00,4.7630,8.4841,0.9695,6630.56,0.1508,631.00,1.5082,2.7430,2.6531,4.0471,5.0153
64,18000,100,144,115,307.00,727.00,4.7630,8.4841,0.9700,6398.01,0.1563,630.00,1.5630,2.7661,2.6403,4.2338,5.3966
64,18000,100,144,144,307.00,727.00,4.7630,8.4841,0.9700,6268.86,0.1595,631.00,1.5952,2.8464,2.7325,4.1965,5.3241
64,18000,100,144,216,307.00,727.00,4.7630,8.4841,0.9700,6365.74,0.1571,629.00,1.5709,2.8761,2.7815,4.1584,5.2136
64,18000,100,144,288,307.00,727.00,4.7630,8.4841,0.9700,6091.44,0.1642,626.00,1.6416,2.9744,2.8647,4.3326,5.4933
64,18000,100,288,57,307.00,727.00,4.7630,8.4841,0.9892,3695.32,0.2706,639.00,2.7061,4.9740,4.8126,7.0588,9.3146
64,18000,100,288,115,307.00,727.00,4.7630,8.4841,0.9906,3611.07,0.2769,634.00,2.7693,5.1094,4.9771,7.1571,8.8343
64,18000,100,288,230,307.00,727.00,4.7630,8.4841,0.9907,3581.80,0.2792,654.00,2.7919,5.2081,5.1043,7.2336,8.4300
64,18000,100,288,288,307.00,727.00,4.7630,8.4841,0.9907,3634.37,0.2752,650.00,2.7515,5.2102,5.0878,7.3193,8.7500
64,18000,100,288,432,307.00,727.00,4.7630,8.4841,0.9907,3488.74,0.2866,640.00,2.8664,5.4367,5.2969,7.4900,9.1429
64,18000,100,288,576,307.00,727.00,4.7630,8.4841,0.9907,3373.35,0.2964,658.00,2.9644,5.6457,5.4738,7.7004,10.4046
64,18000,100,576,115,307.00,727.00,4.7630,8.4841,0.9973,1951.07,0.5125,674.00,5.1254,9.6211,9.4616,13.0512,15.3724
64,18000,100,576,230,307.00,727.00,4.7630,8.4841,0.9977,1890.81,0.5289,666.00,5.2888,9.7940,9.5534,13.5724,16.4183
64,18000,100,576,460,307.00,727.00,4.7630,8.4841,0.9977,1875.57,0.5332,671.00,5.3317,10.0318,9.8549,13.5326,15.5946
64,18000,100,576,576,307.00,727.00,4.7630,8.4841,0.9977,1963.65,0.5093,691.00,5.0926,9.8801,9.6900,13.4619,15.6424
64,18000,100,576,864,307.00,727.00,4.7630,8.4841,0.9977,1810.01,0.5525,680.00,5.5248,10.5870,10.4152,14.1533,17.1145
64,18000,100,576,1152,307.00,727.00,4.7630,8.4841,0.9977,1661.80,0.6018,682.00,6.0176,11.6310,11.4261,15.2680,18.3747
64,18000,100,1152,230,307.00,727.00,4.7630,8.4841,0.9991,1082.25,0.9240,728.00,9.2400,17.7428,17.4740,23.3811,27.5747
64,18000,100,1152,460,307.00,727.00,4.7630,8.4841,0.9992,1046.83,0.9553,734.00,9.5527,18.2813,17.9657,24.0251,27.5934
64,18000,100,1152,921,307.00,727.00,4.7630,8.4841,0.9992,1002.46,0.9975,737.00,9.9754,18.9938,18.6817,24.6385,31.3868
64,18000,100,1152,1152,307.00,727.00,4.7630,8.4841,0.9992,997.85,1.0022,743.00,10.0215,19.3638,19.0469,25.6198,29.8020
64,18000,100,1152,1728,307.00,727.00,4.7630,8.4841,0.9992,869.36,1.1503,768.00,11.5027,22.0278,21.7763,27.8656,30.8318
64,18000,100,1152,2304,307.00,727.00,4.7630,8.4841,0.9992,750.80,1.3319,767.00,13.3191,25.8139,25.6012,31.7951,34.7653
64,18000,200,18,3,333.00,728.00,3.7644,6.6498,0.6553,32580.23,0.0307,598.00,0.3069,0.4603,0.4302,0.8255,1.0913
64,18000,200,18,7,333.00,728.00,3.7644,6.6498,0.7214,33769.38,0.0296,599.00,0.2961,0.4095,0.3805,0.7385,0.9779
64,18000,200,18,14,333.00,728.00,3.7644,6.6498,0.7439,34854.20,0.0287,598.00,0.2869,0.4086,0.3773,0.7240,0.9416
64,18000,200,18,18,333.00,728.00,3.7644,6.6498,0.7477,35955.54,0.0278,599.00,0.2781,0.3947,0.3629,0.7164,0.9537
64,18000,200,18,27,333.00,728.00,3.7644,6.6498,0.7500,32308.42,0.0310,598.00,0.3095,0.4033,0.3714,0.7186,0.9730
64,18000,200,18,36,333.00,728.00,3.7644,6.6498,0.7507,31785.89,0.0315,595.00,0.3146,0.4152,0.3781,0.7483,0.9922
64,18000,200,36,7,333.00,728.00,3.7644,6.6498,0.7904,21202.72,0.0472,601.00,0.4716,0.7505,0.7082,1.2702,1.6364
64,18000,200,36,14,333.00,728.00,3.7644,6.6498,0.8331,20878.98,0.0479,597.00,0.4790,0.7660,0.7164,1.2832,1.6470
64,18000,200,36,28,333.00,728.00,3.7644,6.6498,0.8487,20023.35,0.0499,598.00,0.4994,0.7432,0.6873,1.3098,1.8350
64,18000,200,36,36,333.00,728.00,3.7644,6.6498,0.8505,19775.55,0.0506,595.00,0.5057,0.7471,0.6933,1.3060,1.7175
64,18000,200,36,54,333.00,728.00,3.7644,6.6498,0.8514,20377.45,0.0491,602.00,0.4907,0.7802,0.7201,1.3541,1.9384
64,18000,200,36,72,333.00,728.00,3.7644,6.6498,0.8516,20096.72,0.0498,600.00,0.4976,0.8012,0.7553,1.3190,1.6773
64,18000,200,72,14,333.00,728.00,3.7644,6.6498,0.8862,11420.08,0.0876,592.00,0.8757,1.4487,1.4067,2.3682,2.8957
64,18000,200,72,28,333.00,728.00,3.7644,6.6498,0.9170,11851.93,0.0844,594.00,0.8437,1.4211,1.3709,2.2368,2.8252
64,18000,200,72,57,333.00,728.00,3.7644,6.6498,0.9257,11797.60,0.0848,594.00,0.8476,1.4590,1.3924,2.2831,2.8897
64,18000,200,72,72,333.00,728.00,3.7644,6.6498,0.9265,11617.22,0.0861,598.00,0.8608,1.4604,1.3953,2.2811,2.9303
64,18000,200,72,108,333.00,728.00,3.7644,6.6498,0.9267,11554.27,0.0865,595.00,0.8655,1.4888,1.4257,2.2967,2.9092
64,18000,200,72,144,333.00,728.00,3.7644,6.6498,0.9268,10897.99,0.0918,600.00,0.9176,1.5258,1.4317,2.4914,3.3976
64,18000,200,144,28,333.00,728.00,3.7644,6.6498,0.9500,6483.37,0.1542,595.00,1.5424,2.7358,2.6542,4.0877,4.8587
64,18000,200,144,57,333.00,728.00,3.7644,6.6498,0.9676,6583.52,0.1519,597.00,1.5189,2.7099,2.5926,4.1394,5.2459
64,18000,200,144,115,333.00,728.00,3.7644,6.6498,0.9702,6463.63,0.1547,600.00,1.5471,2.8029,2.7107,4.1351,5.1135
64,18000,200,144,144,333.00,728.00,3.7644,6.6498,0.9703,6384.87,0.1566,602.00,1.5662,2.8107,2.7094,4.1719,5.2664
64,18000,200,144,216,333.00,728.00,3.7644,6.6498,0.9705,6460.06,0.1548,600.00,1.5480,2.8213,2.7216,4.1077,5.1329
64,18000,200,144,288,333.00,728.00,3.7644,6.6498,0.9705,6165.62,0.1622,614.00,1.6219,2.9581,2.8674,4.2608,5.2695
64,18000,200,288,57,333.00,728.00,3.7644,6.6498,0.9840,3832.66,0.2609,621.00,2.6092,4.9108,4.7370,7.1609,8.9012
64,18000,200,288,115,333.00,728.00,3.7644,6.6498,0.9901,3764.58,0.2656,615.00,2.6563,5.0181,4.8799,7.1331,8.8629
64,18000,200,288,230,333.00,728.00,3.7644,6.6498,0.9910,3714.23,0.2692,624.00,2.6923,5.1032,4.9599,7.2168,8.9824
64,18000,200,288,288,333.00,728.00,3.7644,6.6498,0.9910,3687.73,0.2712,616.00,2.7117,5.1831,5.0325,7.3219,9.5124
64,18000,200,288,432,333.00,728.00,3.7644,6.6498,0.9910,3570.74,0.2801,607.00,2.8005,5.3164,5.1510,7.4126,10.2887
64,18000,200,288,576,333.00,728.00,3.7644,6.6498,0.9910,3417.18,0.2926,625.00,2.9264,5.6226,5.4833,7.7430,9.6756
64,18000,200,576,115,333.00,728.00,3.7644,6.6498,0.9958,2077.82,0.4813,646.00,4.8127,9.3362,9.1161,12.7411,15.2254
64,18000,200,576,230,333.00,728.00,3.7644,6.6498,0.9975,2020.04,0.4950,659.00,4.9504,9.4662,9.2794,13.0712,16.9029
64,18000,200,576,460,333.00,728.00,3.7644,6.6498,0.9977,1957.63,0.5108,656.00,5.1082,9.7332,9.5480,13.5401,17.4957
64,18000,200,576,576,333.00,728.00,3.7644,6.6498,0.9978,1910.43,0.5234,652.00,5.2344,9.8961,9.7010,13.2408,19.1329
64,18000,200,576,864,333.00,728.00,3.7644,6.6498,0.9978,1826.37,0.5475,670.00,5.4753,10.6560,10.4723,13.9945,16.7653
64,18000,200,576,1152,333.00,728.00,3.7644,6.6498,0.9978,1678.73,0.5957,660.00,5.9569,11.5555,11.3528,15.2287,18.3904
64,18000,200,1152,230,333.00,728.00,3.7644,6.6498,0.9989,1088.83,0.9184,717.00,9.1841,17.5059,17.3490,22.7547,25.3522
64,18000,200,1152,460,333.00,728.00,3.7644,6.6498,0.9993,1049.71,0.9526,746.00,9.5264,18.1730,17.8405,24.1723,29.4052
64,18000,200,1152,921,333.00,728.00,3.7644,6.6498,0.9993,989.52,1.0106,741.00,10.1059,19.1920,18.9161,24.7126,28.9502
64,18000,200,1152,1152,333.00,728.00,3.7644,6.6498,0.9993,982.75,1.0175,752.00,10.1755,19.5765,19.3170,25.3842,28.7088
64,18000,200,1152,1728,333.00,728.00,3.7644,6.6498,0.9993,854.81,1.1699,759.00,11.6985,22.2895,22.0868,27.8422,30.5562
64,18000,200,1152,2304,333.00,728.00,3.7644,6.6498,0.9993,752.86,1.3283,764.00,13.2827,25.4704,25.1879,31.1327,33.8718
64,22000,40,22,4,340.00,730.00,4.1623,7.9146,0.7484,32204.00,0.0311,636.00,0.3105,0.4722,0.4470,0.8049,1.0526
64,22000,40,22,8,340.00,730.00,4.1623,7.9146,0.7653,34199.95,0.0292,631.00,0.2924,0.4278,0.4029,0.7279,0.9583
64,22000,40,22,17,340.00,730.00,4.1623,7.9146,0.7714,33273.70,0.0301,634.00,0.3005,0.4298,0.4090,0.7190,0.9189
64,22000,40,22,22,340.00,730.00,4.1623,7.9146,0.7721,32089.18,0.0312,635.00,0.3116,0.4393,0.4104,0.7448,0.9967
64,22000,40,22,33,340.00,730.00,4.1623,7.9146,0.7724,33034.11,0.0303,631.00,0.3027,0.4375,0.4136,0.7097,0.8936
64,22000,40,22,44,340.00,730.00,4.1623,7.9146,0.7724,33502.90,0.0298,632.00,0.2985,0.4623,0.4387,0.7438,0.9375
64,22000,40,44,8,340.00,730.00,4.1623,7.9146,0.8492,21182.15,0.0472,631.00,0.4721,0.7726,0.7361,1.2616,1.6172
64,22000,40,44,17,340.00,730.00,4.1623,7.9146,0.8621,20810.86,0.0481,631.00,0.4805,0.7670,0.7275,1.2491,1.5899
64,22000,40,44,35,340.00,730.00,4.1623,7.9146,0.8651,20058.17,0.0499,632.00,0.4985,0.7970,0.7649,1.2718,1.5987
64,22000,40,44,44,340.00,730.00,4.1623,7.9146,0.8653,20283.19,0.0493,631.00,0.4930,0.7874,0.7495,1.2667,1.5866
64,22000,40,44,66,340.00,730.00,4.1623,7.9146,0.8656,19543.06,0.0512,631.00,0.5117,0.8285,0.7965,1.2993,1.5645
64,22000,40,44,88,340.00,730.00,4.1623,7.9146,0.8656,19049.30,0.0525,630.00,0.5250,0.8587,0.8170,1.3368,1.6924
64,22000,40,88,17,340.00,730.00,4.1623,7.9146,0.9250,11980.36,0.0835,634.00,0.8347,1.4459,1.3980,2.1814,2.6954
64,22000,40,88,35,340.00,730.00,4.1623,7.9146,0.9321,11863.97,0.0843,632.00,0.8429,1.4835,1.4316,2.2270,2.7467
64,22000,40,88,70,340.00,730.00,4.1623,7.9146,0.9333,11673.02,0.0857,630.00,0.8567,1.4811,1.4283,2.2512,2.7628
64,22000,40,88,88,340.00,730.00,4.1623,7.9146,0.9333,11598.80,0.0862,632.00,0.8622,1.4734,1.4177,2.2365,2.6970
64,22000,40,88,132,340.00,730.00,4.1623,7.9146,0.9333,11167.43,0.0895,633.00,0.8955,1.5699,1.5119,2.3214,2.7461
64,22000,40,88,176,340.00,730.00,4.1623,7.9146,0.9333,10746.98,0.0930,632.00,0.9305,1.6180,1.5628,2.3590,2.8845
64,22000,40,176,35,340.00,730.00,4.1623,7.9146,0.9693,6610.24,0.1513,633.00,1.5128,2.7653,2.6916,3.9852,4.8027
64,22000,40,176,70,340.00,730.00,4.1623,7.9146,0.9724,6351.43,0.1574,632.00,1.5744,2.7571,2.6496,4.1069,5.2116
64,22000,40,176,140,340.00,730.00,4.1623,7.9146,0.9728,6240.48,0.1602,639.00,1.6024,2.8866,2.8216,4.0985,4.8739
64,22000,40,176,176,340.00,730.00,4.1623,7.9146,0.9728,6332.08,0.1579,635.00,1.5793,2.9010,2.8182,4.1204,4.9794
64,22000,40,176,264,340.00,730.00,4.1623,7.9146,0.9728,6072.87,0.1647,635.00,1.6467,3.0460,2.9522,4.3126,5.3294
64,22000,40,176,352,340.00,730.00,4.1623,7.9146,0.9728,5855.59,0.1708,641.00,1.7078,3.0892,2.9974,4.4275,5.7512
64,22000,40,352,70,340.00,730.00,4.1623,7.9146,0.9906,3675.10,0.2721,630.00,2.7210,5.0606,4.9088,7.1763,10.0573
64,22000,40,352,140,340.00,730.00,4.1623,7.9146,0.9918,3680.36,0.2717,639.00,2.7171,5.1879,5.1007,7.1115,8.3005
64,22000,40,352,281,340.00,730.00,4.1623,7.9146,0.9920,3544.37,0.2821,639.00,2.8214,5.3629,5.2485,7.3374,8.8402
64,22000,40,352,352,340.00,730.00,4.1623,7.9146,0.9920,3398.66,0.2942,645.00,2.9423,5.4807,5.3702,7.5240,8.9737
64,22000,40,352,528,340.00,730.00,4.1623,7.9146,0.9919,3205.81,0.3119,650.00,3.1193,5.8229,5.7284,7.7796,8.9780
64,22000,40,352,704,340.00,730.00,4.1623,7.9146,0.9919,3045.77,0.3283,639.00,3.2832,6.2608,6.1508,8.3316,9.7085
64,22000,40,704,140,340.00,730.00,4.1623,7.9146,0.9974,1917.81,0.5214,665.00,5.2143,9.8351,9.6797,13.1682,15.5346
64,22000,40,704,281,340.00,730.00,4.1623,7.9146,0.9977,1934.54,0.5169,661.00,5.1692,9.9393,9.7805,13.2770,15.3694
64,22000,40,704,563,340.00,730.00,4.1623,7.9146,0.9978,1806.08,0.5537,675.00,5.5369,10.4683,10.3374,13.7713,15.8918
64,22000,40,704,704,340.00,730.00,4.1623,7.9146,0.9978,1786.36,0.5598,679.00,5.5980,10.6698,10.5845,14.0146,16.1090
64,22000,40,704,1056,340.00,730.00,4.1623,7.9146,0.9978,1676.13,0.5966,665.00,5.9661,11.5256,11.3197,15.1453,18.6202
64,22000,40,704,1408,340.00,730.00,4.1623,7.9146,0.9978,1492.34,0.6701,669.00,6.7009,12.9307,12.7059,16.6596,19.4743
64,22000,40,1408,281,340.00,730.00,4.1623,7.9146,0.9991,1049.54,0.9528,737.00,9.5280,18.2369,18.0400,23.5411,26.8407
64,22000,40,1408,563,340.00,730.00,4.1623,7.9146,0.9991,1005.77,0.9943,745.00,9.9427,19.1875,18.9341,24.5429,28.6204
64,22000,40,1408,1126,340.00,730.00,4.1623,7.9146,0.9992,921.96,1.0846,760.00,10.8465,20.5371,20.2182,26.5425,31.2922
64,22000,40,1408,1408,340.00,730.00,4.1623,7.9146,0.9992,889.54,1.1242,787.00,11.2418,21.3228,21.0845,26.7484,29.9995
64,22000,40,1408,2112,340.00,730.00,4.1623,7.9146,0.9992,762.63,1.3113,800.00,13.1126,24.9920,24.7725,30.7413,33.7781
64,22000,40,1408,2816,340.00,730.00,4.1623,7.9146,0.9992,626.03,1.5974,798.00,15.9736,30.7062,30.6682,36.3214,38.6333
64,22000,100,22,4,368.00,732.00,5.5083,9.3431,0.7396,31154.50,0.0321,615.00,0.3210,0.4669,0.4374,0.8277,1.1318
64,22000,100,22,8,368.00,732.00,5.5083,9.3431,0.7631,34503.13,0.0290,618.00,0.2898,0.4434,0.4200,0.7450,0.9713
64,22000,100,22,17,368.00,732.00,5.5083,9.3431,0.7717,32344.26,0.0309,619.00,0.3092,0.4473,0.4224,0.7615,0.9845
64,22000,100,22,22,368.00,732.00,5.5083,9.3431,0.7725,33121.14,0.0302,618.00,0.3019,0.4344,0.4107,0.7186,0.9172
64,22000,100,22,33,368.00,732.00,5.5083,9.3431,0.7727,32681.17,0.0306,613.00,0.3060,0.4522,0.4292,0.7380,0.9319
64,22000,100,22,44,368.00,732.00,5.5083,9.3431,0.7726,31732.00,0.0315,619.00,0.3151,0.4601,0.4290,0.7588,0.9555
64,22000,100,44,8,368.00,732.00,5.5083,9.3431,0.8449,20496.18,0.0488,615.00,0.4879,0.7836,0.7459,1.2471,1.5602
64,22000,100,44,17,368.00,732.00,5.5083,9.3431,0.8621,20812.04,0.0480,610.00,0.4805,0.7896,0.7506,1.2668,1.6004
64,22000,100,44,35,368.00,732.00,5.5083,9.3431,0.8653,19849.14,0.0504,615.00,0.5038,0.8115,0.7744,1.3017,1.6199
64,22000,100,44,44,368.00,732.00,5.5083,9.3431,0.8654,19845.91,0.0504,610.00,0.5039,0.8002,0.7616,1.2755,1.6157
64,22000,100,44,66,368.00,732.00,5.5083,9.3431,0.8656,19081.54,0.0524,615.00,0.5241,0.8358,0.7957,1.3299,1.6557
64,22000,100,44,88,368.00,732.00,5.5083,9.3431,0.8656,18899.22,0.0529,614.00,0.5291,0.8762,0.8384,1.3620,1.6815
64,22000,100,88,17,368.00,732.00,5.5083,9.3431,0.9238,12044.06,0.0830,611.00,0.8303,1.4497,1.4021,2.2027,2.7608
64,22000,100,88,35,368.00,732.00,5.5083,9.3431,0.9324,11481.33,0.0871,613.00,0.8710,1.4977,1.4405,2.3047,2.8367
64,22000,100,88,70,368.00,732.00,5.5083,9.3431,0.9336,11346.78,0.0881,616.00,0.8813,1.5321,1.4759,2.2978,2.8017
64,22000,100,88,88,368.00,732.00,5.5083,9.3431,0.9336,10996.65,0.0909,614.00,0.9094,1.5366,1.4677,2.3741,2.9255
64,22000,100,88,132,368.00,732.00,5.5083,9.3431,0.9337,10757.17,0.0930,619.00,0.9296,1.5891,1.5223,2.4240,3.0519
64,22000,100,88,176,368.00,732.00,5.5083,9.3431,0.9337,10987.81,0.0910,616.00,0.9101,1.6262,1.5739,2.3728,2.8646
64,22000,100,176,35,368.00,732.00,5.5083,9.3431,0.9700,6546.79,0.1527,619.00,1.5275,2.7464,2.6618,4.0205,4.7993
64,22000,100,176,70,368.00,732.00,5.5083,9.3431,0.9730,6398.92,0.1563,619.00,1.5628,2.7864,2.6821,4.1132,5.2253
64,22000,100,176,140,368.00,732.00,5.5083,9.3431,0.9734,6207.23,0.1611,620.00,1.6110,2.9189,2.8426,4.1879,5.0099
64,22000,100,176,176,368.00,732.00,5.5083,9.3431,0.9734,6072.05,0.1647,617.00,1.6469,2.9398,2.8739,4.2178,4.9866
64,22000,100,176,264,368.00,732.00,5.5083,9.3431,0.9735,5942.02,0.1683,618.00,1.6829,3.0947,3.0152,4.3451,5.1861
64,22000,100,176,352,368.00,732.00,5.5083,9.3431,0.9735,5634.86,0.1775,620.00,1.7747,3.2213,3.1414,4.4714,5.2652
64,22000,100,352,70,368.00,732.00,5.5083,9.3431,0.9910,3341.83,0.2992,626.00,2.9924,5.3497,5.2067,7.6705,9.1886
64,22000,100,352,140,368.00,732.00,5.5083,9.3431,0.9921,3443.47,0.2904,643.00,2.9040,5.3613,5.2786,7.4207,8.6501
64,22000,100,352,281,368.00,732.00,5.5083,9.3431,0.9921,3309.83,0.3021,635.00,3.0213,5.5854,5.4815,7.6258,8.9094
64,22000,100,352,352,368.00,732.00,5.5083,9.3431,0.9921,3326.92,0.3006,646.00,3.0058,5.5710,5.4950,7.5335,8.6346
64,22000,100,352,528,368.00,732.00,5.5083,9.3431,0.9921,3221.73,0.3104,646.00,3.1039,5.8759,5.7608,7.8913,9.2155
64,22000,100,352,704,368.00,732.00,5.5083,9.3431,0.9921,2980.12,0.3356,629.00,3.3556,6.3196,6.2295,8.2833,9.5841
64,22000,100,704,140,368.00,732.00,5.5083,9.3431,0.9976,1813.64,0.5514,657.00,5.5138,10.1035,10.0266,13.5284,15.2690
64,22000,100,704,281,368.00,732.00,5.5083,9.3431,0.9979,1873.14,0.5339,656.00,5.3386,10.1300,9.9366,13.6240,16.2134
64,22000,100,704,563,368.00,732.00,5.5083,9.3431,0.9979,1771.13,0.5646,668.00,5.6461,10.6870,10.5709,14.1371,15.7473
64,22000,100,704,704,368.00,732.00,5.5083,9.3431,0.9979,1722.92,0.5804,659.00,5.8041,10.7346,10.5353,14.5209,17.0706
64,22000,100,704,1056,368.00,732.00,5.5083,9.3431,0.9979,1585.19,0.6308,672.00,6.3084,11.8775,11.7685,15.1531,17.0027
64,22000,100,704,1408,368.00,732.00,5.5083,9.3431,0.9979,1421.81,0.7033,651.00,7.0333,13.2345,13.0490,16.7396,19.8602
64,22000,100,1408,281,368.00,732.00,5.5083,9.3431,0.9991,999.06,1.0009,750.00,10.0094,18.8107,18.7074,24.0749,26.5626
64,22000,100,1408,563,368.00,732.00,5.5083,9.3431,0.9991,985.77,1.0144,750.00,10.1444,19.3010,19.1235,24.3475,26.6490
64,22000,100,1408,1126,368.00,732.00,5.5083,9.3431,0.9992,914.49,1.0935,766.00,10.9350,20.8505,20.7346,26.1448,28.7009
64,22000,100,1408,1408,368.00,732.00,5.5083,9.3431,0.9992,870.54,1.1487,770.00,11.4872,21.5944,21.4150,27.0627,29.8511
64,22000,100,1408,2112,368.00,732.00,5.5083,9.3431,0.9992,747.29,1.3382,780.00,13.3817,25.5818,25.4378,31.0264,33.6870
64,22000,100,1408,2816,368.00,732.00,5.5083,9.3431,0.9993,629.07,1.5896,780.00,15.8965,30.4557,30.2403,36.4068,39.7823
64,22000,200,22,4,349.00,731.00,4.4690,7.4126,0.6937,31889.76,0.0314,604.00,0.3136,0.4809,0.4570,0.8310,1.1418
64,22000,200,22,8,349.00,731.00,4.4690,7.4126,0.7436,34873.33,0.0287,602.00,0.2868,0.4184,0.3956,0.7314,0.9526
64,22000,200,22,17,349.00,731.00,4.4690,7.4126,0.7672,34506.48,0.0290,604.00,0.2898,0.4206,0.3952,0.7364,1.0156
64,22000,200,22,22,349.00,731.00,4.4690,7.4126,0.7702,35104.48,0.0285,604.00,0.2849,0.4032,0.3775,0.6941,0.9149
64,22000,200,22,33,349.00,731.00,4.4690,7.4126,0.7723,33624.87,0.0297,607.00,0.2974,0.4198,0.3902,0.7181,0.9365
64,22000,200,22,44,349.00,731.00,4.4690,7.4126,0.7728,32908.62,0.0304,606.00,0.3039,0.4501,0.4251,0.7346,0.9403
64,22000,200,44,8,349.00,731.00,4.4690,7.4126,0.8081,21092.18,0.0474,607.00,0.4741,0.7883,0.7500,1.2893,1.6242
64,22000,200,44,17,349.00,731.00,4.4690,7.4126,0.8511,20243.65,0.0494,608.00,0.4940,0.7842,0.7485,1.2709,1.5722
64,22000,200,44,35,349.00,731.00,4.4690,7.4126,0.8646,20061.01,0.0498,601.00,0.4985,0.7940,0.7531,1.3168,1.7501
64,22000,200,44,44,349.00,731.00,4.4690,7.4126,0.8660,18854.79,0.0530,605.00,0.5304,0.8031,0.7436,1.3885,1.8716
64,22000,200,44,66,349.00,731.00,4.4690,7.4126,0.8670,20034.86,0.0499,600.00,0.4991,0.8268,0.7914,1.3095,1.5973
64,22000,200,44,88,349.00,731.00,4.4690,7.4126,0.8671,19754.95,0.0506,604.00,0.5062,0.8292,0.7838,1.3355,1.6768
64,22000,200,88,17,349.00,731.00,4.4690,7.4126,0.8992,11951.94,0.0837,617.00,0.8367,1.4222,1.3624,2.2267,2.8136
64,22000,200,88,35,349.00,731.00,4.4690,7.4126,0.9268,11743.35,0.0852,603.00,0.8515,1.4373,1.3669,2.2897,3.1298
64,22000,200,88,70,349.00,731.00,4.4690,7.4126,0.9337,11930.94,0.0838,608.00,0.8382,1.4745,1.4155,2.2496,2.8127
64,22000,200,88,88,349.00,731.00,4.4690,7.4126,0.9341,12130.41,0.0824,607.00,0.8244,1.4733,1.4156,2.2328,2.7115
64,22000,200,88,132,349.00,731.00,4.4690,7.4126,0.9346,11856.65,0.0843,604.00,0.8434,1.5166,1.4547,2.2789,2.8551
64,22000,200,88,176,349.00,731.00,4.4690,7.4126,0.9346,11437.24,0.0874,617.00,0.8743,1.5505,1.4881,2.3630,2.9625
64,22000,200,176,35,349.00,731.00,4.4690,7.4126,0.9582,6933.48,0.1442,614.00,1.4423,2.6778,2.5871,3.9623,4.9404
64,22000,200,176,70,349.00,731.00,4.4690,7.4126,0.9706,6798.92,0.1471,607.00,1.4708,2.7422,2.6439,4.0676,5.1391
64,22000,200,176,140,349.00,731.00,4.4690,7.4126,0.9728,6608.87,0.1513,617.00,1.5131,2.8125,2.7350,4.1002,4.9914
64,22000,200,176,176,349.00,731.00,4.4690,7.4126,0.9731,6563.95,0.1523,609.00,1.5235,2.8293,2.7512,4.0634,4.9284
64,22000,200,176,264,349.00,731.00,4.4690,7.4126,0.9730,6310.20,0.1585,605.00,1.5847,2.9494,2.8660,4.2122,5.1567
64,22000,200,176,352,349.00,731.00,4.4690,7.4126,0.9731,6204.10,0.1612,610.00,1.6118,3.0425,2.9553,4.2901,5.2436
64,22000,200,352,70,349.00,731.00,4.4690,7.4126,0.9861,3685.65,0.2713,630.00,2.7132,5.1476,5.0416,7.2220,8.5397
64,22000,200,352,140,349.00,731.00,4.4690,7.4126,0.9912,3627.26,0.2757,634.00,2.7569,5.2210,5.1004,7.4223,8.8694
64,22000,200,352,281,349.00,731.00,4.4690,7.4126,0.9918,3549.21,0.2818,616.00,2.8175,5.4069,5.2704,7.5952,9.1465
64,22000,200,352,352,349.00,731.00,4.4690,7.4126,0.9918,3478.86,0.2875,623.00,2.8745,5.4693,5.3814,7.4297,8.5877
64,22000,200,352,528,349.00,731.00,4.4690,7.4126,0.9918,3315.12,0.3016,625.00,3.0165,5.7578,5.6566,7.8121,9.2640
64,22000,200,352,704,349.00,731.00,4.4690,7.4126,0.9918,3131.69,0.3193,626.00,3.1932,6.1837,6.0625,8.2553,9.5356
64,22000,200,704,140,349.00,731.00,4.4690,7.4126,0.9964,1936.87,0.5163,665.00,5.1630,9.6198,9.3243,13.0680,20.0950
64,22000,200,704,281,349.00,731.00,4.4690,7.4126,0.9977,1892.26,0.5285,662.00,5.2847,9.9462,9.8003,13.5006,16.0929
64,22000,200,704,563,349.00,731.00,4.4690,7.4126,0.9979,1807.05,0.5534,676.00,5.5339,10.5435,10.4317,13.7706,15.9132
64,22000,200,704,704,349.00,731.00,4.4690,7.4126,0.9979,1781.32,0.5614,666.00,5.6138,10.6993,10.5444,14.0705,16.0818
64,22000,200,704,1056,349.00,731.00,4.4690,7.4126,0.9979,1630.02,0.6135,680.00,6.1349,11.6990,11.6137,15.0151,16.6605
64,22000,200,704,1408,349.00,731.00,4.4690,7.4126,0.9979,1451.86,0.6888,671.00,6.8877,13.0895,12.9265,16.5523,18.5649
64,22000,200,1408,281,349.00,731.00,4.4690,7.4126,0.9989,999.77,1.0002,745.00,10.0023,18.8140,18.5924,24.9779,27.8634
64,22000,200,1408,563,349.00,731.00,4.4690,7.4126,0.9993,958.17,1.0437,749.00,10.4366,19.7033,19.5821,25.5977,27.9747
64,22000,200,1408,1126,349.00,731.00,4.4690,7.4126,0.9992,907.15,1.1024,763.00,11.0235,21.0157,20.9602,26.3674,28.7423
64,22000,200,1408,1408,349.00,731.00,4.4690,7.4126,0.9992,893.19,1.1196,782.00,11.1959,21.1697,20.9943,27.7148,30.9492
64,22000,200,1408,2112,349.00,731.00,4.4690,7.4126,0.9993,790.03,1.2658,782.00,12.6578,24.5564,24.1458,31.1663,35.2314
64,22000,200,1408,2816,349.00,731.00,4.4690,7.4126,0.9993,664.70,1.5044,782.00,15.0444,29.5337,29.0627,37.6131,42.2028
64,26000,40,26,5,347.00,730.00,4.8255,8.7792,0.7642,31854.87,0.0314,665.00,0.3139,0.4855,0.4584,0.8501,1.1595
64,26000,40,26,10,347.00,730.00,4.8255,8.7792,0.7787,31008.13,0.0322,667.00,0.3225,0.4527,0.4333,0.7544,0.9711
64,26000,40,26,20,347.00,730.00,4.8255,8.7792,0.7838,33172.28,0.0301,679.00,0.3015,0.4533,0.4348,0.7380,0.9481
64,26000,40,26,26,347.00,730.00,4.8255,8.7792,0.7847,32265.03,0.0310,668.00,0.3099,0.4622,0.4413,0.7427,0.9990
64,26000,40,26,39,347.00,730.00,4.8255,8.7792,0.7851,31971.73,0.0313,669.00,0.3128,0.4631,0.4423,0.7399,0.9299
64,26000,40,26,52,347.00,730.00,4.8255,8.7792,0.7854,31083.46,0.0322,671.00,0.3217,0.4888,0.4667,0.7597,0.9634
64,26000,40,52,10,347.00,730.00,4.8255,8.7792,0.8612,20357.78,0.0491,666.00,0.4912,0.7919,0.7616,1.2827,1.6284
64,26000,40,52,20,347.00,730.00,4.8255,8.7792,0.8721,20404.54,0.0490,666.00,0.4901,0.8059,0.7737,1.2720,1.5494
64,26000,40,52,41,347.00,730.00,4.8255,8.7792,0.8742,19940.91,0.0501,660.00,0.5015,0.8336,0.8024,1.2982,1.6255
64,26000,40,52,52,347.00,730.00,4.8255,8.7792,0.8744,19606.89,0.0510,668.00,0.5100,0.8259,0.7982,1.2727,1.5632
64,26000,40,52,78,347.00,730.00,4.8255,8.7792,0.8746,19296.91,0.0518,665.00,0.5182,0.8678,0.8394,1.3389,1.6586
64,26000,40,52,104,347.00,730.00,4.8255,8.7792,0.8745,18513.70,0.0540,664.00,0.5401,0.8934,0.8590,1.3614,1.7594
64,26000,40,104,20,347.00,730.00,4.8255,8.7792,0.9320,11878.79,0.0842,663.00,0.8418,1.4883,1.4551,2.2132,2.6590
64,26000,40,104,41,347.00,730.00,4.8255,8.7792,0.9386,11655.88,0.0858,680.00,0.8579,1.5259,1.4706,2.3367,2.8201
64,26000,40,104,83,347.00,730.00,4.8255,8.7792,0.9396,11318.29,0.0884,665.00,0.8835,1.5444,1.4983,2.3092,2.8458
64,26000,40,104,104,347.00,730.00,4.8255,8.7792,0.9397,11389.55,0.0878,673.00,0.8780,1.5433,1.4890,2.3344,3.0450
64,26000,40,104,156,347.00,730.00,4.8255,8.7792,0.9398,11000.47,0.0909,667.00,0.9091,1.6412,1.6032,2.3542,2.7844
64,26000,40,104,208,347.00,730.00,4.8255,8.7792,0.9398,10572.24,0.0946,668.00,0.9459,1.6864,1.6256,2.4915,3.1752
64,26000,40,208,41,347.00,730.00,4.8255,8.7792,0.9726,6318.08,0.1583,672.00,1.5828,2.8232,2.7233,4.2136,5.5882
64,26000,40,208,83,347.00,730.00,4.8255,8.7792,0.9758,6315.54,0.1583,685.00,1.5834,2.9117,2.8419,4.1725,5.0693
64,26000,40,208,166,347.00,730.00,4.8255,8.7792,0.9763,6174.95,0.1619,678.00,1.6194,2.9814,2.9240,4.1510,4.8690
64,26000,40,208,208,347.00,730.00,4.8255,8.7792,0.9763,6054.65,0.1652,675.00,1.6516,3.0844,3.0142,4.2963,5.1376
64,26000,40,208,312,347.00,730.00,4.8255,8.7792,0.9765,5734.80,0.1744,680.00,1.7437,3.2449,3.1844,4.4338,5.1730
64,26000,40,208,416,347.00,730.00,4.8255,8.7792,0.9764,5402.95,0.1851,685.00,1.8508,3.4273,3.3755,4.6264,5.4738
64,26000,40,416,83,347.00,730.00,4.8255,8.7792,0.9913,3422.68,0.2922,680.00,2.9217,5.4562,5.3898,7.4379,8.6405
64,26000,40,416,166,347.00,730.00,4.8255,8.7792,0.9925,3367.95,0.2969,678.00,2.9692,5.5222,5.4118,7.5998,8.9306
64,26000,40,416,332,347.00,730.00,4.8255,8.7792,0.9927,3232.53,0.3094,679.00,3.0935,5.7138,5.6282,7.7860,9.1765
64,26000,40,416,416,347.00,730.00,4.8255,8.7792,0.9927,3235.26,0.3091,675.00,3.0909,5.7762,5.6849,7.8192,9.1054
64,26000,40,416,624,347.00,730.00,4.8255,8.7792,0.9927,2945.11,0.3395,687.00,3.3955,6.3453,6.2649,8.4442,9.6549
64,26000,40,416,832,347.00,730.00,4.8255,8.7792,0.9927,2635.00,0.3795,685.00,3.7951,7.0985,7.0437,9.1169,10.3348
64,26000,40,832,166,347.00,730.00,4.8255,8.7792,0.9975,1814.15,0.5512,723.00,5.5122,10.3504,10.2959,13.5683,15.0369
64,26000,40,832,332,347.00,730.00,4.8255,8.7792,0.9979,1832.96,0.5456,734.00,5.4556,10.4473,10.2501,13.9874,16.3516
64,26000,40,832,665,347.00,730.00,4.8255,8.7792,0.9979,1676.94,0.5963,729.00,5.9633,11.2664,11.1669,14.4416,16.1269
64,26000,40,832,832,347.00,730.00,4.8255,8.7792,0.9980,1647.19,0.6071,726.00,6.0709,11.3132,11.0790,15.3330,19.7285
64,26000,40,832,1248,347.00,730.00,4.8255,8.7792,0.9980,1508.56,0.6629,730.00,6.6288,12.7914,12.6688,15.9774,18.0150
64,26000,40,832,1664,347.00,730.00,4.8255,8.7792,0.9980,1300.23,0.7691,729.00,7.6909,14.7657,14.6803,17.8311,19.5704
64,26000,40,1664,332,347.00,730.00,4.8255,8.7792,0.9990,958.38,1.0434,807.00,10.4343,19.5709,19.4256,25.1648,27.5840
64,26000,40,1664,665,347.00,730.00,4.8255,8.7792,0.9990,937.99,1.0661,822.00,10.6611,20.3847,20.2523,25.5413,27.8928
64,26000,40,1664,1331,347.00,730.00,4.8255,8.7792,0.9992,855.10,1.1695,822.00,11.6946,22.2894,22.3358,27.7528,30.1218
64,26000,40,1664,1664,347.00,730.00,4.8255,8.7792,0.9992,828.63,1.2068,818.00,12.0681,23.1381,23.0402,28.2148,30.6738
64,26000,40,1664,2496,347.00,730.00,4.8255,8.7792,0.9992,676.40,1.4784,820.00,14.7841,28.5295,28.4399,33.7581,36.2617
64,26000,40,1664,3328,347.00,730.00,4.8255,8.7792,0.9992,536.44,1.8642,834.00,18.6415,35.8774,35.7946,41.5443,44.3036
64,26000,100,26,5,395.00,733.00,6.4748,10.4843,0.7584,30081.26,0.0332,626.00,0.3324,0.4977,0.4719,0.8538,1.0735
64,26000,100,26,10,395.00,733.00,6.4748,10.4843,0.7801,32066.39,0.0312,621.00,0.3119,0.4687,0.4489,0.7714,0.9517
64,26000,100,26,20,395.00,733.00,6.4748,10.4843,0.7864,32006.17,0.0312,629.00,0.3124,0.4604,0.4350,0.7594,0.9452
64,26000,100,26,26,395.00,733.00,6.4748,10.4843,0.7872,29759.06,0.0336,626.00,0.3360,0.4625,0.4349,0.7576,0.9733
64,26000,100,26,39,395.00,733.00,6.4748,10.4843,0.7874,29511.03,0.0339,637.00,0.3389,0.4694,0.4381,0.7757,1.0074
64,26000,100,26,52,395.00,733.00,6.4748,10.4843,0.7874,30615.85,0.0327,630.00,0.3266,0.5006,0.4787,0.7809,0.9854
64,26000,100,52,10,395.00,733.00,6.4748,10.4843,0.8593,20314.34,0.0492,628.00,0.4923,0.8048,0.7795,1.2728,1.5505
64,26000,100,52,20,395.00,733.00,6.4748,10.4843,0.8728,20130.72,0.0497,625.00,0.4968,0.8270,0.7983,1.2976,1.6091
64,26000,100,52,41,395.00,733.00,6.4748,10.4843,0.8760,19189.63,0.0521,621.00,0.5211,0.8547,0.8224,1.3390,1.6832
64,26000,100,52,52,395.00,733.00,6.4748,10.4843,0.8762,20008.19,0.0500,639.00,0.4998,0.8252,0.7916,1.2926,1.5843
64,26000,100,52,78,395.00,733.00,6.4748,10.4843,0.8764,19033.90,0.0525,626.00,0.5254,0.8659,0.8334,1.3448,1.6218
64,26000,100,52,104,395.00,733.00,6.4748,10.4843,0.8765,18200.38,0.0549,622.00,0.5494,0.8981,0.8613,1.3919,1.6925
64,26000,100,104,20,395.00,733.00,6.4748,10.4843,0.9319,12011.20,0.0833,631.00,0.8326,1.4952,1.4490,2.2737,2.7419
64,26000,100,104,41,395.00,733.00,6.4748,10.4843,0.9394,11778.83,0.0849,626.00,0.8490,1.5262,1.4746,2.3009,2.7907
64,26000,100,104,83,395.00,733.00,6.4748,10.4843,0.9409,11169.81,0.0895,623.00,0.8953,1.5834,1.5442,2.3757,2.8920
64,26000,100,104,104,395.00,733.00,6.4748,10.4843,0.9409,11392.56,0.0878,624.00,0.8778,1.5939,1.5517,2.3293,2.8011
64,26000,100,104,156,395.00,733.00,6.4748,10.4843,0.9409,10813.39,0.0925,628.00,0.9248,1.6735,1.6285,2.4310,2.9010
64,26000,100,104,208,395.00,733.00,6.4748,10.4843,0.9409,10444.11,0.0957,637.00,0.9575,1.7415,1.6996,2.5003,2.9462
64,26000,100,208,41,395.00,733.00,6.4748,10.4843,0.9735,6564.95,0.1523,625.00,1.5232,2.8213,2.7468,4.0641,5.1305
64,26000,100,208,83,395.00,733.00,6.4748,10.4843,0.9764,6270.75,0.1595,631.00,1.5947,2.9487,2.8886,4.1523,4.9662
64,26000,100,208,166,395.00,733.00,6.4748,10.4843,0.9768,6078.03,0.1645,626.00,1.6453,2.9978,2.8991,4.2845,5.9750
64,26000,100,208,208,395.00,733.00,6.4748,10.4843,0.9768,5955.07,0.1679,626.00,1.6792,3.0285,2.9529,4.3242,5.4721
64,26000,100,208,312,395.00,733.00,6.4748,10.4843,0.9767,5733.55,0.1744,626.00,1.7441,3.2407,3.1813,4.4449,5.3032
64,26000,100,208,416,395.00,733.00,6.4748,10.4843,0.9767,5483.63,0.1824,629.00,1.8236,3.4098,3.3421,4.6100,5.3654
64,26000,100,416,83,395.00,733.00,6.4748,10.4843,0.9918,3502.94,0.2855,641.00,2.8547,5.3624,5.2273,7.5417,9.3937
64,26000,100,416,166,395.00,733.00,6.4748,10.4843,0.9928,3384.52,0.2955,644.00,2.9546,5.5928,5.5295,7.5152,8.7192
64,26000,100,416,332,395.00,733.00,6.4748,10.4843,0.9927,3207.54,0.3118,645.00,3.1176,5.8827,5.8162,7.8450,8.8193
64,26000,100,416,416,395.00,733.00,6.4748,10.4843,0.9928,3093.77,0.3232,642.00,3.2323,6.0251,5.9566,8.0887,9.1619
64,26000,100,416,624,395.00,733.00,6.4748,10.4843,0.9928,2915.41,0.3430,644.00,3.4300,6.3944,6.2771,8.5432,9.9103
64,26000,100,416,832,395.00,733.00,6.4748,10.4843,0.9928,2667.76,0.3748,654.00,3.7485,6.9888,6.8586,9.2521,10.7333
64,26000,100,832,166,395.00,733.00,6.4748,10.4843,0.9979,1806.92,0.5534,695.00,5.5343,10.4032,10.3235,13.6306,15.2836
64,26000,100,832,332,395.00,733.00,6.4748,10.4843,0.9981,1764.55,0.5667,695.00,5.6672,10.7116,10.6054,14.0497,15.6272
64,26000,100,832,665,395.00,733.00,6.4748,10.4843,0.9981,1693.01,0.5907,686.00,5.9067,11.2127,11.0937,14.4522,16.7877
64,26000,100,832,832,395.00,733.00,6.4748,10.4843,0.9981,1589.43,0.6292,690.00,6.2916,11.7588,11.7290,15.1805,16.6181
64,26000,100,832,1248,395.00,733.00,6.4748,10.4843,0.9981,1465.05,0.6826,691.00,6.8257,12.9064,12.7819,16.3877,18.4178
64,26000,100,832,1664,395.00,733.00,6.4748,10.4843,0.9981,1263.10,0.7917,706.00,7.9170,14.9906,14.8518,18.5406,20.4161
64,26000,100,1664,332,395.00,733.00,6.4748,10.4843,0.9992,946.40,1.0566,789.00,10.5664,19.7531,19.7049,25.2191,27.4682
64,26000,100,1664,665,395.00,733.00,6.4748,10.4843,0.9993,917.35,1.0901,818.00,10.9010,20.5285,20.5510,26.2150,28.4590
64,26000,100,1664,1331,395.00,733.00,6.4748,10.4843,0.9993,831.04,1.2033,816.00,12.0332,22.6633,22.5351,28.3128,31.5954
64,26000,100,1664,1664,395.00,733.00,6.4748,10.4843,0.9993,819.49,1.2203,831.00,12.2027,23.2178,23.3427,28.9636,31.6790
64,26000,100,1664,2496,395.00,733.00,6.4748,10.4843,0.9993,665.43,1.5028,822.00,15.0279,28.8198,28.7305,34.2589,37.9194
64,26000,100,1664,3328,395.00,733.00,6.4748,10.4843,0.9993,532.95,1.8763,843.00,18.7633,36.2164,36.1158,41.8669,44.4219
64,26000,200,26,5,403.00,731.00,5.2544,8.3269,0.7206,30800.64,0.0325,615.00,0.3247,0.4929,0.4669,0.8379,1.0486
64,26000,200,26,10,403.00,731.00,5.2544,8.3269,0.7653,32486.25,0.0308,612.00,0.3078,0.4595,0.4350,0.7792,0.9849
64,26000,200,26,20,403.00,731.00,5.2544,8.3269,0.7842,31067.46,0.0322,613.00,0.3219,0.4577,0.4317,0.7777,1.0621
64,26000,200,26,26,403.00,731.00,5.2544,8.3269,0.7868,32659.44,0.0306,614.00,0.3062,0.4459,0.4260,0.7368,0.9651
64,26000,200,26,39,403.00,731.00,5.2544,8.3269,0.7882,32797.28,0.0305,613.00,0.3049,0.4435,0.4186,0.7363,0.9306
64,26000,200,26,52,403.00,731.00,5.2544,8.3269,0.7884,31000.51,0.0323,613.00,0.3226,0.4569,0.4326,0.7570,0.9611
64,26000,200,52,10,403.00,731.00,5.2544,8.3269,0.8275,20274.76,0.0493,615.00,0.4932,0.8180,0.7859,1.2967,1.6312
64,26000,200,52,20,403.00,731.00,5.2544,8.3269,0.8640,20023.44,0.0499,617.00,0.4994,0.8329,0.7968,1.3133,1.6615
64,26000,200,52,41,403.00,731.00,5.2544,8.3269,0.8755,19386.98,0.0516,619.00,0.5158,0.8231,0.7770,1.3402,1.7208
64,26000,200,52,52,403.00,731.00,5.2544,8.3269,0.8766,19270.62,0.0519,616.00,0.5189,0.8204,0.7794,1.3382,1.7242
64,26000,200,52,78,403.00,731.00,5.2544,8.3269,0.8770,18945.33,0.0528,620.00,0.5278,0.8553,0.8238,1.3211,1.6288
64,26000,200,52,104,403.00,731.00,5.2544,8.3269,0.8770,18833.26,0.0531,616.00,0.5310,0.8567,0.8181,1.3559,1.7528
64,26000,200,104,20,403.00,731.00,5.2544,8.3269,0.9104,11279.51,0.0887,615.00,0.8866,1.5210,1.4701,2.3226,2.8735
64,26000,200,104,41,403.00,731.00,5.2544,8.3269,0.9349,11030.69,0.0907,613.00,0.9066,1.5327,1.4670,2.4157,3.0510
64,26000,200,104,83,403.00,731.00,5.2544,8.3269,0.9406,11232.85,0.0890,613.00,0.8902,1.5823,1.5328,2.3328,2.8306
64,26000,200,104,104,403.00,731.00,5.2544,8.3269,0.9408,11034.42,0.0906,621.00,0.9063,1.5927,1.5441,2.3863,2.9245
64,26000,200,104,156,403.00,731.00,5.2544,8.3269,0.9409,10949.53,0.0913,622.00,0.9133,1.6402,1.5969,2.3977,2.8832
64,26000,200,104,208,403.00,731.00,5.2544,8.3269,0.9410,10577.10,0.0945,615.00,0.9454,1.6782,1.6313,2.4552,2.9675
64,26000,200,208,41,403.00,731.00,5.2544,8.3269,0.9631,6256.69,0.1598,624.00,1.5983,2.8935,2.8408,4.1461,4.9790
64,26000,200,208,83,403.00,731.00,5.2544,8.3269,0.9748,6417.30,0.1558,621.00,1.5583,2.8655,2.8041,4.1800,4.9819
64,26000,200,208,166,403.00,731.00,5.2544,8.3269,0.9765,6244.42,0.1601,619.00,1.6014,2.9265,2.8653,4.1968,4.9739
64,26000,200,208,208,403.00,731.00,5.2544,8.3269,0.9764,6265.50,0.1596,616.00,1.5960,3.0005,2.9274,4.2437,5.0725
64,26000,200,208,312,403.00,731.00,5.2544,8.3269,0.9764,5961.31,0.1677,620.00,1.6775,3.1737,3.0957,4.4803,5.2303
64,26000,200,208,416,403.00,731.00,5.2544,8.3269,0.9764,5716.53,0.1749,622.00,1.7493,3.3228,3.2449,4.5677,5.3484
64,26000,200,416,83,403.00,731.00,5.2544,8.3269,0.9885,3506.89,0.2852,632.00,2.8515,5.4128,5.3260,7.4202,8.6350
64,26000,200,416,166,403.00,731.00,5.2544,8.3269,0.9925,3446.17,0.2902,637.00,2.9018,5.5282,5.4234,7.5696,8.9048
64,26000,200,416,332,403.00,731.00,5.2544,8.3269,0.9929,3269.51,0.3059,635.00,3.0586,5.8094,5.7153,7.8526,8.9855
64,26000,200,416,416,403.00,731.00,5.2544,8.3269,0.9929,3234.47,0.3092,635.00,3.0917,5.8624,5.7344,7.9983,9.3280
64,26000,200,416,624,403.00,731.00,5.2544,8.3269,0.9929,3085.94,0.3241,632.00,3.2405,6.1616,6.0720,8.3511,9.7360
64,26000,200,416,832,403.00,731.00,5.2544,8.3269,0.9929,2861.78,0.3494,637.00,3.4943,6.7193,6.6328,8.6934,9.8931
64,26000,200,832,166,403.00,731.00,5.2544,8.3269,0.9970,1876.49,0.5329,676.00,5.3291,10.1997,10.0833,13.4478,15.4900
64,26000,200,832,332,403.00,731.00,5.2544,8.3269,0.9980,1771.55,0.5645,691.00,5.6448,10.5714,10.4135,14.1367,16.8704
64,26000,200,832,665,403.00,731.00,5.2544,8.3269,0.9981,1735.07,0.5763,692.00,5.7635,11.1221,10.9600,14.5356,17.0798
64,26000,200,832,832,403.00,731.00,5.2544,8.3269,0.9981,1647.14,0.6071,707.00,6.0711,11.4844,11.3062,15.1005,17.0352
64,26000,200,832,1248,403.00,731.00,5.2544,8.3269,0.9981,1447.16,0.6910,696.00,6.9101,13.0741,12.9877,16.6074,18.3930
64,26000,200,832,1664,403.00,731.00,5.2544,8.3269,0.9981,1277.14,0.7830,699.00,7.8300,14.9733,14.8988,18.3765,20.1513
64,26000,200,1664,332,403.00,731.00,5.2544,8.3269,0.9990,975.49,1.0251,810.00,10.2513,19.3074,19.4303,25.2613,27.4828
64,26000,200,1664,665,403.00,731.00,5.2544,8.3269,0.9992,920.70,1.0861,812.00,10.8613,20.6506,20.5159,26.1807,29.2301
64,26000,200,1664,1331,403.00,731.00,5.2544,8.3269,0.9992,841.30,1.1886,824.00,11.8864,22.5722,22.3368,28.7275,31.3654
64,26000,200,1664,1664,403.00,731.00,5.2544,8.3269,0.9992,835.49,1.1969,834.00,11.9690,22.8158,22.5728,28.9162,33.3147
64,26000,200,1664,2496,403.00,731.00,5.2544,8.3269,0.9992,692.76,1.4435,821.00,14.4350,28.0414,27.9245,33.1020,35.4613
64,26000,200,1664,3328,403.00,731.00,5.2544,8.3269,0.9992,556.68,1.7964,835.00,17.9637,34.9508,34.6034,40.8831,48.0582
64,30000,40,30,6,401.00,733.00,5.2972,9.2517,0.7787,30583.04,0.0327,621.00,0.3270,0.5049,0.4851,0.8561,1.0810
64,30000,40,30,12,401.00,733.00,5.2972,9.2517,0.7928,30604.00,0.0327,622.00,0.3268,0.4639,0.4450,0.7747,0.9710
64,30000,40,30,24,401.00,733.00,5.2972,9.2517,0.7977,30423.09,0.0329,615.00,0.3287,0.4707,0.4499,0.7705,0.9602
64,30000,40,30,30,401.00,733.00,5.2972,9.2517,0.7979,30769.28,0.0325,626.00,0.3250,0.4855,0.4644,0.7872,0.9700
64,30000,40,30,45,401.00,733.00,5.2972,9.2517,0.7980,29699.99,0.0337,623.00,0.3367,0.5226,0.4981,0.8228,1.0701
64,30000,40,30,60,401.00,733.00,5.2972,9.2517,0.7982,28777.97,0.0347,619.00,0.3475,0.5395,0.5184,0.8196,1.0069
64,30000,40,60,12,401.00,733.00,5.2972,9.2517,0.8730,19370.12,0.0516,621.00,0.5163,0.8416,0.8034,1.3490,1.7208
64,30000,40,60,24,401.00,733.00,5.2972,9.2517,0.8827,19031.62,0.0525,622.00,0.5254,0.8331,0.8006,1.3425,1.7212
64,30000,40,60,48,401.00,733.00,5.2972,9.2517,0.8843,18871.22,0.0530,623.00,0.5299,0.8709,0.8423,1.3330,1.6618
64,30000,40,60,60,401.00,733.00,5.2972,9.2517,0.8847,17895.50,0.0559,622.00,0.5588,0.8820,0.8371,1.4039,1.8430
64,30000,40,60,90,401.00,733.00,5.2972,9.2517,0.8849,17876.95,0.0559,620.00,0.5594,0.9343,0.9082,1.3877,1.6727
64,30000,40,60,120,401.00,733.00,5.2972,9.2517,0.8849,17498.40,0.0571,630.00,0.5715,0.9650,0.9355,1.4268,1.7416
64,30000,40,120,24,401.00,733.00,5.2972,9.2517,0.9401,11393.25,0.0878,624.00,0.8777,1.5741,1.5314,2.3467,2.8797
64,30000,40,120,48,401.00,733.00,5.2972,9.2517,0.9450,11072.67,0.0903,621.00,0.9031,1.5687,1.5227,2.3858,2.9385
64,30000,40,120,96,401.00,733.00,5.2972,9.2517,0.9462,10656.05,0.0938,621.00,0.9384,1.6630,1.6296,2.4076,2.9259
64,30000,40,120,120,401.00,733.00,5.2972,9.2517,0.9463,10790.30,0.0927,629.00,0.9268,1.6610,1.6127,2.4437,2.9584
64,30000,40,120,180,401.00,733.00,5.2972,9.2517,0.9464,10302.89,0.0971,630.00,0.9706,1.7404,1.7048,2.5004,2.9535
64,30000,40,120,240,401.00,733.00,5.2972,9.2517,0.9464,9907.79,0.1009,623.00,1.0093,1.8500,1.8190,2.5585,3.0228
64,30000,40,240,48,401.00,733.00,5.2972,9.2517,0.9756,6252.31,0.1599,623.00,1.5994,2.8942,2.8097,4.2001,5.7225
64,30000,40,240,96,401.00,733.00,5.2972,9.2517,0.9785,6118.93,0.1634,622.00,1.6343,2.9611,2.8930,4.3489,5.3525
64,30000,40,240,192,401.00,733.00,5.2972,9.2517,0.9789,5910.16,0.1692,623.00,1.6920,3.1444,3.0959,4.3349,5.0513
64,30000,40,240,240,401.00,733.00,5.2972,9.2517,0.9789,5799.31,0.1724,641.00,1.7243,3.1704,3.1213,4.3664,5.1111
64,30000,40,240,360,401.00,733.00,5.2972,9.2517,0.9789,5556.00,0.1800,630.00,1.7999,3.3683,3.3320,4.5165,5.2553
64,30000,40,240,480,401.00,733.00,5.2972,9.2517,0.9789,5198.03,0.1924,625.00,1.9238,3.6279,3.5784,4.7926,5.5190
64,30000,40,480,96,401.00,733.00,5.2972,9.2517,0.9927,3355.68,0.2980,641.00,2.9800,5.6076,5.5476,7.5257,8.5672
64,30000,40,480,192,401.00,733.00,5.2972,9.2517,0.9938,3163.28,0.3161,651.00,3.1613,5.8091,5.6901,8.1557,9.9536
64,30000,40,480,384,401.00,733.00,5.2972,9.2517,0.9938,3060.87,0.3267,646.00,3.2670,6.1000,6.0443,8.0348,9.1288
64,30000,40,480,480,401.00,733.00,5.2972,9.2517,0.9938,3047.24,0.3282,659.00,3.2817,6.1989,6.1416,8.1172,9.1521
64,30000,40,480,720,401.00,733.00,5.2972,9.2517,0.9938,2758.09,0.3626,649.00,3.6257,6.8072,6.7310,8.8224,9.9618
64,30000,40,480,960,401.00,733.00,5.2972,9.2517,0.9938,2487.23,0.4021,664.00,4.0205,7.5121,7.4089,9.6681,10.9471
64,30000,40,960,192,401.00,733.00,5.2972,9.2517,0.9979,1762.03,0.5675,705.00,5.6753,10.5476,10.4526,13.8785,16.4334
64,30000,40,960,384,401.00,733.00,5.2972,9.2517,0.9982,1694.61,0.5901,714.00,5.9010,10.9950,10.8689,14.3387,16.6323
64,30000,40,960,768,401.00,733.00,5.2972,9.2517,0.9982,1634.69,0.6117,704.00,6.1174,11.6677,11.6023,14.9537,17.1018
64,30000,40,960,960,401.00,733.00,5.2972,9.2517,0.9982,1596.16,0.6265,710.00,6.2650,12.0558,11.9709,15.1268,17.3094
64,30000,40,960,1440,401.00,733.00,5.2972,9.2517,0.9983,1339.85,0.7464,711.00,7.4635,14.1970,14.1743,17.3033,18.7142
64,30000,40,960,1920,401.00,733.00,5.2972,9.2517,0.9983,1154.87,0.8659,713.00,8.6590,16.6493,16.5975,19.7889,21.2943
64,30000,40,1920,384,401.00,733.00,5.2972,9.2517,0.9990,927.49,1.0782,823.00,10.7818,20.2230,20.1895,25.6023,27.6462
64,30000,40,1920,768,401.00,733.00,5.2972,9.2517,0.9991,868.91,1.1509,823.00,11.5086,21.6947,21.6422,27.1846,29.4762
64,30000,40,1920,1536,401.00,733.00,5.2972,9.2517,0.9992,760.89,1.3142,850.00,13.1424,24.8371,25.0399,30.0631,32.7095
64,30000,40,1920,1920,401.00,733.00,5.2972,9.2517,0.9992,752.25,1.3293,863.00,13.2934,25.3138,25.4884,30.8585,33.2986
64,30000,40,1920,2880,401.00,733.00,5.2972,9.2517,0.9992,597.23,1.6744,863.00,16.7441,32.3462,32.4226,37.2977,39.7723
64,30000,40,1920,3840,401.00,733.00,5.2972,9.2517,0.9992,465.80,2.1469,863.00,21.4686,41.7172,41.5632,47.9424,51.2355
64,30000,100,30,6,427.00,737.00,7.4277,11.6178,0.7726,29797.83,0.0336,610.00,0.3356,0.5243,0.5054,0.8484,1.0804
64,30000,100,30,12,427.00,737.00,7.4277,11.6178,0.7914,31763.31,0.0315,609.00,0.3148,0.4711,0.4489,0.7806,1.0671
64,30000,100,30,24,427.00,737.00,7.4277,11.6178,0.7971,30543.84,0.0327,605.00,0.3274,0.4795,0.4583,0.7791,0.9756
64,30000,100,30,30,427.00,737.00,7.4277,11.6178,0.7974,29799.15,0.0336,604.00,0.3356,0.4708,0.4479,0.7667,0.9570
64,30000,100,30,45,427.00,737.00,7.4277,11.6178,0.7980,29650.00,0.0337,602.00,0.3373,0.5140,0.4951,0.7974,1.0021
64,30000,100,30,60,427.00,737.00,7.4277,11.6178,0.7979,29265.00,0.0342,608.00,0.3417,0.5271,0.5032,0.8171,1.0113
64,30000,100,60,12,427.00,737.00,7.4277,11.6178,0.8705,19485.82,0.0513,605.00,0.5132,0.8601,0.8317,1.3180,1.6095
64,30000,100,60,24,427.00,737.00,7.4277,11.6178,0.8825,19340.45,0.0517,619.00,0.5171,0.8397,0.8096,1.2969,1.5957
64,30000,100,60,48,427.00,737.00,7.4277,11.6178,0.8847,18826.78,0.0531,610.00,0.5312,0.8889,0.8695,1.3336,1.6034
64,30000,100,60,60,427.00,737.00,7.4277,11.6178,0.8847,18144.15,0.0551,609.00,0.5511,0.9031,0.8671,1.3982,1.8037
64,30000,100,60,90,427.00,737.00,7.4277,11.6178,0.8847,17541.42,0.0570,607.00,0.5701,0.9791,0.9548,1.4405,1.7868
64,30000,100,60,120,427.00,737.00,7.4277,11.6178,0.8848,16623.72,0.0602,601.00,0.6015,1.0025,0.9727,1.4852,1.7848
64,30000,100,120,24,427.00,737.00,7.4277,11.6178,0.9390,11191.07,0.0894,617.00,0.8936,1.5682,1.5341,2.2955,2.7587
64,30000,100,120,48,427.00,737.00,7.4277,11.6178,0.9447,10917.14,0.0916,602.00,0.9160,1.6118,1.5687,2.3586,2.8386
64,30000,100,120,96,427.00,737.00,7.4277,11.6178,0.9454,10537.95,0.0949,608.00,0.9490,1.6463,1.5852,2.5000,3.2980
64,30000,100,120,120,427.00,737.00,7.4277,11.6178,0.9455,10434.34,0.0958,605.00,0.9584,1.7130,1.6696,2.4705,2.9698
64,30000,100,120,180,427.00,737.00,7.4277,11.6178,0.9455,9714.11,0.1029,602.00,1.0294,1.8247,1.7859,2.6155,3.1271
64,30000,100,120,240,427.00,737.00,7.4277,11.6178,0.9455,9389.17,0.1065,604.00,1.0651,1.9135,1.8806,2.6367,3.0463
64,30000,100,240,48,427.00,737.00,7.4277,11.6178,0.9755,5932.02,0.1686,618.00,1.6858,2.9754,2.8920,4.3277,5.3040
64,30000,100,240,96,427.00,737.00,7.4277,11.6178,0.9776,5813.59,0.1720,616.00,1.7201,3.0276,2.9258,4.4889,5.7395
64,30000,100,240,192,427.00,737.00,7.4277,11.6178,0.9781,5748.08,0.1740,615.00,1.7397,3.1948,3.1348,4.4242,5.3024
64,30000,100,240,240,427.00,737.00,7.4277,11.6178,0.9781,5522.70,0.1811,612.00,1.8107,3.2865,3.2457,4.5696,5.2737
64,30000,100,240,360,427.00,737.00,7.4277,11.6178,0.9781,5146.46,0.1943,617.00,1.9431,3.4707,3.4061,4.7667,5.5576
64,30000,100,240,480,427.00,737.00,7.4277,11.6178,0.9781,4936.31,0.2026,616.00,2.0258,3.7467,3.6816,5.0445,5.9660
64,30000,100,480,96,427.00,737.00,7.4277,11.6178,0.9929,3117.11,0.3208,639.00,3.2081,5.8180,5.6684,8.2588,9.7899
64,30000,100,480,192,427.00,737.00,7.4277,11.6178,0.9937,3178.12,0.3147,648.00,3.1465,5.8689,5.7935,7.9111,9.0519
64,30000,100,480,384,427.00,737.00,7.4277,11.6178,0.9938,3135.11,0.3190,656.00,3.1897,6.0499,5.9712,8.0156,9.3593
64,30000,100,480,480,427.00,737.00,7.4277,11.6178,0.9938,3038.43,0.3291,648.00,3.2912,6.0873,5.9577,8.3728,10.7570
64,30000,100,480,720,427.00,737.00,7.4277,11.6178,0.9938,2825.34,0.3539,656.00,3.5394,6.7624,6.6744,8.7613,9.9728
64,30000,100,480,960,427.00,737.00,7.4277,11.6178,0.9938,2499.42,0.4001,644.00,4.0009,7.5620,7.4942,9.5917,10.8035
64,30000,100,960,192,427.00,737.00,7.4277,11.6178,0.9979,1744.55,0.5732,693.00,5.7321,10.7668,10.6813,14.0804,15.7109
64,30000,100,960,384,427.00,737.00,7.4277,11.6178,0.9983,1670.35,0.5987,717.00,5.9868,11.0284,10.7615,15.2690,18.3724
64,30000,100,960,768,427.00,737.00,7.4277,11.6178,0.9983,1593.02,0.6277,702.00,6.2774,11.9890,11.9216,15.0850,16.8686
64,30000,100,960,960,427.00,737.00,7.4277,11.6178,0.9983,1543.58,0.6478,699.00,6.4785,12.3513,12.2549,15.6795,17.5443
64,30000,100,960,1440,427.00,737.00,7.4277,11.6178,0.9984,1348.22,0.7417,723.00,7.4172,14.2822,14.1647,17.6319,19.8256
64,30000,100,960,1920,427.00,737.00,7.4277,11.6178,0.9984,1161.79,0.8607,718.00,8.6074,16.6654,16.5522,20.0260,21.9662
64,30000,100,1920,384,427.00,737.00,7.4277,11.6178,0.9992,971.14,1.0297,836.00,10.2971,19.9669,19.8244,24.9695,27.7931
64,30000,100,1920,768,427.00,737.00,7.4277,11.6178,0.9992,895.01,1.1173,838.00,11.1731,21.4668,21.4582,26.3211,28.8893
64,30000,100,1920,1536,427.00,737.00,7.4277,11.6178,0.9993,762.23,1.3119,863.00,13.1194,24.5501,24.9356,29.9367,31.9967
64,30000,100,1920,1920,427.00,737.00,7.4277,11.6178,0.9993,743.74,1.3446,866.00,13.4456,25.3689,25.2581,30.9583,34.1978
64,30000,100,1920,2880,427.00,737.00,7.4277,11.6178,0.9993,596.61,1.6761,876.00,16.7614,32.3199,32.2888,37.4315,39.9921
64,30000,100,1920,3840,427.00,737.00,7.4277,11.6178,0.9993,462.74,2.1611,876.00,21.6105,42.2745,42.3365,47.1964,49.8587
64,30000,200,30,6,440.00,737.00,6.0206,9.2102,0.7403,29970.62,0.0334,607.00,0.3337,0.5176,0.5001,0.8493,1.0762
64,30000,200,30,12,440.00,737.00,6.0206,9.2102,0.7797,31751.41,0.0315,607.00,0.3149,0.4686,0.4459,0.7944,1.0787
64,30000,200,30,24,440.00,737.00,6.0206,9.2102,0.7954,31950.43,0.0313,613.00,0.3130,0.4671,0.4502,0.7518,0.9327
64,30000,200,30,30,440.00,737.00,6.0206,9.2102,0.7972,32583.34,0.0307,612.00,0.3069,0.4632,0.4400,0.7555,0.9566
64,30000,200,30,45,440.00,737.00,6.0206,9.2102,0.7989,31067.50,0.0322,612.00,0.3219,0.4697,0.4431,0.7775,0.9616
64,30000,200,30,60,440.00,737.00,6.0206,9.2102,0.7990,29597.37,0.0338,610.00,0.3379,0.4831,0.4574,0.7850,1.0173
64,30000,200,60,12,440.00,737.00,6.0206,9.2102,0.8433,19151.20,0.0522,610.00,0.5222,0.8484,0.8215,1.3266,1.6284
64,30000,200,60,24,440.00,737.00,6.0206,9.2102,0.8756,19336.03,0.0517,607.00,0.5172,0.8450,0.8198,1.3131,1.6247
64,30000,200,60,48,440.00,737.00,6.0206,9.2102,0.8842,18704.42,0.0535,608.00,0.5346,0.8676,0.8361,1.3479,1.6478
64,30000,200,60,60,440.00,737.00,6.0206,9.2102,0.8848,18792.30,0.0532,614.00,0.5321,0.8913,0.8632,1.3694,1.7004
64,30000,200,60,90,440.00,737.00,6.0206,9.2102,0.8854,17729.84,0.0564,609.00,0.5640,0.9053,0.8665,1.4328,1.7513
64,30000,200,60,120,440.00,737.00,6.0206,9.2102,0.8855,17398.91,0.0575,610.00,0.5747,0.9461,0.9102,1.4305,1.7895
64,30000,200,120,24,440.00,737.00,6.0206,9.2102,0.9222,10842.83,0.0922,615.00,0.9223,1.5983,1.5645,2.3917,2.8415
64,30000,200,120,48,440.00,737.00,6.0206,9.2102,0.9418,10616.47,0.0942,606.00,0.9419,1.6281,1.5734,2.4606,3.0270
64,30000,200,120,96,440.00,737.00,6.0206,9.2102,0.9462,10480.56,0.0954,610.00,0.9541,1.6577,1.6035,2.4662,2.9427
64,30000,200,120,120,440.00,737.00,6.0206,9.2102,0.9463,10700.64,0.0935,610.00,0.9345,1.6377,1.5837,2.4670,3.0768
64,30000,200,120,180,440.00,737.00,6.0206,9.2102,0.9465,10099.08,0.0990,606.00,0.9902,1.7391,1.6857,2.5761,3.1505
64,30000,200,120,240,440.00,737.00,6.0206,9.2102,0.9464,9734.37,0.1027,614.00,1.0273,1.8222,1.7694,2.6370,3.2895
64,30000,200,240,48,440.00,737.00,6.0206,9.2102,0.9687,6051.29,0.1653,616.00,1.6525,3.0050,2.9446,4.2955,5.2129
64,30000,200,240,96,440.00,737.00,6.0206,9.2102,0.9778,5839.81,0.1712,617.00,1.7124,3.0620,2.9655,4.4635,5.5244
64,30000,200,240,192,440.00,737.00,6.0206,9.2102,0.9791,5787.60,0.1728,616.00,1.7278,3.1954,3.1379,4.4567,5.3008
64,30000,200,240,240,440.00,737.00,6.0206,9.2102,0.9790,5589.59,0.1789,615.00,1.7890,3.2379,3.1796,4.5239,5.3069
64,30000,200,240,360,440.00,737.00,6.0206,9.2102,0.9791,5316.82,0.1881,611.00,1.8808,3.4125,3.3463,4.7375,5.5583
64,30000,200,240,480,440.00,737.00,6.0206,9.2102,0.9791,5008.78,0.1996,617.00,1.9965,3.6085,3.5526,4.8865,5.7585
64,30000,200,480,96,440.00,737.00,6.0206,9.2102,0.9902,3177.19,0.3147,635.00,3.1474,5.7246,5.6481,7.8952,9.1420
64,30000,200,480,192,440.00,737.00,6.0206,9.2102,0.9936,3191.46,0.3133,635.00,3.1334,5.8621,5.7686,7.9416,9.2379
64,30000,200,480,384,440.00,737.00,6.0206,9.2102,0.9941,3043.75,0.3285,642.00,3.2854,6.0986,5.9740,8.2793,9.8987
64,30000,200,480,480,440.00,737.00,6.0206,9.2102,0.9941,3017.68,0.3314,644.00,3.3138,6.1012,5.9593,8.3481,10.1619
64,30000,200,480,720,440.00,737.00,6.0206,9.2102,0.9941,2844.64,0.3515,645.00,3.5154,6.5879,6.4715,8.7451,10.6639
64,30000,200,480,960,440.00,737.00,6.0206,9.2102,0.9941,2620.35,0.3816,653.00,3.8163,7.3087,7.2325,9.2535,10.5805
64,30000,200,960,192,440.00,737.00,6.0206,9.2102,0.9972,1759.94,0.5682,714.00,5.6820,10.6167,10.5232,13.9597,15.6462
64,30000,200,960,384,440.00,737.00,6.0206,9.2102,0.9983,1658.92,0.6028,721.00,6.0280,11.2845,11.2028,14.8539,16.5959
64,30000,200,960,768,440.00,737.00,6.0206,9.2102,0.9984,1650.43,0.6059,720.00,6.0590,11.6236,11.4751,15.1335,17.8109
64,30000,200,960,960,440.00,737.00,6.0206,9.2102,0.9984,1611.83,0.6204,720.00,6.2041,11.9971,11.8625,15.2785,17.7098
64,30000,200,960,1440,440.00,737.00,6.0206,9.2102,0.9984,1368.27,0.7309,734.00,7.3085,13.9669,13.9141,17.1554,18.7787
64,30000,200,960,1920,440.00,737.00,6.0206,9.2102,0.9984,1127.89,0.8866,721.00,8.8661,16.7527,16.6990,20.1234,21.5539
64,30000,200,1920,384,440.00,737.00,6.0206,9.2102,0.9991,947.12,1.0558,842.00,10.5583,20.0188,20.0124,25.2609,28.8188
64,30000,200,1920,768,440.00,737.00,6.0206,9.2102,0.9993,873.54,1.1448,844.00,11.4477,21.7405,21.7234,26.9317,28.9257
64,30000,200,1920,1536,440.00,737.00,6.0206,9.2102,0.9993,788.33,1.2685,855.00,12.6850,24.1779,24.2629,29.3175,31.3164
64,30000,200,1920,1920,440.00,737.00,6.0206,9.2102,0.9993,756.56,1.3218,852.00,13.2176,25.2118,25.2116,30.4192,32.4346
64,30000,200,1920,2880,440.00,737.00,6.0206,9.2102,0.9993,601.40,1.6628,855.00,16.6279,31.9027,31.5846,39.0821,42.8259
64,30000,200,1920,3840,440.00,737.00,6.0206,9.2102,0.9993,473.87,2.1103,855.00,21.1028,41.2978,41.1865,46.5781,49.0526
