M,nlist,efconstruction,nprobe,efsearch,training_memory_mb,add_memory_mb,training_time_s,total_time_s,recall,qps,mspq,search_memory_mb,search_time_s,mean_latency_ms,p50_latency_ms,p95_latency_ms,p99_latency_ms
8,1000,40,1,1,61.00,748.00,0.6654,3.1193,0.3028,31959.76,0.0313,516.00,0.3129,0.3850,0.3256,0.8489,1.2607
8,1000,40,1,1,61.00,748.00,0.6654,3.1193,0.3028,35251.04,0.0284,522.00,0.2837,0.3318,0.2807,0.7346,1.1255
8,1000,40,1,1,61.00,748.00,0.6654,3.1193,0.3028,35406.13,0.0282,518.00,0.2824,0.3377,0.2907,0.7272,1.0841
8,1000,40,1,1,61.00,748.00,0.6654,3.1193,0.3028,36432.93,0.0274,521.00,0.2745,0.3307,0.2736,0.7385,1.1626
8,1000,40,1,1,61.00,748.00,0.6654,3.1193,0.3028,36862.22,0.0271,520.00,0.2713,0.3198,0.2743,0.6840,0.9959
8,1000,40,1,2,61.00,748.00,0.6654,3.1193,0.3552,37331.84,0.0268,524.00,0.2679,0.3286,0.2805,0.7021,1.0638
8,1000,40,2,1,61.00,748.00,0.6654,3.1193,0.4079,22856.48,0.0438,524.00,0.4375,0.6278,0.5472,1.2918,1.8617
8,1000,40,2,1,61.00,748.00,0.6654,3.1193,0.4079,22859.56,0.0437,523.00,0.4375,0.6338,0.5623,1.2615,1.8620
8,1000,40,2,1,61.00,748.00,0.6654,3.1193,0.4079,23889.69,0.0419,523.00,0.4186,0.6385,0.5638,1.2625,1.8182
8,1000,40,2,2,61.00,748.00,0.6654,3.1193,0.4878,13534.03,0.0739,513.00,0.7389,0.7496,0.3020,0.9645,14.3608
8,1000,40,2,3,61.00,748.00,0.6654,3.1193,0.5171,12970.22,0.0771,516.00,0.7710,0.5185,0.2808,0.7275,8.2695
8,1000,40,2,4,61.00,748.00,0.6654,3.1193,0.5308,14436.16,0.0693,518.00,0.6927,0.3450,0.2318,0.5371,3.0648
8,1000,40,4,1,61.00,748.00,0.6654,3.1193,0.4887,12704.22,0.0787,513.00,0.7871,0.8587,0.6274,1.5579,6.6989
8,1000,40,4,1,61.00,748.00,0.6654,3.1193,0.4887,10562.89,0.0947,519.00,0.9467,0.8139,0.5305,1.4462,8.4553
8,1000,40,4,3,61.00,748.00,0.6654,3.1193,0.6476,7492.22,0.1335,518.00,1.3347,1.2589,0.6090,5.1215,16.2647
8,1000,40,4,4,61.00,748.00,0.6654,3.1193,0.6697,7349.21,0.1361,514.00,1.3607,1.3646,0.5806,6.4800,16.7547
8,1000,40,4,6,61.00,748.00,0.6654,3.1193,0.6909,9022.89,0.1108,516.00,1.1083,1.2363,0.4779,7.0963,15.3967
8,1000,40,4,8,61.00,748.00,0.6654,3.1193,0.7010,7029.74,0.1423,520.00,1.4225,1.4145,0.5918,7.4127,16.1837
8,1000,40,8,1,61.00,748.00,0.6654,3.1193,0.5318,5396.68,0.1853,513.00,1.8530,2.2836,1.4173,8.4429,15.1277
8,1000,40,8,3,61.00,748.00,0.6654,3.1193,0.7369,4711.75,0.2122,520.00,2.1224,2.5905,1.2395,11.7752,21.7421
8,1000,40,8,6,61.00,748.00,0.6654,3.1193,0.8028,4681.18,0.2136,516.00,2.1362,2.8897,1.2146,13.4942,18.4862
8,1000,40,8,8,61.00,748.00,0.6654,3.1193,0.8198,5613.11,0.1782,533.00,1.7815,2.0156,1.0064,9.0809,17.4164
8,1000,40,8,12,61.00,748.00,0.6654,3.1193,0.8321,5281.08,0.1894,526.00,1.8936,2.1370,0.9453,10.7856,19.7923
8,1000,40,8,16,61.00,748.00,0.6654,3.1193,0.8360,5706.97,0.1752,529.00,1.7522,2.2445,0.9777,11.6125,17.4200
8,1000,40,16,3,61.00,748.00,0.6654,3.1193,0.7786,3174.61,0.3150,529.00,3.1500,4.4351,2.1019,15.7985,23.5979
8,1000,40,16,6,61.00,748.00,0.6654,3.1193,0.8671,3135.93,0.3189,527.00,3.1888,4.6266,2.5846,15.9161,26.1371
8,1000,40,16,12,61.00,748.00,0.6654,3.1193,0.9133,3150.34,0.3174,523.00,3.1743,4.5045,2.4113,15.2105,24.5554
8,1000,40,16,16,61.00,748.00,0.6654,3.1193,0.9209,3258.95,0.3068,533.00,3.0685,4.3182,2.0119,16.7304,31.0981
8,1000,40,16,24,61.00,748.00,0.6654,3.1193,0.9258,3930.17,0.2544,533.00,2.5444,4.0228,1.9273,14.9803,23.3793
8,1000,40,16,32,61.00,748.00,0.6654,3.1193,0.9273,3207.90,0.3117,531.00,3.1173,4.4413,2.0133,16.2368,25.3262
8,1000,40,32,6,61.00,748.00,0.6654,3.1193,0.8890,1763.71,0.5670,531.00,5.6699,8.7037,6.0266,21.7052,32.0813
8,1000,40,32,12,61.00,748.00,0.6654,3.1193,0.9501,1540.15,0.6493,532.00,6.4929,11.7101,9.7975,25.0965,35.3758
8,1000,40,32,25,61.00,748.00,0.6654,3.1193,0.9728,1173.53,0.8521,534.00,8.5213,14.0691,12.7642,26.9376,31.9618
8,1000,40,32,32,61.00,748.00,0.6654,3.1193,0.9751,1177.11,0.8495,529.00,8.4954,14.4827,13.2372,26.6913,33.4702
8,1000,40,32,48,61.00,748.00,0.6654,3.1193,0.9763,1204.15,0.8305,525.00,8.3046,13.7462,12.5693,25.3381,35.7416
8,1000,40,32,64,61.00,748.00,0.6654,3.1193,0.9765,1153.71,0.8668,530.00,8.6677,15.2711,14.6254,24.7498,46.3085
8,1000,40,64,12,61.00,748.00,0.6654,3.1193,0.9586,808.53,1.2368,536.00,12.3681,21.5519,17.8420,46.4476,58.0773
8,1000,40,64,25,61.00,748.00,0.6654,3.1193,0.9879,931.82,1.0732,518.00,10.7317,18.9666,15.0153,44.9778,62.7878
8,1000,40,64,51,61.00,748.00,0.6654,3.1193,0.9941,1091.18,0.9164,538.00,9.1644,15.3648,14.2668,33.5293,47.1757
8,1000,40,64,64,61.00,748.00,0.6654,3.1193,0.9945,1016.66,0.9836,538.00,9.8361,15.2197,13.8551,33.0686,45.7742
8,1000,40,64,96,61.00,748.00,0.6654,3.1193,0.9946,1097.63,0.9111,521.00,9.1106,15.4319,15.0629,31.2639,41.0130
8,1000,40,64,128,61.00,748.00,0.6654,3.1193,0.9947,1125.35,0.8886,534.00,8.8862,15.1308,14.3547,31.7044,41.2700
8,1000,100,1,1,76.00,760.00,3.3109,9.6492,0.3099,17112.25,0.0584,536.00,0.5844,0.1894,0.0747,0.1661,1.7168
8,1000,100,1,1,76.00,760.00,3.3109,9.6492,0.3099,20043.81,0.0499,537.00,0.4989,0.1537,0.0764,0.2234,0.4441
8,1000,100,1,1,76.00,760.00,3.3109,9.6492,0.3099,16739.72,0.0597,528.00,0.5974,0.1509,0.0751,0.1651,0.4972
8,1000,100,1,1,76.00,760.00,3.3109,9.6492,0.3099,15268.14,0.0655,533.00,0.6550,0.1728,0.0757,0.1649,1.2730
8,1000,100,1,1,76.00,760.00,3.3109,9.6492,0.3099,17069.83,0.0586,537.00,0.5858,0.1606,0.0800,0.1895,1.5501
8,1000,100,1,2,76.00,760.00,3.3109,9.6492,0.3620,14456.08,0.0692,536.00,0.6918,0.1715,0.0803,0.1817,1.7167
8,1000,100,2,1,76.00,760.00,3.3109,9.6492,0.4150,12203.39,0.0819,533.00,0.8194,0.3516,0.1503,0.3483,7.7473
8,1000,100,2,1,76.00,760.00,3.3109,9.6492,0.4150,13930.16,0.0718,537.00,0.7179,0.3586,0.1448,0.3426,8.7830
8,1000,100,2,1,76.00,760.00,3.3109,9.6492,0.4150,13483.80,0.0742,540.00,0.7416,0.4029,0.1499,0.3760,9.4323
8,1000,100,2,2,76.00,760.00,3.3109,9.6492,0.4929,14362.60,0.0696,539.00,0.6963,0.4657,0.1556,0.4210,11.6695
8,1000,100,2,3,76.00,760.00,3.3109,9.6492,0.5215,13868.09,0.0721,543.00,0.7211,0.4377,0.1573,0.4240,10.2115
8,1000,100,2,4,76.00,760.00,3.3109,9.6492,0.5345,14157.78,0.0706,543.00,0.7063,0.3460,0.1670,0.3885,5.3583
8,1000,100,4,1,76.00,760.00,3.3109,9.6492,0.4973,9831.20,0.1017,539.00,1.0172,0.8282,0.4313,1.3533,12.3506
8,1000,100,4,1,76.00,760.00,3.3109,9.6492,0.4973,9052.48,0.1105,544.00,1.1047,0.9968,0.3467,5.2300,14.5883
8,1000,100,4,3,76.00,760.00,3.3109,9.6492,0.6517,10335.17,0.0968,546.00,0.9676,0.9299,0.3997,1.9318,13.8876
8,1000,100,4,4,76.00,760.00,3.3109,9.6492,0.6725,11034.90,0.0906,541.00,0.9062,0.7362,0.3711,0.9677,12.4653
8,1000,100,4,6,76.00,760.00,3.3109,9.6492,0.6930,10749.42,0.0930,542.00,0.9303,0.8639,0.3609,2.9699,13.6322
8,1000,100,4,8,76.00,760.00,3.3109,9.6492,0.7019,10235.28,0.0977,545.00,0.9770,0.7831,0.3341,2.2205,12.7775
8,1000,100,8,1,76.00,760.00,3.3109,9.6492,0.5404,6161.93,0.1623,544.00,1.6229,1.9193,0.9071,8.7241,16.7040
8,1000,100,8,3,76.00,760.00,3.3109,9.6492,0.7426,5551.42,0.1801,543.00,1.8013,2.1641,1.1385,10.1862,18.1613
8,1000,100,8,6,76.00,760.00,3.3109,9.6492,0.8077,5796.85,0.1725,543.00,1.7251,2.0681,0.8301,10.3673,21.0416
8,1000,100,8,8,76.00,760.00,3.3109,9.6492,0.8225,5392.09,0.1855,543.00,1.8546,2.2476,1.0788,10.2474,16.9019
8,1000,100,8,12,76.00,760.00,3.3109,9.6492,0.8332,4879.32,0.2049,549.00,2.0495,2.4032,1.4714,9.7553,17.1525
8,1000,100,8,16,76.00,760.00,3.3109,9.6492,0.8363,5898.89,0.1695,538.00,1.6952,2.3895,1.5719,8.8696,16.2668
8,1000,100,16,3,76.00,760.00,3.3109,9.6492,0.7836,3823.98,0.2615,544.00,2.6151,3.6148,2.2642,11.3730,21.7960
8,1000,100,16,6,76.00,760.00,3.3109,9.6492,0.8731,3248.18,0.3079,547.00,3.0786,4.4749,2.9645,13.4878,21.3856
8,1000,100,16,12,76.00,760.00,3.3109,9.6492,0.9150,3064.84,0.3263,548.00,3.2628,5.4273,3.7276,15.1221,23.8967
8,1000,100,16,16,76.00,760.00,3.3109,9.6492,0.9217,2779.90,0.3597,544.00,3.5973,5.8158,4.4180,14.3815,18.9892
8,1000,100,16,24,76.00,760.00,3.3109,9.6492,0.9263,2889.36,0.3461,552.00,3.4610,5.5553,5.0488,11.3939,19.6516
8,1000,100,16,32,76.00,760.00,3.3109,9.6492,0.9274,2565.76,0.3897,541.00,3.8975,6.7883,6.5069,12.1635,20.3766
8,1000,100,32,6,76.00,760.00,3.3109,9.6492,0.8958,1485.55,0.6732,559.00,6.7315,12.3222,12.2111,20.2600,35.8491
8,1000,100,32,12,76.00,760.00,3.3109,9.6492,0.9527,1341.02,0.7457,559.00,7.4570,13.7453,13.6867,22.8130,33.5819
8,1000,100,32,25,76.00,760.00,3.3109,9.6492,0.9732,1309.61,0.7636,559.00,7.6358,13.0176,10.8921,28.8807,39.3630
8,1000,100,32,32,76.00,760.00,3.3109,9.6492,0.9752,1606.82,0.6223,549.00,6.2235,9.9834,7.6571,23.4361,34.2352
8,1000,100,32,48,76.00,760.00,3.3109,9.6492,0.9762,1300.79,0.7688,558.00,7.6877,13.0645,10.8100,26.4225,36.1283
8,1000,100,32,64,76.00,760.00,3.3109,9.6492,0.9765,1650.29,0.6060,557.00,6.0595,9.7235,7.3475,24.5866,34.6727
8,1000,100,64,12,76.00,760.00,3.3109,9.6492,0.9611,1083.16,0.9232,549.00,9.2323,15.5364,14.9863,32.1552,42.7762
8,1000,100,64,25,76.00,760.00,3.3109,9.6492,0.9892,1086.99,0.9200,552.00,9.1997,14.3174,12.0306,31.6338,44.9480
8,1000,100,64,51,76.00,760.00,3.3109,9.6492,0.9947,1106.03,0.9041,552.00,9.0413,14.6828,13.5125,30.6385,39.7872
8,1000,100,64,64,76.00,760.00,3.3109,9.6492,0.9950,1227.81,0.8145,561.00,8.1446,13.7665,11.7779,27.6743,37.5743
8,1000,100,64,96,76.00,760.00,3.3109,9.6492,0.9952,1131.02,0.8842,542.00,8.8416,14.5770,13.0935,31.1262,42.2445
8,1000,100,64,128,76.00,760.00,3.3109,9.6492,0.9952,1166.25,0.8574,548.00,8.5745,14.3178,12.2520,30.5888,42.2697
8,1000,200,1,1,102.00,756.00,4.2108,11.4828,0.3025,14551.14,0.0687,542.00,0.6872,0.2036,0.0763,0.1868,2.9213
8,1000,200,1,1,102.00,756.00,4.2108,11.4828,0.3025,14684.14,0.0681,542.00,0.6810,0.1539,0.0739,0.1686,1.7964
8,1000,200,1,1,102.00,756.00,4.2108,11.4828,0.3025,15202.03,0.0658,558.00,0.6578,0.1915,0.0741,0.1640,2.9837
8,1000,200,1,1,102.00,756.00,4.2108,11.4828,0.3025,16010.83,0.0625,541.00,0.6246,0.1427,0.0753,0.1652,1.1915
8,1000,200,1,1,102.00,756.00,4.2108,11.4828,0.3025,17630.44,0.0567,542.00,0.5672,0.1440,0.0719,0.1634,0.3383
8,1000,200,1,2,102.00,756.00,4.2108,11.4828,0.3577,17470.03,0.0572,545.00,0.5724,0.1532,0.0771,0.1711,1.2514
8,1000,200,2,1,102.00,756.00,4.2108,11.4828,0.4090,14123.83,0.0708,548.00,0.7080,0.3667,0.1541,0.3926,8.2071
8,1000,200,2,1,102.00,756.00,4.2108,11.4828,0.4090,14936.77,0.0669,551.00,0.6695,0.3454,0.1522,0.3837,7.5197
8,1000,200,2,1,102.00,756.00,4.2108,11.4828,0.4090,14016.74,0.0713,552.00,0.7134,0.4286,0.1522,0.3830,10.5957
8,1000,200,2,2,102.00,756.00,4.2108,11.4828,0.4907,15638.57,0.0639,552.00,0.6394,0.3650,0.1639,0.4052,7.9043
8,1000,200,2,3,102.00,756.00,4.2108,11.4828,0.5195,15347.00,0.0652,557.00,0.6516,0.3879,0.1611,0.4096,8.5673
8,1000,200,2,4,102.00,756.00,4.2108,11.4828,0.5341,16489.39,0.0606,557.00,0.6065,0.3163,0.1586,0.3812,5.5995
8,1000,200,4,1,102.00,756.00,4.2108,11.4828,0.4894,9565.48,0.1045,557.00,1.0454,0.7524,0.3240,1.3440,12.4588
8,1000,200,4,1,102.00,756.00,4.2108,11.4828,0.4894,9793.39,0.1021,553.00,1.0211,0.8630,0.3292,3.7445,13.1558
8,1000,200,4,3,102.00,756.00,4.2108,11.4828,0.6497,8954.11,0.1117,555.00,1.1168,0.9825,0.3374,4.5809,14.8596
8,1000,200,4,4,102.00,756.00,4.2108,11.4828,0.6732,10016.95,0.0998,554.00,0.9983,0.7809,0.3346,1.2611,13.3472
8,1000,200,4,6,102.00,756.00,4.2108,11.4828,0.6938,10334.18,0.0968,551.00,0.9677,0.8212,0.3454,2.9326,12.5016
8,1000,200,4,8,102.00,756.00,4.2108,11.4828,0.7015,11631.13,0.0860,556.00,0.8598,0.7825,0.3859,1.3161,12.3890
8,1000,200,8,1,102.00,756.00,4.2108,11.4828,0.5318,6533.72,0.1531,555.00,1.5305,1.7499,0.7416,8.9300,19.6882
8,1000,200,8,3,102.00,756.00,4.2108,11.4828,0.7388,6145.10,0.1627,558.00,1.6273,2.2121,0.8730,11.9576,17.0474
8,1000,200,8,6,102.00,756.00,4.2108,11.4828,0.8070,6469.11,0.1546,553.00,1.5458,1.9287,0.9457,8.7827,16.3405
8,1000,200,8,8,102.00,756.00,4.2108,11.4828,0.8212,7203.55,0.1388,555.00,1.3882,1.6311,0.8022,7.5139,15.2705
8,1000,200,8,12,102.00,756.00,4.2108,11.4828,0.8326,6082.90,0.1644,554.00,1.6440,2.0875,0.9144,9.6206,15.2834
8,1000,200,8,16,102.00,756.00,4.2108,11.4828,0.8365,6521.40,0.1533,557.00,1.5334,2.0005,0.9774,8.9670,15.9105
8,1000,200,16,3,102.00,756.00,4.2108,11.4828,0.7809,4079.31,0.2451,553.00,2.4514,3.6160,2.2827,11.9828,18.4611
8,1000,200,16,6,102.00,756.00,4.2108,11.4828,0.8725,3752.84,0.2665,556.00,2.6647,3.7738,2.0379,14.0856,20.9618
8,1000,200,16,12,102.00,756.00,4.2108,11.4828,0.9155,4119.70,0.2427,558.00,2.4274,3.9498,1.9702,14.1916,21.0892
8,1000,200,16,16,102.00,756.00,4.2108,11.4828,0.9230,3973.16,0.2517,552.00,2.5169,3.7967,1.8196,14.5118,21.4784
8,1000,200,16,24,102.00,756.00,4.2108,11.4828,0.9276,4231.30,0.2363,548.00,2.3633,3.5703,2.2509,11.8790,18.1093
8,1000,200,16,32,102.00,756.00,4.2108,11.4828,0.9281,3954.68,0.2529,556.00,2.5287,3.4726,2.1313,12.3821,20.0032
8,1000,200,32,6,102.00,756.00,4.2108,11.4828,0.8951,2226.13,0.4492,552.00,4.4921,7.0225,4.2049,19.0082,28.7331
8,1000,200,32,12,102.00,756.00,4.2108,11.4828,0.9524,2486.21,0.4022,552.00,4.0222,6.7487,5.2987,16.7994,25.5462
8,1000,200,32,25,102.00,756.00,4.2108,11.4828,0.9742,2289.92,0.4367,562.00,4.3670,6.9367,4.8505,17.2833,25.0418
8,1000,200,32,32,102.00,756.00,4.2108,11.4828,0.9761,1807.51,0.5532,551.00,5.5325,9.1381,7.7376,19.8308,27.3024
8,1000,200,32,48,102.00,756.00,4.2108,11.4828,0.9769,1729.92,0.5781,561.00,5.7806,9.3819,7.6929,20.0382,26.4865
8,1000,200,32,64,102.00,756.00,4.2108,11.4828,0.9770,1683.86,0.5939,571.00,5.9387,9.5950,8.6295,18.7350,30.1514
8,1000,200,64,12,102.00,756.00,4.2108,11.4828,0.9610,832.25,1.2016,573.00,12.0156,19.6917,17.2224,43.4359,59.8389
8,1000,200,64,25,102.00,756.00,4.2108,11.4828,0.9899,753.89,1.3264,554.00,13.2645,20.5937,16.9749,44.9030,64.6594
8,1000,200,64,51,102.00,756.00,4.2108,11.4828,0.9950,778.35,1.2848,574.00,12.8476,22.3945,19.7431,46.9182,61.7726
8,1000,200,64,64,102.00,756.00,4.2108,11.4828,0.9953,1011.76,0.9884,574.00,9.8838,17.3918,15.6214,38.2888,58.5289
8,1000,200,64,96,102.00,756.00,4.2108,11.4828,0.9954,1108.64,0.9020,555.00,9.0200,14.1046,11.8958,29.9557,42.2997
8,1000,200,64,128,102.00,756.00,4.2108,11.4828,0.9954,1106.83,0.9035,560.00,9.0348,15.0923,14.6514,29.8000,39.5846
8,2000,40,2,1,116.00,754.00,4.2764,11.2944,0.3725,15729.59,0.0636,522.00,0.6357,0.1787,0.0797,0.1712,2.6741
8,2000,40,2,1,116.00,754.00,4.2764,11.2944,0.3725,15599.78,0.0641,532.00,0.6410,0.1683,0.0793,0.1703,0.9337
8,2000,40,2,1,116.00,754.00,4.2764,11.2944,0.3725,16499.78,0.0606,526.00,0.6061,0.1712,0.0820,0.1775,1.8049
8,2000,40,2,2,116.00,754.00,4.2764,11.2944,0.4390,17466.86,0.0573,532.00,0.5725,0.1859,0.0832,0.1789,2.5559
8,2000,40,2,3,116.00,754.00,4.2764,11.2944,0.4659,16138.62,0.0620,527.00,0.6196,0.1829,0.0872,0.1861,3.0301
8,2000,40,2,4,116.00,754.00,4.2764,11.2944,0.4798,16874.80,0.0593,535.00,0.5926,0.1855,0.0888,0.1935,2.6900
8,2000,40,4,1,116.00,754.00,4.2764,11.2944,0.4516,13459.59,0.0743,541.00,0.7430,0.3818,0.1691,0.3822,7.7834
8,2000,40,4,1,116.00,754.00,4.2764,11.2944,0.4516,14333.61,0.0698,526.00,0.6977,0.4051,0.1658,0.4000,8.2696
8,2000,40,4,3,116.00,754.00,4.2764,11.2944,0.5883,14730.70,0.0679,535.00,0.6789,0.4111,0.1752,0.4394,8.1196
8,2000,40,4,4,116.00,754.00,4.2764,11.2944,0.6107,15051.91,0.0664,528.00,0.6644,0.3680,0.1719,0.3877,7.9563
8,2000,40,4,6,116.00,754.00,4.2764,11.2944,0.6316,12859.26,0.0778,538.00,0.7776,0.4119,0.1688,0.4040,8.2133
8,2000,40,4,8,116.00,754.00,4.2764,11.2944,0.6411,13721.07,0.0729,533.00,0.7288,0.4106,0.1741,0.4050,8.8475
8,2000,40,8,1,116.00,754.00,4.2764,11.2944,0.4971,9758.53,0.1025,536.00,1.0247,0.9397,0.3575,4.4908,13.9505
8,2000,40,8,3,116.00,754.00,4.2764,11.2944,0.6809,9348.02,0.1070,530.00,1.0697,1.0268,0.3597,5.1736,15.1555
8,2000,40,8,6,116.00,754.00,4.2764,11.2944,0.7480,9656.96,0.1036,532.00,1.0355,0.9514,0.3618,4.8266,14.2240
8,2000,40,8,8,116.00,754.00,4.2764,11.2944,0.7639,10481.59,0.0954,537.00,0.9541,0.8780,0.3685,3.1931,12.9887
8,2000,40,8,12,116.00,754.00,4.2764,11.2944,0.7778,8310.98,0.1203,540.00,1.2032,0.9517,0.3683,3.5120,14.5312
8,2000,40,8,16,116.00,754.00,4.2764,11.2944,0.7822,10198.53,0.0981,534.00,0.9805,0.8443,0.3807,3.4933,12.0661
8,2000,40,16,3,116.00,754.00,4.2764,11.2944,0.7273,6712.67,0.1490,538.00,1.4897,1.7983,0.7624,9.3644,17.8672
8,2000,40,16,6,116.00,754.00,4.2764,11.2944,0.8222,6315.90,0.1583,539.00,1.5833,1.8326,0.7850,9.5210,16.5659
8,2000,40,16,12,116.00,754.00,4.2764,11.2944,0.8701,6174.45,0.1620,531.00,1.6196,2.0934,0.8049,11.6069,17.6835
8,2000,40,16,16,116.00,754.00,4.2764,11.2944,0.8799,6636.99,0.1507,538.00,1.5067,1.8109,0.8495,9.0225,16.0298
8,2000,40,16,24,116.00,754.00,4.2764,11.2944,0.8861,6636.94,0.1507,538.00,1.5067,2.0343,0.8311,10.7847,18.1015
8,2000,40,16,32,116.00,754.00,4.2764,11.2944,0.8881,6853.44,0.1459,534.00,1.4591,1.8530,0.8209,9.4741,17.4083
8,2000,40,32,6,116.00,754.00,4.2764,11.2944,0.8526,3824.18,0.2615,552.00,2.6149,3.8863,1.8979,14.1948,19.7047
8,2000,40,32,12,116.00,754.00,4.2764,11.2944,0.9197,3969.69,0.2519,533.00,2.5191,3.6437,1.8432,14.0293,19.3580
8,2000,40,32,25,116.00,754.00,4.2764,11.2944,0.9478,3847.29,0.2599,533.00,2.5992,3.8940,1.7562,14.8965,22.4226
8,2000,40,32,32,116.00,754.00,4.2764,11.2944,0.9511,3918.42,0.2552,536.00,2.5520,3.9841,1.8249,14.9147,22.4153
8,2000,40,32,48,116.00,754.00,4.2764,11.2944,0.9536,4181.86,0.2391,541.00,2.3913,3.7218,2.0777,14.0360,21.7296
8,2000,40,32,64,116.00,754.00,4.2764,11.2944,0.9542,3777.28,0.2647,535.00,2.6474,3.9273,1.8193,14.6741,21.4890
8,2000,40,64,12,116.00,754.00,4.2764,11.2944,0.9339,2201.04,0.4543,539.00,4.5433,7.3085,4.6367,18.7138,27.4878
8,2000,40,64,25,116.00,754.00,4.2764,11.2944,0.9741,2041.43,0.4899,550.00,4.8985,8.2513,4.6136,20.2778,30.1769
8,2000,40,64,51,116.00,754.00,4.2764,11.2944,0.9845,2003.73,0.4991,536.00,4.9907,7.4991,4.5922,19.4736,30.3452
8,2000,40,64,64,116.00,754.00,4.2764,11.2944,0.9851,2017.56,0.4956,534.00,4.9565,8.1179,4.8593,20.7738,31.0021
8,2000,40,64,96,116.00,754.00,4.2764,11.2944,0.9858,1857.17,0.5385,544.00,5.3845,8.7227,5.9024,20.4848,29.9991
8,2000,40,64,128,116.00,754.00,4.2764,11.2944,0.9859,1983.24,0.5042,544.00,5.0423,8.6232,6.1408,19.9615,31.5795
8,2000,40,128,25,116.00,754.00,4.2764,11.2944,0.9791,1163.29,0.8596,556.00,8.5963,14.5461,12.6412,29.5042,40.3571
8,2000,40,128,51,116.00,754.00,4.2764,11.2944,0.9942,1068.67,0.9357,546.00,9.3574,14.7601,12.2754,31.1293,42.7558
8,2000,40,128,102,116.00,754.00,4.2764,11.2944,0.9969,1158.95,0.8629,561.00,8.6285,14.5429,12.2196,29.0967,39.7698
8,2000,40,128,128,116.00,754.00,4.2764,11.2944,0.9971,1146.72,0.8721,557.00,8.7205,14.8694,12.9667,30.7650,43.9751
8,2000,40,128,192,116.00,754.00,4.2764,11.2944,0.9972,1191.54,0.8393,547.00,8.3925,15.0546,13.5072,30.0849,42.2988
8,2000,40,128,256,116.00,754.00,4.2764,11.2944,0.9972,989.34,1.0108,563.00,10.1078,18.4679,16.7349,38.0753,52.8473
8,2000,100,2,1,107.00,752.00,3.9705,11.4710,0.3676,16775.76,0.0596,524.00,0.5961,0.1565,0.0806,0.1702,0.4677
8,2000,100,2,1,107.00,752.00,3.9705,11.4710,0.3676,16795.63,0.0595,522.00,0.5954,0.1897,0.0819,0.1797,3.2942
8,2000,100,2,1,107.00,752.00,3.9705,11.4710,0.3676,11810.69,0.0847,534.00,0.8467,0.3759,0.1526,0.4713,8.2472
8,2000,100,2,2,107.00,752.00,3.9705,11.4710,0.4381,10377.23,0.0964,531.00,0.9636,0.4810,0.2227,0.6111,8.8875
8,2000,100,2,3,107.00,752.00,3.9705,11.4710,0.4667,11610.36,0.0861,528.00,0.8613,0.5372,0.2135,0.5371,12.2085
8,2000,100,2,4,107.00,752.00,3.9705,11.4710,0.4816,16233.43,0.0616,536.00,0.6160,0.2053,0.1151,0.2885,1.8323
8,2000,100,4,1,107.00,752.00,3.9705,11.4710,0.4467,13766.45,0.0726,535.00,0.7264,0.3543,0.1984,0.4883,5.9846
8,2000,100,4,1,107.00,752.00,3.9705,11.4710,0.4467,12833.89,0.0779,532.00,0.7792,0.3921,0.1581,0.3595,8.2450
8,2000,100,4,3,107.00,752.00,3.9705,11.4710,0.5880,7623.25,0.1312,537.00,1.3118,0.9382,0.4459,1.8236,13.5726
8,2000,100,4,4,107.00,752.00,3.9705,11.4710,0.6108,8536.97,0.1171,532.00,1.1714,0.9813,0.5349,1.4269,12.7567
8,2000,100,4,6,107.00,752.00,3.9705,11.4710,0.6331,8267.00,0.1210,539.00,1.2096,0.9922,0.5412,1.5742,12.6899
8,2000,100,4,8,107.00,752.00,3.9705,11.4710,0.6423,9801.33,0.1020,527.00,1.0203,0.8610,0.4956,1.2839,12.4474
8,2000,100,8,1,107.00,752.00,3.9705,11.4710,0.4919,9606.45,0.1041,538.00,1.0410,0.8856,0.3492,2.9452,14.9996
8,2000,100,8,3,107.00,752.00,3.9705,11.4710,0.6804,7992.67,0.1251,541.00,1.2511,1.1086,0.3895,5.7512,16.8140
8,2000,100,8,6,107.00,752.00,3.9705,11.4710,0.7485,4905.09,0.2039,540.00,2.0387,2.2232,1.3398,9.1888,18.8926
8,2000,100,8,8,107.00,752.00,3.9705,11.4710,0.7641,5094.94,0.1963,537.00,1.9627,2.0559,1.1210,9.4514,19.2362
8,2000,100,8,12,107.00,752.00,3.9705,11.4710,0.7769,5837.94,0.1713,533.00,1.7129,1.8117,1.1743,6.0172,13.7088
8,2000,100,8,16,107.00,752.00,3.9705,11.4710,0.7817,8046.46,0.1243,536.00,1.2428,1.4031,0.9253,2.3336,13.4122
8,2000,100,16,3,107.00,752.00,3.9705,11.4710,0.7284,5524.33,0.1810,536.00,1.8102,1.9009,0.7626,10.7723,17.9025
8,2000,100,16,6,107.00,752.00,3.9705,11.4710,0.8233,3578.02,0.2795,540.00,2.7948,4.2820,3.0669,14.1649,24.2229
8,2000,100,16,12,107.00,752.00,3.9705,11.4710,0.8719,3797.74,0.2633,531.00,2.6331,3.6404,2.1836,14.1127,21.9825
8,2000,100,16,16,107.00,752.00,3.9705,11.4710,0.8800,3555.95,0.2812,532.00,2.8122,3.7668,2.1908,13.8244,19.9493
8,2000,100,16,24,107.00,752.00,3.9705,11.4710,0.8859,4353.00,0.2297,535.00,2.2973,3.2249,1.9740,12.2307,21.8732
8,2000,100,16,32,107.00,752.00,3.9705,11.4710,0.8875,5661.79,0.1766,540.00,1.7662,1.9995,0.8615,10.1176,20.7357
8,2000,100,32,6,107.00,752.00,3.9705,11.4710,0.8532,3451.94,0.2897,543.00,2.8969,4.4590,1.6567,18.5962,28.1693
8,2000,100,32,12,107.00,752.00,3.9705,11.4710,0.9212,3010.51,0.3322,539.00,3.3217,4.8427,1.8771,18.5663,28.3239
8,2000,100,32,25,107.00,752.00,3.9705,11.4710,0.9489,2731.88,0.3660,538.00,3.6605,4.6412,2.2029,16.0878,24.2298
8,2000,100,32,32,107.00,752.00,3.9705,11.4710,0.9517,3386.55,0.2953,535.00,2.9529,4.5202,1.8339,17.2916,26.1206
8,2000,100,32,48,107.00,752.00,3.9705,11.4710,0.9539,3503.85,0.2854,532.00,2.8540,4.6089,1.8915,16.2207,24.1530
8,2000,100,32,64,107.00,752.00,3.9705,11.4710,0.9542,3465.89,0.2885,536.00,2.8853,4.0305,1.8538,15.4407,25.9897
8,2000,100,64,12,107.00,752.00,3.9705,11.4710,0.9363,1977.11,0.5058,541.00,5.0579,7.7263,4.1479,19.7166,28.0180
8,2000,100,64,25,107.00,752.00,3.9705,11.4710,0.9747,1873.91,0.5336,544.00,5.3364,7.7650,5.3311,19.5419,29.1013
8,2000,100,64,51,107.00,752.00,3.9705,11.4710,0.9846,1917.10,0.5216,538.00,5.2162,7.5649,4.1165,19.5067,31.5429
8,2000,100,64,64,107.00,752.00,3.9705,11.4710,0.9854,1929.74,0.5182,535.00,5.1820,7.6361,4.6873,19.5270,30.0843
8,2000,100,64,96,107.00,752.00,3.9705,11.4710,0.9857,1958.41,0.5106,550.00,5.1062,8.3298,4.8007,20.9843,29.4648
8,2000,100,64,128,107.00,752.00,3.9705,11.4710,0.9858,1896.23,0.5274,555.00,5.2736,8.5453,4.5495,22.0825,32.2538
8,2000,100,128,25,107.00,752.00,3.9705,11.4710,0.9806,1121.94,0.8913,560.00,8.9132,15.2286,14.3601,32.6883,48.5508
8,2000,100,128,51,107.00,752.00,3.9705,11.4710,0.9947,1122.43,0.8909,559.00,8.9092,15.1120,14.2013,30.9933,40.1188
8,2000,100,128,102,107.00,752.00,3.9705,11.4710,0.9971,1089.40,0.9179,546.00,9.1794,15.3234,14.8981,30.3329,40.3644
8,2000,100,128,128,107.00,752.00,3.9705,11.4710,0.9971,1120.19,0.8927,561.00,8.9270,15.5568,14.7753,31.4670,41.4977
8,2000,100,128,192,107.00,752.00,3.9705,11.4710,0.9972,1104.18,0.9056,562.00,9.0565,15.7794,14.9706,32.4126,42.2388
8,2000,100,128,256,107.00,752.00,3.9705,11.4710,0.9972,1053.20,0.9495,558.00,9.4949,16.4475,15.6044,32.7768,43.1988
8,2000,200,2,1,101.00,749.00,4.7185,11.5339,0.3639,17545.90,0.0570,535.00,0.5699,0.1833,0.0801,0.1923,2.2703
8,2000,200,2,1,101.00,749.00,4.7185,11.5339,0.3639,16060.74,0.0623,532.00,0.6226,0.1610,0.0819,0.1773,2.0445
8,2000,200,2,1,101.00,749.00,4.7185,11.5339,0.3639,17570.41,0.0569,532.00,0.5691,0.1570,0.0814,0.1774,0.8267
8,2000,200,2,2,101.00,749.00,4.7185,11.5339,0.4380,19034.36,0.0525,539.00,0.5254,0.1793,0.0838,0.1817,1.7309
8,2000,200,2,3,101.00,749.00,4.7185,11.5339,0.4673,21564.22,0.0464,529.00,0.4637,0.1544,0.0866,0.2065,0.4664
8,2000,200,2,4,101.00,749.00,4.7185,11.5339,0.4808,17209.72,0.0581,540.00,0.5811,0.1775,0.0841,0.1794,2.1794
8,2000,200,4,1,101.00,749.00,4.7185,11.5339,0.4396,14660.29,0.0682,538.00,0.6821,0.3997,0.1850,0.5012,8.1794
8,2000,200,4,1,101.00,749.00,4.7185,11.5339,0.4396,14110.14,0.0709,540.00,0.7087,0.3251,0.1579,0.3737,6.9438
8,2000,200,4,3,101.00,749.00,4.7185,11.5339,0.5900,14197.78,0.0704,543.00,0.7043,0.4151,0.1735,0.4807,8.4958
8,2000,200,4,4,101.00,749.00,4.7185,11.5339,0.6117,14991.60,0.0667,546.00,0.6670,0.3610,0.1641,0.4034,7.7267
8,2000,200,4,6,101.00,749.00,4.7185,11.5339,0.6322,15058.65,0.0664,544.00,0.6641,0.3486,0.1755,0.4072,6.8301
8,2000,200,4,8,101.00,749.00,4.7185,11.5339,0.6411,14613.84,0.0684,544.00,0.6843,0.3819,0.2414,0.6711,4.6233
8,2000,200,8,1,101.00,749.00,4.7185,11.5339,0.4823,11278.03,0.0887,539.00,0.8867,0.7877,0.3704,1.9837,12.0930
8,2000,200,8,3,101.00,749.00,4.7185,11.5339,0.6811,11228.92,0.0891,542.00,0.8906,0.8404,0.3923,3.6985,10.3974
8,2000,200,8,6,101.00,749.00,4.7185,11.5339,0.7483,9328.12,0.1072,560.00,1.0720,0.9058,0.4027,4.3374,9.8524
8,2000,200,8,8,101.00,749.00,4.7185,11.5339,0.7639,10793.43,0.0926,548.00,0.9265,0.8822,0.4070,1.8119,12.8711
8,2000,200,8,12,101.00,749.00,4.7185,11.5339,0.7767,10470.07,0.0955,546.00,0.9551,0.8538,0.3968,2.0204,12.5886
8,2000,200,8,16,101.00,749.00,4.7185,11.5339,0.7813,10699.53,0.0935,538.00,0.9346,0.8589,0.3851,2.8678,12.1674
8,2000,200,16,3,101.00,749.00,4.7185,11.5339,0.7288,6727.13,0.1487,548.00,1.4865,1.8947,0.8298,9.4120,15.6278
8,2000,200,16,6,101.00,749.00,4.7185,11.5339,0.8228,6592.80,0.1517,543.00,1.5168,2.0166,1.0478,8.7628,14.9149
8,2000,200,16,12,101.00,749.00,4.7185,11.5339,0.8708,6067.17,0.1648,548.00,1.6482,1.8399,0.8842,8.4718,14.3244
8,2000,200,16,16,101.00,749.00,4.7185,11.5339,0.8803,6677.23,0.1498,557.00,1.4976,2.0393,0.8094,10.7326,18.2002
8,2000,200,16,24,101.00,749.00,4.7185,11.5339,0.8863,5831.33,0.1715,552.00,1.7149,1.9836,1.0396,8.3332,16.1838
8,2000,200,16,32,101.00,749.00,4.7185,11.5339,0.8880,6305.91,0.1586,545.00,1.5858,1.8057,0.8740,8.8444,14.9189
8,2000,200,32,6,101.00,749.00,4.7185,11.5339,0.8527,3911.64,0.2556,548.00,2.5565,3.8819,1.8868,14.1423,19.9037
8,2000,200,32,12,101.00,749.00,4.7185,11.5339,0.9203,3729.69,0.2681,545.00,2.6812,3.8554,2.3266,13.1388,19.4577
8,2000,200,32,25,101.00,749.00,4.7185,11.5339,0.9490,3780.94,0.2645,561.00,2.6448,3.9961,1.9288,15.0251,23.5027
8,2000,200,32,32,101.00,749.00,4.7185,11.5339,0.9521,4084.61,0.2448,546.00,2.4482,3.7673,2.0117,13.3329,18.0782
8,2000,200,32,48,101.00,749.00,4.7185,11.5339,0.9540,4042.63,0.2474,546.00,2.4736,3.9069,2.2504,13.0310,18.7652
8,2000,200,32,64,101.00,749.00,4.7185,11.5339,0.9545,3515.45,0.2845,549.00,2.8446,4.2061,1.9440,15.3110,22.6785
8,2000,200,64,12,101.00,749.00,4.7185,11.5339,0.9351,2163.75,0.4622,555.00,4.6216,7.7382,4.6339,19.9825,31.2386
8,2000,200,64,25,101.00,749.00,4.7185,11.5339,0.9749,2172.40,0.4603,559.00,4.6032,7.6894,5.0834,19.0969,30.1284
8,2000,200,64,51,101.00,749.00,4.7185,11.5339,0.9846,2184.51,0.4578,554.00,4.5777,7.3868,4.6610,18.3511,27.1954
8,2000,200,64,64,101.00,749.00,4.7185,11.5339,0.9854,2005.18,0.4987,547.00,4.9871,7.6988,5.3046,18.4065,26.1088
8,2000,200,64,96,101.00,749.00,4.7185,11.5339,0.9858,2028.08,0.4931,543.00,4.9308,7.6002,5.5731,18.1228,25.5923
8,2000,200,64,128,101.00,749.00,4.7185,11.5339,0.9859,2347.54,0.4260,562.00,4.2598,7.2966,5.0839,17.2289,24.9686
8,2000,200,128,25,101.00,749.00,4.7185,11.5339,0.9807,994.84,1.0052,567.00,10.0518,17.9311,16.4251,37.1208,49.9742
8,2000,200,128,51,101.00,749.00,4.7185,11.5339,0.9946,856.62,1.1674,550.00,11.6738,20.2835,17.9935,42.1257,55.9399
8,2000,200,128,102,101.00,749.00,4.7185,11.5339,0.9969,779.16,1.2834,568.00,12.8343,21.8866,20.2623,44.7905,62.4364
8,2000,200,128,128,101.00,749.00,4.7185,11.5339,0.9970,814.13,1.2283,552.00,12.2831,21.5879,20.9103,42.3004,59.0246
8,2000,200,128,192,101.00,749.00,4.7185,11.5339,0.9972,760.56,1.3148,568.00,13.1482,23.7977,19.9619,48.9792,65.4874
8,2000,200,128,256,101.00,749.00,4.7185,11.5339,0.9972,679.01,1.4727,569.00,14.7272,26.1132,22.7397,49.1265,64.5534
8,3000,40,3,1,113.00,737.00,5.0003,12.2945,0.3894,13865.98,0.0721,555.00,0.7212,0.2160,0.0883,0.1969,4.2741
8,3000,40,3,1,113.00,737.00,5.0003,12.2945,0.3894,13139.65,0.0761,551.00,0.7611,0.2083,0.0870,0.1910,4.1100
8,3000,40,3,2,113.00,737.00,5.0003,12.2945,0.4706,15566.65,0.0642,561.00,0.6424,0.2064,0.0915,0.2047,3.5635
8,3000,40,3,3,113.00,737.00,5.0003,12.2945,0.5044,16477.43,0.0607,552.00,0.6069,0.2445,0.0922,0.2114,5.3147
8,3000,40,3,4,113.00,737.00,5.0003,12.2945,0.5225,16274.60,0.0614,555.00,0.6145,0.1989,0.0918,0.2040,3.8043
8,3000,40,3,6,113.00,737.00,5.0003,12.2945,0.5390,15460.57,0.0647,557.00,0.6468,0.2053,0.0931,0.2037,3.1974
8,3000,40,6,1,113.00,737.00,5.0003,12.2945,0.4477,12298.75,0.0813,557.00,0.8131,0.4554,0.1792,0.4406,10.5335
8,3000,40,6,2,113.00,737.00,5.0003,12.2945,0.5597,13032.31,0.0767,562.00,0.7673,0.5293,0.1829,0.4617,13.0502
8,3000,40,6,4,113.00,737.00,5.0003,12.2945,0.6374,10940.91,0.0914,563.00,0.9140,0.5531,0.1913,0.5032,13.3511
8,3000,40,6,6,113.00,737.00,5.0003,12.2945,0.6647,10483.85,0.0954,562.00,0.9538,0.5494,0.1846,0.4635,12.8580
8,3000,40,6,9,113.00,737.00,5.0003,12.2945,0.6811,12434.68,0.0804,558.00,0.8042,0.4793,0.1892,0.4380,11.7808
8,3000,40,6,12,113.00,737.00,5.0003,12.2945,0.6885,12774.04,0.0783,558.00,0.7828,0.4787,0.1909,0.4512,11.3675
8,3000,40,12,2,113.00,737.00,5.0003,12.2945,0.6098,9475.67,0.1055,569.00,1.0553,0.9944,0.3901,5.2842,13.8928
8,3000,40,12,4,113.00,737.00,5.0003,12.2945,0.7169,9609.00,0.1041,560.00,1.0407,0.9593,0.3809,3.9312,14.5163
8,3000,40,12,9,113.00,737.00,5.0003,12.2945,0.7885,9305.79,0.1075,564.00,1.0746,1.0090,0.4010,4.7193,14.2449
8,3000,40,12,12,113.00,737.00,5.0003,12.2945,0.8018,10369.92,0.0964,561.00,0.9643,0.9751,0.4087,2.7805,15.3905
8,3000,40,12,18,113.00,737.00,5.0003,12.2945,0.8120,9659.39,0.1035,566.00,1.0353,1.1061,0.4131,5.4590,15.5367
8,3000,40,12,24,113.00,737.00,5.0003,12.2945,0.8154,9231.81,0.1083,566.00,1.0832,0.9966,0.3948,4.3182,14.5523
8,3000,40,24,4,113.00,737.00,5.0003,12.2945,0.7538,5714.95,0.1750,563.00,1.7498,2.4486,1.7557,7.7229,15.2455
8,3000,40,24,9,113.00,737.00,5.0003,12.2945,0.8530,4599.88,0.2174,568.00,2.1740,2.1908,0.9935,9.9042,15.7665
8,3000,40,24,19,113.00,737.00,5.0003,12.2945,0.8959,4912.69,0.2036,565.00,2.0355,2.2008,0.9982,10.1596,17.7978
8,3000,40,24,24,113.00,737.00,5.0003,12.2945,0.9016,5051.59,0.1980,557.00,1.9796,2.2373,0.9943,10.2960,16.6731
8,3000,40,24,36,113.00,737.00,5.0003,12.2945,0.9063,5848.01,0.1710,559.00,1.7100,2.1679,0.8844,10.9421,16.9331
8,3000,40,24,48,113.00,737.00,5.0003,12.2945,0.9074,5555.70,0.1800,568.00,1.8000,2.1412,0.8850,10.3406,17.1997
8,3000,40,48,9,113.00,737.00,5.0003,12.2945,0.8768,3538.15,0.2826,561.00,2.8263,4.3754,1.8624,15.8168,22.6378
8,3000,40,48,19,113.00,737.00,5.0003,12.2945,0.9386,3264.97,0.3063,578.00,3.0628,4.0007,1.9659,14.7384,22.4407
8,3000,40,48,38,113.00,737.00,5.0003,12.2945,0.9590,3499.21,0.2858,569.00,2.8578,4.2686,1.9294,15.4605,23.5663
8,3000,40,48,48,113.00,737.00,5.0003,12.2945,0.9612,3456.57,0.2893,568.00,2.8930,4.3665,1.9900,16.4680,24.5553
8,3000,40,48,72,113.00,737.00,5.0003,12.2945,0.9628,3476.62,0.2876,560.00,2.8764,4.5347,1.9446,17.0426,26.7303
8,3000,40,48,96,113.00,737.00,5.0003,12.2945,0.9633,3208.11,0.3117,560.00,3.1171,4.1517,2.1906,15.1735,26.2213
8,3000,40,96,19,113.00,737.00,5.0003,12.2945,0.9508,1928.22,0.5186,572.00,5.1861,8.4349,5.0578,20.4895,30.9982
8,3000,40,96,38,113.00,737.00,5.0003,12.2945,0.9799,1883.31,0.5310,567.00,5.3098,8.7243,5.3382,20.6562,30.4471
8,3000,40,96,76,113.00,737.00,5.0003,12.2945,0.9873,1899.54,0.5264,568.00,5.2644,8.6101,4.9798,20.4459,28.4503
8,3000,40,96,96,113.00,737.00,5.0003,12.2945,0.9881,1946.69,0.5137,565.00,5.1369,8.4537,5.0090,20.9644,30.9742
8,3000,40,96,144,113.00,737.00,5.0003,12.2945,0.9886,1939.59,0.5156,567.00,5.1557,8.7379,5.6238,20.9143,31.6810
8,3000,40,96,192,113.00,737.00,5.0003,12.2945,0.9886,1929.74,0.5182,581.00,5.1821,8.8680,5.6353,21.1791,30.8570
8,3000,40,192,38,113.00,737.00,5.0003,12.2945,0.9838,1137.19,0.8794,581.00,8.7936,15.0273,14.3447,30.7693,40.7982
8,3000,40,192,76,113.00,737.00,5.0003,12.2945,0.9945,1060.39,0.9430,573.00,9.4305,16.2193,15.5881,32.4585,42.8209
8,3000,40,192,153,113.00,737.00,5.0003,12.2945,0.9968,1059.99,0.9434,590.00,9.4340,14.9380,12.3430,32.0498,43.6425
8,3000,40,192,192,113.00,737.00,5.0003,12.2945,0.9969,1074.12,0.9310,584.00,9.3099,15.6068,13.8967,33.4787,45.9846
8,3000,40,192,288,113.00,737.00,5.0003,12.2945,0.9970,1039.77,0.9618,591.00,9.6175,16.1202,15.2608,31.6859,41.9524
8,3000,40,192,384,113.00,737.00,5.0003,12.2945,0.9971,1037.69,0.9637,595.00,9.6368,17.2148,16.4169,33.1450,44.0395
8,3000,100,3,1,138.00,739.00,4.6320,10.9780,0.3920,16126.40,0.0620,533.00,0.6201,0.2567,0.1096,0.2708,5.4045
8,3000,100,3,1,138.00,739.00,4.6320,10.9780,0.3920,15802.76,0.0633,530.00,0.6328,0.2305,0.1027,0.2480,4.3843
8,3000,100,3,2,138.00,739.00,4.6320,10.9780,0.4765,17914.50,0.0558,537.00,0.5582,0.2297,0.0982,0.2308,4.0097
8,3000,100,3,3,138.00,739.00,4.6320,10.9780,0.5096,18860.81,0.0530,530.00,0.5302,0.1991,0.1007,0.2262,3.5192
8,3000,100,3,4,138.00,739.00,4.6320,10.9780,0.5265,16338.10,0.0612,532.00,0.6121,0.1924,0.0937,0.2025,3.4145
8,3000,100,3,6,138.00,739.00,4.6320,10.9780,0.5438,17630.75,0.0567,536.00,0.5672,0.1893,0.0966,0.2115,3.2446
8,3000,100,6,1,138.00,739.00,4.6320,10.9780,0.4501,11562.20,0.0865,530.00,0.8649,0.4671,0.1769,0.4442,8.8326
8,3000,100,6,2,138.00,739.00,4.6320,10.9780,0.5647,17992.71,0.0556,546.00,0.5558,0.4252,0.2811,0.8669,2.7534
8,3000,100,6,4,138.00,739.00,4.6320,10.9780,0.6417,14748.75,0.0678,537.00,0.6780,0.3766,0.1928,0.4954,7.1108
8,3000,100,6,6,138.00,739.00,4.6320,10.9780,0.6703,16352.93,0.0612,540.00,0.6115,0.4116,0.1956,0.4618,7.9856
8,3000,100,6,9,138.00,739.00,4.6320,10.9780,0.6868,14672.37,0.0682,539.00,0.6816,0.3725,0.1897,0.4391,7.0381
8,3000,100,6,12,138.00,739.00,4.6320,10.9780,0.6925,14462.82,0.0691,532.00,0.6914,0.3830,0.1906,0.4454,7.2465
8,3000,100,12,2,138.00,739.00,4.6320,10.9780,0.6141,10413.77,0.0960,542.00,0.9603,0.9257,0.4059,4.3148,12.6689
8,3000,100,12,4,138.00,739.00,4.6320,10.9780,0.7204,8184.05,0.1222,550.00,1.2219,0.9968,0.4029,4.8214,13.3329
8,3000,100,12,9,138.00,739.00,4.6320,10.9780,0.7940,10429.67,0.0959,544.00,0.9588,0.8761,0.4283,1.6767,13.4397
8,3000,100,12,12,138.00,739.00,4.6320,10.9780,0.8056,10084.87,0.0992,539.00,0.9916,0.9902,0.4463,5.4419,11.2478
8,3000,100,12,18,138.00,739.00,4.6320,10.9780,0.8145,9693.73,0.1032,542.00,1.0316,0.8677,0.4359,2.5982,11.2230
8,3000,100,12,24,138.00,739.00,4.6320,10.9780,0.8179,10647.35,0.0939,536.00,0.9392,0.8278,0.4073,2.7954,10.7646
8,3000,100,24,4,138.00,739.00,4.6320,10.9780,0.7573,6218.86,0.1608,536.00,1.6080,2.0662,0.8694,10.5733,17.9707
8,3000,100,24,9,138.00,739.00,4.6320,10.9780,0.8589,5969.26,0.1675,553.00,1.6752,1.9729,0.8873,9.3740,18.8991
8,3000,100,24,19,138.00,739.00,4.6320,10.9780,0.8982,5908.13,0.1693,544.00,1.6926,2.0056,0.9040,10.8618,16.3457
8,3000,100,24,24,138.00,739.00,4.6320,10.9780,0.9038,6328.45,0.1580,541.00,1.5802,1.8492,0.8816,8.8243,15.8289
8,3000,100,24,36,138.00,739.00,4.6320,10.9780,0.9082,5097.28,0.1962,539.00,1.9618,2.4696,1.1182,11.4187,19.2581
8,3000,100,24,48,138.00,739.00,4.6320,10.9780,0.9090,6304.35,0.1586,532.00,1.5862,1.9798,1.1036,8.5075,15.2973
8,3000,100,48,9,138.00,739.00,4.6320,10.9780,0.8842,3382.68,0.2956,554.00,2.9562,3.9481,1.8829,14.7705,21.3745
8,3000,100,48,19,138.00,739.00,4.6320,10.9780,0.9430,3716.70,0.2691,553.00,2.6906,4.0525,2.0174,14.3639,21.9514
8,3000,100,48,38,138.00,739.00,4.6320,10.9780,0.9617,3679.40,0.2718,539.00,2.7178,3.9131,2.0755,14.4443,22.5932
8,3000,100,48,48,138.00,739.00,4.6320,10.9780,0.9634,3895.69,0.2567,542.00,2.5669,3.7356,2.2842,12.6222,18.9663
8,3000,100,48,72,138.00,739.00,4.6320,10.9780,0.9648,3830.84,0.2610,534.00,2.6104,4.0072,2.1509,13.5604,19.9188
8,3000,100,48,96,138.00,739.00,4.6320,10.9780,0.9648,3856.84,0.2593,542.00,2.5928,3.8705,2.2774,12.4756,17.5011
8,3000,100,96,19,138.00,739.00,4.6320,10.9780,0.9550,2285.88,0.4375,541.00,4.3747,7.0364,4.5622,17.6940,25.5485
8,3000,100,96,38,138.00,739.00,4.6320,10.9780,0.9823,1673.30,0.5976,539.00,5.9762,8.0421,5.4391,20.1087,32.2278
8,3000,100,96,76,138.00,739.00,4.6320,10.9780,0.9887,1897.46,0.5270,559.00,5.2702,8.0914,5.2093,19.2546,32.4649
8,3000,100,96,96,138.00,739.00,4.6320,10.9780,0.9891,2156.52,0.4637,543.00,4.6371,7.6450,6.5444,17.4160,26.0753
8,3000,100,96,144,138.00,739.00,4.6320,10.9780,0.9895,1822.53,0.5487,536.00,5.4869,9.6915,7.0271,23.0658,35.7100
8,3000,100,96,192,138.00,739.00,4.6320,10.9780,0.9895,1584.96,0.6309,543.00,6.3093,10.9218,8.9893,24.0275,34.4163
8,3000,100,192,38,138.00,739.00,4.6320,10.9780,0.9868,927.54,1.0781,571.00,10.7812,19.1884,16.9804,41.1139,53.5458
8,3000,100,192,76,138.00,739.00,4.6320,10.9780,0.9959,782.58,1.2778,554.00,12.7783,23.0543,19.8854,49.4470,64.9155
8,3000,100,192,153,138.00,739.00,4.6320,10.9780,0.9972,798.71,1.2520,573.00,12.5202,22.7092,19.5072,46.6157,61.7362
8,3000,100,192,192,138.00,739.00,4.6320,10.9780,0.9973,777.22,1.2866,564.00,12.8663,23.2241,19.3318,48.2436,61.8101
8,3000,100,192,288,138.00,739.00,4.6320,10.9780,0.9974,689.14,1.4511,575.00,14.5108,26.5944,23.4072,55.0564,76.6361
8,3000,100,192,384,138.00,739.00,4.6320,10.9780,0.9974,616.55,1.6219,575.00,16.2192,28.6101,24.8168,55.2929,69.7659
8,3000,200,3,1,119.00,738.00,6.0198,12.6399,0.3902,16684.14,0.0599,556.00,0.5994,0.1622,0.0871,0.1847,2.3029
8,3000,200,3,1,119.00,738.00,6.0198,12.6399,0.3902,17470.60,0.0572,559.00,0.5724,0.1969,0.0907,0.2004,3.9554
8,3000,200,3,2,119.00,738.00,6.0198,12.6399,0.4764,18621.76,0.0537,562.00,0.5370,0.2060,0.0914,0.2168,3.9666
8,3000,200,3,3,119.00,738.00,6.0198,12.6399,0.5097,15841.65,0.0631,560.00,0.6312,0.1618,0.0889,0.1861,2.4728
8,3000,200,3,4,119.00,738.00,6.0198,12.6399,0.5286,21036.13,0.0475,568.00,0.4754,0.2263,0.1289,0.4156,0.8687
8,3000,200,3,6,119.00,738.00,6.0198,12.6399,0.5447,17121.62,0.0584,553.00,0.5841,0.2238,0.1265,0.2983,1.3435
8,3000,200,6,1,119.00,738.00,6.0198,12.6399,0.4480,11007.11,0.0909,570.00,0.9085,0.6177,0.2509,0.7067,12.4959
8,3000,200,6,2,119.00,738.00,6.0198,12.6399,0.5658,11683.80,0.0856,561.00,0.8559,0.6265,0.2465,0.9392,12.2509
8,3000,200,6,4,119.00,738.00,6.0198,12.6399,0.6459,13563.18,0.0737,564.00,0.7373,0.4202,0.1938,0.4615,7.7238
8,3000,200,6,6,119.00,738.00,6.0198,12.6399,0.6722,15145.05,0.0660,565.00,0.6603,0.3908,0.1835,0.4686,8.0729
8,3000,200,6,9,119.00,738.00,6.0198,12.6399,0.6866,14667.22,0.0682,565.00,0.6818,0.3960,0.1875,0.4454,7.8026
8,3000,200,6,12,119.00,738.00,6.0198,12.6399,0.6926,13239.05,0.0755,564.00,0.7553,0.4256,0.1915,0.4331,8.3130
8,3000,200,12,2,119.00,738.00,6.0198,12.6399,0.6162,10274.49,0.0973,564.00,0.9733,0.9317,0.3998,4.3696,13.4992
8,3000,200,12,4,119.00,738.00,6.0198,12.6399,0.7257,9243.41,0.1082,572.00,1.0819,0.9395,0.3960,4.0267,13.7143
8,3000,200,12,9,119.00,738.00,6.0198,12.6399,0.7940,10182.48,0.0982,562.00,0.9821,1.0006,0.4319,4.7750,13.2578
8,3000,200,12,12,119.00,738.00,6.0198,12.6399,0.8062,9361.97,0.1068,572.00,1.0682,0.9017,0.4002,2.0110,13.6134
8,3000,200,12,18,119.00,738.00,6.0198,12.6399,0.8153,9616.57,0.1040,566.00,1.0399,1.0399,0.4414,4.4843,14.7969
8,3000,200,12,24,119.00,738.00,6.0198,12.6399,0.8187,9499.68,0.1053,559.00,1.0527,0.9520,0.4155,3.5262,13.9647
8,3000,200,24,4,119.00,738.00,6.0198,12.6399,0.7629,6433.73,0.1554,567.00,1.5543,2.0242,0.8392,10.6467,16.5291
8,3000,200,24,9,119.00,738.00,6.0198,12.6399,0.8593,6490.43,0.1541,573.00,1.5407,2.0193,0.8922,9.7365,15.9911
8,3000,200,24,19,119.00,738.00,6.0198,12.6399,0.8994,6294.35,0.1589,568.00,1.5887,2.0293,0.8872,10.1483,16.8263
8,3000,200,24,24,119.00,738.00,6.0198,12.6399,0.9041,6305.36,0.1586,572.00,1.5860,1.9379,0.8729,9.0424,17.1477
8,3000,200,24,36,119.00,738.00,6.0198,12.6399,0.9082,5300.35,0.1887,576.00,1.8867,2.1728,0.8913,11.4224,18.3471
8,3000,200,24,48,119.00,738.00,6.0198,12.6399,0.9090,6024.63,0.1660,565.00,1.6599,2.1724,0.9294,11.0017,17.4507
8,3000,200,48,9,119.00,738.00,6.0198,12.6399,0.8848,3922.11,0.2550,580.00,2.5496,3.8123,2.0270,14.1055,21.8663
8,3000,200,48,19,119.00,738.00,6.0198,12.6399,0.9430,3660.54,0.2732,568.00,2.7318,3.8957,2.1053,13.8927,21.4532
8,3000,200,48,38,119.00,738.00,6.0198,12.6399,0.9613,3578.73,0.2794,567.00,2.7943,4.0564,2.0324,14.4007,20.0102
8,3000,200,48,48,119.00,738.00,6.0198,12.6399,0.9630,3424.36,0.2920,569.00,2.9203,4.3499,1.8847,15.8019,22.7926
8,3000,200,48,72,119.00,738.00,6.0198,12.6399,0.9640,3409.21,0.2933,562.00,2.9332,4.2896,2.0148,15.4553,21.2072
8,3000,200,48,96,119.00,738.00,6.0198,12.6399,0.9642,3516.28,0.2844,568.00,2.8439,4.3140,2.0947,15.1872,21.0572
8,3000,200,96,19,119.00,738.00,6.0198,12.6399,0.9562,1958.48,0.5106,585.00,5.1060,8.3109,4.5478,20.5597,31.4652
8,3000,200,96,38,119.00,738.00,6.0198,12.6399,0.9834,1955.58,0.5114,572.00,5.1136,8.0665,4.6053,19.9064,30.9952
8,3000,200,96,76,119.00,738.00,6.0198,12.6399,0.9894,1934.93,0.5168,562.00,5.1681,8.5116,5.0602,20.9986,30.7570
8,3000,200,96,96,119.00,738.00,6.0198,12.6399,0.9899,1891.70,0.5286,573.00,5.2863,8.6696,5.1740,20.9533,30.8087
8,3000,200,96,144,119.00,738.00,6.0198,12.6399,0.9902,1881.06,0.5316,572.00,5.3161,8.7656,5.4035,21.3849,30.7769
8,3000,200,96,192,119.00,738.00,6.0198,12.6399,0.9902,1996.66,0.5008,587.00,5.0084,8.9140,5.7816,20.4864,30.0942
8,3000,200,192,38,119.00,738.00,6.0198,12.6399,0.9876,1079.52,0.9263,577.00,9.2634,15.5507,14.9425,31.3061,43.0556
8,3000,200,192,76,119.00,738.00,6.0198,12.6399,0.9963,1065.06,0.9389,593.00,9.3891,16.6489,16.1505,32.8788,43.2641
8,3000,200,192,153,119.00,738.00,6.0198,12.6399,0.9979,1016.24,0.9840,584.00,9.8402,17.0354,16.7548,34.0665,45.0866
8,3000,200,192,192,119.00,738.00,6.0198,12.6399,0.9980,1032.58,0.9684,600.00,9.6845,16.5566,15.5645,33.9769,45.8349
8,3000,200,192,288,119.00,738.00,6.0198,12.6399,0.9981,999.74,1.0003,589.00,10.0026,17.1276,16.0337,35.4117,47.4920
8,3000,200,192,384,119.00,738.00,6.0198,12.6399,0.9981,952.76,1.0496,597.00,10.4959,18.3948,17.0991,36.5468,50.6099
8,4000,40,4,1,142.00,741.00,4.1043,9.7572,0.3921,17083.64,0.0585,558.00,0.5854,0.1811,0.0924,0.2021,3.3472
8,4000,40,4,1,142.00,741.00,4.1043,9.7572,0.3921,17228.34,0.0580,562.00,0.5804,0.1919,0.0916,0.2043,3.1703
8,4000,40,4,3,142.00,741.00,4.1043,9.7572,0.5274,15586.20,0.0642,568.00,0.6416,0.1923,0.0934,0.2041,3.7701
8,4000,40,4,4,142.00,741.00,4.1043,9.7572,0.5485,18585.78,0.0538,566.00,0.5380,0.2060,0.1002,0.2321,3.9950
8,4000,40,4,6,142.00,741.00,4.1043,9.7572,0.5685,16530.77,0.0605,572.00,0.6049,0.1961,0.0956,0.2053,3.1782
8,4000,40,4,8,142.00,741.00,4.1043,9.7572,0.5783,17423.77,0.0574,564.00,0.5739,0.1931,0.0997,0.2089,2.2587
8,4000,40,8,1,142.00,741.00,4.1043,9.7572,0.4359,13395.56,0.0747,569.00,0.7465,0.4137,0.1998,0.5081,8.1576
8,4000,40,8,3,142.00,741.00,4.1043,9.7572,0.6175,15695.75,0.0637,568.00,0.6371,0.3750,0.1952,0.4476,6.8742
8,4000,40,8,6,142.00,741.00,4.1043,9.7572,0.6825,14872.44,0.0672,565.00,0.6724,0.4602,0.2005,0.5042,9.4975
8,4000,40,8,8,142.00,741.00,4.1043,9.7572,0.6992,15617.59,0.0640,571.00,0.6403,0.3970,0.1999,0.5013,7.3364
8,4000,40,8,12,142.00,741.00,4.1043,9.7572,0.7139,14276.02,0.0700,571.00,0.7005,0.3924,0.2032,0.4566,6.9918
8,4000,40,8,16,142.00,741.00,4.1043,9.7572,0.7189,15619.82,0.0640,568.00,0.6402,0.3791,0.2042,0.4400,6.7309
8,4000,40,16,3,142.00,741.00,4.1043,9.7572,0.6682,11485.60,0.0871,568.00,0.8707,0.8825,0.4412,3.0297,10.9874
8,4000,40,16,6,142.00,741.00,4.1043,9.7572,0.7615,8893.79,0.1124,585.00,1.1244,0.9525,0.4536,4.1561,10.5767
8,4000,40,16,12,142.00,741.00,4.1043,9.7572,0.8153,9479.77,0.1055,573.00,1.0549,1.0202,0.5734,2.0343,11.5676
8,4000,40,16,16,142.00,741.00,4.1043,9.7572,0.8260,9398.72,0.1064,575.00,1.0640,1.0375,0.4289,4.4434,14.0041
8,4000,40,16,24,142.00,741.00,4.1043,9.7572,0.8348,9915.94,0.1008,573.00,1.0085,1.0551,0.4519,5.3216,13.7930
8,4000,40,16,32,142.00,741.00,4.1043,9.7572,0.8375,9228.48,0.1084,572.00,1.0836,1.1775,0.5668,5.1151,13.3357
8,4000,40,32,6,142.00,741.00,4.1043,9.7572,0.7989,6110.99,0.1636,586.00,1.6364,2.1242,0.9758,9.6461,15.9903
8,4000,40,32,12,142.00,741.00,4.1043,9.7572,0.8748,6465.86,0.1547,570.00,1.5466,2.0164,1.0301,8.6505,13.9330
8,4000,40,32,25,142.00,741.00,4.1043,9.7572,0.9107,6644.18,0.1505,580.00,1.5051,1.9389,1.0276,8.5646,14.4271
8,4000,40,32,32,142.00,741.00,4.1043,9.7572,0.9152,6443.31,0.1552,574.00,1.5520,2.1151,1.0186,9.2959,14.9330
8,4000,40,32,48,142.00,741.00,4.1043,9.7572,0.9196,6994.99,0.1430,574.00,1.4296,2.0036,1.0460,8.8995,14.3766
8,4000,40,32,64,142.00,741.00,4.1043,9.7572,0.9202,6382.02,0.1567,576.00,1.5669,2.0894,1.0675,9.2097,14.7958
8,4000,40,64,12,142.00,741.00,4.1043,9.7572,0.8958,3170.09,0.3154,574.00,3.1545,4.6568,2.5942,14.6999,22.2612
8,4000,40,64,25,142.00,741.00,4.1043,9.7572,0.9485,3771.91,0.2651,589.00,2.6512,4.0800,2.3275,12.1912,17.2958
8,4000,40,64,51,142.00,741.00,4.1043,9.7572,0.9655,3493.75,0.2862,566.00,2.8623,4.0310,2.1157,14.2039,18.9502
8,4000,40,64,64,142.00,741.00,4.1043,9.7572,0.9668,3411.88,0.2931,579.00,2.9309,4.2535,2.5632,14.0663,21.4847
8,4000,40,64,96,142.00,741.00,4.1043,9.7572,0.9684,3619.31,0.2763,573.00,2.7630,4.3745,2.2790,15.1884,22.1570
8,4000,40,64,128,142.00,741.00,4.1043,9.7572,0.9686,3428.65,0.2917,578.00,2.9166,4.4519,2.4252,14.2862,22.0516
8,4000,40,128,25,142.00,741.00,4.1043,9.7572,0.9584,1976.49,0.5059,575.00,5.0595,8.3534,5.8163,19.2490,27.9429
8,4000,40,128,51,142.00,741.00,4.1043,9.7572,0.9837,1995.09,0.5012,586.00,5.0123,8.3563,5.6359,20.1869,29.5613
8,4000,40,128,102,142.00,741.00,4.1043,9.7572,0.9896,1897.66,0.5270,582.00,5.2696,8.6666,6.8312,19.1690,25.5925
8,4000,40,128,128,142.00,741.00,4.1043,9.7572,0.9900,1890.91,0.5288,579.00,5.2885,8.7373,6.2065,20.2988,30.0782
8,4000,40,128,192,142.00,741.00,4.1043,9.7572,0.9906,1800.11,0.5555,579.00,5.5552,9.1051,6.1331,20.4482,32.0740
8,4000,40,128,256,142.00,741.00,4.1043,9.7572,0.9907,1660.51,0.6022,583.00,6.0222,9.2834,6.2566,20.9339,30.3040
8,4000,40,256,51,142.00,741.00,4.1043,9.7572,0.9869,1064.84,0.9391,591.00,9.3911,15.8795,15.2131,33.5482,47.7054
8,4000,40,256,102,142.00,741.00,4.1043,9.7572,0.9953,987.82,1.0123,601.00,10.1233,16.8860,15.8939,34.7030,47.4170
8,4000,40,256,204,142.00,741.00,4.1043,9.7572,0.9970,1048.08,0.9541,604.00,9.5412,17.1235,16.0812,34.6731,47.6452
8,4000,40,256,256,142.00,741.00,4.1043,9.7572,0.9971,936.96,1.0673,588.00,10.6728,18.6740,17.8263,37.3646,51.4979
8,4000,40,256,384,142.00,741.00,4.1043,9.7572,0.9973,826.09,1.2105,605.00,12.1053,21.8749,20.4342,42.5444,56.3211
8,4000,40,256,512,142.00,741.00,4.1043,9.7572,0.9974,721.07,1.3868,601.00,13.8684,25.8264,22.8328,48.9289,62.3901
8,4000,100,4,1,150.00,742.00,5.8086,14.4430,0.3919,11536.98,0.0867,597.00,0.8668,0.4797,0.2685,0.6864,6.6254
8,4000,100,4,1,150.00,742.00,5.8086,14.4430,0.3919,13930.75,0.0718,594.00,0.7178,0.2422,0.1217,0.2850,3.2135
8,4000,100,4,3,150.00,742.00,5.8086,14.4430,0.5314,13146.63,0.0761,591.00,0.7607,0.2285,0.1003,0.2054,2.9701
8,4000,100,4,4,150.00,742.00,5.8086,14.4430,0.5535,14563.51,0.0687,597.00,0.6866,0.2250,0.1024,0.2138,4.0541
8,4000,100,4,6,150.00,742.00,5.8086,14.4430,0.5753,15111.78,0.0662,594.00,0.6617,0.2797,0.1202,0.2809,5.7498
8,4000,100,4,8,150.00,742.00,5.8086,14.4430,0.5841,14592.03,0.0685,600.00,0.6853,0.2386,0.1218,0.2462,4.2485
8,4000,100,8,1,150.00,742.00,5.8086,14.4430,0.4344,7527.19,0.1329,601.00,1.3285,1.2840,0.5870,6.2938,15.1424
8,4000,100,8,3,150.00,742.00,5.8086,14.4430,0.6211,6530.96,0.1531,605.00,1.5312,1.3521,0.7734,2.3928,13.5297
8,4000,100,8,6,150.00,742.00,5.8086,14.4430,0.6881,6920.34,0.1445,598.00,1.4450,1.3584,0.7058,5.5857,13.5143
8,4000,100,8,8,150.00,742.00,5.8086,14.4430,0.7037,7051.47,0.1418,605.00,1.4181,1.3603,0.6851,5.2220,14.0911
8,4000,100,8,12,150.00,742.00,5.8086,14.4430,0.7175,7120.76,0.1404,601.00,1.4043,1.3777,0.7145,6.0355,13.6768
8,4000,100,8,16,150.00,742.00,5.8086,14.4430,0.7232,6837.22,0.1463,605.00,1.4626,1.4755,0.7432,8.5624,13.9843
8,4000,100,16,3,150.00,742.00,5.8086,14.4430,0.6730,7735.64,0.1293,603.00,1.2927,1.5507,1.1998,2.5725,12.0482
8,4000,100,16,6,150.00,742.00,5.8086,14.4430,0.7676,7584.40,0.1318,604.00,1.3185,1.6341,0.4863,11.6902,20.7522
8,4000,100,16,12,150.00,742.00,5.8086,14.4430,0.8180,7913.34,0.1264,604.00,1.2637,1.4232,0.4848,8.4701,21.6223
8,4000,100,16,16,150.00,742.00,5.8086,14.4430,0.8288,5647.44,0.1771,601.00,1.7707,1.6627,0.5508,10.2525,20.5187
8,4000,100,16,24,150.00,742.00,5.8086,14.4430,0.8354,3991.03,0.2506,604.00,2.5056,3.2244,1.7953,13.8364,22.3406
8,4000,100,16,32,150.00,742.00,5.8086,14.4430,0.8376,4130.76,0.2421,601.00,2.4209,2.9003,1.6240,13.4139,21.5149
8,4000,100,32,6,150.00,742.00,5.8086,14.4430,0.8045,2536.53,0.3942,601.00,3.9424,5.2931,2.8607,17.5506,28.1008
8,4000,100,32,12,150.00,742.00,5.8086,14.4430,0.8788,3035.01,0.3295,609.00,3.2949,4.8805,3.0822,15.6443,23.6157
8,4000,100,32,25,150.00,742.00,5.8086,14.4430,0.9132,4338.28,0.2305,608.00,2.3051,3.6954,2.6426,11.9483,18.5997
8,4000,100,32,32,150.00,742.00,5.8086,14.4430,0.9175,4447.63,0.2248,619.00,2.2484,3.0715,1.1446,15.4377,24.5457
8,4000,100,32,48,150.00,742.00,5.8086,14.4430,0.9207,4666.15,0.2143,608.00,2.1431,3.0470,1.1934,14.4775,19.7501
8,4000,100,32,64,150.00,742.00,5.8086,14.4430,0.9214,4427.11,0.2259,603.00,2.2588,3.1234,1.2289,14.6431,24.9397
8,4000,100,64,12,150.00,742.00,5.8086,14.4430,0.9005,2764.92,0.3617,618.00,3.6167,5.6296,2.5090,17.5738,25.2585
8,4000,100,64,25,150.00,742.00,5.8086,14.4430,0.9516,2577.20,0.3880,604.00,3.8802,5.9163,2.4677,17.9024,25.6769
8,4000,100,64,51,150.00,742.00,5.8086,14.4430,0.9675,2672.51,0.3742,602.00,3.7418,5.6162,2.7161,17.2470,24.4541
8,4000,100,64,64,150.00,742.00,5.8086,14.4430,0.9689,2676.27,0.3737,606.00,3.7365,6.0800,2.7756,18.7685,27.3934
8,4000,100,64,96,150.00,742.00,5.8086,14.4430,0.9697,2391.31,0.4182,620.00,4.1818,5.9589,2.5848,18.6586,28.3393
8,4000,100,64,128,150.00,742.00,5.8086,14.4430,0.9698,2610.55,0.3831,613.00,3.8306,5.7629,2.8460,17.5846,23.6505
8,4000,100,128,25,150.00,742.00,5.8086,14.4430,0.9622,1508.47,0.6629,608.00,6.6292,10.8995,9.4075,23.6302,31.7904
8,4000,100,128,51,150.00,742.00,5.8086,14.4430,0.9862,1551.47,0.6445,607.00,6.4455,10.8622,8.1624,24.6929,36.7110
8,4000,100,128,102,150.00,742.00,5.8086,14.4430,0.9912,1605.26,0.6230,608.00,6.2295,10.4418,8.4129,23.2247,34.1052
8,4000,100,128,128,150.00,742.00,5.8086,14.4430,0.9915,1619.41,0.6175,602.00,6.1751,10.1924,7.4064,23.2986,32.5405
8,4000,100,128,192,150.00,742.00,5.8086,14.4430,0.9917,1489.18,0.6715,608.00,6.7151,10.7116,7.8343,23.7442,34.6225
8,4000,100,128,256,150.00,742.00,5.8086,14.4430,0.9917,1643.58,0.6084,614.00,6.0843,10.3626,7.7775,22.5290,33.6095
8,4000,100,256,51,150.00,742.00,5.8086,14.4430,0.9894,1001.47,0.9985,628.00,9.9853,17.4196,17.0377,34.8675,46.1294
8,4000,100,256,102,150.00,742.00,5.8086,14.4430,0.9967,994.42,1.0056,611.00,10.0561,18.1899,17.6843,35.8297,49.2200
8,4000,100,256,204,150.00,742.00,5.8086,14.4430,0.9980,985.95,1.0143,630.00,10.1426,18.0816,17.2501,36.0479,48.5376
8,4000,100,256,256,150.00,742.00,5.8086,14.4430,0.9980,1019.13,0.9812,622.00,9.8123,17.2532,16.8989,32.5074,44.7470
8,4000,100,256,384,150.00,742.00,5.8086,14.4430,0.9980,789.82,1.2661,625.00,12.6611,20.9894,19.9191,40.2064,57.3540
8,4000,100,256,512,150.00,742.00,5.8086,14.4430,0.9981,825.62,1.2112,626.00,12.1122,19.9038,17.5958,40.0404,54.4148
8,4000,200,4,1,176.00,737.00,6.1986,14.0463,0.3894,12371.40,0.0808,563.00,0.8083,0.3412,0.1297,0.3729,8.1733
8,4000,200,4,1,176.00,737.00,6.1986,14.0463,0.3894,13261.87,0.0754,570.00,0.7540,0.3120,0.1364,0.3826,7.0740
8,4000,200,4,3,176.00,737.00,6.1986,14.0463,0.5311,16090.47,0.0621,567.00,0.6215,0.2535,0.1449,0.3526,3.4406
8,4000,200,4,4,176.00,737.00,6.1986,14.0463,0.5538,13502.15,0.0741,570.00,0.7406,0.2545,0.1221,0.2713,5.0581
8,4000,200,4,6,176.00,737.00,6.1986,14.0463,0.5742,15202.13,0.0658,570.00,0.6578,0.2420,0.1332,0.3372,3.2822
8,4000,200,4,8,176.00,737.00,6.1986,14.0463,0.5837,13558.80,0.0738,577.00,0.7375,0.2569,0.1243,0.2898,4.4137
8,4000,200,8,1,176.00,737.00,6.1986,14.0463,0.4297,9561.56,0.1046,586.00,1.0459,0.4943,0.2292,0.5553,8.8402
8,4000,200,8,3,176.00,737.00,6.1986,14.0463,0.6209,10146.60,0.0986,574.00,0.9856,0.5512,0.2405,0.6862,10.9747
8,4000,200,8,6,176.00,737.00,6.1986,14.0463,0.6874,11150.79,0.0897,581.00,0.8968,0.6121,0.2503,0.6971,11.7185
8,4000,200,8,8,176.00,737.00,6.1986,14.0463,0.7043,11697.65,0.0855,573.00,0.8549,0.5251,0.2531,0.6218,9.0373
8,4000,200,8,12,176.00,737.00,6.1986,14.0463,0.7171,9595.29,0.1042,576.00,1.0422,0.6591,0.3114,0.9720,11.2681
8,4000,200,8,16,176.00,737.00,6.1986,14.0463,0.7219,12361.94,0.0809,578.00,0.8089,0.6063,0.2844,0.9925,9.3696
8,4000,200,16,3,176.00,737.00,6.1986,14.0463,0.6723,8871.89,0.1127,578.00,1.1272,1.2423,0.5693,5.8233,14.4188
8,4000,200,16,6,176.00,737.00,6.1986,14.0463,0.7667,7292.52,0.1371,580.00,1.3713,1.1871,0.5595,5.1278,13.4573
8,4000,200,16,12,176.00,737.00,6.1986,14.0463,0.8189,7360.21,0.1359,571.00,1.3587,1.2704,0.5999,5.8368,14.1582
8,4000,200,16,16,176.00,737.00,6.1986,14.0463,0.8284,7297.89,0.1370,574.00,1.3703,1.3533,0.6292,7.0078,13.4560
8,4000,200,16,24,176.00,737.00,6.1986,14.0463,0.8362,7422.34,0.1347,580.00,1.3473,1.6409,0.7355,8.8805,15.6755
8,4000,200,16,32,176.00,737.00,6.1986,14.0463,0.8382,7068.52,0.1415,572.00,1.4147,1.5074,0.9657,4.1382,12.3491
8,4000,200,32,6,176.00,737.00,6.1986,14.0463,0.8047,5013.72,0.1995,589.00,1.9945,2.5815,1.2389,12.7896,18.9904
8,4000,200,32,12,176.00,737.00,6.1986,14.0463,0.8792,4600.18,0.2174,577.00,2.1738,2.7125,1.1707,12.7574,21.7111
8,4000,200,32,25,176.00,737.00,6.1986,14.0463,0.9137,4574.16,0.2186,575.00,2.1862,3.0036,1.4352,13.3874,19.8793
8,4000,200,32,32,176.00,737.00,6.1986,14.0463,0.9182,4827.45,0.2071,578.00,2.0715,2.5387,1.4045,10.7274,16.6281
8,4000,200,32,48,176.00,737.00,6.1986,14.0463,0.9209,5520.38,0.1811,577.00,1.8115,2.4295,1.0296,11.8893,18.3233
8,4000,200,32,64,176.00,737.00,6.1986,14.0463,0.9217,5481.42,0.1824,575.00,1.8243,2.4067,1.2674,10.5694,17.2123
8,4000,200,64,12,176.00,737.00,6.1986,14.0463,0.9009,3206.80,0.3118,581.00,3.1184,4.3261,2.9382,13.6978,20.7896
8,4000,200,64,25,176.00,737.00,6.1986,14.0463,0.9534,3142.58,0.3182,585.00,3.1821,4.7863,2.2842,15.9797,23.7998
8,4000,200,64,51,176.00,737.00,6.1986,14.0463,0.9678,3153.78,0.3171,578.00,3.1708,4.9282,2.0868,16.6013,23.7909
8,4000,200,64,64,176.00,737.00,6.1986,14.0463,0.9689,3184.43,0.3140,587.00,3.1403,4.9192,2.2041,16.5411,23.2033
8,4000,200,64,96,176.00,737.00,6.1986,14.0463,0.9700,3102.25,0.3223,590.00,3.2235,4.9489,2.3392,16.3524,24.0578
8,4000,200,64,128,176.00,737.00,6.1986,14.0463,0.9702,2984.17,0.3351,586.00,3.3510,4.7871,2.6105,15.9796,24.6205
8,4000,200,128,25,176.00,737.00,6.1986,14.0463,0.9634,1779.77,0.5619,587.00,5.6187,9.4240,7.0418,21.9847,30.5575
8,4000,200,128,51,176.00,737.00,6.1986,14.0463,0.9861,1620.71,0.6170,586.00,6.1701,9.5992,7.1046,20.6982,28.8515
8,4000,200,128,102,176.00,737.00,6.1986,14.0463,0.9911,1768.26,0.5655,592.00,5.6553,9.4558,6.8537,21.7415,32.0059
8,4000,200,128,128,176.00,737.00,6.1986,14.0463,0.9914,1782.86,0.5609,586.00,5.6090,9.5318,6.6010,21.3270,31.0202
8,4000,200,128,192,176.00,737.00,6.1986,14.0463,0.9916,1739.25,0.5750,580.00,5.7496,9.0513,5.4432,21.4610,29.3861
8,4000,200,128,256,176.00,737.00,6.1986,14.0463,0.9917,1841.93,0.5429,580.00,5.4291,9.7181,6.9545,21.2154,31.3900
8,4000,200,256,51,176.00,737.00,6.1986,14.0463,0.9895,1046.90,0.9552,592.00,9.5520,16.5060,15.8902,32.6012,44.0613
8,4000,200,256,102,176.00,737.00,6.1986,14.0463,0.9968,985.47,1.0147,592.00,10.1474,18.0887,17.6768,34.7446,47.2203
8,4000,200,256,204,176.00,737.00,6.1986,14.0463,0.9980,975.59,1.0250,604.00,10.2502,18.3244,18.0197,35.6215,47.3858
8,4000,200,256,256,176.00,737.00,6.1986,14.0463,0.9981,985.90,1.0143,608.00,10.1430,17.9821,17.1292,35.0233,48.4713
8,4000,200,256,384,176.00,737.00,6.1986,14.0463,0.9981,973.67,1.0270,605.00,10.2704,18.4273,17.3355,36.3426,50.5357
8,4000,200,256,512,176.00,737.00,6.1986,14.0463,0.9981,963.13,1.0383,605.00,10.3828,18.6183,17.7460,35.7002,46.7790
8,6000,40,6,1,150.00,733.00,5.8488,12.1894,0.3793,15255.99,0.0655,579.00,0.6555,0.2224,0.0968,0.1924,3.8504
8,6000,40,6,2,150.00,733.00,5.8488,12.1894,0.4891,13624.69,0.0734,582.00,0.7340,0.2598,0.1022,0.2196,6.0154
8,6000,40,6,4,150.00,733.00,5.8488,12.1894,0.5737,14048.30,0.0712,579.00,0.7118,0.2118,0.1051,0.2178,2.7162
8,6000,40,6,6,150.00,733.00,5.8488,12.1894,0.6049,16798.79,0.0595,575.00,0.5953,0.2963,0.1309,0.2858,6.8279
8,6000,40,6,9,150.00,733.00,5.8488,12.1894,0.6219,13097.48,0.0764,586.00,0.7635,0.2748,0.1121,0.2388,6.0119
8,6000,40,6,12,150.00,733.00,5.8488,12.1894,0.6291,16361.40,0.0611,581.00,0.6112,0.2454,0.1385,0.2856,4.2467
8,6000,40,12,2,150.00,733.00,5.8488,12.1894,0.5374,11165.16,0.0896,584.00,0.8956,0.5864,0.2791,0.8213,9.5819
8,6000,40,12,4,150.00,733.00,5.8488,12.1894,0.6525,12464.22,0.0802,585.00,0.8023,0.5279,0.3557,0.8205,5.9044
8,6000,40,12,9,150.00,733.00,5.8488,12.1894,0.7297,13266.43,0.0754,590.00,0.7538,0.5436,0.2568,0.6517,8.8924
8,6000,40,12,12,150.00,733.00,5.8488,12.1894,0.7427,11387.71,0.0878,586.00,0.8781,0.5802,0.2510,0.5933,12.0809
8,6000,40,12,18,150.00,733.00,5.8488,12.1894,0.7542,10345.44,0.0967,584.00,0.9666,1.0663,0.4072,4.5120,16.6398
8,6000,40,12,24,150.00,733.00,5.8488,12.1894,0.7592,11456.04,0.0873,583.00,0.8729,0.5662,0.2721,0.7059,10.4560
8,6000,40,24,4,150.00,733.00,5.8488,12.1894,0.6930,8211.61,0.1218,589.00,1.2178,1.3042,0.5039,7.2470,15.8428
8,6000,40,24,9,150.00,733.00,5.8488,12.1894,0.8007,8273.79,0.1209,582.00,1.2086,1.2486,0.5378,6.5472,15.1576
8,6000,40,24,19,150.00,733.00,5.8488,12.1894,0.8466,5840.34,0.1712,581.00,1.7122,2.3131,1.5942,8.1964,18.2771
8,6000,40,24,24,150.00,733.00,5.8488,12.1894,0.8539,8295.74,0.1205,587.00,1.2054,1.1557,0.4637,6.1713,15.1023
8,6000,40,24,36,150.00,733.00,5.8488,12.1894,0.8601,9424.45,0.1061,583.00,1.0611,1.1476,0.5722,4.9932,12.8367
8,6000,40,24,48,150.00,733.00,5.8488,12.1894,0.8618,8676.95,0.1152,581.00,1.1525,1.2681,0.6176,5.6038,15.1031
8,6000,40,48,9,150.00,733.00,5.8488,12.1894,0.8325,4068.81,0.2458,585.00,2.4577,3.8028,3.3828,6.8039,16.3848
8,6000,40,48,19,150.00,733.00,5.8488,12.1894,0.9021,4467.31,0.2238,586.00,2.2385,2.7619,0.9652,14.2671,22.1983
8,6000,40,48,38,150.00,733.00,5.8488,12.1894,0.9294,3121.10,0.3204,580.00,3.2040,4.8560,3.4433,15.6475,22.1329
8,6000,40,48,48,150.00,733.00,5.8488,12.1894,0.9326,5478.79,0.1825,590.00,1.8252,2.3713,1.5183,8.0607,16.0214
8,6000,40,48,72,150.00,733.00,5.8488,12.1894,0.9349,3606.46,0.2773,600.00,2.7728,4.6124,4.0572,8.6746,15.2937
8,6000,40,48,96,150.00,733.00,5.8488,12.1894,0.9353,4916.70,0.2034,593.00,2.0339,2.7113,1.7692,9.4126,17.8881
8,6000,40,96,19,150.00,733.00,5.8488,12.1894,0.9202,3221.60,0.3104,589.00,3.1040,4.6442,2.2147,15.6419,22.9745
8,6000,40,96,38,150.00,733.00,5.8488,12.1894,0.9617,2102.68,0.4756,601.00,4.7558,8.2671,7.4450,16.2292,26.9035
8,6000,40,96,76,150.00,733.00,5.8488,12.1894,0.9746,3011.89,0.3320,585.00,3.3202,5.1863,3.0184,15.9126,22.9932
8,6000,40,96,96,150.00,733.00,5.8488,12.1894,0.9754,2377.47,0.4206,594.00,4.2061,6.7140,5.8618,16.7774,26.3147
8,6000,40,96,144,150.00,733.00,5.8488,12.1894,0.9762,2244.41,0.4456,594.00,4.4555,7.4008,6.1051,18.2888,24.8094
8,6000,40,96,192,150.00,733.00,5.8488,12.1894,0.9765,3046.66,0.3282,600.00,3.2823,5.0228,2.6649,16.0920,23.5466
8,6000,40,192,38,150.00,733.00,5.8488,12.1894,0.9691,1103.56,0.9062,600.00,9.0616,16.2239,14.7212,30.1718,45.8692
8,6000,40,192,76,150.00,733.00,5.8488,12.1894,0.9884,1776.82,0.5628,609.00,5.6280,9.0127,7.3589,20.8622,31.8691
8,6000,40,192,153,150.00,733.00,5.8488,12.1894,0.9927,1101.61,0.9078,611.00,9.0776,16.5438,15.3894,25.4044,46.9086
8,6000,40,192,192,150.00,733.00,5.8488,12.1894,0.9930,1416.20,0.7061,595.00,7.0612,12.5822,11.1713,26.0616,41.7359
8,6000,40,192,288,150.00,733.00,5.8488,12.1894,0.9934,1806.11,0.5537,594.00,5.5368,9.9006,6.8271,21.1746,29.5264
8,6000,40,192,384,150.00,733.00,5.8488,12.1894,0.9934,1745.28,0.5730,605.00,5.7297,9.8757,6.9843,21.2112,31.6079
8,6000,40,384,76,150.00,733.00,5.8488,12.1894,0.9906,1033.07,0.9680,626.00,9.6798,16.5051,15.5271,33.7165,47.0803
8,6000,40,384,153,150.00,733.00,5.8488,12.1894,0.9966,1000.95,0.9991,617.00,9.9905,18.3405,17.9366,34.8785,45.7796
8,6000,40,384,307,150.00,733.00,5.8488,12.1894,0.9978,988.19,1.0119,629.00,10.1195,18.2701,17.6412,34.6168,45.9256
8,6000,40,384,384,150.00,733.00,5.8488,12.1894,0.9978,870.34,1.1490,631.00,11.4897,17.7492,14.6406,35.6386,50.6317
8,6000,40,384,576,150.00,733.00,5.8488,12.1894,0.9979,881.72,1.1341,629.00,11.3415,18.1490,15.0810,35.8330,47.3270
8,6000,40,384,768,150.00,733.00,5.8488,12.1894,0.9979,831.95,1.2020,637.00,12.0200,19.0311,16.0204,37.3523,52.4564
8,6000,100,6,1,181.00,730.00,4.8987,11.3083,0.3911,12710.55,0.0787,580.00,0.7867,0.3155,0.1358,0.3462,6.1127
8,6000,100,6,2,181.00,730.00,4.8987,11.3083,0.5057,16285.65,0.0614,567.00,0.6140,0.2511,0.1355,0.3139,4.3865
8,6000,100,6,4,181.00,730.00,4.8987,11.3083,0.5826,13640.33,0.0733,565.00,0.7331,0.3216,0.1416,0.3148,6.1868
8,6000,100,6,6,181.00,730.00,4.8987,11.3083,0.6099,14214.35,0.0704,569.00,0.7035,0.3051,0.1404,0.2954,5.7828
8,6000,100,6,9,181.00,730.00,4.8987,11.3083,0.6253,11817.11,0.0846,574.00,0.8462,0.5855,0.3791,0.8745,6.9631
8,6000,100,6,12,181.00,730.00,4.8987,11.3083,0.6322,9735.00,0.1027,569.00,1.0272,0.5809,0.3374,0.7226,8.4661
8,6000,100,12,2,181.00,730.00,4.8987,11.3083,0.5566,8506.29,0.1176,568.00,1.1756,1.3117,0.6963,5.7071,12.9045
8,6000,100,12,4,181.00,730.00,4.8987,11.3083,0.6623,8405.96,0.1190,572.00,1.1896,1.2224,0.6879,5.2142,11.4703
8,6000,100,12,9,181.00,730.00,4.8987,11.3083,0.7330,9448.61,0.1058,568.00,1.0584,1.1638,0.7207,4.2791,9.9850
8,6000,100,12,12,181.00,730.00,4.8987,11.3083,0.7458,8554.32,0.1169,573.00,1.1690,1.1276,0.7114,2.4170,11.1281
8,6000,100,12,18,181.00,730.00,4.8987,11.3083,0.7577,7597.90,0.1316,564.00,1.3162,1.2300,0.6982,4.4627,12.7724
8,6000,100,12,24,181.00,730.00,4.8987,11.3083,0.7615,11678.02,0.0856,576.00,0.8563,0.6264,0.4529,0.9612,6.2269
8,6000,100,24,4,181.00,730.00,4.8987,11.3083,0.7049,9044.55,0.1106,574.00,1.1056,1.2176,0.7695,2.4842,12.7567
8,6000,100,24,9,181.00,730.00,4.8987,11.3083,0.8058,8567.84,0.1167,574.00,1.1672,1.2708,0.6136,6.1941,13.9288
8,6000,100,24,19,181.00,730.00,4.8987,11.3083,0.8512,8828.85,0.1133,572.00,1.1327,1.3975,0.6879,6.5460,13.8883
8,6000,100,24,24,181.00,730.00,4.8987,11.3083,0.8578,7651.02,0.1307,579.00,1.3070,1.5206,0.6671,7.7626,15.6721
8,6000,100,24,36,181.00,730.00,4.8987,11.3083,0.8643,6896.42,0.1450,571.00,1.4500,1.5271,0.7121,7.5665,15.2131
8,6000,100,24,48,181.00,730.00,4.8987,11.3083,0.8654,6907.05,0.1448,572.00,1.4478,1.5642,0.7549,7.4796,15.1915
8,6000,100,48,9,181.00,730.00,4.8987,11.3083,0.8378,4069.93,0.2457,586.00,2.4570,3.4813,1.6643,13.2183,18.1168
8,6000,100,48,19,181.00,730.00,4.8987,11.3083,0.9068,4140.05,0.2415,573.00,2.4154,3.6703,1.6706,14.4885,19.6101
8,6000,100,48,38,181.00,730.00,4.8987,11.3083,0.9320,4052.96,0.2467,575.00,2.4673,3.6521,1.6538,14.9593,19.6374
8,6000,100,48,48,181.00,730.00,4.8987,11.3083,0.9352,4286.30,0.2333,571.00,2.3330,3.5361,1.8377,13.1976,18.1623
8,6000,100,48,72,181.00,730.00,4.8987,11.3083,0.9377,3953.96,0.2529,573.00,2.5291,3.4470,1.6959,13.3790,19.2118
8,6000,100,48,96,181.00,730.00,4.8987,11.3083,0.9382,4186.20,0.2389,588.00,2.3888,3.6594,1.8425,13.9166,18.7758
8,6000,100,96,19,181.00,730.00,4.8987,11.3083,0.9253,2597.04,0.3851,585.00,3.8505,5.8553,3.3194,16.3532,24.2662
8,6000,100,96,38,181.00,730.00,4.8987,11.3083,0.9644,2612.15,0.3828,588.00,3.8283,5.8455,3.1456,17.5893,26.5757
8,6000,100,96,76,181.00,730.00,4.8987,11.3083,0.9760,2738.93,0.3651,577.00,3.6511,5.1157,2.7448,15.8405,23.7510
8,6000,100,96,96,181.00,730.00,4.8987,11.3083,0.9771,2476.01,0.4039,578.00,4.0388,6.0779,3.3725,17.5733,24.2177
8,6000,100,96,144,181.00,730.00,4.8987,11.3083,0.9776,2309.36,0.4330,580.00,4.3302,6.0969,3.2146,17.8895,26.1386
8,6000,100,96,192,181.00,730.00,4.8987,11.3083,0.9777,2285.58,0.4375,587.00,4.3752,6.7538,3.7954,19.5156,29.2945
8,6000,100,192,38,181.00,730.00,4.8987,11.3083,0.9725,1303.40,0.7672,595.00,7.6723,12.2694,10.6568,25.2794,37.0350
8,6000,100,192,76,181.00,730.00,4.8987,11.3083,0.9896,1290.38,0.7750,597.00,7.7496,12.3235,10.5484,26.2381,38.3966
8,6000,100,192,153,181.00,730.00,4.8987,11.3083,0.9930,1616.76,0.6185,589.00,6.1852,10.2971,7.6897,21.4043,29.3204
8,6000,100,192,192,181.00,730.00,4.8987,11.3083,0.9932,1623.14,0.6161,580.00,6.1609,10.4072,8.2491,21.9465,33.1795
8,6000,100,192,288,181.00,730.00,4.8987,11.3083,0.9933,1492.31,0.6701,590.00,6.7010,10.0295,7.3840,22.0568,37.0224
8,6000,100,192,384,181.00,730.00,4.8987,11.3083,0.9933,1314.85,0.7605,597.00,7.6054,12.7239,10.5589,26.3170,36.2486
8,6000,100,384,76,181.00,730.00,4.8987,11.3083,0.9921,675.72,1.4799,606.00,14.7990,24.1486,22.7758,45.9912,62.0760
8,6000,100,384,153,181.00,730.00,4.8987,11.3083,0.9971,703.87,1.4207,618.00,14.2072,25.2092,23.9079,47.1842,62.8077
8,6000,100,384,307,181.00,730.00,4.8987,11.3083,0.9978,853.85,1.1712,621.00,11.7116,19.5428,16.6546,41.4699,60.1151
8,6000,100,384,384,181.00,730.00,4.8987,11.3083,0.9979,823.24,1.2147,621.00,12.1472,20.8018,19.1399,40.4406,59.6415
8,6000,100,384,576,181.00,730.00,4.8987,11.3083,0.9979,756.21,1.3224,619.00,13.2239,22.5854,19.8835,46.7892,63.2754
8,6000,100,384,768,181.00,730.00,4.8987,11.3083,0.9979,618.19,1.6176,622.00,16.1763,27.8972,26.2109,50.2127,64.7190
8,6000,200,6,1,168.00,736.00,8.0252,14.7439,0.4000,16674.48,0.0600,580.00,0.5997,0.1927,0.1049,0.2175,3.6352
8,6000,200,6,2,168.00,736.00,8.0252,14.7439,0.5101,16450.19,0.0608,587.00,0.6079,0.2099,0.1039,0.2115,3.9711
8,6000,200,6,4,168.00,736.00,8.0252,14.7439,0.5873,17211.34,0.0581,590.00,0.5810,0.2116,0.1087,0.2216,4.1079
8,6000,200,6,6,168.00,736.00,8.0252,14.7439,0.6149,16304.69,0.0613,591.00,0.6133,0.2011,0.1119,0.2204,2.5487
8,6000,200,6,9,168.00,736.00,8.0252,14.7439,0.6309,16600.59,0.0602,587.00,0.6024,0.2271,0.1154,0.2305,4.1737
8,6000,200,6,12,168.00,736.00,8.0252,14.7439,0.6377,16408.48,0.0609,592.00,0.6094,0.2185,0.1242,0.2390,4.1277
8,6000,200,12,2,168.00,736.00,8.0252,14.7439,0.5610,13268.59,0.0754,590.00,0.7537,0.4653,0.2180,0.4738,8.5507
8,6000,200,12,4,168.00,736.00,8.0252,14.7439,0.6671,13313.00,0.0751,592.00,0.7511,0.4345,0.2096,0.4434,8.0721
8,6000,200,12,9,168.00,736.00,8.0252,14.7439,0.7371,13690.40,0.0730,584.00,0.7304,0.4296,0.2176,0.4397,7.5098
8,6000,200,12,12,168.00,736.00,8.0252,14.7439,0.7504,25795.42,0.0388,595.00,0.3877,0.3870,0.3439,0.7213,0.9819
8,6000,200,12,18,168.00,736.00,8.0252,14.7439,0.7601,14714.81,0.0680,591.00,0.6796,0.3478,0.2414,0.5686,2.0537
8,6000,200,12,24,168.00,736.00,8.0252,14.7439,0.7638,12701.22,0.0787,596.00,0.7873,0.5318,0.2444,0.5258,10.7103
8,6000,200,24,4,168.00,736.00,8.0252,14.7439,0.7080,9119.74,0.1097,595.00,1.0965,1.1237,0.4590,5.5057,15.1208
8,6000,200,24,9,168.00,736.00,8.0252,14.7439,0.8101,8617.82,0.1160,597.00,1.1604,1.0609,0.4561,4.8603,14.2055
8,6000,200,24,19,168.00,736.00,8.0252,14.7439,0.8539,8468.09,0.1181,587.00,1.1809,1.4472,0.5950,7.8301,17.7878
8,6000,200,24,24,168.00,736.00,8.0252,14.7439,0.8601,9903.66,0.1010,600.00,1.0097,1.0337,0.4865,5.2884,11.5061
8,6000,200,24,36,168.00,736.00,8.0252,14.7439,0.8658,9065.05,0.1103,589.00,1.1031,1.0425,0.5153,4.3951,13.9314
8,6000,200,24,48,168.00,736.00,8.0252,14.7439,0.8672,9023.72,0.1108,599.00,1.1082,1.1083,0.5632,5.1219,11.3534
8,6000,200,48,9,168.00,736.00,8.0252,14.7439,0.8421,6513.29,0.1535,598.00,1.5353,2.0110,1.2280,6.6312,15.8163
8,6000,200,48,19,168.00,736.00,8.0252,14.7439,0.9095,6181.91,0.1618,591.00,1.6176,2.2432,1.0559,9.8716,16.6700
8,6000,200,48,38,168.00,736.00,8.0252,14.7439,0.9325,4577.26,0.2185,583.00,2.1847,3.2514,1.6686,13.8322,18.4949
8,6000,200,48,48,168.00,736.00,8.0252,14.7439,0.9355,5110.00,0.1957,594.00,1.9569,2.4372,1.1286,11.7143,18.7521
8,6000,200,48,72,168.00,736.00,8.0252,14.7439,0.9374,4833.06,0.2069,606.00,2.0691,2.6804,1.2056,13.5927,18.2657
8,6000,200,48,96,168.00,736.00,8.0252,14.7439,0.9379,3843.22,0.2602,598.00,2.6020,3.9144,2.4315,14.7767,22.9655
8,6000,200,96,19,168.00,736.00,8.0252,14.7439,0.9289,3183.06,0.3142,596.00,3.1416,4.6177,2.2967,15.9195,23.1099
8,6000,200,96,38,168.00,736.00,8.0252,14.7439,0.9659,2487.70,0.4020,607.00,4.0198,6.7234,6.3204,15.1992,24.4346
8,6000,200,96,76,168.00,736.00,8.0252,14.7439,0.9765,2913.73,0.3432,589.00,3.4320,5.2792,2.4906,16.9078,26.4801
8,6000,200,96,96,168.00,736.00,8.0252,14.7439,0.9776,2293.42,0.4360,593.00,4.3603,7.3937,6.0985,18.1542,28.1088
8,6000,200,96,144,168.00,736.00,8.0252,14.7439,0.9782,2862.69,0.3493,591.00,3.4932,4.9418,2.6426,15.8004,25.2891
8,6000,200,96,192,168.00,736.00,8.0252,14.7439,0.9782,2210.49,0.4524,597.00,4.5239,8.1718,7.6096,12.4818,22.5662
8,6000,200,192,38,168.00,736.00,8.0252,14.7439,0.9744,1541.69,0.6486,598.00,6.4864,9.2667,6.2136,21.5669,34.3678
8,6000,200,192,76,168.00,736.00,8.0252,14.7439,0.9905,1437.83,0.6955,597.00,6.9549,12.0498,10.1948,27.7591,41.3087
8,6000,200,192,153,168.00,736.00,8.0252,14.7439,0.9941,1178.58,0.8485,616.00,8.4848,15.1837,14.8769,25.1598,41.4909
8,6000,200,192,192,168.00,736.00,8.0252,14.7439,0.9943,1740.61,0.5745,617.00,5.7451,9.0194,7.2901,18.7074,27.5800
8,6000,200,192,288,168.00,736.00,8.0252,14.7439,0.9944,1111.60,0.8996,603.00,8.9961,16.1176,15.6774,24.7732,33.0872
8,6000,200,192,384,168.00,736.00,8.0252,14.7439,0.9944,1525.21,0.6556,618.00,6.5565,10.4530,8.5229,21.2991,36.1642
8,6000,200,384,76,168.00,736.00,8.0252,14.7439,0.9928,664.51,1.5049,632.00,15.0488,26.6384,24.7921,47.0507,62.9279
8,6000,200,384,153,168.00,736.00,8.0252,14.7439,0.9979,921.77,1.0849,636.00,10.8487,18.5245,16.7768,37.4768,52.0029
8,6000,200,384,307,168.00,736.00,8.0252,14.7439,0.9986,985.88,1.0143,636.00,10.1432,16.9099,14.4302,35.1615,48.0838
8,6000,200,384,384,168.00,736.00,8.0252,14.7439,0.9986,1001.95,0.9981,639.00,9.9806,17.5023,16.6046,33.2506,45.2872
8,6000,200,384,576,168.00,736.00,8.0252,14.7439,0.9987,936.97,1.0673,638.00,10.6727,18.5942,16.2003,36.6972,50.0518
8,6000,200,384,768,168.00,736.00,8.0252,14.7439,0.9987,816.51,1.2247,639.00,12.2472,21.1575,20.0413,38.5811,52.0337
8,8000,40,8,1,189.00,732.00,6.4965,13.0027,0.3837,14838.80,0.0674,579.00,0.6739,0.2234,0.1039,0.2157,4.7194
8,8000,40,8,3,189.00,732.00,6.4965,13.0027,0.5606,16716.58,0.0598,580.00,0.5982,0.2117,0.1065,0.2003,3.6313
8,8000,40,8,6,189.00,732.00,6.4965,13.0027,0.6242,15596.27,0.0641,579.00,0.6412,0.2283,0.1188,0.2339,4.1241
8,8000,40,8,8,189.00,732.00,6.4965,13.0027,0.6400,16411.92,0.0609,583.00,0.6093,0.2029,0.1169,0.2249,1.9475
8,8000,40,8,12,189.00,732.00,6.4965,13.0027,0.6543,15416.41,0.0649,577.00,0.6487,0.2179,0.1247,0.2338,3.9555
8,8000,40,8,16,189.00,732.00,6.4965,13.0027,0.6602,16647.86,0.0601,579.00,0.6007,0.2373,0.1324,0.2589,3.9284
8,8000,40,16,3,189.00,732.00,6.4965,13.0027,0.6131,12755.26,0.0784,586.00,0.7840,0.4527,0.2182,0.4845,8.2397
8,8000,40,16,6,189.00,732.00,6.4965,13.0027,0.7054,15009.35,0.0666,578.00,0.6663,0.5131,0.2319,0.5304,8.5142
8,8000,40,16,12,189.00,732.00,6.4965,13.0027,0.7580,12940.95,0.0773,577.00,0.7727,0.5128,0.2274,0.4812,10.1081
8,8000,40,16,16,189.00,732.00,6.4965,13.0027,0.7697,14371.59,0.0696,582.00,0.6958,0.4997,0.2488,0.5216,8.4163
8,8000,40,16,24,189.00,732.00,6.4965,13.0027,0.7788,11944.17,0.0837,582.00,0.8372,0.5360,0.2518,0.6514,9.2305
8,8000,40,16,32,189.00,732.00,6.4965,13.0027,0.7818,14027.68,0.0713,582.00,0.7129,0.5703,0.2742,0.6269,10.1106
8,8000,40,32,6,189.00,732.00,6.4965,13.0027,0.7461,9870.29,0.1013,579.00,1.0131,1.1791,0.5086,5.9692,14.2643
8,8000,40,32,12,189.00,732.00,6.4965,13.0027,0.8239,9758.98,0.1025,576.00,1.0247,1.1053,0.5072,5.1397,13.2002
8,8000,40,32,25,189.00,732.00,6.4965,13.0027,0.8657,9105.05,0.1098,583.00,1.0983,1.1064,0.5164,5.1616,13.8227
8,8000,40,32,32,189.00,732.00,6.4965,13.0027,0.8720,9827.75,0.1018,580.00,1.0175,1.0650,0.5333,4.9181,12.4664
8,8000,40,32,48,189.00,732.00,6.4965,13.0027,0.8768,9965.97,0.1003,570.00,1.0034,1.1619,0.5546,5.3035,14.0571
8,8000,40,32,64,189.00,732.00,6.4965,13.0027,0.8781,9321.13,0.1073,579.00,1.0728,1.1189,0.6287,3.8357,13.0100
8,8000,40,64,12,189.00,732.00,6.4965,13.0027,0.8511,5765.72,0.1734,579.00,1.7344,2.1621,1.0334,10.0779,16.7498
8,8000,40,64,25,189.00,732.00,6.4965,13.0027,0.9156,5733.12,0.1744,578.00,1.7443,2.4954,1.1585,11.4535,16.9326
8,8000,40,64,51,189.00,732.00,6.4965,13.0027,0.9399,5663.29,0.1766,576.00,1.7658,2.3797,1.1481,10.4705,17.1144
8,8000,40,64,64,189.00,732.00,6.4965,13.0027,0.9422,5822.78,0.1717,583.00,1.7174,2.3434,1.2199,9.6765,15.0436
8,8000,40,64,96,189.00,732.00,6.4965,13.0027,0.9441,5279.93,0.1894,581.00,1.8940,2.4541,1.2750,9.9353,16.2256
8,8000,40,64,128,189.00,732.00,6.4965,13.0027,0.9445,6138.98,0.1629,580.00,1.6289,2.3866,1.3982,9.3139,15.7883
8,8000,40,128,25,189.00,732.00,6.4965,13.0027,0.9312,3178.03,0.3147,581.00,3.1466,4.7525,2.2738,15.8607,24.2655
8,8000,40,128,51,189.00,732.00,6.4965,13.0027,0.9684,3273.71,0.3055,591.00,3.0546,4.5973,2.5099,14.5564,21.6370
8,8000,40,128,102,189.00,732.00,6.4965,13.0027,0.9786,3343.47,0.2991,579.00,2.9909,4.8472,2.7313,14.6872,21.8744
8,8000,40,128,128,189.00,732.00,6.4965,13.0027,0.9797,3308.86,0.3022,581.00,3.0222,4.8610,2.7552,14.4546,20.4863
8,8000,40,128,192,189.00,732.00,6.4965,13.0027,0.9804,3222.06,0.3104,587.00,3.1036,4.9921,2.8839,15.2278,22.2215
8,8000,40,128,256,189.00,732.00,6.4965,13.0027,0.9804,3159.04,0.3166,581.00,3.1655,5.4834,3.2079,15.8484,22.7105
8,8000,40,256,51,189.00,732.00,6.4965,13.0027,0.9750,1778.16,0.5624,588.00,5.6238,8.8254,5.6265,21.4450,31.2113
8,8000,40,256,102,189.00,732.00,6.4965,13.0027,0.9904,1779.30,0.5620,597.00,5.6202,9.1110,6.5909,20.3890,28.7546
8,8000,40,256,204,189.00,732.00,6.4965,13.0027,0.9939,1816.41,0.5505,594.00,5.5054,9.4484,6.3649,20.4625,29.1856
8,8000,40,256,256,189.00,732.00,6.4965,13.0027,0.9941,1693.17,0.5906,602.00,5.9061,9.7103,6.8388,21.8020,33.1113
8,8000,40,256,384,189.00,732.00,6.4965,13.0027,0.9944,1630.27,0.6134,606.00,6.1340,10.5097,8.1178,21.8118,34.5083
8,8000,40,256,512,189.00,732.00,6.4965,13.0027,0.9945,1545.14,0.6472,604.00,6.4719,11.6298,9.6384,22.0469,29.7143
8,8000,40,512,102,189.00,732.00,6.4965,13.0027,0.9922,954.63,1.0475,621.00,10.4752,17.0042,14.8305,35.9977,46.9082
8,8000,40,512,204,189.00,732.00,6.4965,13.0027,0.9971,938.33,1.0657,627.00,10.6573,17.6162,14.7066,36.4141,49.6505
8,8000,40,512,409,189.00,732.00,6.4965,13.0027,0.9980,882.53,1.1331,637.00,11.3311,20.2034,19.2143,38.9521,50.9762
8,8000,40,512,512,189.00,732.00,6.4965,13.0027,0.9982,860.65,1.1619,631.00,11.6191,20.4228,19.5677,38.7711,50.9064
8,8000,40,512,768,189.00,732.00,6.4965,13.0027,0.9983,791.84,1.2629,639.00,12.6289,21.9990,20.2442,41.4527,53.4560
8,8000,40,512,1024,189.00,732.00,6.4965,13.0027,0.9984,699.89,1.4288,638.00,14.2881,24.5952,22.3109,43.0890,56.0772
8,8000,100,8,1,190.00,733.00,7.8331,14.3687,0.3870,17671.53,0.0566,576.00,0.5659,0.2230,0.1047,0.2158,4.2570
8,8000,100,8,3,190.00,733.00,7.8331,14.3687,0.5653,15962.55,0.0626,578.00,0.6265,0.2481,0.1152,0.2423,4.5054
8,8000,100,8,6,190.00,733.00,7.8331,14.3687,0.6294,17378.12,0.0575,578.00,0.5754,0.2223,0.1200,0.2295,4.0895
8,8000,100,8,8,190.00,733.00,7.8331,14.3687,0.6448,16522.38,0.0605,571.00,0.6052,0.2297,0.1189,0.2306,4.1834
8,8000,100,8,12,190.00,733.00,7.8331,14.3687,0.6581,15569.18,0.0642,572.00,0.6423,0.2008,0.1219,0.2289,3.9030
8,8000,100,8,16,190.00,733.00,7.8331,14.3687,0.6635,16359.06,0.0611,570.00,0.6113,0.2244,0.1259,0.2341,3.3522
8,8000,100,16,3,190.00,733.00,7.8331,14.3687,0.6185,12337.19,0.0811,579.00,0.8106,0.5006,0.2201,0.5867,8.4926
8,8000,100,16,6,190.00,733.00,7.8331,14.3687,0.7127,12864.41,0.0777,579.00,0.7773,0.4731,0.2324,0.5191,8.1247
8,8000,100,16,12,190.00,733.00,7.8331,14.3687,0.7634,14345.11,0.0697,575.00,0.6971,0.5175,0.2426,0.5683,9.0476
8,8000,100,16,16,190.00,733.00,7.8331,14.3687,0.7740,13445.59,0.0744,577.00,0.7437,0.4918,0.2428,0.5584,8.4489
8,8000,100,16,24,190.00,733.00,7.8331,14.3687,0.7815,12686.29,0.0788,574.00,0.7883,0.4854,0.2524,0.5243,7.6547
8,8000,100,16,32,190.00,733.00,7.8331,14.3687,0.7847,14206.28,0.0704,578.00,0.7039,0.5587,0.2795,0.6545,9.2246
8,8000,100,32,6,190.00,733.00,7.8331,14.3687,0.7555,9954.27,0.1005,579.00,1.0046,1.1870,0.5140,6.3494,13.8538
8,8000,100,32,12,190.00,733.00,7.8331,14.3687,0.8335,9418.53,0.1062,576.00,1.0617,1.1307,0.6171,2.7374,11.6999
8,8000,100,32,25,190.00,733.00,7.8331,14.3687,0.8715,9331.18,0.1072,578.00,1.0717,1.0987,0.5441,4.9141,13.3412
8,8000,100,32,32,190.00,733.00,7.8331,14.3687,0.8772,9048.20,0.1105,577.00,1.1052,1.1955,0.5329,6.1837,14.2546
8,8000,100,32,48,190.00,733.00,7.8331,14.3687,0.8819,8607.33,0.1162,571.00,1.1618,1.0873,0.5495,4.1965,14.3033
8,8000,100,32,64,190.00,733.00,7.8331,14.3687,0.8832,9424.10,0.1061,575.00,1.0611,1.2431,0.6246,5.7029,13.3766
8,8000,100,64,12,190.00,733.00,7.8331,14.3687,0.8614,5756.52,0.1737,585.00,1.7372,2.3773,1.0885,9.9472,15.8275
8,8000,100,64,25,190.00,733.00,7.8331,14.3687,0.9217,5337.30,0.1874,573.00,1.8736,2.4718,1.1319,10.8466,16.9614
8,8000,100,64,51,190.00,733.00,7.8331,14.3687,0.9434,5405.33,0.1850,570.00,1.8500,2.5813,1.1741,11.5305,17.1704
8,8000,100,64,64,190.00,733.00,7.8331,14.3687,0.9459,5533.07,0.1807,581.00,1.8073,2.6701,1.2120,12.8552,17.9383
8,8000,100,64,96,190.00,733.00,7.8331,14.3687,0.9468,5408.01,0.1849,568.00,1.8491,2.6461,1.2869,11.5590,17.6458
8,8000,100,64,128,190.00,733.00,7.8331,14.3687,0.9472,5211.63,0.1919,578.00,1.9188,2.6891,1.4136,11.3724,17.9529
8,8000,100,128,25,190.00,733.00,7.8331,14.3687,0.9381,3335.05,0.2998,582.00,2.9985,4.7580,2.5632,15.3103,23.2376
8,8000,100,128,51,190.00,733.00,7.8331,14.3687,0.9714,3181.83,0.3143,581.00,3.1428,5.1253,2.4232,16.9184,26.8774
8,8000,100,128,102,190.00,733.00,7.8331,14.3687,0.9807,3174.41,0.3150,595.00,3.1502,4.9621,2.6143,15.9305,22.4224
8,8000,100,128,128,190.00,733.00,7.8331,14.3687,0.9812,3170.23,0.3154,589.00,3.1543,4.8551,2.6395,15.4492,24.0047
8,8000,100,128,192,190.00,733.00,7.8331,14.3687,0.9816,2908.92,0.3438,583.00,3.4377,5.5700,2.9397,17.3841,26.5846
8,8000,100,128,256,190.00,733.00,7.8331,14.3687,0.9818,2733.92,0.3658,595.00,3.6578,5.5567,3.1366,16.7406,26.8211
8,8000,100,256,51,190.00,733.00,7.8331,14.3687,0.9783,1839.65,0.5436,601.00,5.4358,8.8237,5.5312,21.5007,30.2987
8,8000,100,256,102,190.00,733.00,7.8331,14.3687,0.9923,1755.88,0.5695,595.00,5.6951,9.3669,6.2842,20.7898,30.4096
8,8000,100,256,204,190.00,733.00,7.8331,14.3687,0.9947,1834.51,0.5451,595.00,5.4511,9.6598,6.5789,21.3272,29.8467
8,8000,100,256,256,190.00,733.00,7.8331,14.3687,0.9949,1751.50,0.5709,605.00,5.7094,9.6419,7.6201,20.5086,29.7389
8,8000,100,256,384,190.00,733.00,7.8331,14.3687,0.9950,1572.52,0.6359,606.00,6.3592,10.0991,7.3867,20.9465,30.2292
8,8000,100,256,512,190.00,733.00,7.8331,14.3687,0.9951,1630.64,0.6133,597.00,6.1325,10.7079,7.9241,22.2289,33.0338
8,8000,100,512,102,190.00,733.00,7.8331,14.3687,0.9941,994.94,1.0051,630.00,10.0508,16.2758,13.3063,32.1905,45.6645
8,8000,100,512,204,190.00,733.00,7.8331,14.3687,0.9979,966.95,1.0342,632.00,10.3418,17.3043,14.3758,35.0523,48.6908
8,8000,100,512,409,190.00,733.00,7.8331,14.3687,0.9985,934.77,1.0698,630.00,10.6978,19.2956,16.9715,37.9742,51.8385
8,8000,100,512,512,190.00,733.00,7.8331,14.3687,0.9986,915.73,1.0920,634.00,10.9202,19.3845,17.5071,36.5121,54.4247
8,8000,100,512,768,190.00,733.00,7.8331,14.3687,0.9987,826.15,1.2104,643.00,12.1044,22.0138,19.7613,42.1564,59.2108
8,8000,100,512,1024,190.00,733.00,7.8331,14.3687,0.9987,664.34,1.5053,647.00,15.0526,25.9743,24.2345,45.8269,61.2466
8,8000,200,8,1,193.00,732.00,8.1994,14.6266,0.3861,13622.76,0.0734,600.00,0.7341,0.4501,0.3766,0.7628,1.2771
8,8000,200,8,3,193.00,732.00,8.1994,14.6266,0.5667,11165.19,0.0896,606.00,0.8956,0.4962,0.3625,0.7795,4.8172
8,8000,200,8,6,193.00,732.00,8.1994,14.6266,0.6345,11802.46,0.0847,599.00,0.8473,0.5079,0.3326,0.6925,6.1506
8,8000,200,8,8,193.00,732.00,8.1994,14.6266,0.6506,14945.73,0.0669,601.00,0.6691,0.2661,0.1522,0.3477,2.9444
8,8000,200,8,12,193.00,732.00,8.1994,14.6266,0.6640,16587.10,0.0603,598.00,0.6029,0.2704,0.1332,0.2455,4.2102
8,8000,200,8,16,193.00,732.00,8.1994,14.6266,0.6694,16290.36,0.0614,596.00,0.6139,0.2570,0.1493,0.2547,3.9295
8,8000,200,16,3,193.00,732.00,8.1994,14.6266,0.6193,12082.70,0.0828,607.00,0.8276,0.5131,0.2278,0.4740,10.7926
8,8000,200,16,6,193.00,732.00,8.1994,14.6266,0.7156,11874.90,0.0842,601.00,0.8421,0.5399,0.2368,0.5133,9.5755
8,8000,200,16,12,193.00,732.00,8.1994,14.6266,0.7677,10353.44,0.0966,600.00,0.9659,1.0164,0.3595,4.5299,15.6812
8,8000,200,16,16,193.00,732.00,8.1994,14.6266,0.7778,8148.53,0.1227,604.00,1.2272,1.1557,0.7507,1.8305,12.2327
8,8000,200,16,24,193.00,732.00,8.1994,14.6266,0.7870,7524.85,0.1329,600.00,1.3289,1.1157,0.6983,1.5945,12.6825
8,8000,200,16,32,193.00,732.00,8.1994,14.6266,0.7892,7040.63,0.1420,596.00,1.4203,1.1917,0.7179,3.1496,12.6989
8,8000,200,32,6,193.00,732.00,8.1994,14.6266,0.7564,8695.16,0.1150,600.00,1.1501,1.2529,0.9760,2.3400,7.7684
8,8000,200,32,12,193.00,732.00,8.1994,14.6266,0.8348,7414.13,0.1349,602.00,1.3488,1.3902,0.4756,9.0056,16.5270
8,8000,200,32,25,193.00,732.00,8.1994,14.6266,0.8749,7602.61,0.1315,603.00,1.3153,1.3872,0.5191,7.9703,16.4500
8,8000,200,32,32,193.00,732.00,8.1994,14.6266,0.8794,7559.82,0.1323,600.00,1.3228,1.4527,0.5399,9.4179,15.8321
8,8000,200,32,48,193.00,732.00,8.1994,14.6266,0.8833,7157.95,0.1397,597.00,1.3970,1.6674,0.6875,9.0949,16.6001
8,8000,200,32,64,193.00,732.00,8.1994,14.6266,0.8842,4837.70,0.2067,599.00,2.0671,2.6940,1.7769,9.7338,17.4395
8,8000,200,64,12,193.00,732.00,8.1994,14.6266,0.8616,2870.48,0.3484,615.00,3.4837,4.9670,2.9261,15.6874,26.3614
8,8000,200,64,25,193.00,732.00,8.1994,14.6266,0.9238,3704.26,0.2700,600.00,2.6996,4.0457,2.9006,12.5427,19.3437
8,8000,200,64,51,193.00,732.00,8.1994,14.6266,0.9445,5903.15,0.1694,596.00,1.6940,2.5150,1.2523,11.3978,20.2695
8,8000,200,64,64,193.00,732.00,8.1994,14.6266,0.9462,4862.85,0.2056,613.00,2.0564,2.7600,1.1762,13.3215,20.9411
8,8000,200,64,96,193.00,732.00,8.1994,14.6266,0.9474,5222.88,0.1915,605.00,1.9147,2.8232,1.3217,13.6683,21.4598
8,8000,200,64,128,193.00,732.00,8.1994,14.6266,0.9476,3145.51,0.3179,599.00,3.1791,4.7751,3.7724,13.8727,23.2490
8,8000,200,128,25,193.00,732.00,8.1994,14.6266,0.9398,1790.99,0.5584,614.00,5.5835,8.3339,6.2856,19.5709,28.0698
8,8000,200,128,51,193.00,732.00,8.1994,14.6266,0.9730,2024.81,0.4939,600.00,4.9387,8.0855,6.0668,19.0403,26.8777
8,8000,200,128,102,193.00,732.00,8.1994,14.6266,0.9809,2760.87,0.3622,617.00,3.6220,5.4214,2.4914,17.8362,27.0019
8,8000,200,128,128,193.00,732.00,8.1994,14.6266,0.9816,2818.05,0.3549,602.00,3.5486,5.3320,2.6488,17.0025,27.1239
8,8000,200,128,192,193.00,732.00,8.1994,14.6266,0.9818,3167.92,0.3157,607.00,3.1566,5.2948,3.1609,15.3968,20.6235
8,8000,200,128,256,193.00,732.00,8.1994,14.6266,0.9819,2735.08,0.3656,612.00,3.6562,5.9507,3.6298,16.7015,21.1129
8,8000,200,256,51,193.00,732.00,8.1994,14.6266,0.9800,1814.71,0.5511,611.00,5.5105,9.4440,7.2887,20.4575,28.5349
8,8000,200,256,102,193.00,732.00,8.1994,14.6266,0.9929,1738.07,0.5754,613.00,5.7535,9.5656,6.5822,21.6385,31.7482
8,8000,200,256,204,193.00,732.00,8.1994,14.6266,0.9952,1700.09,0.5882,611.00,5.8821,9.9788,7.5414,20.8082,32.5153
8,8000,200,256,256,193.00,732.00,8.1994,14.6266,0.9953,1691.15,0.5913,617.00,5.9131,9.6754,6.7337,21.2297,30.6494
8,8000,200,256,384,193.00,732.00,8.1994,14.6266,0.9954,1554.23,0.6434,610.00,6.4341,10.5645,7.3282,23.0573,34.2988
8,8000,200,256,512,193.00,732.00,8.1994,14.6266,0.9955,1440.35,0.6943,617.00,6.9427,11.6075,8.9208,23.7269,33.3247
8,8000,200,512,102,193.00,732.00,8.1994,14.6266,0.9947,980.98,1.0194,638.00,10.1939,17.6658,16.9473,35.2303,45.1015
8,8000,200,512,204,193.00,732.00,8.1994,14.6266,0.9983,951.51,1.0510,638.00,10.5096,17.9550,15.9615,36.1743,50.9582
8,8000,200,512,409,193.00,732.00,8.1994,14.6266,0.9988,889.45,1.1243,650.00,11.2429,20.2048,18.3968,39.1199,55.7625
8,8000,200,512,512,193.00,732.00,8.1994,14.6266,0.9989,931.12,1.0740,646.00,10.7397,19.4337,18.2059,36.6922,52.1888
8,8000,200,512,768,193.00,732.00,8.1994,14.6266,0.9989,827.15,1.2090,654.00,12.0897,22.1317,21.3822,39.2788,51.4674
8,8000,200,512,1024,193.00,732.00,8.1994,14.6266,0.9989,694.86,1.4391,652.00,14.3914,25.5692,23.3843,44.3413,56.2231
8,10000,40,10,2,207.00,727.00,7.7954,15.2148,0.5068,16471.82,0.0607,609.00,0.6071,0.2428,0.1197,0.2305,4.2473
8,10000,40,10,4,207.00,727.00,7.7954,15.2148,0.5989,14739.49,0.0678,610.00,0.6784,0.2332,0.1352,0.2546,4.0388
8,10000,40,10,8,207.00,727.00,7.7954,15.2148,0.6545,14266.19,0.0701,606.00,0.7010,0.3462,0.1592,0.3298,7.1940
8,10000,40,10,10,207.00,727.00,7.7954,15.2148,0.6649,14330.88,0.0698,608.00,0.6978,0.4130,0.1941,0.3606,8.4287
8,10000,40,10,15,207.00,727.00,7.7954,15.2148,0.6764,13558.21,0.0738,606.00,0.7376,0.3393,0.1673,0.3135,6.4832
8,10000,40,10,20,207.00,727.00,7.7954,15.2148,0.6813,14954.59,0.0669,604.00,0.6687,0.3557,0.1748,0.3432,7.1966
8,10000,40,20,4,207.00,727.00,7.7954,15.2148,0.6501,12707.97,0.0787,606.00,0.7869,0.6219,0.3043,0.7105,11.2009
8,10000,40,20,8,207.00,727.00,7.7954,15.2148,0.7342,12303.31,0.0813,610.00,0.8128,0.5976,0.2721,0.6622,10.1843
8,10000,40,20,16,207.00,727.00,7.7954,15.2148,0.7784,13341.43,0.0750,610.00,0.7495,0.5994,0.2955,0.8560,10.5950
8,10000,40,20,20,207.00,727.00,7.7954,15.2148,0.7865,13753.72,0.0727,610.00,0.7271,0.6048,0.2987,0.7154,10.5037
8,10000,40,20,30,207.00,727.00,7.7954,15.2148,0.7951,12770.88,0.0783,606.00,0.7830,0.6000,0.3227,0.8476,8.3578
8,10000,40,20,40,207.00,727.00,7.7954,15.2148,0.7982,12747.74,0.0784,608.00,0.7845,0.5703,0.3195,0.6435,8.4195
8,10000,40,40,8,207.00,727.00,7.7954,15.2148,0.7745,8101.53,0.1234,614.00,1.2343,1.2786,0.5897,6.0209,13.5835
8,10000,40,40,16,207.00,727.00,7.7954,15.2148,0.8445,8301.17,0.1205,614.00,1.2046,1.0909,0.5501,4.4078,12.7726
8,10000,40,40,32,207.00,727.00,7.7954,15.2148,0.8783,8925.37,0.1120,614.00,1.1204,1.2906,0.5820,6.2813,14.8876
8,10000,40,40,40,207.00,727.00,7.7954,15.2148,0.8835,8374.08,0.1194,609.00,1.1942,1.1911,0.5797,5.2199,14.2180
8,10000,40,40,60,207.00,727.00,7.7954,15.2148,0.8884,8830.44,0.1132,610.00,1.1324,1.4373,0.6462,7.3160,15.7552
8,10000,40,40,80,207.00,727.00,7.7954,15.2148,0.8900,8506.77,0.1176,612.00,1.1755,1.2225,0.7163,2.2862,13.0602
8,10000,40,80,16,207.00,727.00,7.7954,15.2148,0.8720,4996.46,0.2001,613.00,2.0014,2.6454,1.0915,13.5536,18.8539
8,10000,40,80,32,207.00,727.00,7.7954,15.2148,0.9262,5220.76,0.1915,607.00,1.9154,2.4968,1.2047,11.5494,18.0660
8,10000,40,80,64,207.00,727.00,7.7954,15.2148,0.9469,5181.00,0.1930,609.00,1.9301,2.7205,1.3092,11.8456,16.8853
8,10000,40,80,80,207.00,727.00,7.7954,15.2148,0.9496,5171.97,0.1933,602.00,1.9335,2.6278,1.2983,11.0224,17.7446
8,10000,40,80,120,207.00,727.00,7.7954,15.2148,0.9514,5378.10,0.1859,617.00,1.8594,2.5220,1.4663,9.9065,15.7572
8,10000,40,80,160,207.00,727.00,7.7954,15.2148,0.9518,5261.09,0.1901,616.00,1.9007,2.7538,1.5704,10.3362,19.2317
8,10000,40,160,32,207.00,727.00,7.7954,15.2148,0.9401,3116.86,0.3208,619.00,3.2084,5.0093,2.4861,16.0813,22.9668
8,10000,40,160,64,207.00,727.00,7.7954,15.2148,0.9724,2606.53,0.3837,629.00,3.8365,5.2955,2.7724,16.6370,23.5307
8,10000,40,160,128,207.00,727.00,7.7954,15.2148,0.9819,3072.36,0.3255,629.00,3.2548,5.0850,2.8318,15.4390,21.1128
8,10000,40,160,160,207.00,727.00,7.7954,15.2148,0.9826,2903.74,0.3444,629.00,3.4438,5.2766,2.9639,16.2762,23.1864
8,10000,40,160,240,207.00,727.00,7.7954,15.2148,0.9834,2783.68,0.3592,617.00,3.5924,5.9208,3.5390,16.2756,21.5512
8,10000,40,160,320,207.00,727.00,7.7954,15.2148,0.9835,2716.83,0.3681,611.00,3.6808,6.2786,3.8528,17.3718,23.1022
8,10000,40,320,64,207.00,727.00,7.7954,15.2148,0.9775,1617.43,0.6183,638.00,6.1826,9.8497,7.6160,21.4624,31.9677
8,10000,40,320,128,207.00,727.00,7.7954,15.2148,0.9916,1632.34,0.6126,634.00,6.1262,10.0201,6.9451,22.5924,33.9246
8,10000,40,320,256,207.00,727.00,7.7954,15.2148,0.9948,1579.58,0.6331,625.00,6.3308,11.0096,8.3123,25.5020,35.7571
8,10000,40,320,320,207.00,727.00,7.7954,15.2148,0.9951,1605.84,0.6227,643.00,6.2273,10.6588,8.4066,21.5183,29.1985
8,10000,40,320,480,207.00,727.00,7.7954,15.2148,0.9953,1363.23,0.7336,640.00,7.3355,12.3043,9.0312,26.8161,38.7039
8,10000,40,320,640,207.00,727.00,7.7954,15.2148,0.9954,1418.93,0.7048,640.00,7.0476,12.6058,9.9464,24.9093,34.9815
8,10000,40,640,128,207.00,727.00,7.7954,15.2148,0.9933,987.60,1.0126,656.00,10.1256,17.6972,16.8916,34.6614,50.9154
8,10000,40,640,256,207.00,727.00,7.7954,15.2148,0.9976,891.24,1.1220,659.00,11.2203,20.0072,18.8640,38.8313,51.6419
8,10000,40,640,512,207.00,727.00,7.7954,15.2148,0.9984,932.18,1.0728,652.00,10.7275,19.8019,16.8002,37.3451,50.3501
8,10000,40,640,640,207.00,727.00,7.7954,15.2148,0.9984,808.81,1.2364,646.00,12.3638,21.3131,19.3927,40.2384,55.5293
8,10000,40,640,960,207.00,727.00,7.7954,15.2148,0.9985,800.01,1.2500,650.00,12.4999,21.7598,18.3744,40.4038,54.0750
8,10000,40,640,1280,207.00,727.00,7.7954,15.2148,0.9986,682.05,1.4662,653.00,14.6616,26.4065,23.5968,46.5636,58.2455
8,10000,100,10,2,191.00,728.00,7.3877,13.7364,0.5135,16155.68,0.0619,585.00,0.6190,0.2312,0.1302,0.2614,4.1652
8,10000,100,10,4,191.00,728.00,7.3877,13.7364,0.6085,15967.78,0.0626,583.00,0.6263,0.2349,0.1325,0.2575,4.2089
8,10000,100,10,8,191.00,728.00,7.3877,13.7364,0.6607,16288.62,0.0614,581.00,0.6139,0.2626,0.1499,0.2677,4.2314
8,10000,100,10,10,191.00,728.00,7.3877,13.7364,0.6711,16175.18,0.0618,578.00,0.6182,0.2036,0.1268,0.2213,2.5970
8,10000,100,10,15,191.00,728.00,7.3877,13.7364,0.6824,17496.71,0.0572,579.00,0.5715,0.2354,0.1412,0.2454,4.1583
8,10000,100,10,20,191.00,728.00,7.3877,13.7364,0.6873,16253.91,0.0615,583.00,0.6152,0.2786,0.1580,0.3530,4.1390
8,10000,100,20,4,191.00,728.00,7.3877,13.7364,0.6609,12798.67,0.0781,578.00,0.7813,0.5029,0.2990,0.6959,6.7366
8,10000,100,20,8,191.00,728.00,7.3877,13.7364,0.7410,14528.68,0.0688,580.00,0.6883,0.5194,0.3781,0.8737,5.3650
8,10000,100,20,16,191.00,728.00,7.3877,13.7364,0.7844,13780.07,0.0726,578.00,0.7257,0.4848,0.2871,0.5948,8.2448
8,10000,100,20,20,191.00,728.00,7.3877,13.7364,0.7918,12007.31,0.0833,582.00,0.8328,0.5753,0.3214,0.7926,8.5788
8,10000,100,20,30,191.00,728.00,7.3877,13.7364,0.8000,12247.44,0.0816,581.00,0.8165,0.5256,0.3246,0.6764,7.3647
8,10000,100,20,40,191.00,728.00,7.3877,13.7364,0.8023,11785.13,0.0849,580.00,0.8485,0.5381,0.3269,0.6968,7.9936
8,10000,100,40,8,191.00,728.00,7.3877,13.7364,0.7842,9302.94,0.1075,577.00,1.0749,1.1256,0.7088,3.6111,9.7885
8,10000,100,40,16,191.00,728.00,7.3877,13.7364,0.8525,9417.17,0.1062,582.00,1.0619,1.1798,0.7049,4.5974,11.1070
8,10000,100,40,32,191.00,728.00,7.3877,13.7364,0.8833,7588.82,0.1318,585.00,1.3177,1.2079,0.7963,2.1949,12.4154
8,10000,100,40,40,191.00,728.00,7.3877,13.7364,0.8873,10033.50,0.0997,590.00,0.9967,1.2061,0.6731,5.2997,11.1211
8,10000,100,40,60,191.00,728.00,7.3877,13.7364,0.8903,8980.69,0.1114,591.00,1.1135,1.0521,0.6344,3.7380,11.1368
8,10000,100,40,80,191.00,728.00,7.3877,13.7364,0.8911,9285.33,0.1077,585.00,1.0770,1.3138,0.8471,4.7327,12.8212
8,10000,100,80,16,191.00,728.00,7.3877,13.7364,0.8816,5202.44,0.1922,582.00,1.9222,2.2977,1.2167,9.7889,17.0101
8,10000,100,80,32,191.00,728.00,7.3877,13.7364,0.9322,5314.33,0.1882,595.00,1.8817,2.3913,1.2966,9.9031,16.2425
8,10000,100,80,64,191.00,728.00,7.3877,13.7364,0.9482,5150.46,0.1942,584.00,1.9416,2.6213,1.2757,11.6063,17.5561
8,10000,100,80,80,191.00,728.00,7.3877,13.7364,0.9498,5566.26,0.1797,586.00,1.7965,2.5328,1.5613,9.4397,17.4663
8,10000,100,80,120,191.00,728.00,7.3877,13.7364,0.9512,4951.89,0.2019,585.00,2.0194,2.7726,1.4279,12.4970,19.3140
8,10000,100,80,160,191.00,728.00,7.3877,13.7364,0.9515,4894.19,0.2043,582.00,2.0432,3.2086,1.6622,13.7669,17.9773
8,10000,100,160,32,191.00,728.00,7.3877,13.7364,0.9472,3017.61,0.3314,594.00,3.3139,4.9412,2.5999,15.2872,19.5584
8,10000,100,160,64,191.00,728.00,7.3877,13.7364,0.9744,2911.10,0.3435,604.00,3.4351,5.1544,2.7858,15.9182,21.3081
8,10000,100,160,128,191.00,728.00,7.3877,13.7364,0.9819,2973.08,0.3364,597.00,3.3635,4.8070,2.8291,15.0546,21.0145
8,10000,100,160,160,191.00,728.00,7.3877,13.7364,0.9824,2954.21,0.3385,591.00,3.3850,4.9254,3.3276,14.0712,20.2451
8,10000,100,160,240,191.00,728.00,7.3877,13.7364,0.9828,2947.05,0.3393,587.00,3.3932,5.3090,3.2674,15.4910,20.5981
8,10000,100,160,320,191.00,728.00,7.3877,13.7364,0.9828,2932.00,0.3411,600.00,3.4106,5.6887,3.3309,17.0776,23.9575
8,10000,100,320,64,191.00,728.00,7.3877,13.7364,0.9806,1680.50,0.5951,613.00,5.9506,10.0916,7.4448,22.2538,31.4994
8,10000,100,320,128,191.00,728.00,7.3877,13.7364,0.9926,1662.30,0.6016,617.00,6.0157,10.1563,7.0697,22.2750,33.3851
8,10000,100,320,256,191.00,728.00,7.3877,13.7364,0.9948,1680.96,0.5949,618.00,5.9490,10.4824,7.5921,22.2435,32.9035
8,10000,100,320,320,191.00,728.00,7.3877,13.7364,0.9949,1625.17,0.6153,613.00,6.1532,10.2589,7.4976,22.9008,33.0726
8,10000,100,320,480,191.00,728.00,7.3877,13.7364,0.9950,1406.64,0.7109,616.00,7.1091,12.7942,9.8041,26.2649,37.5313
8,10000,100,320,640,191.00,728.00,7.3877,13.7364,0.9950,1358.41,0.7362,621.00,7.3615,12.7977,9.4427,26.0806,37.9978
8,10000,100,640,128,191.00,728.00,7.3877,13.7364,0.9948,975.57,1.0250,646.00,10.2504,18.0069,16.7758,36.3228,48.9729
8,10000,100,640,256,191.00,728.00,7.3877,13.7364,0.9978,896.26,1.1157,656.00,11.1575,19.7027,18.8640,38.2588,53.0262
8,10000,100,640,512,191.00,728.00,7.3877,13.7364,0.9981,849.22,1.1776,646.00,11.7755,21.4286,19.6782,38.6838,49.3588
8,10000,100,640,640,191.00,728.00,7.3877,13.7364,0.9981,770.47,1.2979,655.00,12.9792,23.0384,22.3739,40.6098,53.1262
8,10000,100,640,960,191.00,728.00,7.3877,13.7364,0.9982,623.43,1.6040,655.00,16.0402,29.3062,27.8158,50.0138,71.1377
8,10000,100,640,1280,191.00,728.00,7.3877,13.7364,0.9983,549.55,1.8197,648.00,18.1966,32.1240,30.9438,50.9462,75.8153
8,10000,200,10,2,195.00,729.00,10.4778,17.4409,0.5091,11183.81,0.0894,599.00,0.8941,0.6117,0.3901,0.8210,8.5390
8,10000,200,10,4,195.00,729.00,10.4778,17.4409,0.6047,10553.53,0.0948,602.00,0.9476,0.5412,0.3554,0.7113,6.7092
8,10000,200,10,8,195.00,729.00,10.4778,17.4409,0.6621,17499.16,0.0571,599.00,0.5715,0.2826,0.1951,0.4335,1.9868
8,10000,200,10,10,195.00,729.00,10.4778,17.4409,0.6723,13500.34,0.0741,595.00,0.7407,0.2698,0.1229,0.2319,5.7659
8,10000,200,10,15,195.00,729.00,10.4778,17.4409,0.6833,14956.08,0.0669,596.00,0.6686,0.2746,0.1397,0.2448,4.3388
8,10000,200,10,20,195.00,729.00,10.4778,17.4409,0.6882,15180.30,0.0659,596.00,0.6587,0.2841,0.1537,0.2648,4.7077
8,10000,200,20,4,195.00,729.00,10.4778,17.4409,0.6578,12185.47,0.0821,601.00,0.8206,0.5914,0.2324,0.4923,12.5295
8,10000,200,20,8,195.00,729.00,10.4778,17.4409,0.7428,12027.56,0.0831,599.00,0.8314,0.6497,0.2498,0.6626,13.1304
8,10000,200,20,16,195.00,729.00,10.4778,17.4409,0.7863,11508.56,0.0869,600.00,0.8689,0.6257,0.2612,0.5617,12.7028
8,10000,200,20,20,195.00,729.00,10.4778,17.4409,0.7931,8071.58,0.1239,597.00,1.2389,1.3510,0.8884,2.9074,13.2447
8,10000,200,20,30,195.00,729.00,10.4778,17.4409,0.8002,7529.36,0.1328,599.00,1.3281,1.3073,0.9270,1.9572,12.8511
8,10000,200,20,40,195.00,729.00,10.4778,17.4409,0.8026,11007.00,0.0909,602.00,0.9085,1.2192,1.0220,2.3586,3.2934
8,10000,200,40,8,195.00,729.00,10.4778,17.4409,0.7844,5352.29,0.1868,598.00,1.8684,2.2601,1.5395,7.9107,14.3386
8,10000,200,40,16,195.00,729.00,10.4778,17.4409,0.8553,5173.57,0.1933,593.00,1.9329,2.3608,1.5125,9.5397,16.4688
8,10000,200,40,32,195.00,729.00,10.4778,17.4409,0.8844,6214.34,0.1609,601.00,1.6092,1.9849,1.4410,5.3595,14.2231
8,10000,200,40,40,195.00,729.00,10.4778,17.4409,0.8886,9816.68,0.1019,606.00,1.0187,1.1692,0.5480,4.8175,15.0896
8,10000,200,40,60,195.00,729.00,10.4778,17.4409,0.8926,7800.75,0.1282,598.00,1.2819,1.3491,0.6378,6.3631,15.3207
8,10000,200,40,80,195.00,729.00,10.4778,17.4409,0.8934,8299.90,0.1205,594.00,1.2048,1.3782,0.7271,5.9721,14.3959
8,10000,200,80,16,195.00,729.00,10.4778,17.4409,0.8827,4947.85,0.2021,596.00,2.0211,2.7282,1.2177,12.6566,20.9580
8,10000,200,80,32,195.00,729.00,10.4778,17.4409,0.9321,3055.96,0.3272,601.00,3.2723,4.9869,3.8866,14.3882,21.4921
8,10000,200,80,64,195.00,729.00,10.4778,17.4409,0.9502,3126.14,0.3199,599.00,3.1988,4.7541,3.4609,14.2920,20.4896
8,10000,200,80,80,195.00,729.00,10.4778,17.4409,0.9518,3132.58,0.3192,601.00,3.1923,4.8276,3.5732,13.4071,18.8442
8,10000,200,80,120,195.00,729.00,10.4778,17.4409,0.9531,3547.47,0.2819,603.00,2.8189,4.3226,3.4015,12.2273,17.9674
8,10000,200,80,160,195.00,729.00,10.4778,17.4409,0.9533,5382.74,0.1858,596.00,1.8578,2.6795,2.3355,4.1860,11.7957
8,10000,200,160,32,195.00,729.00,10.4778,17.4409,0.9469,2717.61,0.3680,603.00,3.6797,5.8716,2.6499,17.8824,26.1284
8,10000,200,160,64,195.00,729.00,10.4778,17.4409,0.9761,2641.92,0.3785,603.00,3.7851,5.7433,2.9810,17.4027,24.3533
8,10000,200,160,128,195.00,729.00,10.4778,17.4409,0.9836,2893.67,0.3456,605.00,3.4558,5.6020,3.0238,16.5185,22.7120
8,10000,200,160,160,195.00,729.00,10.4778,17.4409,0.9841,2802.40,0.3568,608.00,3.5684,5.4267,2.9787,16.4335,25.5515
8,10000,200,160,240,195.00,729.00,10.4778,17.4409,0.9843,3031.71,0.3298,615.00,3.2985,5.6323,3.6128,15.8564,22.8024
8,10000,200,160,320,195.00,729.00,10.4778,17.4409,0.9843,2679.11,0.3733,611.00,3.7326,6.1887,4.0193,16.7631,23.3652
8,10000,200,320,64,195.00,729.00,10.4778,17.4409,0.9824,1631.49,0.6129,624.00,6.1294,9.8053,6.8885,21.8778,32.6487
8,10000,200,320,128,195.00,729.00,10.4778,17.4409,0.9935,1697.59,0.5891,617.00,5.8907,10.0510,6.9135,22.0676,32.4132
8,10000,200,320,256,195.00,729.00,10.4778,17.4409,0.9953,1491.32,0.6705,635.00,6.7055,11.8420,9.4909,24.8449,33.7606
8,10000,200,320,320,195.00,729.00,10.4778,17.4409,0.9954,1511.97,0.6614,635.00,6.6139,11.4554,9.1061,24.1360,33.6520
8,10000,200,320,480,195.00,729.00,10.4778,17.4409,0.9956,1335.76,0.7486,632.00,7.4864,12.5116,9.5631,26.4713,35.7565
8,10000,200,320,640,195.00,729.00,10.4778,17.4409,0.9956,1295.08,0.7722,636.00,7.7215,13.3228,10.4844,25.5112,34.0908
8,10000,200,640,128,195.00,729.00,10.4778,17.4409,0.9955,974.95,1.0257,663.00,10.2569,18.6944,18.0622,36.6484,49.4592
8,10000,200,640,256,195.00,729.00,10.4778,17.4409,0.9984,912.18,1.0963,658.00,10.9627,20.0578,19.2611,37.7950,52.0393
8,10000,200,640,512,195.00,729.00,10.4778,17.4409,0.9989,793.84,1.2597,659.00,12.5970,21.5326,20.8337,39.8090,51.7199
8,10000,200,640,640,195.00,729.00,10.4778,17.4409,0.9989,839.99,1.1905,666.00,11.9049,21.6215,20.9294,38.6447,52.1046
8,10000,200,640,960,195.00,729.00,10.4778,17.4409,0.9990,724.42,1.3804,662.00,13.8041,25.4647,25.0326,41.9985,53.5761
8,10000,200,640,1280,195.00,729.00,10.4778,17.4409,0.9990,621.16,1.6099,668.00,16.0989,29.9067,28.7230,49.5886,67.1515
8,14000,40,14,2,207.00,724.00,10.2464,17.6916,0.4903,14822.61,0.0675,623.00,0.6746,0.2632,0.1274,0.2225,4.6876
8,14000,40,14,5,207.00,724.00,10.2464,17.6916,0.6249,15691.70,0.0637,621.00,0.6373,0.2590,0.1415,0.2386,4.3378
8,14000,40,14,11,207.00,724.00,10.2464,17.6916,0.6874,18243.72,0.0548,619.00,0.5481,0.3316,0.1927,0.3803,5.5922
8,14000,40,14,14,207.00,724.00,10.2464,17.6916,0.6983,15030.83,0.0665,623.00,0.6653,0.3146,0.1606,0.2725,6.1641
8,14000,40,14,21,207.00,724.00,10.2464,17.6916,0.7093,15578.87,0.0642,620.00,0.6419,0.2775,0.1709,0.2755,4.3271
8,14000,40,14,28,207.00,724.00,10.2464,17.6916,0.7134,17474.41,0.0572,621.00,0.5723,0.3646,0.2297,0.3764,5.0501
8,14000,40,28,5,207.00,724.00,10.2464,17.6916,0.6692,12366.23,0.0809,628.00,0.8087,0.5276,0.2650,0.5104,8.3610
8,14000,40,28,11,207.00,724.00,10.2464,17.6916,0.7639,12609.61,0.0793,624.00,0.7930,0.6312,0.3121,0.7866,10.5401
8,14000,40,28,22,207.00,724.00,10.2464,17.6916,0.8080,13152.24,0.0760,619.00,0.7603,0.5447,0.3157,0.5736,8.3382
8,14000,40,28,28,207.00,724.00,10.2464,17.6916,0.8149,14241.00,0.0702,617.00,0.7022,0.5329,0.3078,0.5454,8.3241
8,14000,40,28,42,207.00,724.00,10.2464,17.6916,0.8221,11251.93,0.0889,627.00,0.8887,0.5792,0.3390,0.5587,8.4689
8,14000,40,28,56,207.00,724.00,10.2464,17.6916,0.8239,12441.64,0.0804,623.00,0.8038,0.7073,0.3893,0.7543,10.2690
8,14000,40,56,11,207.00,724.00,10.2464,17.6916,0.7997,9556.34,0.1046,624.00,1.0464,1.0813,0.5785,4.8999,11.3697
8,14000,40,56,22,207.00,724.00,10.2464,17.6916,0.8693,8276.85,0.1208,620.00,1.2082,1.2303,0.6142,6.3029,13.3582
8,14000,40,56,44,207.00,724.00,10.2464,17.6916,0.8999,7833.41,0.1277,625.00,1.2766,1.3387,0.7447,5.1335,11.9109
8,14000,40,56,56,207.00,724.00,10.2464,17.6916,0.9042,7441.73,0.1344,623.00,1.3438,1.4149,0.7946,6.1742,12.9741
8,14000,40,56,84,207.00,724.00,10.2464,17.6916,0.9072,8745.39,0.1143,623.00,1.1435,1.2415,0.7911,4.8919,9.7397
8,14000,40,56,112,207.00,724.00,10.2464,17.6916,0.9081,7551.16,0.1324,618.00,1.3243,1.4830,0.8697,6.3443,12.7810
8,14000,40,112,22,207.00,724.00,10.2464,17.6916,0.8913,5087.30,0.1966,638.00,1.9657,2.3201,1.5318,7.9248,14.2226
8,14000,40,112,44,207.00,724.00,10.2464,17.6916,0.9402,5354.11,0.1868,626.00,1.8677,2.3565,1.3877,9.3946,15.8121
8,14000,40,112,89,207.00,724.00,10.2464,17.6916,0.9567,5255.47,0.1903,630.00,1.9028,2.4928,1.5107,9.2418,14.7427
8,14000,40,112,112,207.00,724.00,10.2464,17.6916,0.9589,6177.87,0.1619,629.00,1.6187,2.2024,1.5301,7.0606,14.7470
8,14000,40,112,168,207.00,724.00,10.2464,17.6916,0.9601,5451.64,0.1834,634.00,1.8343,2.9945,1.9748,10.2518,16.4400
8,14000,40,112,224,207.00,724.00,10.2464,17.6916,0.9604,4979.45,0.2008,632.00,2.0083,2.9494,2.1238,8.9729,14.8733
8,14000,40,224,44,207.00,724.00,10.2464,17.6916,0.9513,3420.33,0.2924,641.00,2.9237,4.5120,3.0363,14.2252,21.6833
8,14000,40,224,89,207.00,724.00,10.2464,17.6916,0.9779,2894.46,0.3455,641.00,3.4549,5.4097,3.3745,15.5574,22.4322
8,14000,40,224,179,207.00,724.00,10.2464,17.6916,0.9855,2588.61,0.3863,647.00,3.8631,4.7790,3.7577,12.2342,18.9755
8,14000,40,224,224,207.00,724.00,10.2464,17.6916,0.9861,3051.71,0.3277,640.00,3.2769,5.3014,3.6049,14.0582,20.6710
8,14000,40,224,336,207.00,724.00,10.2464,17.6916,0.9866,3004.93,0.3328,647.00,3.3279,5.8095,4.1880,15.1249,23.0105
8,14000,40,224,448,207.00,724.00,10.2464,17.6916,0.9866,2837.73,0.3524,649.00,3.5239,5.9944,4.6172,13.7730,18.1248
8,14000,40,448,89,207.00,724.00,10.2464,17.6916,0.9822,1853.54,0.5395,655.00,5.3951,9.0500,6.6588,19.1648,26.5257
8,14000,40,448,179,207.00,724.00,10.2464,17.6916,0.9936,1707.31,0.5857,649.00,5.8572,9.5404,6.8887,20.6528,30.9035
8,14000,40,448,358,207.00,724.00,10.2464,17.6916,0.9960,1579.50,0.6331,668.00,6.3311,11.0285,8.5567,21.9278,29.8400
8,14000,40,448,448,207.00,724.00,10.2464,17.6916,0.9961,1406.17,0.7111,672.00,7.1115,11.7657,9.8100,22.8584,33.5542
8,14000,40,448,672,207.00,724.00,10.2464,17.6916,0.9963,1399.84,0.7144,670.00,7.1437,12.3896,10.3224,23.2543,32.5701
8,14000,40,448,896,207.00,724.00,10.2464,17.6916,0.9965,1357.35,0.7367,670.00,7.3673,13.0631,10.3179,24.8453,34.2321
8,14000,40,896,179,207.00,724.00,10.2464,17.6916,0.9947,911.50,1.0971,693.00,10.9709,18.9604,18.4324,36.3050,46.9903
8,14000,40,896,358,207.00,724.00,10.2464,17.6916,0.9980,814.54,1.2277,695.00,12.2769,20.9397,20.6098,38.3493,48.3429
8,14000,40,896,716,207.00,724.00,10.2464,17.6916,0.9986,757.77,1.3197,712.00,13.1967,23.3662,22.6603,39.7989,51.6418
8,14000,40,896,896,207.00,724.00,10.2464,17.6916,0.9988,771.17,1.2967,714.00,12.9673,23.3965,22.6486,40.1155,51.9077
8,14000,40,896,1344,207.00,724.00,10.2464,17.6916,0.9989,610.23,1.6387,718.00,16.3873,30.4869,29.9691,47.8405,58.7933
8,14000,40,896,1792,207.00,724.00,10.2464,17.6916,0.9990,496.71,2.0133,720.00,20.1325,36.9906,36.1081,54.2457,64.3733
8,14000,100,14,2,273.00,724.00,11.1146,18.1035,0.5035,15247.93,0.0656,648.00,0.6558,0.2199,0.1248,0.2251,4.0335
8,14000,100,14,5,273.00,724.00,11.1146,18.1035,0.6376,16884.20,0.0592,640.00,0.5923,0.2337,0.1345,0.2393,4.1896
8,14000,100,14,11,273.00,724.00,11.1146,18.1035,0.6977,16066.88,0.0622,642.00,0.6224,0.2609,0.1485,0.2536,5.1950
8,14000,100,14,14,273.00,724.00,11.1146,18.1035,0.7068,15728.05,0.0636,642.00,0.6358,0.2800,0.1497,0.2552,4.4475
8,14000,100,14,21,273.00,724.00,11.1146,18.1035,0.7153,16569.57,0.0604,643.00,0.6035,0.3027,0.1896,0.3197,4.5748
8,14000,100,14,28,273.00,724.00,11.1146,18.1035,0.7190,16264.51,0.0615,646.00,0.6148,0.2975,0.1902,0.3007,4.2720
8,14000,100,28,5,273.00,724.00,11.1146,18.1035,0.6836,12408.92,0.0806,641.00,0.8059,0.5478,0.2644,0.5565,9.6770
8,14000,100,28,11,273.00,724.00,11.1146,18.1035,0.7762,12998.37,0.0769,648.00,0.7693,0.6144,0.3092,0.6007,9.6935
8,14000,100,28,22,273.00,724.00,11.1146,18.1035,0.8140,13378.82,0.0747,641.00,0.7474,0.5704,0.3242,0.5701,9.3146
8,14000,100,28,28,273.00,724.00,11.1146,18.1035,0.8206,11642.92,0.0859,646.00,0.8589,0.4930,0.2977,0.5214,7.5748
8,14000,100,28,42,273.00,724.00,11.1146,18.1035,0.8268,12703.30,0.0787,637.00,0.7872,0.6417,0.3390,0.5950,9.6594
8,14000,100,28,56,273.00,724.00,11.1146,18.1035,0.8284,11057.80,0.0904,646.00,0.9043,0.6359,0.4144,0.6613,8.5978
8,14000,100,56,11,273.00,724.00,11.1146,18.1035,0.8133,8932.30,0.1120,640.00,1.1195,1.1997,0.5905,5.3183,13.9711
8,14000,100,56,22,273.00,724.00,11.1146,18.1035,0.8758,8268.84,0.1209,642.00,1.2094,1.2447,0.6258,6.0562,13.5139
8,14000,100,56,44,273.00,724.00,11.1146,18.1035,0.9037,8112.02,0.1233,643.00,1.2327,1.3699,0.6643,6.1539,15.4932
8,14000,100,56,56,273.00,724.00,11.1146,18.1035,0.9075,8902.99,0.1123,644.00,1.1232,1.1991,0.7035,4.2782,12.7782
8,14000,100,56,84,273.00,724.00,11.1146,18.1035,0.9100,8352.20,0.1197,648.00,1.1973,1.3204,0.7773,5.0978,12.9299
8,14000,100,56,112,273.00,724.00,11.1146,18.1035,0.9110,8504.87,0.1176,646.00,1.1758,1.4529,0.9765,2.7141,12.4140
8,14000,100,112,22,273.00,724.00,11.1146,18.1035,0.8995,5299.30,0.1887,641.00,1.8870,2.6503,1.3025,12.2395,17.7172
8,14000,100,112,44,273.00,724.00,11.1146,18.1035,0.9452,4600.56,0.2174,659.00,2.1737,2.9409,1.3680,13.2743,17.7885
8,14000,100,112,89,273.00,724.00,11.1146,18.1035,0.9607,4852.80,0.2061,653.00,2.0607,2.7622,1.5074,11.0361,19.1919
8,14000,100,112,112,273.00,724.00,11.1146,18.1035,0.9621,5182.18,0.1930,651.00,1.9297,2.8355,1.5861,11.0563,17.8227
8,14000,100,112,168,273.00,724.00,11.1146,18.1035,0.9630,4689.55,0.2132,645.00,2.1324,2.9372,1.6794,11.8993,18.0337
8,14000,100,112,224,273.00,724.00,11.1146,18.1035,0.9631,4520.91,0.2212,653.00,2.2119,3.1478,2.0649,10.6155,17.4048
8,14000,100,224,44,273.00,724.00,11.1146,18.1035,0.9579,3046.84,0.3282,647.00,3.2821,4.9587,2.9873,14.7140,19.4753
8,14000,100,224,89,273.00,724.00,11.1146,18.1035,0.9818,2635.38,0.3795,667.00,3.7945,5.5319,3.0443,16.3554,22.9814
8,14000,100,224,179,273.00,724.00,11.1146,18.1035,0.9872,2762.58,0.3620,658.00,3.6198,5.8831,3.2393,17.0766,23.3733
8,14000,100,224,224,273.00,724.00,11.1146,18.1035,0.9875,2944.77,0.3396,662.00,3.3958,5.6924,3.7056,15.8289,23.2073
8,14000,100,224,336,273.00,724.00,11.1146,18.1035,0.9877,2543.54,0.3932,663.00,3.9315,6.9648,4.5211,17.5178,24.9110
8,14000,100,224,448,273.00,724.00,11.1146,18.1035,0.9877,2245.01,0.4454,667.00,4.4543,7.2731,4.7781,18.5187,28.7954
8,14000,100,448,89,273.00,724.00,11.1146,18.1035,0.9863,1537.95,0.6502,680.00,6.5022,10.5289,7.2978,23.4716,35.3616
8,14000,100,448,179,273.00,724.00,11.1146,18.1035,0.9949,1562.74,0.6399,684.00,6.3990,11.1032,7.9603,23.7763,32.5870
8,14000,100,448,358,273.00,724.00,11.1146,18.1035,0.9968,1486.13,0.6729,677.00,6.7289,11.1837,7.3149,25.6504,35.9494
8,14000,100,448,448,273.00,724.00,11.1146,18.1035,0.9968,1409.64,0.7094,668.00,7.0940,12.7832,10.5945,26.2849,35.7778
8,14000,100,448,672,273.00,724.00,11.1146,18.1035,0.9969,1242.94,0.8045,682.00,8.0454,14.3228,11.2616,27.1081,35.5720
8,14000,100,448,896,273.00,724.00,11.1146,18.1035,0.9970,1134.38,0.8815,682.00,8.8154,15.8737,13.7841,27.3471,36.0134
8,14000,100,896,179,273.00,724.00,11.1146,18.1035,0.9960,923.86,1.0824,709.00,10.8242,20.1001,20.0419,35.4647,47.3774
8,14000,100,896,358,273.00,724.00,11.1146,18.1035,0.9987,847.65,1.1797,714.00,11.7973,20.8897,17.5169,41.7676,54.3646
8,14000,100,896,716,273.00,724.00,11.1146,18.1035,0.9989,779.54,1.2828,726.00,12.8281,23.1142,21.8273,42.1127,54.3307
8,14000,100,896,896,273.00,724.00,11.1146,18.1035,0.9990,696.62,1.4355,734.00,14.3550,26.1531,24.8088,44.3788,53.1508
8,14000,100,896,1344,273.00,724.00,11.1146,18.1035,0.9991,591.77,1.6899,738.00,16.8985,30.9979,29.8346,49.9471,60.8026
8,14000,100,896,1792,273.00,724.00,11.1146,18.1035,0.9991,450.83,2.2181,738.00,22.1814,39.8675,38.9691,59.8736,75.7146
8,14000,200,14,2,286.00,725.00,13.3405,21.3806,0.5023,9699.64,0.1031,641.00,1.0310,0.6342,0.4250,0.8652,6.8374
8,14000,200,14,5,286.00,725.00,13.3405,21.3806,0.6359,10589.52,0.0944,638.00,0.9443,0.6536,0.4380,0.8765,8.3769
8,14000,200,14,11,286.00,725.00,13.3405,21.3806,0.6954,15404.01,0.0649,638.00,0.6492,0.2979,0.1824,0.4227,2.5952
8,14000,200,14,14,286.00,725.00,13.3405,21.3806,0.7056,16038.38,0.0624,641.00,0.6235,0.2979,0.1525,0.2635,6.1878
8,14000,200,14,21,286.00,725.00,13.3405,21.3806,0.7170,14204.49,0.0704,638.00,0.7040,0.3397,0.1865,0.3006,5.2138
8,14000,200,14,28,286.00,725.00,13.3405,21.3806,0.7209,14447.66,0.0692,640.00,0.6922,0.3350,0.1900,0.2954,5.8755
8,14000,200,28,5,286.00,725.00,13.3405,21.3806,0.6807,12790.31,0.0782,635.00,0.7818,0.5851,0.2879,0.5374,10.6647
8,14000,200,28,11,286.00,725.00,13.3405,21.3806,0.7730,12987.35,0.0770,632.00,0.7700,0.5296,0.3011,0.4978,8.5294
8,14000,200,28,22,286.00,725.00,13.3405,21.3806,0.8150,12567.44,0.0796,641.00,0.7957,0.7533,0.3288,0.7835,13.2658
8,14000,200,28,28,286.00,725.00,13.3405,21.3806,0.8218,13081.04,0.0764,639.00,0.7645,0.5512,0.3104,0.5374,8.3691
8,14000,200,28,42,286.00,725.00,13.3405,21.3806,0.8288,8727.12,0.1146,637.00,1.1459,1.3692,0.5193,8.5300,18.4707
8,14000,200,28,56,286.00,725.00,13.3405,21.3806,0.8304,6767.61,0.1478,635.00,1.4776,1.7471,1.4300,2.7104,13.2379
8,14000,200,56,11,286.00,725.00,13.3405,21.3806,0.8099,5081.53,0.1968,638.00,1.9679,2.5647,2.1640,3.5655,14.6009
8,14000,200,56,22,286.00,725.00,13.3405,21.3806,0.8771,4737.18,0.2111,639.00,2.1110,2.8086,2.0183,9.9530,18.2632
8,14000,200,56,44,286.00,725.00,13.3405,21.3806,0.9056,7996.62,0.1251,642.00,1.2505,1.5518,1.3323,2.4090,7.8204
8,14000,200,56,56,286.00,725.00,13.3405,21.3806,0.9092,7904.88,0.1265,638.00,1.2650,1.4773,0.6993,7.4816,15.4834
8,14000,200,56,84,286.00,725.00,13.3405,21.3806,0.9115,7276.36,0.1374,642.00,1.3743,1.3866,0.7671,5.7696,14.9552
8,14000,200,56,112,286.00,725.00,13.3405,21.3806,0.9122,6864.56,0.1457,637.00,1.4568,1.8836,1.0312,8.6344,17.7677
8,14000,200,112,22,286.00,725.00,13.3405,21.3806,0.9006,4979.63,0.2008,638.00,2.0082,2.7887,1.2597,13.0354,18.0547
8,14000,200,112,44,286.00,725.00,13.3405,21.3806,0.9467,2896.83,0.3452,649.00,3.4521,5.2949,4.1636,15.6672,23.3638
8,14000,200,112,89,286.00,725.00,13.3405,21.3806,0.9616,2551.04,0.3920,654.00,3.9200,5.9612,4.4112,16.5585,24.0317
8,14000,200,112,112,286.00,725.00,13.3405,21.3806,0.9627,2937.24,0.3405,647.00,3.4046,5.4993,4.3083,15.0291,22.9113
8,14000,200,112,168,286.00,725.00,13.3405,21.3806,0.9637,4473.29,0.2235,653.00,2.2355,3.0967,1.5211,13.9230,21.8836
8,14000,200,112,224,286.00,725.00,13.3405,21.3806,0.9637,4001.97,0.2499,651.00,2.4988,3.6393,2.1820,13.0787,20.2064
8,14000,200,224,44,286.00,725.00,13.3405,21.3806,0.9578,2368.60,0.4222,646.00,4.2219,6.0169,3.0535,17.1882,24.4555
8,14000,200,224,89,286.00,725.00,13.3405,21.3806,0.9822,1544.08,0.6476,649.00,6.4764,10.1057,9.0469,20.2951,28.4318
8,14000,200,224,179,286.00,725.00,13.3405,21.3806,0.9872,1714.03,0.5834,649.00,5.8342,10.0921,8.8170,20.8619,29.0195
8,14000,200,224,224,286.00,725.00,13.3405,21.3806,0.9875,2844.65,0.3515,644.00,3.5154,5.4370,4.2762,14.8429,22.0954
8,14000,200,224,336,286.00,725.00,13.3405,21.3806,0.9878,2267.19,0.4411,658.00,4.4107,7.2204,4.5655,18.8802,26.3797
8,14000,200,224,448,286.00,725.00,13.3405,21.3806,0.9879,2217.17,0.4510,653.00,4.5102,7.8875,4.9830,20.0484,27.5861
8,14000,200,448,89,286.00,725.00,13.3405,21.3806,0.9867,1472.09,0.6793,664.00,6.7931,11.1008,8.0600,24.6670,38.5378
8,14000,200,448,179,286.00,725.00,13.3405,21.3806,0.9950,1465.99,0.6821,678.00,6.8213,11.4467,9.4026,22.8700,33.9315
8,14000,200,448,358,286.00,725.00,13.3405,21.3806,0.9967,1529.60,0.6538,679.00,6.5377,11.7087,9.4204,23.0496,31.3684
8,14000,200,448,448,286.00,725.00,13.3405,21.3806,0.9967,1389.39,0.7197,674.00,7.1974,12.2648,9.4209,23.9258,33.0479
8,14000,200,448,672,286.00,725.00,13.3405,21.3806,0.9967,1302.80,0.7676,683.00,7.6758,13.8151,11.1598,25.9502,36.4365
8,14000,200,448,896,286.00,725.00,13.3405,21.3806,0.9967,1099.45,0.9095,677.00,9.0954,16.4345,13.9679,28.2810,37.4623
8,14000,200,896,179,286.00,725.00,13.3405,21.3806,0.9964,959.49,1.0422,711.00,10.4222,18.5137,15.8750,35.3608,48.6294
8,14000,200,896,358,286.00,725.00,13.3405,21.3806,0.9988,747.67,1.3375,713.00,13.3750,21.4372,18.7072,42.9066,57.6830
8,14000,200,896,716,286.00,725.00,13.3405,21.3806,0.9990,783.15,1.2769,725.00,12.7690,23.4172,20.7196,41.6497,52.7782
8,14000,200,896,896,286.00,725.00,13.3405,21.3806,0.9990,736.49,1.3578,729.00,13.5780,24.0244,21.0044,45.0006,57.9937
8,14000,200,896,1344,286.00,725.00,13.3405,21.3806,0.9990,662.86,1.5086,737.00,15.0861,27.6777,25.9054,46.4003,58.2568
8,14000,200,896,1792,286.00,725.00,13.3405,21.3806,0.9990,582.48,1.7168,738.00,17.1680,31.2740,28.6845,50.8746,65.0866
8,18000,40,18,3,281.00,725.00,13.3953,21.6366,0.5520,16402.43,0.0610,703.00,0.6097,0.2783,0.1431,0.2419,6.0040
8,18000,40,18,7,281.00,725.00,13.3953,21.6366,0.6610,16696.82,0.0599,714.00,0.5989,0.2870,0.1527,0.2451,5.2273
8,18000,40,18,14,281.00,725.00,13.3953,21.6366,0.7097,13739.98,0.0728,711.00,0.7278,0.3084,0.1624,0.2564,4.9925
8,18000,40,18,18,281.00,725.00,13.3953,21.6366,0.7191,15725.38,0.0636,710.00,0.6359,0.3194,0.1643,0.2568,6.6179
8,18000,40,18,27,281.00,725.00,13.3953,21.6366,0.7288,15467.02,0.0647,714.00,0.6465,0.3325,0.2292,0.3634,4.2462
8,18000,40,18,36,281.00,725.00,13.3953,21.6366,0.7325,15639.00,0.0639,713.00,0.6394,0.3064,0.1982,0.2824,4.3569
8,18000,40,36,7,281.00,725.00,13.3953,21.6366,0.7057,9646.59,0.1037,711.00,1.0366,0.6495,0.3048,0.5886,11.6648
8,18000,40,36,14,281.00,725.00,13.3953,21.6366,0.7838,11389.56,0.0878,713.00,0.8780,0.6151,0.3035,0.5706,11.2501
8,18000,40,36,28,281.00,725.00,13.3953,21.6366,0.8224,11251.09,0.0889,709.00,0.8888,0.5243,0.3254,0.5227,7.6832
8,18000,40,36,36,281.00,725.00,13.3953,21.6366,0.8290,13157.70,0.0760,712.00,0.7600,0.6168,0.3701,0.6094,8.3251
8,18000,40,36,54,281.00,725.00,13.3953,21.6366,0.8355,10686.38,0.0936,713.00,0.9358,0.6040,0.3908,0.6035,8.2232
8,18000,40,36,72,281.00,725.00,13.3953,21.6366,0.8373,11953.26,0.0837,710.00,0.8366,0.7171,0.4571,0.6897,10.2421
8,18000,40,72,14,281.00,725.00,13.3953,21.6366,0.8159,8235.84,0.1214,711.00,1.2142,1.2858,0.6954,6.0900,12.9143
8,18000,40,72,28,281.00,725.00,13.3953,21.6366,0.8795,8393.64,0.1191,719.00,1.1914,1.3280,0.6944,5.8208,13.6181
8,18000,40,72,57,281.00,725.00,13.3953,21.6366,0.9089,8687.80,0.1151,712.00,1.1510,1.4954,0.8075,6.5459,13.8513
8,18000,40,72,72,281.00,725.00,13.3953,21.6366,0.9127,8496.72,0.1177,709.00,1.1769,1.4549,0.7967,6.0094,14.2230
8,18000,40,72,108,281.00,725.00,13.3953,21.6366,0.9157,8040.86,0.1244,718.00,1.2436,1.5287,1.0222,4.5653,13.3435
8,18000,40,72,144,281.00,725.00,13.3953,21.6366,0.9165,7248.57,0.1380,715.00,1.3796,1.6637,1.1345,5.3050,12.9822
8,18000,40,144,28,281.00,725.00,13.3953,21.6366,0.8990,4852.01,0.2061,724.00,2.0610,2.6330,1.3912,10.9571,21.0727
8,18000,40,144,57,281.00,725.00,13.3953,21.6366,0.9458,4270.31,0.2342,718.00,2.3417,2.7924,1.5995,10.5776,17.9299
8,18000,40,144,115,281.00,725.00,13.3953,21.6366,0.9623,4830.60,0.2070,714.00,2.0701,2.8465,1.6329,11.2036,17.5146
8,18000,40,144,144,281.00,725.00,13.3953,21.6366,0.9636,4548.67,0.2198,715.00,2.1984,3.0236,1.6832,11.8870,20.6798
8,18000,40,144,216,281.00,725.00,13.3953,21.6366,0.9649,4627.19,0.2161,718.00,2.1611,3.3192,2.0531,11.8036,19.7871
8,18000,40,144,288,281.00,725.00,13.3953,21.6366,0.9652,3795.16,0.2635,720.00,2.6349,4.0292,2.4891,14.7154,22.2771
8,18000,40,288,57,281.00,725.00,13.3953,21.6366,0.9563,2917.65,0.3427,721.00,3.4274,5.3663,3.2493,15.7710,23.2293
8,18000,40,288,115,281.00,725.00,13.3953,21.6366,0.9812,2642.09,0.3785,720.00,3.7849,5.8219,3.2480,16.8937,21.7423
8,18000,40,288,230,281.00,725.00,13.3953,21.6366,0.9875,2649.38,0.3774,727.00,3.7745,6.0991,3.9558,16.2095,23.7800
8,18000,40,288,288,281.00,725.00,13.3953,21.6366,0.9881,2390.12,0.4184,727.00,4.1839,6.3817,4.1608,17.0927,24.3981
8,18000,40,288,432,281.00,725.00,13.3953,21.6366,0.9886,2167.78,0.4613,727.00,4.6130,7.5885,5.4560,17.9694,23.0412
8,18000,40,288,576,281.00,725.00,13.3953,21.6366,0.9886,1800.50,0.5554,727.00,5.5540,8.6261,6.1879,19.8807,26.2669
8,18000,40,576,115,281.00,725.00,13.3953,21.6366,0.9850,1510.20,0.6622,735.00,6.6216,11.1938,8.1198,25.1313,35.0829
8,18000,40,576,230,281.00,725.00,13.3953,21.6366,0.9943,1484.54,0.6736,728.00,6.7361,11.6124,8.7847,23.3358,31.7200
8,18000,40,576,460,281.00,725.00,13.3953,21.6366,0.9963,1354.60,0.7382,742.00,7.3823,13.2224,9.8859,25.8178,34.9495
8,18000,40,576,576,281.00,725.00,13.3953,21.6366,0.9965,1250.99,0.7994,742.00,7.9937,14.5426,11.9866,26.1944,39.2055
8,18000,40,576,864,281.00,725.00,13.3953,21.6366,0.9968,1183.58,0.8449,747.00,8.4489,15.7842,13.1748,27.6075,37.3892
8,18000,40,576,1152,281.00,725.00,13.3953,21.6366,0.9970,955.54,1.0465,741.00,10.4653,18.5680,16.0439,31.0142,39.9548
8,18000,40,1152,230,281.00,725.00,13.3953,21.6366,0.9951,896.22,1.1158,769.00,11.1580,19.5868,19.0872,36.4499,46.5373
8,18000,40,1152,460,281.00,725.00,13.3953,21.6366,0.9980,747.30,1.3382,772.00,13.3815,23.9800,22.4047,44.1196,60.4438
8,18000,40,1152,921,281.00,725.00,13.3953,21.6366,0.9986,646.22,1.5475,776.00,15.4745,28.1978,26.5836,48.0044,63.5138
8,18000,40,1152,1152,281.00,725.00,13.3953,21.6366,0.9988,639.99,1.5625,768.00,15.6252,28.8391,27.9095,46.8503,62.5964
8,18000,40,1152,1728,281.00,725.00,13.3953,21.6366,0.9990,487.30,2.0521,769.00,20.5211,37.6843,36.9311,56.8900,71.5790
8,18000,40,1152,2304,281.00,725.00,13.3953,21.6366,0.9990,356.57,2.8045,768.00,28.0450,52.5063,51.9726,71.3667,82.8097
8,18000,100,18,3,299.00,725.00,14.4966,21.7666,0.5646,17048.46,0.0587,666.00,0.5866,0.2889,0.1440,0.2488,6.3280
8,18000,100,18,7,299.00,725.00,14.4966,21.7666,0.6717,14659.65,0.0682,668.00,0.6821,0.2728,0.1551,0.2588,5.3332
8,18000,100,18,14,299.00,725.00,14.4966,21.7666,0.7155,23156.99,0.0432,670.00,0.4318,0.3024,0.1978,0.4235,1.4811
8,18000,100,18,18,299.00,725.00,14.4966,21.7666,0.7246,14992.45,0.0667,666.00,0.6670,0.2599,0.1587,0.2527,4.3275
8,18000,100,18,27,299.00,725.00,14.4966,21.7666,0.7330,15251.63,0.0656,662.00,0.6557,0.3616,0.2050,0.3384,5.8632
8,18000,100,18,36,299.00,725.00,14.4966,21.7666,0.7366,13113.35,0.0763,666.00,0.7626,0.3838,0.2325,0.3534,6.6568
8,18000,100,36,7,299.00,725.00,14.4966,21.7666,0.7191,13094.62,0.0764,665.00,0.7637,0.7410,0.3362,0.9904,12.4188
8,18000,100,36,14,299.00,725.00,14.4966,21.7666,0.7915,12351.05,0.0810,665.00,0.8096,0.6341,0.3278,0.7032,9.8506
8,18000,100,36,28,299.00,725.00,14.4966,21.7666,0.8287,11673.79,0.0857,664.00,0.8566,0.6868,0.3365,0.7125,12.0337
8,18000,100,36,36,299.00,725.00,14.4966,21.7666,0.8350,11324.96,0.0883,670.00,0.8830,0.8481,0.4004,1.0244,13.7569
8,18000,100,36,54,299.00,725.00,14.4966,21.7666,0.8398,12036.26,0.0831,670.00,0.8308,0.6894,0.4305,0.6848,8.9265
8,18000,100,36,72,299.00,725.00,14.4966,21.7666,0.8413,11451.50,0.0873,663.00,0.8732,0.7863,0.4970,0.8948,10.0227
8,18000,100,72,14,299.00,725.00,14.4966,21.7666,0.8253,7058.57,0.1417,670.00,1.4167,1.5481,0.6423,7.5178,19.4305
8,18000,100,72,28,299.00,725.00,14.4966,21.7666,0.8879,8048.35,0.1242,665.00,1.2425,1.3933,0.7129,6.3754,14.0682
8,18000,100,72,57,299.00,725.00,14.4966,21.7666,0.9142,8349.26,0.1198,669.00,1.1977,1.3730,0.7725,5.3308,13.3423
8,18000,100,72,72,299.00,725.00,14.4966,21.7666,0.9169,7846.48,0.1274,664.00,1.2745,1.6181,0.8564,7.2568,14.8409
8,18000,100,72,108,299.00,725.00,14.4966,21.7666,0.9190,7748.03,0.1291,662.00,1.2907,1.6357,0.9646,6.7594,14.3245
8,18000,100,72,144,299.00,725.00,14.4966,21.7666,0.9193,6772.58,0.1477,668.00,1.4765,1.8008,1.0855,6.9272,16.4121
8,18000,100,144,28,299.00,725.00,14.4966,21.7666,0.9087,4529.83,0.2208,675.00,2.2076,2.8736,1.5174,12.3955,17.5311
8,18000,100,144,57,299.00,725.00,14.4966,21.7666,0.9515,4560.39,0.2193,679.00,2.1928,3.2459,1.6994,11.7389,16.4588
8,18000,100,144,115,299.00,725.00,14.4966,21.7666,0.9646,4889.31,0.2045,670.00,2.0453,3.3749,1.9794,12.2758,19.0926
8,18000,100,144,144,299.00,725.00,14.4966,21.7666,0.9655,4825.06,0.2073,677.00,2.0725,3.2664,2.0357,11.1730,17.5160
8,18000,100,144,216,299.00,725.00,14.4966,21.7666,0.9660,4360.35,0.2293,676.00,2.2934,3.4507,2.2136,11.8281,18.5516
8,18000,100,144,288,299.00,725.00,14.4966,21.7666,0.9660,3810.10,0.2625,683.00,2.6246,3.8517,2.6252,11.8883,21.6190
8,18000,100,288,57,299.00,725.00,14.4966,21.7666,0.9631,2707.85,0.3693,685.00,3.6930,5.8345,3.2349,16.9575,23.0616
8,18000,100,288,115,299.00,725.00,14.4966,21.7666,0.9841,2739.76,0.3650,678.00,3.6499,6.1883,3.6635,17.3394,25.0063
8,18000,100,288,230,299.00,725.00,14.4966,21.7666,0.9888,2520.49,0.3967,690.00,3.9675,6.5484,4.1147,17.9903,27.3819
8,18000,100,288,288,299.00,725.00,14.4966,21.7666,0.9891,2465.27,0.4056,689.00,4.0564,6.6218,4.3477,17.3123,25.7911
8,18000,100,288,432,299.00,725.00,14.4966,21.7666,0.9893,2202.34,0.4541,692.00,4.5406,7.6660,5.0227,18.8831,26.8290
8,18000,100,288,576,299.00,725.00,14.4966,21.7666,0.9894,2007.41,0.4982,688.00,4.9815,8.3961,6.1701,19.4216,26.7978
8,18000,100,576,115,299.00,725.00,14.4966,21.7666,0.9884,1525.38,0.6556,709.00,6.5557,11.0885,9.1729,22.6791,32.4628
8,18000,100,576,230,299.00,725.00,14.4966,21.7666,0.9959,1378.33,0.7255,713.00,7.2551,11.9712,9.9991,23.5651,33.6805
8,18000,100,576,460,299.00,725.00,14.4966,21.7666,0.9971,1308.74,0.7641,711.00,7.6409,13.1635,10.6924,24.9621,33.9587
8,18000,100,576,576,299.00,725.00,14.4966,21.7666,0.9972,1265.52,0.7902,715.00,7.9019,13.6062,10.2337,27.1229,37.0972
8,18000,100,576,864,299.00,725.00,14.4966,21.7666,0.9972,1057.81,0.9454,715.00,9.4535,16.0862,13.5169,28.5551,37.8316
8,18000,100,576,1152,299.00,725.00,14.4966,21.7666,0.9973,850.46,1.1758,725.00,11.7584,20.6873,18.5229,34.3404,45.7869
8,18000,100,1152,230,299.00,725.00,14.4966,21.7666,0.9968,820.12,1.2193,759.00,12.1934,21.5035,20.7256,40.3188,52.4344
8,18000,100,1152,460,299.00,725.00,14.4966,21.7666,0.9988,739.18,1.3529,764.00,13.5285,23.9895,22.3257,44.8808,58.5436
8,18000,100,1152,921,299.00,725.00,14.4966,21.7666,0.9991,629.31,1.5890,748.00,15.8904,28.3803,27.1370,46.7872,61.8399
8,18000,100,1152,1152,299.00,725.00,14.4966,21.7666,0.9991,588.19,1.7001,751.00,17.0014,30.8879,29.7893,49.3868,62.4392
8,18000,100,1152,1728,299.00,725.00,14.4966,21.7666,0.9991,501.15,1.9954,753.00,19.9540,36.9910,35.4442,55.4521,67.8220
8,18000,100,1152,2304,299.00,725.00,14.4966,21.7666,0.9991,341.19,2.9309,753.00,29.3094,52.6202,50.4140,75.3204,91.1988
8,18000,200,18,3,285.00,725.00,14.5479,20.9935,0.5712,17126.48,0.0584,700.00,0.5839,0.2968,0.2563,0.4582,0.9032
8,18000,200,18,7,285.00,725.00,14.5479,20.9935,0.6758,15770.00,0.0634,696.00,0.6341,0.3500,0.1801,0.3035,7.3526
8,18000,200,18,14,285.00,725.00,14.5479,20.9935,0.7224,15144.76,0.0660,694.00,0.6603,0.3162,0.1840,0.3095,4.4085
8,18000,200,18,18,285.00,725.00,14.5479,20.9935,0.7322,16331.96,0.0612,698.00,0.6123,0.2832,0.2110,0.3885,0.6561
8,18000,200,18,27,285.00,725.00,14.5479,20.9935,0.7409,18603.81,0.0538,705.00,0.5375,0.3293,0.2620,0.4581,0.8395
8,18000,200,18,36,285.00,725.00,14.5479,20.9935,0.7439,18285.53,0.0547,699.00,0.5469,0.3422,0.2827,0.4979,0.8642
8,18000,200,36,7,285.00,725.00,14.5479,20.9935,0.7215,7908.68,0.1264,704.00,1.2644,1.5024,1.0141,3.3860,13.2591
8,18000,200,36,14,285.00,725.00,14.5479,20.9935,0.7951,7734.16,0.1293,697.00,1.2930,1.4515,1.0324,2.0020,13.2103
8,18000,200,36,28,285.00,725.00,14.5479,20.9935,0.8325,7692.87,0.1300,697.00,1.2999,1.5328,1.2042,1.9428,13.3848
8,18000,200,36,36,285.00,725.00,14.5479,20.9935,0.8391,9334.83,0.1071,705.00,1.0713,1.3412,1.0836,1.7960,10.1140
8,18000,200,36,54,285.00,725.00,14.5479,20.9935,0.8447,16944.97,0.0590,703.00,0.5901,0.8240,0.7154,1.4576,2.0229
8,18000,200,36,72,285.00,725.00,14.5479,20.9935,0.8461,10930.49,0.0915,703.00,0.9149,0.6989,0.4688,0.9314,8.5307
8,18000,200,72,14,285.00,725.00,14.5479,20.9935,0.8286,8144.32,0.1228,699.00,1.2278,1.3974,0.8910,5.0695,10.5261
8,18000,200,72,28,285.00,725.00,14.5479,20.9935,0.8903,8545.63,0.1170,702.00,1.1702,1.4291,0.9912,2.5694,11.9906
8,18000,200,72,57,285.00,725.00,14.5479,20.9935,0.9159,7643.96,0.1308,699.00,1.3082,1.5157,0.9019,5.6805,14.5320
8,18000,200,72,72,285.00,725.00,14.5479,20.9935,0.9195,4942.93,0.2023,705.00,2.0231,2.3162,1.2407,10.0364,16.1411
8,18000,200,72,108,285.00,725.00,14.5479,20.9935,0.9219,4505.48,0.2220,705.00,2.2195,3.2809,2.8859,5.1493,14.9299
8,18000,200,72,144,285.00,725.00,14.5479,20.9935,0.9224,5560.83,0.1798,715.00,1.7983,2.8001,2.5933,4.5681,5.6055
8,18000,200,144,28,285.00,725.00,14.5479,20.9935,0.9113,3544.27,0.2821,710.00,2.8215,4.6841,4.4057,7.8661,9.2980
8,18000,200,144,57,285.00,725.00,14.5479,20.9935,0.9527,4588.87,0.2179,715.00,2.1792,3.0781,1.5318,13.4415,21.9331
8,18000,200,144,115,285.00,725.00,14.5479,20.9935,0.9657,4356.56,0.2295,712.00,2.2954,3.2932,1.8914,12.2857,19.7860
8,18000,200,144,144,285.00,725.00,14.5479,20.9935,0.9668,4870.41,0.2053,705.00,2.0532,3.1681,1.8485,11.4694,17.6012
8,18000,200,144,216,285.00,725.00,14.5479,20.9935,0.9676,2826.33,0.3538,718.00,3.5382,6.0910,6.1747,9.7528,11.7566
8,18000,200,144,288,285.00,725.00,14.5479,20.9935,0.9678,2747.57,0.3640,717.00,3.6396,6.1036,5.8669,9.1257,10.6863
8,18000,200,288,57,285.00,725.00,14.5479,20.9935,0.9634,1922.38,0.5202,725.00,5.2019,8.9502,7.5274,20.4472,28.5880
8,18000,200,288,115,285.00,725.00,14.5479,20.9935,0.9851,2076.88,0.4815,720.00,4.8149,6.8620,5.7960,16.7591,26.5573
8,18000,200,288,230,285.00,725.00,14.5479,20.9935,0.9895,1539.29,0.6497,728.00,6.4965,11.0638,10.5073,17.6395,23.1993
8,18000,200,288,288,285.00,725.00,14.5479,20.9935,0.9898,1496.65,0.6682,730.00,6.6816,10.6879,8.6195,23.2577,30.4106
8,18000,200,288,432,285.00,725.00,14.5479,20.9935,0.9901,2281.00,0.4384,718.00,4.3840,7.3766,5.3699,18.4133,25.8780
8,18000,200,288,576,285.00,725.00,14.5479,20.9935,0.9901,1845.66,0.5418,732.00,5.4181,9.3989,6.8640,19.9632,25.3131
8,18000,200,576,115,285.00,725.00,14.5479,20.9935,0.9889,1465.55,0.6823,740.00,6.8234,11.8781,10.7889,23.2574,31.8637
8,18000,200,576,230,285.00,725.00,14.5479,20.9935,0.9960,1126.54,0.8877,743.00,8.8768,12.6786,10.4812,25.1083,36.1015
8,18000,200,576,460,285.00,725.00,14.5479,20.9935,0.9976,1214.85,0.8231,746.00,8.2314,14.3781,13.4263,25.7263,33.7538
8,18000,200,576,576,285.00,725.00,14.5479,20.9935,0.9976,1204.09,0.8305,750.00,8.3050,14.7791,13.9053,26.8378,36.2404
8,18000,200,576,864,285.00,725.00,14.5479,20.9935,0.9977,1073.71,0.9314,746.00,9.3135,16.9424,14.8596,28.9282,39.7595
8,18000,200,576,1152,285.00,725.00,14.5479,20.9935,0.9977,881.86,1.1340,750.00,11.3397,21.2432,19.9053,34.4222,46.5577
8,18000,200,1152,230,285.00,725.00,14.5479,20.9935,0.9969,760.46,1.3150,777.00,13.1499,22.6486,21.8216,41.1683,53.3013
8,18000,200,1152,460,285.00,725.00,14.5479,20.9935,0.9990,730.79,1.3684,771.00,13.6839,24.6533,24.0600,42.7537,55.7125
8,18000,200,1152,921,285.00,725.00,14.5479,20.9935,0.9992,603.92,1.6559,772.00,16.5586,29.6506,28.4017,48.3449,62.8507
8,18000,200,1152,1152,285.00,725.00,14.5479,20.9935,0.9992,582.73,1.7161,762.00,17.1606,29.9393,27.7331,51.7059,66.0598
8,18000,200,1152,1728,285.00,725.00,14.5479,20.9935,0.9992,458.22,2.1824,759.00,21.8238,39.9152,37.9216,61.2748,74.6952
8,18000,200,1152,2304,285.00,725.00,14.5479,20.9935,0.9992,364.51,2.7434,764.00,27.4344,48.3586,47.9098,68.6977,80.4523
8,22000,40,22,4,309.00,726.00,18.0811,25.9270,0.5857,14427.79,0.0693,717.00,0.6931,0.3184,0.1535,0.2636,7.0577
8,22000,40,22,8,309.00,726.00,18.0811,25.9270,0.6745,16144.34,0.0619,717.00,0.6194,0.3233,0.1813,0.2906,4.6390
8,22000,40,22,17,309.00,726.00,18.0811,25.9270,0.7281,15783.59,0.0634,719.00,0.6336,0.3096,0.1888,0.3080,4.7466
8,22000,40,22,22,309.00,726.00,18.0811,25.9270,0.7380,14899.41,0.0671,722.00,0.6712,0.3439,0.1905,0.2986,5.8610
8,22000,40,22,33,309.00,726.00,18.0811,25.9270,0.7465,14577.93,0.0686,718.00,0.6860,0.3532,0.2226,0.3565,5.2134
8,22000,40,22,44,309.00,726.00,18.0811,25.9270,0.7493,15062.55,0.0664,717.00,0.6639,0.3584,0.2445,0.3574,5.6887
8,22000,40,44,8,309.00,726.00,18.0811,25.9270,0.7131,12270.85,0.0815,723.00,0.8149,0.6884,0.3310,0.7551,10.5738
8,22000,40,44,17,309.00,726.00,18.0811,25.9270,0.7966,10904.88,0.0917,720.00,0.9170,0.6759,0.3478,0.6545,10.9685
8,22000,40,44,35,309.00,726.00,18.0811,25.9270,0.8363,11599.49,0.0862,719.00,0.8621,0.6912,0.3833,0.6882,11.2003
8,22000,40,44,44,309.00,726.00,18.0811,25.9270,0.8414,11715.21,0.0854,717.00,0.8536,0.6585,0.4100,0.6939,8.4979
8,22000,40,44,66,309.00,726.00,18.0811,25.9270,0.8477,11866.42,0.0843,718.00,0.8427,0.7798,0.4727,0.8647,11.2138
8,22000,40,44,88,309.00,726.00,18.0811,25.9270,0.8502,12042.51,0.0830,714.00,0.8304,0.7938,0.5225,0.8735,8.5497
8,22000,40,88,17,309.00,726.00,18.0811,25.9270,0.8254,7800.15,0.1282,720.00,1.2820,1.5107,0.7266,7.2199,15.2750
8,22000,40,88,35,309.00,726.00,18.0811,25.9270,0.8904,7670.70,0.1304,727.00,1.3037,1.5536,0.8134,7.4416,15.2997
8,22000,40,88,70,309.00,726.00,18.0811,25.9270,0.9171,7019.86,0.1425,717.00,1.4245,1.4723,0.8120,5.9611,16.0208
8,22000,40,88,88,309.00,726.00,18.0811,25.9270,0.9212,8059.38,0.1241,719.00,1.2408,1.7873,1.1617,6.9844,15.7754
8,22000,40,88,132,309.00,726.00,18.0811,25.9270,0.9242,7292.47,0.1371,725.00,1.3713,1.7997,1.0947,7.2455,15.1542
8,22000,40,88,176,309.00,726.00,18.0811,25.9270,0.9249,6862.61,0.1457,718.00,1.4572,1.9673,1.2147,7.8189,15.4591
8,22000,40,176,35,309.00,726.00,18.0811,25.9270,0.9083,4452.38,0.2246,724.00,2.2460,2.9926,1.5322,12.6730,18.6390
8,22000,40,176,70,309.00,726.00,18.0811,25.9270,0.9509,4397.19,0.2274,723.00,2.2742,3.3002,1.7053,13.4292,21.5822
8,22000,40,176,140,309.00,726.00,18.0811,25.9270,0.9660,4350.77,0.2298,719.00,2.2984,3.4565,2.0665,11.0565,16.8389
8,22000,40,176,176,309.00,726.00,18.0811,25.9270,0.9674,4103.09,0.2437,720.00,2.4372,3.1979,2.0412,10.9575,18.2985
8,22000,40,176,264,309.00,726.00,18.0811,25.9270,0.9685,4217.58,0.2371,731.00,2.3710,3.7809,2.4355,11.8075,17.7327
8,22000,40,176,352,309.00,726.00,18.0811,25.9270,0.9688,3709.82,0.2696,732.00,2.6955,4.0527,2.7210,14.0002,19.7160
8,22000,40,352,70,309.00,726.00,18.0811,25.9270,0.9599,2655.85,0.3765,724.00,3.7653,5.8477,3.3975,16.2480,24.5695
8,22000,40,352,140,309.00,726.00,18.0811,25.9270,0.9831,2592.80,0.3857,730.00,3.8568,6.3229,3.8015,16.5334,22.9291
8,22000,40,352,281,309.00,726.00,18.0811,25.9270,0.9890,2273.08,0.4399,734.00,4.3993,7.0559,4.3978,17.5866,24.2956
8,22000,40,352,352,309.00,726.00,18.0811,25.9270,0.9895,2367.36,0.4224,737.00,4.2241,7.0436,4.5426,17.4482,24.3396
8,22000,40,352,528,309.00,726.00,18.0811,25.9270,0.9898,2148.80,0.4654,737.00,4.6537,8.0923,5.9535,17.0271,21.6819
8,22000,40,352,704,309.00,726.00,18.0811,25.9270,0.9902,1643.16,0.6086,736.00,6.0858,9.8827,8.4019,19.9876,24.9379
8,22000,40,704,140,309.00,726.00,18.0811,25.9270,0.9863,1554.35,0.6434,742.00,6.4335,11.0910,8.6339,21.9878,31.9104
8,22000,40,704,281,309.00,726.00,18.0811,25.9270,0.9947,1271.95,0.7862,745.00,7.8619,13.1236,11.9114,24.3656,34.5994
8,22000,40,704,563,309.00,726.00,18.0811,25.9270,0.9967,1128.27,0.8863,744.00,8.8631,15.0999,13.6397,26.9285,36.7917
8,22000,40,704,704,309.00,726.00,18.0811,25.9270,0.9971,1152.50,0.8677,749.00,8.6768,15.7047,14.1580,26.9701,38.3845
8,22000,40,704,1056,309.00,726.00,18.0811,25.9270,0.9973,922.11,1.0845,753.00,10.8446,20.0046,18.9079,32.2865,42.5669
8,22000,40,704,1408,309.00,726.00,18.0811,25.9270,0.9973,734.36,1.3617,754.00,13.6174,23.7690,20.9044,37.8090,49.2780
8,22000,40,1408,281,309.00,726.00,18.0811,25.9270,0.9953,837.55,1.1940,796.00,11.9396,21.5689,20.5834,40.1827,53.7074
8,22000,40,1408,563,309.00,726.00,18.0811,25.9270,0.9979,680.22,1.4701,796.00,14.7012,27.2457,27.1389,43.8875,55.6385
8,22000,40,1408,1126,309.00,726.00,18.0811,25.9270,0.9987,569.85,1.7549,789.00,17.5485,32.2121,31.1077,51.3197,62.6278
8,22000,40,1408,1408,309.00,726.00,18.0811,25.9270,0.9987,552.41,1.8103,788.00,18.1025,33.0257,30.7380,53.2855,68.6303
8,22000,40,1408,2112,309.00,726.00,18.0811,25.9270,0.9988,374.47,2.6705,790.00,26.7047,46.9526,45.1260,67.9822,82.1806
8,22000,40,1408,2816,309.00,726.00,18.0811,25.9270,0.9989,281.38,3.5539,789.00,35.5394,65.0531,63.4590,86.9685,102.4513
8,22000,100,22,4,322.00,725.00,19.8263,28.1802,0.6036,17780.22,0.0562,684.00,0.5624,0.3540,0.1613,0.2738,8.1780
8,22000,100,22,8,322.00,725.00,19.8263,28.1802,0.6904,14806.67,0.0675,683.00,0.6754,0.3286,0.2122,0.3465,4.4964
8,22000,100,22,17,322.00,725.00,19.8263,28.1802,0.7387,15819.39,0.0632,678.00,0.6321,0.3913,0.1906,0.3011,6.8395
8,22000,100,22,22,322.00,725.00,19.8263,28.1802,0.7470,14657.01,0.0682,679.00,0.6823,0.3501,0.1894,0.3157,6.5618
8,22000,100,22,33,322.00,725.00,19.8263,28.1802,0.7546,14187.74,0.0705,680.00,0.7048,0.3647,0.2367,0.3291,4.9348
8,22000,100,22,44,322.00,725.00,19.8263,28.1802,0.7574,13193.37,0.0758,681.00,0.7580,0.4208,0.2714,0.4881,4.2611
8,22000,100,44,8,322.00,725.00,19.8263,28.1802,0.7307,11963.23,0.0836,686.00,0.8359,0.7059,0.3527,0.7930,12.5606
8,22000,100,44,17,322.00,725.00,19.8263,28.1802,0.8106,11813.37,0.0846,681.00,0.8465,0.8373,0.3838,1.1201,13.5612
8,22000,100,44,35,322.00,725.00,19.8263,28.1802,0.8455,10326.77,0.0968,684.00,0.9684,0.7915,0.4074,0.8297,11.8528
8,22000,100,44,44,322.00,725.00,19.8263,28.1802,0.8506,10355.86,0.0966,686.00,0.9656,0.7713,0.4158,0.7575,12.4242
8,22000,100,44,66,322.00,725.00,19.8263,28.1802,0.8553,11197.68,0.0893,686.00,0.8930,0.7253,0.4780,0.7205,8.6630
8,22000,100,44,88,322.00,725.00,19.8263,28.1802,0.8567,10530.62,0.0950,685.00,0.9496,0.9202,0.6143,0.9519,10.3307
8,22000,100,88,17,322.00,725.00,19.8263,28.1802,0.8411,7439.97,0.1344,684.00,1.3441,1.4771,0.6845,7.6304,15.0041
8,22000,100,88,35,322.00,725.00,19.8263,28.1802,0.9006,6942.57,0.1440,685.00,1.4404,1.4892,0.7533,7.4968,15.2008
8,22000,100,88,70,322.00,725.00,19.8263,28.1802,0.9248,6845.94,0.1461,681.00,1.4607,1.6401,0.9045,7.2719,15.2013
8,22000,100,88,88,322.00,725.00,19.8263,28.1802,0.9272,7105.59,0.1407,684.00,1.4073,1.4594,0.9213,5.1279,13.3503
8,22000,100,88,132,322.00,725.00,19.8263,28.1802,0.9292,7507.00,0.1332,683.00,1.3321,1.7723,1.0926,7.3131,15.2308
8,22000,100,88,176,322.00,725.00,19.8263,28.1802,0.9295,7546.14,0.1325,687.00,1.3252,1.7623,1.2163,5.7801,13.4168
8,22000,100,176,35,322.00,725.00,19.8263,28.1802,0.9206,4464.71,0.2240,689.00,2.2398,3.1169,1.6745,12.0174,19.9823
8,22000,100,176,70,322.00,725.00,19.8263,28.1802,0.9595,4533.16,0.2206,689.00,2.2060,3.2263,1.7246,13.5686,19.6221
8,22000,100,176,140,322.00,725.00,19.8263,28.1802,0.9707,4557.82,0.2194,690.00,2.1940,3.6129,2.0546,12.8439,21.0467
8,22000,100,176,176,322.00,725.00,19.8263,28.1802,0.9713,4135.51,0.2418,692.00,2.4181,3.4241,2.1397,11.3278,20.1914
8,22000,100,176,264,322.00,725.00,19.8263,28.1802,0.9720,3819.20,0.2618,692.00,2.6183,3.8193,2.4887,13.3999,20.4224
8,22000,100,176,352,322.00,725.00,19.8263,28.1802,0.9722,3710.16,0.2695,695.00,2.6953,4.5006,2.9268,14.7052,23.0527
8,22000,100,352,70,322.00,725.00,19.8263,28.1802,0.9693,2617.80,0.3820,705.00,3.8200,6.1898,3.5859,16.9745,24.8528
8,22000,100,352,140,322.00,725.00,19.8263,28.1802,0.9876,2572.10,0.3888,706.00,3.8879,6.7485,4.0845,18.0974,26.7896
8,22000,100,352,281,322.00,725.00,19.8263,28.1802,0.9911,2368.17,0.4223,710.00,4.2227,7.1555,4.9079,18.2058,25.5244
8,22000,100,352,352,322.00,725.00,19.8263,28.1802,0.9914,2384.49,0.4194,702.00,4.1938,7.1459,4.7385,17.6805,23.9156
8,22000,100,352,528,322.00,725.00,19.8263,28.1802,0.9916,2263.02,0.4419,711.00,4.4189,7.1620,5.4028,17.4928,23.9007
8,22000,100,352,704,322.00,725.00,19.8263,28.1802,0.9916,1931.63,0.5177,709.00,5.1770,8.8269,6.8898,18.9550,25.6151
8,22000,100,704,140,322.00,725.00,19.8263,28.1802,0.9908,1331.34,0.7511,717.00,7.5112,12.2097,9.9925,24.6511,36.5591
8,22000,100,704,281,322.00,725.00,19.8263,28.1802,0.9966,1398.61,0.7150,729.00,7.1499,12.7795,10.7614,23.6839,33.1406
8,22000,100,704,563,322.00,725.00,19.8263,28.1802,0.9979,1295.44,0.7719,728.00,7.7194,14.2632,11.9694,24.7210,33.5489
8,22000,100,704,704,322.00,725.00,19.8263,28.1802,0.9980,1129.98,0.8850,730.00,8.8497,14.9515,12.9029,27.2192,41.8480
8,22000,100,704,1056,322.00,725.00,19.8263,28.1802,0.9981,1078.43,0.9273,734.00,9.2727,16.6116,14.2314,27.9281,35.6018
8,22000,100,704,1408,322.00,725.00,19.8263,28.1802,0.9981,903.43,1.1069,735.00,11.0689,19.8100,17.8525,32.5083,43.6928
8,22000,100,1408,281,322.00,725.00,19.8263,28.1802,0.9972,881.45,1.1345,785.00,11.3450,20.2727,17.5314,37.6267,46.5216
8,22000,100,1408,563,322.00,725.00,19.8263,28.1802,0.9990,769.20,1.3001,784.00,13.0005,24.2997,20.6928,43.2672,55.5562
8,22000,100,1408,1126,322.00,725.00,19.8263,28.1802,0.9993,628.29,1.5916,784.00,15.9161,27.9037,25.8966,47.5552,61.2613
8,22000,100,1408,1408,322.00,725.00,19.8263,28.1802,0.9993,548.05,1.8247,783.00,18.2465,33.9131,32.4681,54.9516,67.5224
8,22000,100,1408,2112,322.00,725.00,19.8263,28.1802,0.9993,376.58,2.6555,781.00,26.5548,48.6285,46.5348,69.8315,90.3562
8,22000,100,1408,2816,322.00,725.00,19.8263,28.1802,0.9993,288.16,3.4703,781.00,34.7033,64.4953,63.4103,82.8725,102.4939
8,22000,200,22,4,315.00,726.00,24.3405,34.3488,0.6048,15955.00,0.0627,669.00,0.6268,0.3050,0.1579,0.2560,5.8238
8,22000,200,22,8,315.00,726.00,24.3405,34.3488,0.6910,16739.03,0.0597,667.00,0.5974,0.3303,0.1759,0.2866,6.7752
8,22000,200,22,17,315.00,726.00,24.3405,34.3488,0.7396,16123.03,0.0620,675.00,0.6202,0.3392,0.2015,0.2972,5.3457
8,22000,200,22,22,315.00,726.00,24.3405,34.3488,0.7482,16233.97,0.0616,677.00,0.6160,0.3866,0.1939,0.3083,7.1451
8,22000,200,22,33,315.00,726.00,24.3405,34.3488,0.7564,15986.52,0.0626,668.00,0.6255,0.3525,0.2467,0.3677,4.5119
8,22000,200,22,44,315.00,726.00,24.3405,34.3488,0.7590,13846.22,0.0722,672.00,0.7222,0.3602,0.2804,0.3664,4.0783
8,22000,200,44,8,315.00,726.00,24.3405,34.3488,0.7316,11437.34,0.0874,675.00,0.8743,0.6631,0.3339,0.6958,10.2773
8,22000,200,44,17,315.00,726.00,24.3405,34.3488,0.8110,8184.08,0.1222,677.00,1.2219,1.3584,0.4932,7.7979,20.5192
8,22000,200,44,35,315.00,726.00,24.3405,34.3488,0.8474,5677.83,0.1761,676.00,1.7612,2.0552,1.4061,6.5680,17.1426
8,22000,200,44,44,315.00,726.00,24.3405,34.3488,0.8524,7401.31,0.1351,670.00,1.3511,1.7101,1.3217,2.2321,13.2727
8,22000,200,44,66,315.00,726.00,24.3405,34.3488,0.8571,7188.09,0.1391,670.00,1.3912,1.7946,1.4522,2.1815,13.6212
8,22000,200,44,88,315.00,726.00,24.3405,34.3488,0.8585,6845.23,0.1461,676.00,1.4609,1.9690,1.6076,2.6926,11.5309
8,22000,200,88,17,315.00,726.00,24.3405,34.3488,0.8421,5056.90,0.1977,676.00,1.9775,2.8658,2.5625,4.1604,12.9819
8,22000,200,88,35,315.00,726.00,24.3405,34.3488,0.9030,7004.77,0.1428,682.00,1.4276,2.1213,1.9601,3.0553,8.4052
8,22000,200,88,70,315.00,726.00,24.3405,34.3488,0.9253,6819.81,0.1466,678.00,1.4663,1.8200,0.9787,8.8540,17.8176
8,22000,200,88,88,315.00,726.00,24.3405,34.3488,0.9279,6605.59,0.1514,676.00,1.5139,1.7523,0.9895,7.4387,16.9012
8,22000,200,88,132,315.00,726.00,24.3405,34.3488,0.9296,6380.33,0.1567,687.00,1.5673,2.1926,1.1873,9.7765,17.2696
8,22000,200,88,176,315.00,726.00,24.3405,34.3488,0.9300,6655.72,0.1502,682.00,1.5025,1.9835,1.3801,6.7899,14.7132
8,22000,200,176,35,315.00,726.00,24.3405,34.3488,0.9228,3373.04,0.2965,681.00,2.9647,4.3181,2.3001,15.5151,24.5219
8,22000,200,176,70,315.00,726.00,24.3405,34.3488,0.9597,2360.00,0.4237,676.00,4.2373,6.2646,5.1819,15.7591,25.3273
8,22000,200,176,140,315.00,726.00,24.3405,34.3488,0.9704,2558.49,0.3909,681.00,3.9086,6.0632,4.7257,16.4934,23.7844
8,22000,200,176,176,315.00,726.00,24.3405,34.3488,0.9712,2715.10,0.3683,672.00,3.6831,5.8676,4.7804,14.4913,20.2391
8,22000,200,176,264,315.00,726.00,24.3405,34.3488,0.9717,4195.08,0.2384,683.00,2.3837,3.6726,3.4617,4.8511,12.2188
8,22000,200,176,352,315.00,726.00,24.3405,34.3488,0.9717,3262.22,0.3065,683.00,3.0654,5.1389,3.4347,15.8773,24.1032
8,22000,200,352,70,315.00,726.00,24.3405,34.3488,0.9694,2462.42,0.4061,689.00,4.0610,6.4184,3.6034,17.2615,24.1171
8,22000,200,352,140,315.00,726.00,24.3405,34.3488,0.9871,2418.77,0.4134,690.00,4.1343,6.8876,4.2313,17.0296,21.7687
8,22000,200,352,281,315.00,726.00,24.3405,34.3488,0.9908,2222.13,0.4500,698.00,4.5002,7.4296,4.5993,18.0803,24.5847
8,22000,200,352,352,315.00,726.00,24.3405,34.3488,0.9908,2208.16,0.4529,699.00,4.5287,7.8337,5.1556,18.2484,24.6451
8,22000,200,352,528,315.00,726.00,24.3405,34.3488,0.9911,1840.63,0.5433,700.00,5.4329,9.4700,7.2821,18.7236,25.2835
8,22000,200,352,704,315.00,726.00,24.3405,34.3488,0.9912,1729.40,0.5782,704.00,5.7824,10.3385,7.6001,21.8360,31.6865
8,22000,200,704,140,315.00,726.00,24.3405,34.3488,0.9905,1381.63,0.7238,718.00,7.2378,12.0453,9.5668,24.5214,35.7019
8,22000,200,704,281,315.00,726.00,24.3405,34.3488,0.9966,1288.53,0.7761,720.00,7.7608,14.4241,13.9781,25.3788,36.0866
8,22000,200,704,563,315.00,726.00,24.3405,34.3488,0.9977,1113.91,0.8977,720.00,8.9774,15.8003,14.3810,28.2028,38.0159
8,22000,200,704,704,315.00,726.00,24.3405,34.3488,0.9977,1113.87,0.8978,729.00,8.9777,15.7086,14.3952,28.1180,37.2028
8,22000,200,704,1056,315.00,726.00,24.3405,34.3488,0.9977,910.07,1.0988,731.00,10.9882,19.3863,16.8117,32.3322,42.8138
8,22000,200,704,1408,315.00,726.00,24.3405,34.3488,0.9978,720.17,1.3886,738.00,13.8856,25.5664,22.8929,39.4844,49.0875
8,22000,200,1408,281,315.00,726.00,24.3405,34.3488,0.9974,789.88,1.2660,781.00,12.6602,22.9081,22.1198,39.9949,52.2874
8,22000,200,1408,563,315.00,726.00,24.3405,34.3488,0.9990,648.92,1.5410,785.00,15.4101,27.7087,27.1119,46.0128,57.5732
8,22000,200,1408,1126,315.00,726.00,24.3405,34.3488,0.9991,576.78,1.7338,784.00,17.3376,29.9506,28.9825,49.7063,61.9091
8,22000,200,1408,1408,315.00,726.00,24.3405,34.3488,0.9991,519.34,1.9255,784.00,19.2551,36.5019,35.5518,55.5604,67.7801
8,22000,200,1408,2112,315.00,726.00,24.3405,34.3488,0.9992,381.22,2.6231,784.00,26.2314,48.0902,47.3317,68.7545,81.5125
8,22000,200,1408,2816,315.00,726.00,24.3405,34.3488,0.9992,275.16,3.6342,782.00,36.3420,67.6694,65.8585,88.4616,101.6519
8,26000,40,26,5,326.00,730.00,24.5324,32.2949,0.6116,13450.18,0.0743,648.00,0.7435,0.3443,0.1656,0.2739,6.7914
8,26000,40,26,10,326.00,730.00,24.5324,32.2949,0.6958,15582.44,0.0642,648.00,0.6417,0.3880,0.1991,0.3112,7.9341
8,26000,40,26,20,326.00,730.00,24.5324,32.2949,0.7396,12702.62,0.0787,656.00,0.7872,0.4240,0.2718,0.4366,6.2499
8,26000,40,26,26,326.00,730.00,24.5324,32.2949,0.7481,13377.65,0.0748,646.00,0.7475,0.3513,0.2299,0.3367,4.7742
8,26000,40,26,39,326.00,730.00,24.5324,32.2949,0.7573,13874.38,0.0721,649.00,0.7208,0.4750,0.3482,0.5189,4.9501
8,26000,40,26,52,326.00,730.00,24.5324,32.2949,0.7608,13723.74,0.0729,652.00,0.7287,0.4956,0.3215,0.4908,6.3173
8,26000,40,52,10,326.00,730.00,24.5324,32.2949,0.7354,10712.23,0.0934,650.00,0.9335,0.6759,0.3649,0.7032,9.8659
8,26000,40,52,20,326.00,730.00,24.5324,32.2949,0.8082,11249.93,0.0889,651.00,0.8889,0.8159,0.4140,1.6348,12.5752
8,26000,40,52,41,326.00,730.00,24.5324,32.2949,0.8468,10138.45,0.0986,646.00,0.9863,0.9354,0.5161,2.5946,12.1497
8,26000,40,52,52,326.00,730.00,24.5324,32.2949,0.8522,10792.79,0.0927,649.00,0.9265,0.8663,0.5494,0.9312,11.1783
8,26000,40,52,78,326.00,730.00,24.5324,32.2949,0.8569,11490.50,0.0870,653.00,0.8703,0.9560,0.5945,1.7451,11.1320
8,26000,40,52,104,326.00,730.00,24.5324,32.2949,0.8581,10481.76,0.0954,652.00,0.9540,0.8298,0.6001,0.9496,8.2048
8,26000,40,104,20,326.00,730.00,24.5324,32.2949,0.8359,7979.34,0.1253,652.00,1.2532,1.5560,0.7674,7.4446,15.2544
8,26000,40,104,41,326.00,730.00,24.5324,32.2949,0.8989,7157.14,0.1397,657.00,1.3972,1.7916,0.9001,8.4126,15.4278
8,26000,40,104,83,326.00,730.00,24.5324,32.2949,0.9240,6657.40,0.1502,654.00,1.5021,1.9102,1.0006,8.8407,15.9836
8,26000,40,104,104,326.00,730.00,24.5324,32.2949,0.9266,7558.96,0.1323,648.00,1.3229,1.9483,1.1015,8.0734,15.7339
8,26000,40,104,156,326.00,730.00,24.5324,32.2949,0.9290,6371.46,0.1569,653.00,1.5695,2.3326,1.3254,9.6325,16.3927
8,26000,40,104,208,326.00,730.00,24.5324,32.2949,0.9295,6552.61,0.1526,655.00,1.5261,2.2007,1.4297,8.3636,15.4121
8,26000,40,208,41,326.00,730.00,24.5324,32.2949,0.9157,4102.43,0.2438,651.00,2.4376,3.5109,1.7856,14.0511,18.6942
8,26000,40,208,83,326.00,730.00,24.5324,32.2949,0.9566,4130.58,0.2421,655.00,2.4210,3.3175,1.9632,12.0718,17.5139
8,26000,40,208,166,326.00,730.00,24.5324,32.2949,0.9697,4128.10,0.2422,650.00,2.4224,3.6372,2.1235,12.8274,20.7892
8,26000,40,208,208,326.00,730.00,24.5324,32.2949,0.9708,4256.97,0.2349,652.00,2.3491,3.6404,2.3540,11.9117,18.1414
8,26000,40,208,312,326.00,730.00,24.5324,32.2949,0.9720,3501.07,0.2856,665.00,2.8563,4.5174,3.0628,14.4399,22.6390
8,26000,40,208,416,326.00,730.00,24.5324,32.2949,0.9721,3458.63,0.2891,656.00,2.8913,4.9327,3.4562,14.9562,21.6809
8,26000,40,416,83,326.00,730.00,24.5324,32.2949,0.9641,2418.70,0.4134,678.00,4.1345,6.4249,3.9912,17.3805,24.4405
8,26000,40,416,166,326.00,730.00,24.5324,32.2949,0.9853,2296.12,0.4355,670.00,4.3552,7.3116,4.5616,18.7159,25.4086
8,26000,40,416,332,326.00,730.00,24.5324,32.2949,0.9908,2148.82,0.4654,679.00,4.6537,8.1178,5.4114,18.7933,26.0200
8,26000,40,416,416,326.00,730.00,24.5324,32.2949,0.9911,2060.10,0.4854,682.00,4.8541,8.1010,5.4577,18.5992,26.2096
8,26000,40,416,624,326.00,730.00,24.5324,32.2949,0.9914,1749.42,0.5716,685.00,5.7162,10.0899,7.4571,21.1577,27.5240
8,26000,40,416,832,326.00,730.00,24.5324,32.2949,0.9915,1523.76,0.6563,686.00,6.5627,11.8762,9.6225,22.1175,27.7658
8,26000,40,832,166,326.00,730.00,24.5324,32.2949,0.9878,1325.03,0.7547,707.00,7.5470,12.9286,11.2579,24.9429,35.0054
8,26000,40,832,332,326.00,730.00,24.5324,32.2949,0.9955,1216.15,0.8223,717.00,8.2227,13.9824,12.2457,27.0133,35.6629
8,26000,40,832,665,326.00,730.00,24.5324,32.2949,0.9971,1053.98,0.9488,719.00,9.4878,16.7899,14.3465,31.7729,43.6134
8,26000,40,832,832,326.00,730.00,24.5324,32.2949,0.9972,1011.83,0.9883,721.00,9.8831,18.0763,15.4429,31.7725,41.4192
8,26000,40,832,1248,326.00,730.00,24.5324,32.2949,0.9973,825.85,1.2109,722.00,12.1087,21.8552,19.5242,34.7830,44.6581
8,26000,40,832,1664,326.00,730.00,24.5324,32.2949,0.9974,589.27,1.6970,724.00,16.9701,29.9839,28.3878,44.0068,53.7242
8,26000,40,1664,332,326.00,730.00,24.5324,32.2949,0.9961,765.15,1.3069,801.00,13.0694,22.4122,21.2899,41.7397,56.1806
8,26000,40,1664,665,326.00,730.00,24.5324,32.2949,0.9982,651.58,1.5347,812.00,15.3474,26.8883,23.2172,47.1636,61.2599
8,26000,40,1664,1331,326.00,730.00,24.5324,32.2949,0.9986,517.00,1.9342,826.00,19.3422,34.0216,33.2162,52.1143,63.5927
8,26000,40,1664,1664,326.00,730.00,24.5324,32.2949,0.9986,518.02,1.9304,839.00,19.3041,33.7020,30.3891,53.5674,67.6590
8,26000,40,1664,2496,326.00,730.00,24.5324,32.2949,0.9988,380.00,2.6316,856.00,26.3159,47.9621,45.4968,67.4623,81.1873
8,26000,40,1664,3328,326.00,730.00,24.5324,32.2949,0.9989,269.83,3.7060,870.00,37.0599,67.3497,65.4336,88.7093,102.2514
8,26000,100,26,5,422.00,734.00,24.6529,33.1516,0.6323,15658.44,0.0639,652.00,0.6386,0.3438,0.1765,0.2921,6.7088
8,26000,100,26,10,422.00,734.00,24.6529,33.1516,0.7095,16617.73,0.0602,654.00,0.6018,0.3536,0.1878,0.2898,6.2393
8,26000,100,26,20,422.00,734.00,24.6529,33.1516,0.7524,17253.32,0.0580,653.00,0.5796,0.3875,0.2251,0.3436,5.8576
8,26000,100,26,26,422.00,734.00,24.6529,33.1516,0.7603,13629.49,0.0734,657.00,0.7337,0.3825,0.2219,0.3434,6.3563
8,26000,100,26,39,422.00,734.00,24.6529,33.1516,0.7673,13993.01,0.0715,661.00,0.7146,0.4230,0.2766,0.3868,6.4905
8,26000,100,26,52,422.00,734.00,24.6529,33.1516,0.7698,13590.12,0.0736,654.00,0.7358,0.4313,0.3084,0.4186,5.8395
8,26000,100,52,10,422.00,734.00,24.6529,33.1516,0.7506,11807.60,0.0847,658.00,0.8469,0.7450,0.3579,1.2023,11.6460
8,26000,100,52,20,422.00,734.00,24.6529,33.1516,0.8212,12284.69,0.0814,659.00,0.8140,0.8215,0.4098,2.5706,11.7533
8,26000,100,52,41,422.00,734.00,24.6529,33.1516,0.8552,10959.67,0.0912,658.00,0.9124,0.8012,0.4555,0.8558,12.0188
8,26000,100,52,52,422.00,734.00,24.6529,33.1516,0.8599,12260.55,0.0816,649.00,0.8156,0.7803,0.4738,1.0315,9.2862
8,26000,100,52,78,422.00,734.00,24.6529,33.1516,0.8643,10963.99,0.0912,652.00,0.9121,0.8672,0.5665,0.9954,10.1629
8,26000,100,52,104,422.00,734.00,24.6529,33.1516,0.8652,10393.15,0.0962,660.00,0.9622,1.0407,0.7039,1.2253,9.9201
8,26000,100,104,20,422.00,734.00,24.6529,33.1516,0.8508,7346.27,0.1361,651.00,1.3612,1.6325,0.7823,8.2989,15.3216
8,26000,100,104,41,422.00,734.00,24.6529,33.1516,0.9081,6792.07,0.1472,660.00,1.4723,1.7428,0.9204,7.7295,15.0722
8,26000,100,104,83,422.00,734.00,24.6529,33.1516,0.9286,7552.95,0.1324,658.00,1.3240,1.6069,0.9677,6.4035,14.1924
8,26000,100,104,104,422.00,734.00,24.6529,33.1516,0.9309,5864.18,0.1705,665.00,1.7053,1.8551,1.1080,7.6034,15.6380
8,26000,100,104,156,422.00,734.00,24.6529,33.1516,0.9323,6551.02,0.1526,665.00,1.5265,2.1836,1.3881,8.7640,15.5439
8,26000,100,104,208,422.00,734.00,24.6529,33.1516,0.9325,5932.82,0.1686,665.00,1.6855,2.1490,1.5117,6.9132,13.8578
8,26000,100,208,41,422.00,734.00,24.6529,33.1516,0.9274,4182.34,0.2391,666.00,2.3910,3.4691,1.8562,12.5066,17.9339
8,26000,100,208,83,422.00,734.00,24.6529,33.1516,0.9626,3956.97,0.2527,672.00,2.5272,3.7490,1.9382,14.2262,22.2473
8,26000,100,208,166,422.00,734.00,24.6529,33.1516,0.9723,4064.36,0.2460,666.00,2.4604,3.5865,2.1643,13.0388,19.5876
8,26000,100,208,208,422.00,734.00,24.6529,33.1516,0.9734,3863.64,0.2588,657.00,2.5882,4.0357,2.3670,14.1212,19.0210
8,26000,100,208,312,422.00,734.00,24.6529,33.1516,0.9739,3730.18,0.2681,663.00,2.6808,4.2073,2.7716,14.4185,22.6201
8,26000,100,208,416,422.00,734.00,24.6529,33.1516,0.9739,3327.92,0.3005,668.00,3.0049,4.8950,3.4655,15.2146,20.7090
8,26000,100,416,83,422.00,734.00,24.6529,33.1516,0.9717,2319.13,0.4312,673.00,4.3120,6.5689,3.7087,17.8627,27.4150
8,26000,100,416,166,422.00,734.00,24.6529,33.1516,0.9881,2326.67,0.4298,669.00,4.2980,6.9537,4.5694,17.4283,24.5786
8,26000,100,416,332,422.00,734.00,24.6529,33.1516,0.9918,2124.51,0.4707,677.00,4.7070,7.7622,5.1036,18.7269,25.4236
8,26000,100,416,416,422.00,734.00,24.6529,33.1516,0.9919,2037.67,0.4908,674.00,4.9076,7.8892,5.7577,19.1806,28.4281
8,26000,100,416,624,422.00,734.00,24.6529,33.1516,0.9921,1652.78,0.6050,677.00,6.0504,10.4894,7.6224,22.6003,30.4376
8,26000,100,416,832,422.00,734.00,24.6529,33.1516,0.9920,1440.51,0.6942,686.00,6.9420,12.4678,9.8204,24.0266,30.9395
8,26000,100,832,166,422.00,734.00,24.6529,33.1516,0.9909,1270.11,0.7873,708.00,7.8733,13.3165,11.8056,25.9942,36.3974
8,26000,100,832,332,422.00,734.00,24.6529,33.1516,0.9967,1135.25,0.8809,709.00,8.8086,15.4814,14.7345,28.7038,40.8448
8,26000,100,832,665,422.00,734.00,24.6529,33.1516,0.9975,1014.66,0.9856,718.00,9.8556,17.2353,15.5010,29.5446,38.6585
8,26000,100,832,832,422.00,734.00,24.6529,33.1516,0.9975,1000.72,0.9993,718.00,9.9928,17.9682,17.4582,28.7638,37.6011
8,26000,100,832,1248,422.00,734.00,24.6529,33.1516,0.9976,798.58,1.2522,730.00,12.5223,22.3539,20.2990,36.4527,47.2606
8,26000,100,832,1664,422.00,734.00,24.6529,33.1516,0.9976,637.00,1.5698,732.00,15.6985,28.8819,26.3025,43.6970,55.7119
8,26000,100,1664,332,422.00,734.00,24.6529,33.1516,0.9974,667.57,1.4980,801.00,14.9796,24.8088,24.4718,43.3286,54.7147
8,26000,100,1664,665,422.00,734.00,24.6529,33.1516,0.9986,560.50,1.7841,820.00,17.8411,29.9317,27.6620,51.2696,69.4939
8,26000,100,1664,1331,422.00,734.00,24.6529,33.1516,0.9989,435.22,2.2977,833.00,22.9769,39.9709,38.3291,61.7934,78.5369
8,26000,100,1664,1664,422.00,734.00,24.6529,33.1516,0.9989,438.10,2.2826,846.00,22.8261,41.9683,40.7102,60.6675,75.9629
8,26000,100,1664,2496,422.00,734.00,24.6529,33.1516,0.9990,324.80,3.0789,858.00,30.7886,57.2563,56.3807,76.1259,88.6008
8,26000,100,1664,3328,422.00,734.00,24.6529,33.1516,0.9990,238.19,4.1984,871.00,41.9840,80.7733,78.1661,108.4943,133.2593
8,26000,200,26,5,420.00,736.00,28.2028,37.0514,0.6381,16443.31,0.0608,659.00,0.6081,0.3511,0.1744,0.2817,7.3699
8,26000,200,26,10,420.00,736.00,28.2028,37.0514,0.7165,15545.39,0.0643,655.00,0.6433,0.4113,0.2020,0.3519,8.1456
8,26000,200,26,20,420.00,736.00,28.2028,37.0514,0.7577,14952.16,0.0669,658.00,0.6688,0.3599,0.2149,0.3147,5.9634
8,26000,200,26,26,420.00,736.00,28.2028,37.0514,0.7658,16164.30,0.0619,656.00,0.6186,0.4019,0.2395,0.4398,6.4787
8,26000,200,26,39,420.00,736.00,28.2028,37.0514,0.7724,14657.74,0.0682,653.00,0.6822,0.4160,0.2887,0.4394,5.7036
8,26000,200,26,52,420.00,736.00,28.2028,37.0514,0.7748,13840.81,0.0723,659.00,0.7225,0.4514,0.3109,0.4165,5.8131
8,26000,200,52,10,420.00,736.00,28.2028,37.0514,0.7575,11823.04,0.0846,654.00,0.8458,0.7349,0.3787,1.3810,10.2910
8,26000,200,52,20,420.00,736.00,28.2028,37.0514,0.8258,10794.16,0.0926,658.00,0.9264,0.8459,0.3969,0.9197,14.4204
8,26000,200,52,41,420.00,736.00,28.2028,37.0514,0.8606,11345.08,0.0881,657.00,0.8814,0.8142,0.4718,0.8438,10.2847
8,26000,200,52,52,420.00,736.00,28.2028,37.0514,0.8650,11644.77,0.0859,657.00,0.8588,0.7752,0.5039,0.8430,8.8298
8,26000,200,52,78,420.00,736.00,28.2028,37.0514,0.8690,10109.70,0.0989,659.00,0.9891,0.8775,0.5980,0.9453,9.9570
8,26000,200,52,104,420.00,736.00,28.2028,37.0514,0.8701,10373.70,0.0964,651.00,0.9640,0.9403,0.6930,1.0335,8.7505
8,26000,200,104,20,420.00,736.00,28.2028,37.0514,0.8550,7378.91,0.1355,653.00,1.3552,1.6470,0.7942,8.2589,16.0049
8,26000,200,104,41,420.00,736.00,28.2028,37.0514,0.9128,6504.38,0.1537,658.00,1.5374,1.8073,0.9218,8.8373,15.2755
8,26000,200,104,83,420.00,736.00,28.2028,37.0514,0.9340,6821.55,0.1466,662.00,1.4659,1.8891,1.0394,8.4425,19.2831
8,26000,200,104,104,420.00,736.00,28.2028,37.0514,0.9361,6619.19,0.1511,661.00,1.5108,1.8481,1.1100,7.6055,15.6257
8,26000,200,104,156,420.00,736.00,28.2028,37.0514,0.9373,6314.67,0.1584,660.00,1.5836,2.1877,1.3783,8.5359,15.6355
8,26000,200,104,208,420.00,736.00,28.2028,37.0514,0.9375,6639.14,0.1506,659.00,1.5062,2.4500,1.6076,9.4311,16.1174
8,26000,200,208,41,420.00,736.00,28.2028,37.0514,0.9307,3481.65,0.2872,670.00,2.8722,3.3284,1.7623,13.3051,21.1302
8,26000,200,208,83,420.00,736.00,28.2028,37.0514,0.9661,4047.21,0.2471,668.00,2.4708,3.6206,1.9324,14.0150,19.0139
8,26000,200,208,166,420.00,736.00,28.2028,37.0514,0.9752,3680.81,0.2717,671.00,2.7168,3.8280,2.2367,14.4181,23.1184
8,26000,200,208,208,420.00,736.00,28.2028,37.0514,0.9759,3793.25,0.2636,672.00,2.6363,4.3008,2.7639,14.3660,20.7266
8,26000,200,208,312,420.00,736.00,28.2028,37.0514,0.9763,3550.73,0.2816,670.00,2.8163,4.5862,3.2299,14.5327,19.5476
8,26000,200,208,416,420.00,736.00,28.2028,37.0514,0.9764,3253.55,0.3074,673.00,3.0736,5.3425,4.0555,14.1659,19.6802
8,26000,200,416,83,420.00,736.00,28.2028,37.0514,0.9748,2155.84,0.4639,674.00,4.6386,6.9241,4.1834,17.7634,26.7890
8,26000,200,416,166,420.00,736.00,28.2028,37.0514,0.9892,2321.76,0.4307,680.00,4.3071,7.3611,4.8832,17.2263,24.0442
8,26000,200,416,332,420.00,736.00,28.2028,37.0514,0.9926,2038.85,0.4905,687.00,4.9047,8.2182,5.3921,19.4330,26.8948
8,26000,200,416,416,420.00,736.00,28.2028,37.0514,0.9926,1743.22,0.5736,686.00,5.7365,8.9240,6.2279,20.1923,27.0429
8,26000,200,416,624,420.00,736.00,28.2028,37.0514,0.9928,1758.76,0.5686,687.00,5.6858,10.2238,7.8348,20.2723,25.6229
8,26000,200,416,832,420.00,736.00,28.2028,37.0514,0.9928,1571.17,0.6365,690.00,6.3647,11.3468,9.3764,21.7730,27.4319
8,26000,200,832,166,420.00,736.00,28.2028,37.0514,0.9921,1292.51,0.7737,708.00,7.7369,13.0099,10.7690,25.2743,35.6810
8,26000,200,832,332,420.00,736.00,28.2028,37.0514,0.9972,1221.46,0.8187,715.00,8.1869,14.7750,13.1364,27.7418,37.1810
8,26000,200,832,665,420.00,736.00,28.2028,37.0514,0.9981,1030.70,0.9702,712.00,9.7022,17.3583,16.5143,29.7139,40.2997
8,26000,200,832,832,420.00,736.00,28.2028,37.0514,0.9981,1059.82,0.9436,722.00,9.4356,17.0250,14.6531,29.5049,40.2155
8,26000,200,832,1248,420.00,736.00,28.2028,37.0514,0.9981,742.30,1.3472,725.00,13.4717,23.8391,21.8897,37.0544,47.2272
8,26000,200,832,1664,420.00,736.00,28.2028,37.0514,0.9981,586.91,1.7038,731.00,17.0384,31.3579,30.1294,45.1029,55.0523
8,26000,200,1664,332,420.00,736.00,28.2028,37.0514,0.9978,728.16,1.3733,798.00,13.7332,24.3626,23.6452,42.7317,54.9179
8,26000,200,1664,665,420.00,736.00,28.2028,37.0514,0.9991,578.54,1.7285,819.00,17.2848,30.7996,29.9483,50.9549,64.3891
8,26000,200,1664,1331,420.00,736.00,28.2028,37.0514,0.9992,466.02,2.1458,834.00,21.4583,38.3158,37.8750,57.8714,70.9381
8,26000,200,1664,1664,420.00,736.00,28.2028,37.0514,0.9992,454.51,2.2002,846.00,22.0016,40.6723,38.9601,61.2523,76.7711
8,26000,200,1664,2496,420.00,736.00,28.2028,37.0514,0.9992,319.55,3.1294,858.00,31.2940,58.6354,57.4110,79.4465,92.6758
8,26000,200,1664,3328,420.00,736.00,28.2028,37.0514,0.9992,210.83,4.7431,871.00,47.4311,81.1744,79.5183,103.3266,117.3077
8,30000,40,30,6,410.00,740.00,26.3664,34.3037,0.6331,15041.93,0.0665,614.00,0.6648,0.3308,0.1878,0.3134,6.9366
8,30000,40,30,12,410.00,740.00,26.3664,34.3037,0.7125,16604.80,0.0602,612.00,0.6022,0.4099,0.2659,0.5260,5.3387
8,30000,40,30,24,410.00,740.00,26.3664,34.3037,0.7531,12699.81,0.0787,613.00,0.7874,0.4568,0.2737,0.5238,6.7014
8,30000,40,30,30,410.00,740.00,26.3664,34.3037,0.7592,12846.43,0.0778,618.00,0.7784,0.4949,0.3365,0.6013,6.2386
8,30000,40,30,45,410.00,740.00,26.3664,34.3037,0.7673,10892.43,0.0918,613.00,0.9181,0.5357,0.3209,0.7383,6.1050
8,30000,40,30,60,410.00,740.00,26.3664,34.3037,0.7689,12329.51,0.0811,613.00,0.8111,0.4920,0.3711,0.5793,1.8591
8,30000,40,60,12,410.00,740.00,26.3664,34.3037,0.7519,11980.91,0.0835,610.00,0.8347,0.6379,0.4101,0.8322,8.3929
8,30000,40,60,24,410.00,740.00,26.3664,34.3037,0.8221,9973.84,0.1003,610.00,1.0026,0.7594,0.4966,0.9031,9.6275
8,30000,40,60,48,410.00,740.00,26.3664,34.3037,0.8564,10394.22,0.0962,608.00,0.9621,0.9408,0.5413,2.5404,11.4928
8,30000,40,60,60,410.00,740.00,26.3664,34.3037,0.8611,10623.50,0.0941,613.00,0.9413,0.8715,0.5223,1.6468,10.3976
8,30000,40,60,90,410.00,740.00,26.3664,34.3037,0.8652,8583.06,0.1165,612.00,1.1651,0.9691,0.6120,1.2359,10.5824
8,30000,40,60,120,410.00,740.00,26.3664,34.3037,0.8662,9292.80,0.1076,616.00,1.0761,1.1432,0.7854,1.6352,10.6072
8,30000,40,120,24,410.00,740.00,26.3664,34.3037,0.8491,7090.81,0.1410,619.00,1.4103,1.6910,0.9794,7.1132,13.2944
8,30000,40,120,48,410.00,740.00,26.3664,34.3037,0.9070,7035.21,0.1421,614.00,1.4214,1.5532,1.0591,5.1743,12.8331
8,30000,40,120,96,410.00,740.00,26.3664,34.3037,0.9287,7298.15,0.1370,615.00,1.3702,1.7311,1.1775,6.1074,13.1103
8,30000,40,120,120,410.00,740.00,26.3664,34.3037,0.9314,7441.00,0.1344,617.00,1.3439,1.7106,1.2359,4.3346,11.8843
8,30000,40,120,180,410.00,740.00,26.3664,34.3037,0.9342,7294.34,0.1371,613.00,1.3709,1.5446,1.1320,3.4449,11.3687
8,30000,40,120,240,410.00,740.00,26.3664,34.3037,0.9348,6936.11,0.1442,622.00,1.4417,2.0588,1.6338,4.8287,13.6745
8,30000,40,240,48,410.00,740.00,26.3664,34.3037,0.9239,4439.33,0.2253,622.00,2.2526,3.3549,2.0135,11.5989,18.0639
8,30000,40,240,96,410.00,740.00,26.3664,34.3037,0.9605,4692.51,0.2131,621.00,2.1311,3.2708,2.1563,10.5560,18.5677
8,30000,40,240,192,410.00,740.00,26.3664,34.3037,0.9721,3963.74,0.2523,635.00,2.5229,3.7657,2.6969,11.1928,16.6072
8,30000,40,240,240,410.00,740.00,26.3664,34.3037,0.9735,4095.02,0.2442,627.00,2.4420,3.7671,2.6993,11.0542,17.3316
8,30000,40,240,360,410.00,740.00,26.3664,34.3037,0.9742,3175.09,0.3150,631.00,3.1495,4.8236,3.5095,13.5747,23.0262
8,30000,40,240,480,410.00,740.00,26.3664,34.3037,0.9743,3222.88,0.3103,633.00,3.1028,4.6013,3.5850,12.7080,19.5743
8,30000,40,480,96,410.00,740.00,26.3664,34.3037,0.9684,2487.23,0.4021,652.00,4.0205,6.0864,3.9678,16.7643,24.1107
8,30000,40,480,192,410.00,740.00,26.3664,34.3037,0.9871,2346.15,0.4262,644.00,4.2623,6.7931,5.1493,16.4769,23.2376
8,30000,40,480,384,410.00,740.00,26.3664,34.3037,0.9918,1942.45,0.5148,657.00,5.1481,7.8904,6.6815,16.9500,25.0371
8,30000,40,480,480,410.00,740.00,26.3664,34.3037,0.9922,1879.82,0.5320,663.00,5.3197,8.3285,6.0893,18.9183,25.1972
8,30000,40,480,720,410.00,740.00,26.3664,34.3037,0.9924,1497.16,0.6679,666.00,6.6793,11.0199,8.4808,22.1183,29.0899
8,30000,40,480,960,410.00,740.00,26.3664,34.3037,0.9924,1207.33,0.8283,671.00,8.2827,13.4582,11.4125,24.7111,32.9239
8,30000,40,960,192,410.00,740.00,26.3664,34.3037,0.9895,1260.72,0.7932,710.00,7.9320,13.6006,11.3479,27.3431,39.3711
8,30000,40,960,384,410.00,740.00,26.3664,34.3037,0.9964,1137.74,0.8789,718.00,8.7894,15.6914,14.1036,29.0284,39.9377
8,30000,40,960,768,410.00,740.00,26.3664,34.3037,0.9978,965.84,1.0354,718.00,10.3537,18.7517,16.9315,33.1547,42.1692
8,30000,40,960,960,410.00,740.00,26.3664,34.3037,0.9979,923.97,1.0823,720.00,10.8229,18.8898,15.7735,32.9553,42.9918
8,30000,40,960,1440,410.00,740.00,26.3664,34.3037,0.9979,677.62,1.4758,732.00,14.7575,25.5249,23.4028,39.6908,50.4396
8,30000,40,960,1920,410.00,740.00,26.3664,34.3037,0.9979,501.08,1.9957,738.00,19.9570,34.5475,33.8189,48.8451,59.8078
8,30000,40,1920,384,410.00,740.00,26.3664,34.3037,0.9968,711.03,1.4064,837.00,14.0640,24.8364,23.8378,44.2618,58.1211
8,30000,40,1920,768,410.00,740.00,26.3664,34.3037,0.9987,512.19,1.9524,850.00,19.5240,33.2881,32.4597,52.6865,65.5714
8,30000,40,1920,1536,410.00,740.00,26.3664,34.3037,0.9989,428.80,2.3321,863.00,23.3211,42.6722,41.3563,64.3463,78.0511
8,30000,40,1920,1920,410.00,740.00,26.3664,34.3037,0.9990,400.20,2.4988,878.00,24.9876,46.5734,45.3064,66.4996,78.3247
8,30000,40,1920,2880,410.00,740.00,26.3664,34.3037,0.9991,267.72,3.7353,893.00,37.3527,66.5008,64.3694,89.3178,102.4170
8,30000,40,1920,3840,410.00,740.00,26.3664,34.3037,0.9991,180.46,5.5415,893.00,55.4146,97.4642,97.5687,121.7703,135.1032
8,30000,100,30,6,445.00,743.00,32.4713,40.7346,0.6491,15175.65,0.0659,617.00,0.6590,0.3873,0.1976,0.3192,7.7968
8,30000,100,30,12,445.00,743.00,32.4713,40.7346,0.7234,14280.32,0.0700,619.00,0.7003,0.3526,0.2082,0.3236,5.8883
8,30000,100,30,24,445.00,743.00,32.4713,40.7346,0.7631,14838.44,0.0674,618.00,0.6739,0.4275,0.2534,0.4033,6.6993
8,30000,100,30,30,445.00,743.00,32.4713,40.7346,0.7702,12637.84,0.0791,620.00,0.7913,0.3660,0.2494,0.3461,5.1620
8,30000,100,30,45,445.00,743.00,32.4713,40.7346,0.7777,14446.04,0.0692,620.00,0.6922,0.5039,0.3436,0.7038,5.8931
8,30000,100,30,60,445.00,743.00,32.4713,40.7346,0.7800,14325.85,0.0698,613.00,0.6980,0.5280,0.3680,0.5093,6.6531
8,30000,100,60,12,445.00,743.00,32.4713,40.7346,0.7652,11642.62,0.0859,620.00,0.8589,0.6760,0.3875,0.7040,9.8179
8,30000,100,60,24,445.00,743.00,32.4713,40.7346,0.8323,11230.60,0.0890,619.00,0.8904,0.8113,0.4613,1.0484,10.5323
8,30000,100,60,48,445.00,743.00,32.4713,40.7346,0.8643,10681.95,0.0936,618.00,0.9362,0.9188,0.5397,1.0183,12.8643
8,30000,100,60,60,445.00,743.00,32.4713,40.7346,0.8683,10727.76,0.0932,619.00,0.9322,0.8234,0.5399,0.8609,9.8490
8,30000,100,60,90,445.00,743.00,32.4713,40.7346,0.8715,9738.45,0.1027,614.00,1.0269,1.0273,0.6619,0.9711,12.6964
8,30000,100,60,120,445.00,743.00,32.4713,40.7346,0.8725,9538.82,0.1048,620.00,1.0483,1.0949,0.8005,1.1128,11.0391
8,30000,100,120,24,445.00,743.00,32.4713,40.7346,0.8618,8631.68,0.1159,620.00,1.1585,1.5065,0.7517,7.0971,15.8231
8,30000,100,120,48,445.00,743.00,32.4713,40.7346,0.9155,6457.57,0.1549,617.00,1.5486,1.9075,1.0135,9.0565,16.1175
8,30000,100,120,96,445.00,743.00,32.4713,40.7346,0.9341,6093.75,0.1641,622.00,1.6410,1.9733,1.1543,8.1164,16.9495
8,30000,100,120,120,445.00,743.00,32.4713,40.7346,0.9359,6409.34,0.1560,611.00,1.5602,2.1880,1.2890,9.2713,16.5940
8,30000,100,120,180,445.00,743.00,32.4713,40.7346,0.9378,6267.44,0.1596,623.00,1.5955,2.4273,1.5569,9.4291,15.3812
8,30000,100,120,240,445.00,743.00,32.4713,40.7346,0.9381,4942.96,0.2023,626.00,2.0231,2.8079,1.7416,10.7426,17.8090
8,30000,100,240,48,445.00,743.00,32.4713,40.7346,0.9327,3701.73,0.2701,626.00,2.7014,3.8723,2.0056,14.6929,19.8245
8,30000,100,240,96,445.00,743.00,32.4713,40.7346,0.9652,3634.88,0.2751,625.00,2.7511,3.9948,2.2573,13.9403,20.8375
8,30000,100,240,192,445.00,743.00,32.4713,40.7346,0.9748,3876.75,0.2579,630.00,2.5795,4.2345,2.7283,12.1250,18.8283
8,30000,100,240,240,445.00,743.00,32.4713,40.7346,0.9758,3394.16,0.2946,625.00,2.9462,4.4690,2.7111,14.3873,21.6971
8,30000,100,240,360,445.00,743.00,32.4713,40.7346,0.9762,3347.45,0.2987,637.00,2.9873,5.1482,3.5330,15.1444,20.2050
8,30000,100,240,480,445.00,743.00,32.4713,40.7346,0.9762,2597.24,0.3850,634.00,3.8502,6.4171,4.7459,16.8213,23.1275
8,30000,100,480,96,445.00,743.00,32.4713,40.7346,0.9741,2172.81,0.4602,648.00,4.6023,7.3759,4.4721,19.0804,28.3632
8,30000,100,480,192,445.00,743.00,32.4713,40.7346,0.9894,2126.13,0.4703,661.00,4.7034,7.8476,5.1461,18.3518,24.6406
8,30000,100,480,384,445.00,743.00,32.4713,40.7346,0.9924,2315.87,0.4318,669.00,4.3180,7.6060,6.4783,17.9113,24.8757
8,30000,100,480,480,445.00,743.00,32.4713,40.7346,0.9925,1827.18,0.5473,672.00,5.4729,9.5630,6.5281,20.8308,29.2254
8,30000,100,480,720,445.00,743.00,32.4713,40.7346,0.9926,1414.87,0.7068,676.00,7.0678,11.5431,9.2697,22.1560,29.9122
8,30000,100,480,960,445.00,743.00,32.4713,40.7346,0.9927,1284.83,0.7783,677.00,7.7831,14.3140,12.3647,25.9500,36.0541
8,30000,100,960,192,445.00,743.00,32.4713,40.7346,0.9920,1263.81,0.7913,722.00,7.9126,13.5291,12.7995,25.1405,34.4477
8,30000,100,960,384,445.00,743.00,32.4713,40.7346,0.9972,1183.53,0.8449,731.00,8.4493,14.4408,12.5352,28.4027,36.7857
8,30000,100,960,768,445.00,743.00,32.4713,40.7346,0.9982,944.94,1.0583,729.00,10.5827,19.5729,19.3637,31.8255,44.0387
8,30000,100,960,960,445.00,743.00,32.4713,40.7346,0.9982,784.72,1.2743,738.00,12.7435,23.2090,23.2027,37.9083,54.5929
8,30000,100,960,1440,445.00,743.00,32.4713,40.7346,0.9982,634.03,1.5772,743.00,15.7722,29.3926,28.7756,43.5741,62.3529
8,30000,100,960,1920,445.00,743.00,32.4713,40.7346,0.9982,573.70,1.7431,751.00,17.4306,32.4774,30.4972,45.1353,55.0647
8,30000,100,1920,384,445.00,743.00,32.4713,40.7346,0.9977,633.86,1.5776,837.00,15.7765,27.8785,26.1463,49.3709,79.2600
8,30000,100,1920,768,445.00,743.00,32.4713,40.7346,0.9991,515.29,1.9406,858.00,19.4064,36.0749,32.8561,58.8227,95.1223
8,30000,100,1920,1536,445.00,743.00,32.4713,40.7346,0.9992,427.08,2.3415,874.00,23.4146,43.9263,40.7374,69.6348,95.0214
8,30000,100,1920,1920,445.00,743.00,32.4713,40.7346,0.9993,388.12,2.5765,888.00,25.7655,48.8667,45.8377,76.8514,104.4753
8,30000,100,1920,2880,445.00,743.00,32.4713,40.7346,0.9993,252.73,3.9568,902.00,39.5682,73.4368,72.2961,93.1750,105.0977
8,30000,100,1920,3840,445.00,743.00,32.4713,40.7346,0.9993,176.77,5.6571,902.00,56.5707,105.8975,104.6664,128.5735,144.2869
8,30000,200,30,6,457.00,746.00,34.3917,42.4523,0.6564,14397.78,0.0695,614.00,0.6946,0.4208,0.2100,0.3301,8.1933
8,30000,200,30,12,457.00,746.00,34.3917,42.4523,0.7295,16806.26,0.0595,617.00,0.5950,0.4043,0.2183,0.3423,7.9630
8,30000,200,30,24,457.00,746.00,34.3917,42.4523,0.7683,14304.95,0.0699,620.00,0.6991,0.5480,0.2817,0.4286,10.3619
8,30000,200,30,30,457.00,746.00,34.3917,42.4523,0.7750,12391.87,0.0807,616.00,0.8070,0.4935,0.2757,0.4099,8.3158
8,30000,200,30,45,457.00,746.00,34.3917,42.4523,0.7818,13315.50,0.0751,613.00,0.7510,0.4532,0.3316,0.4502,5.4440
8,30000,200,30,60,457.00,746.00,34.3917,42.4523,0.7843,13602.19,0.0735,616.00,0.7352,0.5131,0.3848,0.4984,5.9822
8,30000,200,60,12,457.00,746.00,34.3917,42.4523,0.7714,11233.95,0.0890,615.00,0.8902,0.8173,0.4073,1.9426,12.4604
8,30000,200,60,24,457.00,746.00,34.3917,42.4523,0.8366,9155.74,0.1092,615.00,1.0922,0.8544,0.4480,0.9318,13.5213
8,30000,200,60,48,457.00,746.00,34.3917,42.4523,0.8665,9513.05,0.1051,618.00,1.0512,0.9732,0.5419,1.7442,13.2001
8,30000,200,60,60,457.00,746.00,34.3917,42.4523,0.8706,8737.10,0.1145,627.00,1.1445,1.0319,0.5612,3.5925,11.9009
8,30000,200,60,90,457.00,746.00,34.3917,42.4523,0.8738,8005.21,0.1249,622.00,1.2492,1.1386,0.7722,1.1725,10.5441
8,30000,200,60,120,457.00,746.00,34.3917,42.4523,0.8745,9492.93,0.1053,617.00,1.0534,1.2882,0.8687,1.9574,13.4384
8,30000,200,120,24,457.00,746.00,34.3917,42.4523,0.8661,6811.25,0.1468,621.00,1.4682,1.7274,0.9330,8.0502,14.9895
8,30000,200,120,48,457.00,746.00,34.3917,42.4523,0.9176,7276.12,0.1374,614.00,1.3744,1.7879,1.0200,7.6927,14.9497
8,30000,200,120,96,457.00,746.00,34.3917,42.4523,0.9373,7005.33,0.1427,618.00,1.4275,2.0156,1.2487,7.6947,14.8473
8,30000,200,120,120,457.00,746.00,34.3917,42.4523,0.9391,6010.43,0.1664,623.00,1.6638,2.0205,1.2100,7.9937,15.5025
8,30000,200,120,180,457.00,746.00,34.3917,42.4523,0.9400,6550.15,0.1527,619.00,1.5267,2.1577,1.5327,6.7941,13.5580
8,30000,200,120,240,457.00,746.00,34.3917,42.4523,0.9404,6236.41,0.1603,630.00,1.6035,2.6020,1.8938,8.1374,16.9439
8,30000,200,240,48,457.00,746.00,34.3917,42.4523,0.9348,3677.26,0.2719,626.00,2.7194,3.4783,1.9801,12.2560,18.9111
8,30000,200,240,96,457.00,746.00,34.3917,42.4523,0.9676,3265.45,0.3062,633.00,3.0624,3.8496,2.3701,12.5180,17.8450
8,30000,200,240,192,457.00,746.00,34.3917,42.4523,0.9760,3923.85,0.2549,625.00,2.5485,4.2148,2.5928,12.9772,18.3875
8,30000,200,240,240,457.00,746.00,34.3917,42.4523,0.9764,3818.73,0.2619,631.00,2.6187,4.1777,2.7584,12.5898,16.6828
8,30000,200,240,360,457.00,746.00,34.3917,42.4523,0.9770,2789.13,0.3585,635.00,3.5853,4.7764,3.6072,13.2119,19.2791
8,30000,200,240,480,457.00,746.00,34.3917,42.4523,0.9771,3019.60,0.3312,635.00,3.3117,5.6150,4.3872,14.1721,19.8961
8,30000,200,480,96,457.00,746.00,34.3917,42.4523,0.9758,2032.11,0.4921,653.00,4.9210,6.9472,4.9305,17.6959,25.7879
8,30000,200,480,192,457.00,746.00,34.3917,42.4523,0.9902,2260.18,0.4424,654.00,4.4244,7.5821,5.2721,17.1923,23.5081
8,30000,200,480,384,457.00,746.00,34.3917,42.4523,0.9930,1776.28,0.5630,665.00,5.6298,8.2014,6.3410,19.1159,25.8941
8,30000,200,480,480,457.00,746.00,34.3917,42.4523,0.9933,1867.98,0.5353,666.00,5.3534,8.9060,6.9078,19.5216,26.0160
8,30000,200,480,720,457.00,746.00,34.3917,42.4523,0.9934,1503.32,0.6652,668.00,6.6519,9.8872,8.0178,20.3061,27.7647
8,30000,200,480,960,457.00,746.00,34.3917,42.4523,0.9935,1315.82,0.7600,672.00,7.5998,12.5793,10.9960,23.6159,30.9067
8,30000,200,960,192,457.00,746.00,34.3917,42.4523,0.9927,1204.43,0.8303,722.00,8.3027,13.2358,11.2026,24.7080,35.2055
8,30000,200,960,384,457.00,746.00,34.3917,42.4523,0.9974,1094.87,0.9134,724.00,9.1335,13.7711,11.1866,25.9996,36.9499
8,30000,200,960,768,457.00,746.00,34.3917,42.4523,0.9984,1002.38,0.9976,732.00,9.9762,16.8845,15.2139,29.1699,38.3978
8,30000,200,960,960,457.00,746.00,34.3917,42.4523,0.9984,943.22,1.0602,733.00,10.6020,18.5843,16.2793,32.1155,43.7194
8,30000,200,960,1440,457.00,746.00,34.3917,42.4523,0.9984,835.75,1.1965,744.00,11.9653,21.9404,19.5560,35.4239,46.1404
8,30000,200,960,1920,457.00,746.00,34.3917,42.4523,0.9984,603.23,1.6577,746.00,16.5773,27.5974,25.6942,41.2040,53.1436
8,30000,200,1920,384,457.00,746.00,34.3917,42.4523,0.9978,640.02,1.5624,846.00,15.6245,27.2998,26.2076,47.2843,69.3555
8,30000,200,1920,768,457.00,746.00,34.3917,42.4523,0.9991,540.67,1.8496,859.00,18.4957,33.4150,31.0782,55.3827,68.6779
8,30000,200,1920,1536,457.00,746.00,34.3917,42.4523,0.9992,421.24,2.3739,872.00,23.7393,44.5879,43.2074,64.2373,78.4400
8,30000,200,1920,1920,457.00,746.00,34.3917,42.4523,0.9992,387.42,2.5812,859.00,25.8117,45.8124,43.6725,67.9436,79.9908
8,30000,200,1920,2880,457.00,746.00,34.3917,42.4523,0.9993,255.69,3.9110,873.00,39.1104,69.4695,68.8031,91.5785,101.4266
8,30000,200,1920,3840,457.00,746.00,34.3917,42.4523,0.9993,183.93,5.4369,888.00,54.3691,104.0117,102.8452,125.7779,139.0323
16,1000,40,1,1,439.00,789.00,3.6030,10.1880,0.3244,13523.69,0.0739,615.00,0.7394,0.2374,0.0994,0.2323,5.2479
16,1000,40,1,1,439.00,789.00,3.6030,10.1880,0.3244,14366.99,0.0696,613.00,0.6960,0.1905,0.0923,0.2031,3.6473
16,1000,40,1,1,439.00,789.00,3.6030,10.1880,0.3244,16095.97,0.0621,615.00,0.6213,0.2448,0.1008,0.2297,4.2587
16,1000,40,1,1,439.00,789.00,3.6030,10.1880,0.3244,17161.68,0.0583,606.00,0.5827,0.2478,0.1031,0.2545,4.9592
16,1000,40,1,1,439.00,789.00,3.6030,10.1880,0.3244,15967.71,0.0626,616.00,0.6263,0.2221,0.1007,0.2296,4.1415
16,1000,40,1,2,439.00,789.00,3.6030,10.1880,0.3655,16167.88,0.0619,613.00,0.6185,0.2646,0.1055,0.2464,5.8259
16,1000,40,2,1,439.00,789.00,3.6030,10.1880,0.4415,12155.36,0.0823,614.00,0.8227,0.5773,0.2242,0.7378,11.4723
16,1000,40,2,1,439.00,789.00,3.6030,10.1880,0.4415,11984.67,0.0834,621.00,0.8344,0.4955,0.2187,0.5357,10.2908
16,1000,40,2,1,439.00,789.00,3.6030,10.1880,0.4415,14856.16,0.0673,621.00,0.6731,0.4696,0.2331,0.6439,7.8765
16,1000,40,2,2,439.00,789.00,3.6030,10.1880,0.5032,10689.77,0.0935,635.00,0.9355,0.5302,0.2316,0.5706,10.0454
16,1000,40,2,3,439.00,789.00,3.6030,10.1880,0.5258,11447.64,0.0874,626.00,0.8735,0.4997,0.2225,0.5824,8.3862
16,1000,40,2,4,439.00,789.00,3.6030,10.1880,0.5390,12601.47,0.0794,616.00,0.7936,0.4809,0.2265,0.6013,8.0763
16,1000,40,4,1,439.00,789.00,3.6030,10.1880,0.5371,7960.60,0.1256,626.00,1.2562,1.4306,0.5571,8.2888,16.4780
16,1000,40,4,1,439.00,789.00,3.6030,10.1880,0.5371,8162.48,0.1225,625.00,1.2251,1.2303,0.5260,5.4989,15.9454
16,1000,40,4,3,439.00,789.00,3.6030,10.1880,0.6618,7412.67,0.1349,626.00,1.3490,1.3014,0.5405,6.1641,16.5184
16,1000,40,4,4,439.00,789.00,3.6030,10.1880,0.6817,8468.06,0.1181,627.00,1.1809,1.2071,0.5085,5.9357,14.5652
16,1000,40,4,6,439.00,789.00,3.6030,10.1880,0.6992,8462.61,0.1182,624.00,1.1817,1.3413,0.5419,7.1527,16.2384
16,1000,40,4,8,439.00,789.00,3.6030,10.1880,0.7058,8217.97,0.1217,622.00,1.2168,1.2894,0.5522,7.2266,14.6229
16,1000,40,8,1,439.00,789.00,3.6030,10.1880,0.5937,5391.67,0.1855,639.00,1.8547,2.6869,1.2557,12.7954,17.1526
16,1000,40,8,3,439.00,789.00,3.6030,10.1880,0.7584,5100.89,0.1960,619.00,1.9604,2.6851,1.2416,11.8983,17.4403
16,1000,40,8,6,439.00,789.00,3.6030,10.1880,0.8154,5060.24,0.1976,626.00,1.9762,2.6550,1.2679,11.0420,16.5900
16,1000,40,8,8,439.00,789.00,3.6030,10.1880,0.8269,5071.27,0.1972,622.00,1.9719,2.8434,1.2440,13.3693,21.2356
16,1000,40,8,12,439.00,789.00,3.6030,10.1880,0.8355,4876.34,0.2051,638.00,2.0507,2.4899,1.1752,11.9080,18.6059
16,1000,40,8,16,439.00,789.00,3.6030,10.1880,0.8379,4459.00,0.2243,629.00,2.2427,2.7499,1.1989,12.2688,21.1669
16,1000,40,16,3,439.00,789.00,3.6030,10.1880,0.8086,3071.93,0.3255,633.00,3.2553,4.9244,2.4652,16.1707,24.9660
16,1000,40,16,6,439.00,789.00,3.6030,10.1880,0.8863,2820.51,0.3545,621.00,3.5455,5.6582,3.0062,16.2470,23.3320
16,1000,40,16,12,439.00,789.00,3.6030,10.1880,0.9196,2900.15,0.3448,640.00,3.4481,5.3281,2.6172,17.1479,25.6750
16,1000,40,16,16,439.00,789.00,3.6030,10.1880,0.9244,2758.92,0.3625,622.00,3.6246,4.7301,2.5238,15.4036,24.0170
16,1000,40,16,24,439.00,789.00,3.6030,10.1880,0.9274,3232.06,0.3094,630.00,3.0940,4.4061,2.2041,14.9166,24.3186
16,1000,40,16,32,439.00,789.00,3.6030,10.1880,0.9280,3019.54,0.3312,630.00,3.3118,4.3995,2.2767,14.7863,21.2443
16,1000,40,32,6,439.00,789.00,3.6030,10.1880,0.9132,1591.94,0.6282,631.00,6.2816,8.6309,5.8670,20.3660,30.8561
16,1000,40,32,12,439.00,789.00,3.6030,10.1880,0.9589,1834.96,0.5450,633.00,5.4497,8.1577,5.2370,20.0334,33.1706
16,1000,40,32,25,439.00,789.00,3.6030,10.1880,0.9742,1562.53,0.6400,631.00,6.3999,10.0864,7.9043,22.7667,34.0027
16,1000,40,32,32,439.00,789.00,3.6030,10.1880,0.9755,1566.01,0.6386,635.00,6.3856,10.3160,6.0930,27.3184,41.0989
16,1000,40,32,48,439.00,789.00,3.6030,10.1880,0.9764,1552.02,0.6443,622.00,6.4432,9.5370,6.2758,22.8749,33.0828
16,1000,40,32,64,439.00,789.00,3.6030,10.1880,0.9765,1700.04,0.5882,631.00,5.8822,9.0416,5.8111,21.6638,32.1879
16,1000,40,64,12,439.00,789.00,3.6030,10.1880,0.9694,896.38,1.1156,626.00,11.1560,18.0632,16.7491,37.5472,50.3543
16,1000,40,64,25,439.00,789.00,3.6030,10.1880,0.9905,962.30,1.0392,631.00,10.3918,17.1257,15.9108,35.4164,50.0481
16,1000,40,64,51,439.00,789.00,3.6030,10.1880,0.9945,971.08,1.0298,626.00,10.2979,17.0089,15.4411,35.1468,47.8712
16,1000,40,64,64,439.00,789.00,3.6030,10.1880,0.9948,864.03,1.1574,640.00,11.5736,20.5063,20.5917,36.8845,49.9808
16,1000,40,64,96,439.00,789.00,3.6030,10.1880,0.9949,907.19,1.1023,633.00,11.0230,17.7790,16.6734,37.0087,48.8912
16,1000,40,64,128,439.00,789.00,3.6030,10.1880,0.9949,896.51,1.1154,635.00,11.1544,18.4388,17.8971,36.1247,48.7971
16,1000,100,1,1,191.00,784.00,3.2867,9.6149,0.3269,18552.39,0.0539,597.00,0.5390,0.1795,0.0805,0.1834,0.5764
16,1000,100,1,1,191.00,784.00,3.2867,9.6149,0.3269,16058.78,0.0623,588.00,0.6227,0.1843,0.0848,0.1934,1.6416
16,1000,100,1,1,191.00,784.00,3.2867,9.6149,0.3269,17739.57,0.0564,589.00,0.5637,0.1387,0.0765,0.1743,0.7650
16,1000,100,1,1,191.00,784.00,3.2867,9.6149,0.3269,19422.86,0.0515,596.00,0.5149,0.1701,0.0752,0.1829,1.5506
16,1000,100,1,1,191.00,784.00,3.2867,9.6149,0.3269,16218.28,0.0617,596.00,0.6166,0.1364,0.0733,0.1591,0.6577
16,1000,100,1,2,191.00,784.00,3.2867,9.6149,0.3679,15418.58,0.0649,599.00,0.6486,0.1462,0.0782,0.1855,0.4835
16,1000,100,2,1,191.00,784.00,3.2867,9.6149,0.4437,14843.11,0.0674,605.00,0.6737,0.3825,0.1555,0.4125,7.9217
16,1000,100,2,1,191.00,784.00,3.2867,9.6149,0.4437,13642.32,0.0733,592.00,0.7330,0.3787,0.1521,0.3670,8.4059
16,1000,100,2,1,191.00,784.00,3.2867,9.6149,0.4437,14444.74,0.0692,603.00,0.6923,0.3536,0.1475,0.3405,6.8394
16,1000,100,2,2,191.00,784.00,3.2867,9.6149,0.5060,12826.93,0.0780,604.00,0.7796,0.3547,0.1584,0.3984,7.0289
16,1000,100,2,3,191.00,784.00,3.2867,9.6149,0.5283,14302.18,0.0699,604.00,0.6992,0.4017,0.1685,0.4323,7.9224
16,1000,100,2,4,191.00,784.00,3.2867,9.6149,0.5399,14321.73,0.0698,603.00,0.6982,0.3932,0.1598,0.3841,8.2584
16,1000,100,4,1,191.00,784.00,3.2867,9.6149,0.5389,9815.24,0.1019,596.00,1.0188,0.8594,0.4076,3.0579,11.3975
16,1000,100,4,1,191.00,784.00,3.2867,9.6149,0.5389,10927.10,0.0915,603.00,0.9152,0.9580,0.4007,4.0160,13.9113
16,1000,100,4,3,191.00,784.00,3.2867,9.6149,0.6646,10388.72,0.0963,603.00,0.9626,0.9752,0.3734,3.4819,15.0097
16,1000,100,4,4,191.00,784.00,3.2867,9.6149,0.6832,10225.84,0.0978,602.00,0.9779,0.7581,0.3288,1.1675,12.5630
16,1000,100,4,6,191.00,784.00,3.2867,9.6149,0.6978,10930.55,0.0915,605.00,0.9149,0.8610,0.3591,1.7742,12.7868
16,1000,100,4,8,191.00,784.00,3.2867,9.6149,0.7036,10059.66,0.0994,601.00,0.9941,0.7576,0.3250,1.2423,12.7639
16,1000,100,8,1,191.00,784.00,3.2867,9.6149,0.5968,6723.41,0.1487,605.00,1.4873,1.8932,0.7773,9.8090,15.7059
16,1000,100,8,3,191.00,784.00,3.2867,9.6149,0.7622,7158.74,0.1397,605.00,1.3969,1.8814,0.8178,9.3523,16.2607
16,1000,100,8,6,191.00,784.00,3.2867,9.6149,0.8145,6762.33,0.1479,598.00,1.4788,1.9122,0.7641,10.0488,16.2728
16,1000,100,8,8,191.00,784.00,3.2867,9.6149,0.8261,7355.88,0.1359,612.00,1.3595,1.8721,0.7883,9.6377,16.8191
16,1000,100,8,12,191.00,784.00,3.2867,9.6149,0.8345,6497.18,0.1539,603.00,1.5391,1.9309,0.7896,10.7113,15.8923
16,1000,100,8,16,191.00,784.00,3.2867,9.6149,0.8374,6695.93,0.1493,601.00,1.4934,1.8365,0.7894,9.1813,16.4783
16,1000,100,16,3,191.00,784.00,3.2867,9.6149,0.8142,3904.54,0.2561,603.00,2.5611,3.7766,1.7573,14.0578,19.7853
16,1000,100,16,6,191.00,784.00,3.2867,9.6149,0.8867,3918.90,0.2552,604.00,2.5517,3.9140,1.7777,14.2123,21.3860
16,1000,100,16,12,191.00,784.00,3.2867,9.6149,0.9203,4002.53,0.2498,603.00,2.4984,3.9182,1.8268,14.2551,19.1322
16,1000,100,16,16,191.00,784.00,3.2867,9.6149,0.9252,3949.52,0.2532,604.00,2.5320,3.8717,1.8031,14.4593,19.3494
16,1000,100,16,24,191.00,784.00,3.2867,9.6149,0.9280,3666.76,0.2727,604.00,2.7272,3.8478,1.8630,13.8123,19.5554
16,1000,100,16,32,191.00,784.00,3.2867,9.6149,0.9286,3956.45,0.2528,598.00,2.5275,3.8282,1.7299,15.0724,21.7631
16,1000,100,32,6,191.00,784.00,3.2867,9.6149,0.9143,2171.06,0.4606,606.00,4.6061,7.8407,4.5954,19.7779,28.8397
16,1000,100,32,12,191.00,784.00,3.2867,9.6149,0.9608,2211.56,0.4522,608.00,4.5217,7.5108,4.5244,18.9228,25.9753
16,1000,100,32,25,191.00,784.00,3.2867,9.6149,0.9752,2040.20,0.4901,619.00,4.9015,7.5587,5.1515,19.4813,28.5819
16,1000,100,32,32,191.00,784.00,3.2867,9.6149,0.9763,2192.90,0.4560,619.00,4.5602,7.0473,4.3170,17.5454,25.0264
16,1000,100,32,48,191.00,784.00,3.2867,9.6149,0.9768,2393.65,0.4178,609.00,4.1777,7.0109,4.4234,17.1640,22.4326
16,1000,100,32,64,191.00,784.00,3.2867,9.6149,0.9769,2173.63,0.4601,616.00,4.6006,7.2342,4.4910,17.9372,25.0114
16,1000,100,64,12,191.00,784.00,3.2867,9.6149,0.9718,1163.66,0.8594,609.00,8.5936,14.2402,14.1216,26.6899,37.3918
16,1000,100,64,25,191.00,784.00,3.2867,9.6149,0.9921,1241.79,0.8053,602.00,8.0529,14.2690,13.9322,27.3041,37.9724
16,1000,100,64,51,191.00,784.00,3.2867,9.6149,0.9952,1190.38,0.8401,601.00,8.4007,14.4612,14.0282,27.1621,37.3848
16,1000,100,64,64,191.00,784.00,3.2867,9.6149,0.9954,1132.47,0.8830,596.00,8.8303,14.3385,13.2226,29.6802,39.5972
16,1000,100,64,96,191.00,784.00,3.2867,9.6149,0.9954,1126.35,0.8878,613.00,8.8782,14.8165,14.6753,28.4584,38.9299
16,1000,100,64,128,191.00,784.00,3.2867,9.6149,0.9954,1192.53,0.8386,615.00,8.3856,15.1400,14.8761,29.6116,41.2739
16,1000,200,1,1,167.00,777.00,3.9342,9.6633,0.3261,15949.13,0.0627,582.00,0.6270,0.1872,0.0857,0.2075,2.9529
16,1000,200,1,1,167.00,777.00,3.9342,9.6633,0.3261,16627.94,0.0601,581.00,0.6014,0.1797,0.0894,0.2013,1.7828
16,1000,200,1,1,167.00,777.00,3.9342,9.6633,0.3261,17080.60,0.0585,588.00,0.5855,0.1570,0.0772,0.1817,1.7516
16,1000,200,1,1,167.00,777.00,3.9342,9.6633,0.3261,16413.01,0.0609,586.00,0.6093,0.1830,0.0744,0.1694,1.2562
16,1000,200,1,1,167.00,777.00,3.9342,9.6633,0.3261,15661.15,0.0639,580.00,0.6385,0.1664,0.0754,0.1630,0.4667
16,1000,200,1,2,167.00,777.00,3.9342,9.6633,0.3694,15190.49,0.0658,585.00,0.6583,0.1762,0.0770,0.1644,0.4237
16,1000,200,2,1,167.00,777.00,3.9342,9.6633,0.4436,16403.18,0.0610,580.00,0.6096,0.3191,0.1511,0.3384,7.3277
16,1000,200,2,1,167.00,777.00,3.9342,9.6633,0.4436,14870.00,0.0672,595.00,0.6725,0.3135,0.1533,0.3438,6.0080
16,1000,200,2,1,167.00,777.00,3.9342,9.6633,0.4436,15338.92,0.0652,589.00,0.6519,0.3677,0.1571,0.3785,8.2472
16,1000,200,2,2,167.00,777.00,3.9342,9.6633,0.5077,15366.62,0.0651,591.00,0.6508,0.2907,0.1546,0.3581,4.9940
16,1000,200,2,3,167.00,777.00,3.9342,9.6633,0.5300,15915.24,0.0628,595.00,0.6283,0.3208,0.1588,0.3569,6.3023
16,1000,200,2,4,167.00,777.00,3.9342,9.6633,0.5413,14692.06,0.0681,591.00,0.6806,0.3048,0.1550,0.3441,5.0772
16,1000,200,4,1,167.00,777.00,3.9342,9.6633,0.5391,7971.86,0.1254,593.00,1.2544,0.8006,0.3417,1.6359,12.7601
16,1000,200,4,1,167.00,777.00,3.9342,9.6633,0.5391,11214.46,0.0892,588.00,0.8917,0.8270,0.4013,1.8249,11.9707
16,1000,200,4,3,167.00,777.00,3.9342,9.6633,0.6642,9709.32,0.1030,590.00,1.0299,0.9177,0.3979,3.0583,13.6894
16,1000,200,4,4,167.00,777.00,3.9342,9.6633,0.6823,10073.10,0.0993,594.00,0.9927,0.8956,0.4012,3.8825,12.2538
16,1000,200,4,6,167.00,777.00,3.9342,9.6633,0.6978,10434.17,0.0958,588.00,0.9584,0.9826,0.4383,4.0848,13.7233
16,1000,200,4,8,167.00,777.00,3.9342,9.6633,0.7042,9961.77,0.1004,589.00,1.0038,0.9591,0.4320,3.9915,13.4932
16,1000,200,8,1,167.00,777.00,3.9342,9.6633,0.5977,6504.44,0.1537,590.00,1.5374,1.7972,0.9362,8.5870,15.0305
16,1000,200,8,3,167.00,777.00,3.9342,9.6633,0.7636,6810.31,0.1468,586.00,1.4684,1.9430,0.9139,9.1261,15.7476
16,1000,200,8,6,167.00,777.00,3.9342,9.6633,0.8159,5977.43,0.1673,592.00,1.6730,2.0857,0.9188,9.2435,17.7220
16,1000,200,8,8,167.00,777.00,3.9342,9.6633,0.8271,6141.33,0.1628,596.00,1.6283,1.8498,0.8395,8.8872,16.5343
16,1000,200,8,12,167.00,777.00,3.9342,9.6633,0.8350,6666.31,0.1500,591.00,1.5001,1.9067,0.8730,8.9437,15.5308
16,1000,200,8,16,167.00,777.00,3.9342,9.6633,0.8370,6719.57,0.1488,596.00,1.4882,1.8724,0.8605,9.2701,15.3687
16,1000,200,16,3,167.00,777.00,3.9342,9.6633,0.8161,3949.97,0.2532,594.00,2.5317,3.7999,1.8419,13.8873,18.8360
16,1000,200,16,6,167.00,777.00,3.9342,9.6633,0.8867,4052.25,0.2468,599.00,2.4678,3.6164,1.8148,13.3744,17.7540
16,1000,200,16,12,167.00,777.00,3.9342,9.6633,0.9197,3540.66,0.2824,608.00,2.8243,3.8394,1.7390,14.5501,22.8128
16,1000,200,16,16,167.00,777.00,3.9342,9.6633,0.9244,4091.26,0.2444,586.00,2.4442,3.7699,1.7685,14.1325,20.5184
16,1000,200,16,24,167.00,777.00,3.9342,9.6633,0.9273,3921.90,0.2550,586.00,2.5498,3.7924,1.8292,14.1576,19.1748
16,1000,200,16,32,167.00,777.00,3.9342,9.6633,0.9281,3845.04,0.2601,586.00,2.6008,3.8516,1.8115,14.1452,21.5312
16,1000,200,32,6,167.00,777.00,3.9342,9.6633,0.9151,2162.57,0.4624,602.00,4.6241,7.4839,4.2422,18.8748,26.3224
16,1000,200,32,12,167.00,777.00,3.9342,9.6633,0.9614,2320.92,0.4309,595.00,4.3086,6.8767,5.8059,16.6604,25.5391
16,1000,200,32,25,167.00,777.00,3.9342,9.6633,0.9751,2246.45,0.4451,608.00,4.4515,7.4017,4.5213,18.1147,25.9931
16,1000,200,32,32,167.00,777.00,3.9342,9.6633,0.9763,2172.45,0.4603,598.00,4.6031,7.6537,4.6232,18.1027,24.8567
16,1000,200,32,48,167.00,777.00,3.9342,9.6633,0.9768,2094.44,0.4775,596.00,4.7745,7.3585,4.2104,18.1871,25.0527
16,1000,200,32,64,167.00,777.00,3.9342,9.6633,0.9769,2048.61,0.4881,608.00,4.8814,8.3713,6.3484,19.4995,26.8910
16,1000,200,64,12,167.00,777.00,3.9342,9.6633,0.9725,1274.20,0.7848,609.00,7.8481,13.6226,12.6041,26.5633,37.3749
16,1000,200,64,25,167.00,777.00,3.9342,9.6633,0.9916,1071.71,0.9331,609.00,9.3309,16.1476,15.1982,34.0294,45.7570
16,1000,200,64,51,167.00,777.00,3.9342,9.6633,0.9948,1040.55,0.9610,594.00,9.6103,16.0735,15.4750,31.7281,45.5786
16,1000,200,64,64,167.00,777.00,3.9342,9.6633,0.9949,1086.94,0.9200,594.00,9.2002,14.5946,13.0945,31.9044,44.9094
16,1000,200,64,96,167.00,777.00,3.9342,9.6633,0.9950,1033.44,0.9676,602.00,9.6765,16.9330,15.8075,34.4040,56.9003
16,1000,200,64,128,167.00,777.00,3.9342,9.6633,0.9950,980.49,1.0199,596.00,10.1990,16.7394,16.3186,32.5036,46.9475
16,2000,40,2,1,151.00,773.00,4.6755,11.0418,0.4016,10903.52,0.0917,567.00,0.9171,0.3904,0.2385,0.5640,5.7257
16,2000,40,2,1,151.00,773.00,4.6755,11.0418,0.4016,13624.97,0.0734,565.00,0.7339,0.3350,0.2014,0.4815,5.5668
16,2000,40,2,1,151.00,773.00,4.6755,11.0418,0.4016,13941.55,0.0717,566.00,0.7173,0.1711,0.0832,0.1838,1.8282
16,2000,40,2,2,151.00,773.00,4.6755,11.0418,0.4583,17812.75,0.0561,577.00,0.5614,0.1622,0.0848,0.1697,1.0617
16,2000,40,2,3,151.00,773.00,4.6755,11.0418,0.4797,17910.47,0.0558,570.00,0.5583,0.1931,0.0876,0.1852,2.3010
16,2000,40,2,4,151.00,773.00,4.6755,11.0418,0.4914,15200.07,0.0658,573.00,0.6579,0.1765,0.0874,0.1760,0.6712
16,2000,40,4,1,151.00,773.00,4.6755,11.0418,0.4915,13779.10,0.0726,576.00,0.7257,0.3545,0.1626,0.3646,6.7076
16,2000,40,4,1,151.00,773.00,4.6755,11.0418,0.4915,13349.56,0.0749,573.00,0.7491,0.3449,0.1620,0.3620,6.9514
16,2000,40,4,3,151.00,773.00,4.6755,11.0418,0.6080,15256.16,0.0655,569.00,0.6555,0.3531,0.1716,0.3855,6.8331
16,2000,40,4,4,151.00,773.00,4.6755,11.0418,0.6269,14279.04,0.0700,563.00,0.7003,0.3620,0.1762,0.3787,7.7715
16,2000,40,4,6,151.00,773.00,4.6755,11.0418,0.6419,15072.47,0.0663,572.00,0.6635,0.4090,0.1793,0.4156,8.4206
16,2000,40,4,8,151.00,773.00,4.6755,11.0418,0.6477,14969.30,0.0668,571.00,0.6680,0.3392,0.1702,0.3766,6.2547
16,2000,40,8,1,151.00,773.00,4.6755,11.0418,0.5494,11147.70,0.0897,573.00,0.8970,0.7481,0.3608,2.9078,9.4517
16,2000,40,8,3,151.00,773.00,4.6755,11.0418,0.7077,11088.15,0.0902,574.00,0.9019,0.8218,0.3683,2.2854,12.8854
16,2000,40,8,6,151.00,773.00,4.6755,11.0418,0.7623,10720.41,0.0933,572.00,0.9328,0.8723,0.3892,4.1195,12.4414
16,2000,40,8,8,151.00,773.00,4.6755,11.0418,0.7725,6805.61,0.1469,573.00,1.4694,1.5915,0.6453,8.4767,16.1273
16,2000,40,8,12,151.00,773.00,4.6755,11.0418,0.7812,5969.49,0.1675,579.00,1.6752,1.6938,1.3261,2.9114,12.3274
16,2000,40,8,16,151.00,773.00,4.6755,11.0418,0.7843,6275.72,0.1593,574.00,1.5934,1.8036,1.2810,3.0095,13.7992
16,2000,40,16,3,151.00,773.00,4.6755,11.0418,0.7665,5367.79,0.1863,583.00,1.8630,2.5243,1.9067,7.4912,15.8816
16,2000,40,16,6,151.00,773.00,4.6755,11.0418,0.8440,6307.29,0.1585,578.00,1.5855,2.1336,0.8302,11.1846,20.7128
16,2000,40,16,12,151.00,773.00,4.6755,11.0418,0.8773,6093.40,0.1641,580.00,1.6411,2.1592,0.9012,11.3253,19.7351
16,2000,40,16,16,151.00,773.00,4.6755,11.0418,0.8831,5708.55,0.1752,571.00,1.7518,2.1287,0.8044,10.5642,24.7011
16,2000,40,16,24,151.00,773.00,4.6755,11.0418,0.8872,6110.41,0.1637,589.00,1.6366,2.1056,0.8322,12.1020,17.9464
16,2000,40,16,32,151.00,773.00,4.6755,11.0418,0.8885,6585.95,0.1518,579.00,1.5184,1.9847,0.8708,10.1788,17.0684
16,2000,40,32,6,151.00,773.00,4.6755,11.0418,0.8804,3868.73,0.2585,577.00,2.5848,3.7593,1.8985,14.0510,21.1289
16,2000,40,32,12,151.00,773.00,4.6755,11.0418,0.9309,2277.20,0.4391,587.00,4.3914,7.0834,5.9722,16.7565,28.6061
16,2000,40,32,25,151.00,773.00,4.6755,11.0418,0.9500,2282.51,0.4381,569.00,4.3811,6.9934,5.5277,17.5524,25.5576
16,2000,40,32,32,151.00,773.00,4.6755,11.0418,0.9522,3714.81,0.2692,573.00,2.6919,4.0764,2.4546,14.1850,23.0942
16,2000,40,32,48,151.00,773.00,4.6755,11.0418,0.9535,3453.79,0.2895,573.00,2.8954,4.2581,2.0297,15.1430,20.5243
16,2000,40,32,64,151.00,773.00,4.6755,11.0418,0.9539,3399.08,0.2942,578.00,2.9420,4.3051,2.3604,14.0309,21.1084
16,2000,40,64,12,151.00,773.00,4.6755,11.0418,0.9498,1792.36,0.5579,589.00,5.5792,8.6392,7.2113,19.2917,27.3493
16,2000,40,64,25,151.00,773.00,4.6755,11.0418,0.9785,1224.45,0.8167,580.00,8.1669,12.7585,10.3953,27.2175,37.5895
16,2000,40,64,51,151.00,773.00,4.6755,11.0418,0.9852,1865.85,0.5359,585.00,5.3595,9.0190,7.6974,21.0593,33.1247
16,2000,40,64,64,151.00,773.00,4.6755,11.0418,0.9857,1923.93,0.5198,570.00,5.1977,8.4019,4.5003,21.5827,33.3145
16,2000,40,64,96,151.00,773.00,4.6755,11.0418,0.9860,1838.84,0.5438,591.00,5.4382,8.8904,5.5922,21.3639,30.6859
16,2000,40,64,128,151.00,773.00,4.6755,11.0418,0.9860,1496.58,0.6682,591.00,6.6819,11.2606,9.8566,25.6420,38.0619
16,2000,40,128,25,151.00,773.00,4.6755,11.0418,0.9854,715.11,1.3984,574.00,13.9839,24.8271,21.7515,47.7033,61.6643
16,2000,40,128,51,151.00,773.00,4.6755,11.0418,0.9954,1081.44,0.9247,590.00,9.2469,16.2756,14.9967,33.6764,46.7399
16,2000,40,128,102,151.00,773.00,4.6755,11.0418,0.9971,1051.38,0.9511,596.00,9.5113,16.9886,16.6845,32.4083,46.9349
16,2000,40,128,128,151.00,773.00,4.6755,11.0418,0.9972,1098.40,0.9104,576.00,9.1041,16.6357,16.1584,32.1023,42.4793
16,2000,40,128,192,151.00,773.00,4.6755,11.0418,0.9973,1080.68,0.9253,585.00,9.2534,16.0136,15.3312,32.2518,43.1412
16,2000,40,128,256,151.00,773.00,4.6755,11.0418,0.9973,1081.79,0.9244,591.00,9.2439,16.5060,15.4106,33.5789,48.2399
16,2000,100,2,1,143.00,770.00,4.3959,10.2295,0.3983,17696.75,0.0565,573.00,0.5651,0.1492,0.0832,0.1754,0.9566
16,2000,100,2,1,143.00,770.00,4.3959,10.2295,0.3983,17953.79,0.0557,570.00,0.5570,0.1612,0.0827,0.1851,1.2265
16,2000,100,2,1,143.00,770.00,4.3959,10.2295,0.3983,16865.51,0.0593,578.00,0.5929,0.1736,0.0822,0.1896,2.2831
16,2000,100,2,2,143.00,770.00,4.3959,10.2295,0.4576,16400.08,0.0610,565.00,0.6098,0.1478,0.0807,0.1703,0.6711
16,2000,100,2,3,143.00,770.00,4.3959,10.2295,0.4793,17605.79,0.0568,576.00,0.5680,0.1529,0.0838,0.1776,0.6409
16,2000,100,2,4,143.00,770.00,4.3959,10.2295,0.4904,17324.44,0.0577,577.00,0.5772,0.1669,0.0871,0.1904,1.2640
16,2000,100,4,1,143.00,770.00,4.3959,10.2295,0.4899,15404.98,0.0649,577.00,0.6491,0.3760,0.1751,0.4273,7.6499
16,2000,100,4,1,143.00,770.00,4.3959,10.2295,0.4899,14217.30,0.0703,577.00,0.7034,0.5146,0.2154,0.6786,8.3758
16,2000,100,4,3,143.00,770.00,4.3959,10.2295,0.6063,16769.37,0.0596,572.00,0.5963,0.4945,0.2206,0.6866,9.1365
16,2000,100,4,4,143.00,770.00,4.3959,10.2295,0.6246,15030.71,0.0665,581.00,0.6653,0.3446,0.1879,0.4252,5.8632
16,2000,100,4,6,143.00,770.00,4.3959,10.2295,0.6404,13295.17,0.0752,579.00,0.7522,0.4436,0.1874,0.5341,8.3310
16,2000,100,4,8,143.00,770.00,4.3959,10.2295,0.6466,16929.54,0.0591,581.00,0.5907,0.3448,0.1810,0.4283,6.4872
16,2000,100,8,1,143.00,770.00,4.3959,10.2295,0.5479,10433.24,0.0958,576.00,0.9585,0.6708,0.3726,0.9503,8.5782
16,2000,100,8,3,143.00,770.00,4.3959,10.2295,0.7085,10813.07,0.0925,591.00,0.9248,0.8447,0.3970,3.5055,10.8779
16,2000,100,8,6,143.00,770.00,4.3959,10.2295,0.7623,10598.98,0.0943,581.00,0.9435,0.7792,0.3746,1.6191,11.0502
16,2000,100,8,8,143.00,770.00,4.3959,10.2295,0.7730,10991.27,0.0910,588.00,0.9098,0.8779,0.3959,3.1243,12.5968
16,2000,100,8,12,143.00,770.00,4.3959,10.2295,0.7803,11347.13,0.0881,583.00,0.8813,0.7195,0.3694,1.4451,9.9572
16,2000,100,8,16,143.00,770.00,4.3959,10.2295,0.7836,9749.53,0.1026,582.00,1.0257,0.8966,0.3875,3.1195,13.2925
16,2000,100,16,3,143.00,770.00,4.3959,10.2295,0.7683,6587.30,0.1518,577.00,1.5181,1.8573,0.8622,8.9001,14.3735
16,2000,100,16,6,143.00,770.00,4.3959,10.2295,0.8451,6488.22,0.1541,590.00,1.5413,1.7300,0.8304,7.8753,16.6764
16,2000,100,16,12,143.00,770.00,4.3959,10.2295,0.8782,6665.77,0.1500,593.00,1.5002,1.9002,1.2590,5.9989,13.9736
16,2000,100,16,16,143.00,770.00,4.3959,10.2295,0.8846,6840.98,0.1462,598.00,1.4618,1.6970,0.9065,7.5500,13.9224
16,2000,100,16,24,143.00,770.00,4.3959,10.2295,0.8882,7048.56,0.1419,584.00,1.4187,1.6725,0.8940,7.4889,14.8789
16,2000,100,16,32,143.00,770.00,4.3959,10.2295,0.8889,6582.71,0.1519,583.00,1.5191,1.8338,0.8946,8.5575,14.7534
16,2000,100,32,6,143.00,770.00,4.3959,10.2295,0.8821,3753.52,0.2664,592.00,2.6642,3.7890,2.4305,12.0206,20.1009
16,2000,100,32,12,143.00,770.00,4.3959,10.2295,0.9325,3925.55,0.2547,600.00,2.5474,3.7481,2.0439,13.5937,18.0625
16,2000,100,32,25,143.00,770.00,4.3959,10.2295,0.9509,3870.25,0.2584,590.00,2.5838,3.6339,2.0458,13.1399,19.5759
16,2000,100,32,32,143.00,770.00,4.3959,10.2295,0.9523,3436.87,0.2910,590.00,2.9096,3.6090,2.1955,11.7376,20.5574
16,2000,100,32,48,143.00,770.00,4.3959,10.2295,0.9532,3998.87,0.2501,581.00,2.5007,3.4933,2.1607,11.3096,17.7283
16,2000,100,32,64,143.00,770.00,4.3959,10.2295,0.9534,4024.43,0.2485,600.00,2.4848,3.7157,2.0867,13.1453,18.4278
16,2000,100,64,12,143.00,770.00,4.3959,10.2295,0.9519,2257.22,0.4430,595.00,4.4302,7.1347,5.0362,18.5295,27.6143
16,2000,100,64,25,143.00,770.00,4.3959,10.2295,0.9802,2105.40,0.4750,595.00,4.7497,7.2325,4.5812,18.0962,26.5498
16,2000,100,64,51,143.00,770.00,4.3959,10.2295,0.9855,2227.24,0.4490,600.00,4.4899,7.2120,4.9382,17.9718,27.6457
16,2000,100,64,64,143.00,770.00,4.3959,10.2295,0.9858,2261.05,0.4423,582.00,4.4227,7.3543,4.7034,17.9297,26.2060
16,2000,100,64,96,143.00,770.00,4.3959,10.2295,0.9860,1919.65,0.5209,601.00,5.2093,7.7610,5.6346,18.4094,26.6202
16,2000,100,64,128,143.00,770.00,4.3959,10.2295,0.9861,1748.85,0.5718,599.00,5.7181,7.4730,5.1852,18.0342,25.8841
16,2000,100,128,25,143.00,770.00,4.3959,10.2295,0.9874,1056.15,0.9468,585.00,9.4684,14.4303,12.6104,27.9857,38.2289
16,2000,100,128,51,143.00,770.00,4.3959,10.2295,0.9960,1137.13,0.8794,606.00,8.7941,14.5629,13.0478,28.6023,40.4340
16,2000,100,128,102,143.00,770.00,4.3959,10.2295,0.9972,1119.43,0.8933,594.00,8.9331,14.6313,12.1030,30.1084,41.9857
16,2000,100,128,128,143.00,770.00,4.3959,10.2295,0.9972,1202.42,0.8317,591.00,8.3165,14.4496,12.4923,28.6363,42.0725
16,2000,100,128,192,143.00,770.00,4.3959,10.2295,0.9973,998.89,1.0011,608.00,10.0111,17.3694,15.9343,35.5016,48.5736
16,2000,100,128,256,143.00,770.00,4.3959,10.2295,0.9973,1110.83,0.9002,608.00,9.0023,15.1968,13.7812,30.7590,42.7975
16,2000,200,2,1,159.00,771.00,4.6343,11.6041,0.3974,16182.58,0.0618,580.00,0.6179,0.1435,0.0803,0.1683,0.3522
16,2000,200,2,1,159.00,771.00,4.6343,11.6041,0.3974,16449.60,0.0608,577.00,0.6079,0.1627,0.0813,0.1763,1.2416
16,2000,200,2,1,159.00,771.00,4.6343,11.6041,0.3974,16182.82,0.0618,585.00,0.6179,0.1561,0.0808,0.1739,0.4831
16,2000,200,2,2,159.00,771.00,4.6343,11.6041,0.4557,17586.55,0.0569,580.00,0.5686,0.1621,0.0839,0.1797,0.7007
16,2000,200,2,3,159.00,771.00,4.6343,11.6041,0.4804,15814.87,0.0632,579.00,0.6323,0.1853,0.0864,0.1946,3.3356
16,2000,200,2,4,159.00,771.00,4.6343,11.6041,0.4885,16864.39,0.0593,582.00,0.5930,0.1664,0.0882,0.1794,1.4716
16,2000,200,4,1,159.00,771.00,4.6343,11.6041,0.4894,13744.30,0.0728,590.00,0.7276,0.4037,0.1674,0.4028,7.8546
16,2000,200,4,1,159.00,771.00,4.6343,11.6041,0.4894,14364.84,0.0696,587.00,0.6961,0.4086,0.1693,0.3958,8.5431
16,2000,200,4,3,159.00,771.00,4.6343,11.6041,0.6104,14163.55,0.0706,591.00,0.7060,0.3203,0.1673,0.3658,6.1881
16,2000,200,4,4,159.00,771.00,4.6343,11.6041,0.6249,15511.44,0.0645,593.00,0.6447,0.3987,0.1816,0.4304,7.7863
16,2000,200,4,6,159.00,771.00,4.6343,11.6041,0.6397,13218.48,0.0757,592.00,0.7565,0.3855,0.1727,0.3874,8.1605
16,2000,200,4,8,159.00,771.00,4.6343,11.6041,0.6459,14981.20,0.0668,591.00,0.6675,0.3916,0.1707,0.3981,8.2801
16,2000,200,8,1,159.00,771.00,4.6343,11.6041,0.5478,10787.94,0.0927,588.00,0.9270,0.7766,0.3488,1.5593,12.3630
16,2000,200,8,3,159.00,771.00,4.6343,11.6041,0.7127,9998.17,0.1000,590.00,1.0002,0.6666,0.3480,0.9515,8.9697
16,2000,200,8,6,159.00,771.00,4.6343,11.6041,0.7603,10436.88,0.0958,592.00,0.9581,0.9797,0.3710,3.6064,15.4510
16,2000,200,8,8,159.00,771.00,4.6343,11.6041,0.7716,9492.15,0.1054,597.00,1.0535,0.9444,0.3678,3.5374,14.8563
16,2000,200,8,12,159.00,771.00,4.6343,11.6041,0.7807,10737.68,0.0931,588.00,0.9313,0.7987,0.3819,1.4525,12.3836
16,2000,200,8,16,159.00,771.00,4.6343,11.6041,0.7833,11197.30,0.0893,588.00,0.8931,0.8139,0.3864,2.1310,12.1973
16,2000,200,16,3,159.00,771.00,4.6343,11.6041,0.7727,6176.42,0.1619,589.00,1.6191,2.0182,0.8429,10.5589,18.0738
16,2000,200,16,6,159.00,771.00,4.6343,11.6041,0.8442,5287.57,0.1891,605.00,1.8912,2.1164,0.8515,9.8235,18.1297
16,2000,200,16,12,159.00,771.00,4.6343,11.6041,0.8788,6415.44,0.1559,589.00,1.5587,1.9496,0.8144,10.5882,18.3392
16,2000,200,16,16,159.00,771.00,4.6343,11.6041,0.8846,6200.66,0.1613,590.00,1.6127,2.0405,0.8001,11.8450,16.4185
16,2000,200,16,24,159.00,771.00,4.6343,11.6041,0.8877,6416.90,0.1558,597.00,1.5584,1.9924,0.8450,10.4901,17.6664
16,2000,200,16,32,159.00,771.00,4.6343,11.6041,0.8885,6335.89,0.1578,589.00,1.5783,1.9416,0.8552,9.7743,17.1819
16,2000,200,32,6,159.00,771.00,4.6343,11.6041,0.8820,3810.95,0.2624,592.00,2.6240,3.8620,1.7327,15.1017,22.6516
16,2000,200,32,12,159.00,771.00,4.6343,11.6041,0.9336,3762.27,0.2658,600.00,2.6580,3.8683,1.8317,14.9695,20.3246
16,2000,200,32,25,159.00,771.00,4.6343,11.6041,0.9508,3661.52,0.2731,589.00,2.7311,4.0671,1.8907,14.5534,19.4585
16,2000,200,32,32,159.00,771.00,4.6343,11.6041,0.9525,3589.77,0.2786,595.00,2.7857,3.7067,1.8666,14.3951,18.4847
16,2000,200,32,48,159.00,771.00,4.6343,11.6041,0.9536,3905.36,0.2561,589.00,2.5606,3.9451,1.9651,13.6474,20.3721
16,2000,200,32,64,159.00,771.00,4.6343,11.6041,0.9537,3692.98,0.2708,589.00,2.7078,3.8698,1.8846,14.5034,21.7970
16,2000,200,64,12,159.00,771.00,4.6343,11.6041,0.9538,2240.03,0.4464,591.00,4.4642,7.4181,4.3969,19.3103,27.6323
16,2000,200,64,25,159.00,771.00,4.6343,11.6041,0.9797,2015.56,0.4961,593.00,4.9614,7.9341,5.1014,19.1405,28.6092
16,2000,200,64,51,159.00,771.00,4.6343,11.6041,0.9851,2021.90,0.4946,588.00,4.9458,7.7549,4.6640,19.5386,27.5549
16,2000,200,64,64,159.00,771.00,4.6343,11.6041,0.9855,2043.51,0.4894,607.00,4.8935,8.1104,4.5593,20.6329,31.0372
16,2000,200,64,96,159.00,771.00,4.6343,11.6041,0.9857,2203.88,0.4537,588.00,4.5375,7.7999,5.2764,18.2592,25.9124
16,2000,200,64,128,159.00,771.00,4.6343,11.6041,0.9857,2125.39,0.4705,592.00,4.7050,7.5227,4.7540,18.4507,26.1539
16,2000,200,128,25,159.00,771.00,4.6343,11.6041,0.9879,1102.36,0.9071,596.00,9.0714,14.9503,14.3599,31.2158,41.4514
16,2000,200,128,51,159.00,771.00,4.6343,11.6041,0.9962,1138.72,0.8782,594.00,8.7818,14.9023,13.9929,30.6726,42.7909
16,2000,200,128,102,159.00,771.00,4.6343,11.6041,0.9971,1080.94,0.9251,611.00,9.2512,15.3434,14.7978,30.7378,42.0109
16,2000,200,128,128,159.00,771.00,4.6343,11.6041,0.9971,1120.11,0.8928,595.00,8.9277,15.8391,15.3322,31.4091,41.5940
16,2000,200,128,192,159.00,771.00,4.6343,11.6041,0.9972,1144.10,0.8740,606.00,8.7405,15.6221,15.4360,29.5965,41.0943
16,2000,200,128,256,159.00,771.00,4.6343,11.6041,0.9972,1144.42,0.8738,591.00,8.7381,15.9189,15.5459,30.7527,42.5660
16,3000,40,3,1,154.00,760.00,4.5858,12.3373,0.4269,13077.87,0.0765,597.00,0.7647,0.1883,0.0959,0.2155,3.2350
16,3000,40,3,1,154.00,760.00,4.5858,12.3373,0.4269,14907.61,0.0671,595.00,0.6708,0.2005,0.0877,0.1958,2.7271
16,3000,40,3,2,154.00,760.00,4.5858,12.3373,0.4959,16420.91,0.0609,591.00,0.6090,0.1732,0.0909,0.1938,2.1791
16,3000,40,3,3,154.00,760.00,4.5858,12.3373,0.5229,17508.06,0.0571,599.00,0.5712,0.2210,0.0897,0.2128,4.1309
16,3000,40,3,4,154.00,760.00,4.5858,12.3373,0.5365,17275.20,0.0579,592.00,0.5789,0.1821,0.0933,0.2013,2.5700
16,3000,40,3,6,154.00,760.00,4.5858,12.3373,0.5480,17628.75,0.0567,593.00,0.5673,0.1778,0.0952,0.2055,2.2028
16,3000,40,6,1,154.00,760.00,4.5858,12.3373,0.4966,16302.17,0.0613,595.00,0.6134,0.3954,0.1822,0.4166,7.8555
16,3000,40,6,2,154.00,760.00,4.5858,12.3373,0.5939,13268.68,0.0754,600.00,0.7537,0.3751,0.1780,0.4096,7.4256
16,3000,40,6,4,154.00,760.00,4.5858,12.3373,0.6568,12609.42,0.0793,591.00,0.7931,0.3863,0.1769,0.3985,7.8836
16,3000,40,6,6,154.00,760.00,4.5858,12.3373,0.6768,13741.01,0.0728,600.00,0.7277,0.4262,0.1864,0.4616,8.4088
16,3000,40,6,9,154.00,760.00,4.5858,12.3373,0.6890,14519.58,0.0689,602.00,0.6887,0.4894,0.1946,0.4805,10.7939
16,3000,40,6,12,154.00,760.00,4.5858,12.3373,0.6931,13070.91,0.0765,593.00,0.7651,0.3934,0.1944,0.4214,6.7020
16,3000,40,12,2,154.00,760.00,4.5858,12.3373,0.6562,9646.48,0.1037,602.00,1.0366,0.9439,0.4025,3.3232,13.4986
16,3000,40,12,4,154.00,760.00,4.5858,12.3373,0.7446,10155.53,0.0985,600.00,0.9847,1.0125,0.4081,4.8009,13.7772
16,3000,40,12,9,154.00,760.00,4.5858,12.3373,0.8003,9232.47,0.1083,601.00,1.0831,1.1201,0.4415,5.4133,14.9954
16,3000,40,12,12,154.00,760.00,4.5858,12.3373,0.8090,9087.36,0.1100,599.00,1.1004,1.0003,0.4349,3.8771,14.1052
16,3000,40,12,18,154.00,760.00,4.5858,12.3373,0.8167,9806.24,0.1020,602.00,1.0198,1.0547,0.4433,5.2117,13.8833
16,3000,40,12,24,154.00,760.00,4.5858,12.3373,0.8181,9817.80,0.1019,602.00,1.0186,1.0205,0.4846,4.7141,11.9025
16,3000,40,24,4,154.00,760.00,4.5858,12.3373,0.7906,5653.98,0.1769,600.00,1.7687,2.1212,0.8598,9.8391,21.5121
16,3000,40,24,9,154.00,760.00,4.5858,12.3373,0.8715,6172.18,0.1620,603.00,1.6202,2.2502,0.8832,11.7086,20.8513
16,3000,40,24,19,154.00,760.00,4.5858,12.3373,0.9026,6420.12,0.1558,601.00,1.5576,2.0703,0.9094,10.8304,16.7910
16,3000,40,24,24,154.00,760.00,4.5858,12.3373,0.9061,5639.57,0.1773,604.00,1.7732,1.8710,0.8748,8.9905,16.8722
16,3000,40,24,36,154.00,760.00,4.5858,12.3373,0.9089,5782.54,0.1729,600.00,1.7293,1.9942,0.8886,9.7979,18.3585
16,3000,40,24,48,154.00,760.00,4.5858,12.3373,0.9096,6183.09,0.1617,598.00,1.6173,2.0375,0.9435,9.7916,15.9852
16,3000,40,48,9,154.00,760.00,4.5858,12.3373,0.9033,3503.75,0.2854,601.00,2.8541,3.7435,1.8709,14.1676,22.3618
16,3000,40,48,19,154.00,760.00,4.5858,12.3373,0.9497,3400.66,0.2941,605.00,2.9406,4.3054,1.9107,15.7419,22.5979
16,3000,40,48,38,154.00,760.00,4.5858,12.3373,0.9623,3504.90,0.2853,604.00,2.8532,4.3053,1.9882,15.6445,22.6117
16,3000,40,48,48,154.00,760.00,4.5858,12.3373,0.9636,3323.23,0.3009,602.00,3.0091,4.2522,1.9290,15.6291,26.4924
16,3000,40,48,72,154.00,760.00,4.5858,12.3373,0.9642,3444.56,0.2903,591.00,2.9031,4.5073,2.1025,15.3939,20.3743
16,3000,40,48,96,154.00,760.00,4.5858,12.3373,0.9644,3426.17,0.2919,601.00,2.9187,4.2699,2.0664,15.7051,21.3007
16,3000,40,96,19,154.00,760.00,4.5858,12.3373,0.9651,1994.66,0.5013,607.00,5.0134,7.7696,4.6605,19.5119,28.2381
16,3000,40,96,38,154.00,760.00,4.5858,12.3373,0.9849,2067.98,0.4836,597.00,4.8356,7.9568,4.9747,19.1050,27.7483
16,3000,40,96,76,154.00,760.00,4.5858,12.3373,0.9889,1960.48,0.5101,603.00,5.1008,8.2696,5.0145,20.3008,29.7111
16,3000,40,96,96,154.00,760.00,4.5858,12.3373,0.9893,2026.59,0.4934,614.00,4.9344,7.9539,4.8638,19.5337,28.5602
16,3000,40,96,144,154.00,760.00,4.5858,12.3373,0.9894,1930.71,0.5179,615.00,5.1795,8.3546,5.1885,20.1912,28.9959
16,3000,40,96,192,154.00,760.00,4.5858,12.3373,0.9894,2016.45,0.4959,619.00,4.9592,8.5004,5.7039,19.2691,26.3626
16,3000,40,192,38,154.00,760.00,4.5858,12.3373,0.9901,1132.78,0.8828,606.00,8.8278,14.7368,13.8043,29.0986,43.0947
16,3000,40,192,76,154.00,760.00,4.5858,12.3373,0.9966,1059.15,0.9442,611.00,9.4416,15.6852,15.4925,30.6811,43.3274
16,3000,40,192,153,154.00,760.00,4.5858,12.3373,0.9980,1125.63,0.8884,623.00,8.8839,15.7356,14.8448,31.4788,43.0051
16,3000,40,192,192,154.00,760.00,4.5858,12.3373,0.9980,1054.47,0.9483,627.00,9.4835,16.0255,15.5803,31.1929,44.7636
16,3000,40,192,288,154.00,760.00,4.5858,12.3373,0.9981,1082.76,0.9236,613.00,9.2356,16.7508,16.1861,32.9718,46.0978
16,3000,40,192,384,154.00,760.00,4.5858,12.3373,0.9981,1065.12,0.9389,625.00,9.3887,16.0009,14.5571,31.4161,42.6223
16,3000,100,3,1,179.00,756.00,5.0865,11.9963,0.4288,18654.66,0.0536,579.00,0.5361,0.1895,0.0921,0.2111,3.7001
16,3000,100,3,1,179.00,756.00,5.0865,11.9963,0.4288,18539.40,0.0539,581.00,0.5394,0.1748,0.0900,0.2017,0.7189
16,3000,100,3,2,179.00,756.00,5.0865,11.9963,0.4973,16406.31,0.0610,580.00,0.6095,0.1759,0.0926,0.2009,2.2812
16,3000,100,3,3,179.00,756.00,5.0865,11.9963,0.5248,17509.47,0.0571,584.00,0.5711,0.1752,0.0919,0.2106,2.4927
16,3000,100,3,4,179.00,756.00,5.0865,11.9963,0.5370,18165.46,0.0550,578.00,0.5505,0.1789,0.0932,0.1995,2.8464
16,3000,100,3,6,179.00,756.00,5.0865,11.9963,0.5492,16675.39,0.0600,584.00,0.5997,0.1843,0.0968,0.2080,1.5956
16,3000,100,6,1,179.00,756.00,5.0865,11.9963,0.4999,13504.09,0.0741,583.00,0.7405,0.4924,0.1895,0.4888,11.2891
16,3000,100,6,2,179.00,756.00,5.0865,11.9963,0.5972,15311.76,0.0653,584.00,0.6531,0.4139,0.1854,0.4438,8.2319
16,3000,100,6,4,179.00,756.00,5.0865,11.9963,0.6587,15109.63,0.0662,589.00,0.6618,0.3909,0.1860,0.4354,7.4969
16,3000,100,6,6,179.00,756.00,5.0865,11.9963,0.6794,15401.11,0.0649,592.00,0.6493,0.4028,0.1916,0.4561,8.0464
16,3000,100,6,9,179.00,756.00,5.0865,11.9963,0.6904,14414.80,0.0694,589.00,0.6937,0.4438,0.2026,0.4914,7.5917
16,3000,100,6,12,179.00,756.00,5.0865,11.9963,0.6947,13871.61,0.0721,587.00,0.7209,0.5825,0.2036,0.5751,11.1761
16,3000,100,12,2,179.00,756.00,5.0865,11.9963,0.6613,10395.22,0.0962,586.00,0.9620,0.9013,0.3998,3.1807,12.6461
16,3000,100,12,4,179.00,756.00,5.0865,11.9963,0.7493,10137.77,0.0986,589.00,0.9864,1.0001,0.4027,4.8367,14.0608
16,3000,100,12,9,179.00,756.00,5.0865,11.9963,0.8016,10018.29,0.0998,586.00,0.9982,0.8624,0.3986,2.8566,12.7949
16,3000,100,12,12,179.00,756.00,5.0865,11.9963,0.8103,10496.59,0.0953,592.00,0.9527,0.9519,0.4025,4.4051,13.3923
16,3000,100,12,18,179.00,756.00,5.0865,11.9963,0.8165,10433.01,0.0958,593.00,0.9585,0.8676,0.4108,2.9203,12.2625
16,3000,100,12,24,179.00,756.00,5.0865,11.9963,0.8183,10954.01,0.0913,584.00,0.9129,0.8611,0.4203,2.6566,12.3649
16,3000,100,24,4,179.00,756.00,5.0865,11.9963,0.7971,6964.30,0.1436,590.00,1.4359,1.9189,0.8610,9.4827,15.9004
16,3000,100,24,9,179.00,756.00,5.0865,11.9963,0.8754,6443.01,0.1552,588.00,1.5521,1.8292,0.8596,8.6127,17.4210
16,3000,100,24,19,179.00,756.00,5.0865,11.9963,0.9039,5840.67,0.1712,589.00,1.7121,2.1456,0.8944,10.4049,16.9452
16,3000,100,24,24,179.00,756.00,5.0865,11.9963,0.9065,5970.43,0.1675,593.00,1.6749,2.1021,0.9091,9.8003,17.2061
16,3000,100,24,36,179.00,756.00,5.0865,11.9963,0.9086,5873.98,0.1702,594.00,1.7024,2.1287,0.9002,10.7358,20.2418
16,3000,100,24,48,179.00,756.00,5.0865,11.9963,0.9092,5373.09,0.1861,590.00,1.8611,2.3382,1.0784,11.4523,18.0178
16,3000,100,48,9,179.00,756.00,5.0865,11.9963,0.9076,3389.62,0.2950,589.00,2.9502,4.3770,2.3425,15.2725,23.6238
16,3000,100,48,19,179.00,756.00,5.0865,11.9963,0.9528,3630.54,0.2754,585.00,2.7544,4.2942,1.9206,15.4194,21.8551
16,3000,100,48,38,179.00,756.00,5.0865,11.9963,0.9638,3466.21,0.2885,584.00,2.8850,3.8992,2.0529,14.6453,21.5363
16,3000,100,48,48,179.00,756.00,5.0865,11.9963,0.9647,4036.58,0.2477,605.00,2.4773,3.9563,2.2966,13.4663,19.1574
16,3000,100,48,72,179.00,756.00,5.0865,11.9963,0.9652,3686.15,0.2713,593.00,2.7129,4.2575,2.1682,14.4237,19.5492
16,3000,100,48,96,179.00,756.00,5.0865,11.9963,0.9654,3697.16,0.2705,592.00,2.7048,4.3113,2.2523,14.4166,19.5048
16,3000,100,96,19,179.00,756.00,5.0865,11.9963,0.9690,2099.29,0.4764,607.00,4.7635,7.5940,4.5565,18.8615,27.7848
16,3000,100,96,38,179.00,756.00,5.0865,11.9963,0.9863,2053.27,0.4870,594.00,4.8703,8.2666,5.4836,19.4462,28.0820
16,3000,100,96,76,179.00,756.00,5.0865,11.9963,0.9896,1868.34,0.5352,590.00,5.3524,8.5266,5.3613,20.4202,29.3528
16,3000,100,96,96,179.00,756.00,5.0865,11.9963,0.9900,1970.25,0.5075,608.00,5.0755,8.1986,5.3469,19.2001,29.5756
16,3000,100,96,144,179.00,756.00,5.0865,11.9963,0.9900,1940.81,0.5152,593.00,5.1525,8.4217,5.2495,19.8942,28.2488
16,3000,100,96,192,179.00,756.00,5.0865,11.9963,0.9901,1972.88,0.5069,591.00,5.0687,8.5547,5.2816,20.3456,28.4376
16,3000,100,192,38,179.00,756.00,5.0865,11.9963,0.9917,1158.23,0.8634,613.00,8.6338,14.7836,13.5278,28.6356,39.5187
16,3000,100,192,76,179.00,756.00,5.0865,11.9963,0.9969,1140.52,0.8768,616.00,8.7679,15.5935,15.6029,29.2462,40.8594
16,3000,100,192,153,179.00,756.00,5.0865,11.9963,0.9978,1083.76,0.9227,611.00,9.2271,15.8363,15.1220,31.6759,44.6062
16,3000,100,192,192,179.00,756.00,5.0865,11.9963,0.9978,1073.61,0.9314,613.00,9.3144,16.1278,15.1727,32.1843,47.5488
16,3000,100,192,288,179.00,756.00,5.0865,11.9963,0.9979,1005.33,0.9947,609.00,9.9469,17.1179,16.6808,32.8627,42.1053
16,3000,100,192,384,179.00,756.00,5.0865,11.9963,0.9979,1063.52,0.9403,614.00,9.4027,16.0912,15.5888,31.8993,43.9226
16,3000,200,3,1,171.00,758.00,5.6432,12.4905,0.4240,17240.12,0.0580,568.00,0.5800,0.1969,0.0927,0.1971,1.7041
16,3000,200,3,1,171.00,758.00,5.6432,12.4905,0.4240,16169.21,0.0618,574.00,0.6185,0.1689,0.0883,0.1850,1.6375
16,3000,200,3,2,171.00,758.00,5.6432,12.4905,0.4941,16960.76,0.0590,568.00,0.5896,0.1800,0.0914,0.2043,3.5601
16,3000,200,3,3,171.00,758.00,5.6432,12.4905,0.5236,17291.75,0.0578,574.00,0.5783,0.1698,0.0924,0.1997,2.1295
16,3000,200,3,4,171.00,758.00,5.6432,12.4905,0.5383,17524.41,0.0571,573.00,0.5706,0.1869,0.0914,0.2066,2.8754
16,3000,200,3,6,171.00,758.00,5.6432,12.4905,0.5489,16407.54,0.0609,573.00,0.6095,0.1834,0.0940,0.1948,2.5276
16,3000,200,6,1,171.00,758.00,5.6432,12.4905,0.4949,15032.25,0.0665,576.00,0.6652,0.4532,0.1912,0.5308,8.9507
16,3000,200,6,2,171.00,758.00,5.6432,12.4905,0.5920,15136.13,0.0661,577.00,0.6607,0.3652,0.1804,0.4343,7.2671
16,3000,200,6,4,171.00,758.00,5.6432,12.4905,0.6595,13251.47,0.0755,577.00,0.7546,0.3460,0.1799,0.4058,7.3332
16,3000,200,6,6,171.00,758.00,5.6432,12.4905,0.6804,15230.91,0.0657,579.00,0.6566,0.3993,0.1890,0.4453,7.7495
16,3000,200,6,9,171.00,758.00,5.6432,12.4905,0.6919,15645.66,0.0639,578.00,0.6392,0.3922,0.1995,0.4502,7.6242
16,3000,200,6,12,171.00,758.00,5.6432,12.4905,0.6963,12927.33,0.0774,575.00,0.7736,0.4461,0.2001,0.4839,7.6773
16,3000,200,12,2,171.00,758.00,5.6432,12.4905,0.6563,9993.51,0.1001,578.00,1.0006,0.8868,0.3829,3.6677,13.1878
16,3000,200,12,4,171.00,758.00,5.6432,12.4905,0.7501,8885.06,0.1125,579.00,1.1255,1.0356,0.3902,4.3704,15.5885
16,3000,200,12,9,171.00,758.00,5.6432,12.4905,0.8030,9494.76,0.1053,572.00,1.0532,0.9958,0.3972,4.5566,14.1301
16,3000,200,12,12,171.00,758.00,5.6432,12.4905,0.8116,10366.63,0.0965,581.00,0.9646,1.0516,0.4189,5.3595,14.3253
16,3000,200,12,18,171.00,758.00,5.6432,12.4905,0.8176,9915.06,0.1009,575.00,1.0086,0.9862,0.4274,4.9261,12.5629
16,3000,200,12,24,171.00,758.00,5.6432,12.4905,0.8187,10162.45,0.0984,579.00,0.9840,0.9489,0.4269,4.4405,12.1634
16,3000,200,24,4,171.00,758.00,5.6432,12.4905,0.7981,6239.91,0.1603,581.00,1.6026,1.8331,0.8481,8.8385,16.0695
16,3000,200,24,9,171.00,758.00,5.6432,12.4905,0.8762,6355.75,0.1573,595.00,1.5734,2.0721,0.8699,10.8949,16.8933
16,3000,200,24,19,171.00,758.00,5.6432,12.4905,0.9049,6523.20,0.1533,586.00,1.5330,1.9692,0.9455,9.6200,15.4717
16,3000,200,24,24,171.00,758.00,5.6432,12.4905,0.9076,6341.28,0.1577,579.00,1.5770,2.0775,0.8942,10.4493,16.8722
16,3000,200,24,36,171.00,758.00,5.6432,12.4905,0.9096,5747.83,0.1740,579.00,1.7398,1.9601,0.9694,8.9792,16.4939
16,3000,200,24,48,171.00,758.00,5.6432,12.4905,0.9101,6246.93,0.1601,583.00,1.6008,2.0567,0.9050,10.5273,19.3590
16,3000,200,48,9,171.00,758.00,5.6432,12.4905,0.9087,3750.15,0.2667,572.00,2.6666,4.1693,1.9137,15.5110,21.2825
16,3000,200,48,19,171.00,758.00,5.6432,12.4905,0.9524,3383.33,0.2956,579.00,2.9557,4.4803,2.1441,15.2148,21.9779
16,3000,200,48,38,171.00,758.00,5.6432,12.4905,0.9630,3504.99,0.2853,581.00,2.8531,4.4515,2.0673,15.6054,21.7497
16,3000,200,48,48,171.00,758.00,5.6432,12.4905,0.9638,3409.23,0.2933,587.00,2.9332,4.3923,2.0946,15.2176,22.7344
16,3000,200,48,72,171.00,758.00,5.6432,12.4905,0.9642,3315.72,0.3016,589.00,3.0159,4.1826,2.0126,15.9240,24.6084
16,3000,200,48,96,171.00,758.00,5.6432,12.4905,0.9643,3598.15,0.2779,593.00,2.7792,4.3099,2.2536,14.7423,23.0670
16,3000,200,96,19,171.00,758.00,5.6432,12.4905,0.9695,1945.16,0.5141,581.00,5.1410,8.0949,4.7833,20.3485,30.1386
16,3000,200,96,38,171.00,758.00,5.6432,12.4905,0.9862,2036.85,0.4910,578.00,4.9095,8.0058,4.9289,19.3529,27.3414
16,3000,200,96,76,171.00,758.00,5.6432,12.4905,0.9893,1910.95,0.5233,584.00,5.2330,8.3023,5.1194,19.6956,27.9133
16,3000,200,96,96,171.00,758.00,5.6432,12.4905,0.9896,1918.12,0.5213,593.00,5.2134,8.1940,5.3835,19.9964,32.6228
16,3000,200,96,144,171.00,758.00,5.6432,12.4905,0.9897,1960.50,0.5101,599.00,5.1007,8.2781,5.4701,19.7840,27.2010
16,3000,200,96,192,171.00,758.00,5.6432,12.4905,0.9897,1944.02,0.5144,585.00,5.1440,8.7635,5.7139,20.9462,29.9370
16,3000,200,192,38,171.00,758.00,5.6432,12.4905,0.9921,1099.55,0.9095,594.00,9.0947,15.0669,12.9041,32.8602,44.0049
16,3000,200,192,76,171.00,758.00,5.6432,12.4905,0.9972,1060.13,0.9433,594.00,9.4328,14.8748,12.2244,30.8921,42.6990
16,3000,200,192,153,171.00,758.00,5.6432,12.4905,0.9980,1043.27,0.9585,591.00,9.5852,16.0713,14.8879,33.0832,44.2949
16,3000,200,192,192,171.00,758.00,5.6432,12.4905,0.9980,1050.03,0.9524,606.00,9.5235,15.9727,15.3961,31.8157,42.2124
16,3000,200,192,288,171.00,758.00,5.6432,12.4905,0.9980,1104.78,0.9052,602.00,9.0516,16.1435,14.8980,32.3071,45.3125
16,3000,200,192,384,171.00,758.00,5.6432,12.4905,0.9980,1003.20,0.9968,608.00,9.9681,17.0562,16.4867,33.0448,48.2876
16,4000,40,4,1,164.00,766.00,5.2967,12.4080,0.4264,15117.28,0.0661,597.00,0.6615,0.2250,0.0943,0.2068,4.3770
16,4000,40,4,1,164.00,766.00,5.2967,12.4080,0.4264,16757.43,0.0597,603.00,0.5968,0.1856,0.0964,0.2074,3.2295
16,4000,40,4,3,164.00,766.00,5.2967,12.4080,0.5446,19427.00,0.0515,604.00,0.5147,0.1736,0.0982,0.2139,0.7901
16,4000,40,4,4,164.00,766.00,5.2967,12.4080,0.5623,15585.87,0.0642,608.00,0.6416,0.2438,0.0984,0.2255,4.2470
16,4000,40,4,6,164.00,766.00,5.2967,12.4080,0.5777,16690.70,0.0599,606.00,0.5991,0.2023,0.1032,0.2133,3.1098
16,4000,40,4,8,164.00,766.00,5.2967,12.4080,0.5852,15393.90,0.0650,609.00,0.6496,0.1979,0.1021,0.2076,2.0198
16,4000,40,8,1,164.00,766.00,5.2967,12.4080,0.4823,14199.02,0.0704,599.00,0.7043,0.4068,0.1866,0.4325,8.2466
16,4000,40,8,3,164.00,766.00,5.2967,12.4080,0.6446,14899.29,0.0671,612.00,0.6712,0.4053,0.1880,0.4309,8.1405
16,4000,40,8,6,164.00,766.00,5.2967,12.4080,0.6988,13986.18,0.0715,611.00,0.7150,0.3962,0.1970,0.4400,7.0949
16,4000,40,8,8,164.00,766.00,5.2967,12.4080,0.7106,15262.33,0.0655,610.00,0.6552,0.4549,0.2102,0.5032,9.4489
16,4000,40,8,12,164.00,766.00,5.2967,12.4080,0.7193,14396.19,0.0695,614.00,0.6946,0.4291,0.2055,0.4645,8.1247
16,4000,40,8,16,164.00,766.00,5.2967,12.4080,0.7220,13777.68,0.0726,607.00,0.7258,0.4279,0.2191,0.4916,7.4545
16,4000,40,16,3,164.00,766.00,5.2967,12.4080,0.7060,10516.50,0.0951,606.00,0.9509,1.0145,0.4190,4.7280,14.2045
16,4000,40,16,6,164.00,766.00,5.2967,12.4080,0.7856,9459.24,0.1057,614.00,1.0572,1.0027,0.4141,4.6363,14.0851
16,4000,40,16,12,164.00,766.00,5.2967,12.4080,0.8236,9411.04,0.1063,609.00,1.0626,1.0118,0.4257,4.6918,14.1329
16,4000,40,16,16,164.00,766.00,5.2967,12.4080,0.8306,10316.15,0.0969,606.00,0.9694,0.9774,0.4477,4.0506,13.1289
16,4000,40,16,24,164.00,766.00,5.2967,12.4080,0.8361,8871.00,0.1127,607.00,1.1273,0.9213,0.4232,4.3049,12.4126
16,4000,40,16,32,164.00,766.00,5.2967,12.4080,0.8379,9550.15,0.1047,605.00,1.0471,1.0611,0.4733,4.7332,14.0372
16,4000,40,32,6,164.00,766.00,5.2967,12.4080,0.8305,6275.61,0.1593,611.00,1.5935,2.1589,0.8825,12.0542,21.0129
16,4000,40,32,12,164.00,766.00,5.2967,12.4080,0.8902,6073.77,0.1646,610.00,1.6464,2.2208,0.9851,11.2266,16.1247
16,4000,40,32,25,164.00,766.00,5.2967,12.4080,0.9158,5856.06,0.1708,609.00,1.7076,2.2200,0.9447,10.4343,18.0143
16,4000,40,32,32,164.00,766.00,5.2967,12.4080,0.9186,6419.72,0.1558,608.00,1.5577,1.9164,0.9883,7.8334,15.6523
16,4000,40,32,48,164.00,766.00,5.2967,12.4080,0.9202,6163.26,0.1623,607.00,1.6225,2.1596,0.9990,9.8328,16.0420
16,4000,40,32,64,164.00,766.00,5.2967,12.4080,0.9210,5316.26,0.1881,605.00,1.8810,2.3126,1.0165,12.0642,17.7850
16,4000,40,64,12,164.00,766.00,5.2967,12.4080,0.9170,3589.71,0.2786,610.00,2.7857,4.0801,2.0232,14.1367,21.1686
16,4000,40,64,25,164.00,766.00,5.2967,12.4080,0.9567,3331.49,0.3002,602.00,3.0017,3.8649,2.3004,13.4447,22.7422
16,4000,40,64,51,164.00,766.00,5.2967,12.4080,0.9672,3659.68,0.2732,607.00,2.7325,4.0366,2.0573,14.4629,21.4133
16,4000,40,64,64,164.00,766.00,5.2967,12.4080,0.9683,3355.01,0.2981,624.00,2.9806,4.2289,2.1184,14.5550,20.0846
16,4000,40,64,96,164.00,766.00,5.2967,12.4080,0.9687,3692.88,0.2708,612.00,2.7079,4.3331,2.2937,14.5094,21.9149
16,4000,40,64,128,164.00,766.00,5.2967,12.4080,0.9689,3425.91,0.2919,618.00,2.9189,4.3903,2.4663,14.3344,21.5094
16,4000,40,128,25,164.00,766.00,5.2967,12.4080,0.9699,2013.73,0.4966,612.00,4.9659,8.5392,5.2479,20.1223,30.7943
16,4000,40,128,51,164.00,766.00,5.2967,12.4080,0.9868,1963.43,0.5093,629.00,5.0931,8.4664,5.2426,19.9949,29.2368
16,4000,40,128,102,164.00,766.00,5.2967,12.4080,0.9905,1708.90,0.5852,620.00,5.8517,8.5798,4.8905,21.0088,29.7366
16,4000,40,128,128,164.00,766.00,5.2967,12.4080,0.9908,1983.15,0.5042,614.00,5.0425,8.1881,5.2757,20.1883,32.4171
16,4000,40,128,192,164.00,766.00,5.2967,12.4080,0.9911,2025.35,0.4937,613.00,4.9374,8.0561,5.3526,19.8403,29.3268
16,4000,40,128,256,164.00,766.00,5.2967,12.4080,0.9911,1912.85,0.5228,631.00,5.2278,9.2200,5.9255,22.9453,32.6619
16,4000,40,256,51,164.00,766.00,5.2967,12.4080,0.9909,1093.85,0.9142,631.00,9.1420,15.7801,15.2707,31.5890,42.6886
16,4000,40,256,102,164.00,766.00,5.2967,12.4080,0.9964,1071.71,0.9331,628.00,9.3309,16.0907,14.9376,32.9662,48.5076
16,4000,40,256,204,164.00,766.00,5.2967,12.4080,0.9974,1002.49,0.9975,625.00,9.9752,17.2015,16.6134,34.4598,44.4829
16,4000,40,256,256,164.00,766.00,5.2967,12.4080,0.9975,998.60,1.0014,639.00,10.0140,17.7619,17.1577,34.7398,46.1869
16,4000,40,256,384,164.00,766.00,5.2967,12.4080,0.9975,1001.46,0.9985,638.00,9.9854,18.0126,17.3214,34.6443,47.4963
16,4000,40,256,512,164.00,766.00,5.2967,12.4080,0.9976,970.71,1.0302,639.00,10.3017,18.5271,18.3385,33.3200,45.1715
16,4000,100,4,1,196.00,764.00,5.7027,13.4992,0.4377,14166.28,0.0706,612.00,0.7059,0.1753,0.0931,0.1903,2.8125
16,4000,100,4,1,196.00,764.00,5.7027,13.4992,0.4377,14584.58,0.0686,616.00,0.6857,0.2166,0.0947,0.2004,3.5102
16,4000,100,4,3,196.00,764.00,5.7027,13.4992,0.5501,15459.74,0.0647,607.00,0.6468,0.1901,0.1002,0.2134,3.0769
16,4000,100,4,4,196.00,764.00,5.7027,13.4992,0.5668,14855.40,0.0673,622.00,0.6732,0.1797,0.1019,0.2023,0.5860
16,4000,100,4,6,196.00,764.00,5.7027,13.4992,0.5820,17894.43,0.0559,617.00,0.5588,0.1897,0.1046,0.2093,1.7066
16,4000,100,4,8,196.00,764.00,5.7027,13.4992,0.5880,18302.83,0.0546,615.00,0.5464,0.2028,0.1056,0.2099,1.3271
16,4000,100,8,1,196.00,764.00,5.7027,13.4992,0.4949,12953.17,0.0772,619.00,0.7720,0.3789,0.1812,0.3889,6.4348
16,4000,100,8,3,196.00,764.00,5.7027,13.4992,0.6513,13017.93,0.0768,615.00,0.7682,0.3770,0.1887,0.4254,6.6795
16,4000,100,8,6,196.00,764.00,5.7027,13.4992,0.7026,12763.31,0.0783,622.00,0.7835,0.4647,0.2026,0.4721,8.9210
16,4000,100,8,8,196.00,764.00,5.7027,13.4992,0.7131,14607.94,0.0685,614.00,0.6846,0.4276,0.1980,0.4603,8.2588
16,4000,100,8,12,196.00,764.00,5.7027,13.4992,0.7219,15464.30,0.0647,617.00,0.6467,0.3573,0.2028,0.4114,5.6898
16,4000,100,8,16,196.00,764.00,5.7027,13.4992,0.7247,12945.96,0.0772,617.00,0.7724,0.4587,0.2086,0.4449,8.5154
16,4000,100,16,3,196.00,764.00,5.7027,13.4992,0.7157,10079.27,0.0992,624.00,0.9921,0.9368,0.4301,4.4097,12.6043
16,4000,100,16,6,196.00,764.00,5.7027,13.4992,0.7917,8798.29,0.1137,625.00,1.1366,0.9306,0.4252,3.4453,13.0366
16,4000,100,16,12,196.00,764.00,5.7027,13.4992,0.8287,9217.50,0.1085,619.00,1.0849,0.9725,0.4230,3.8818,13.7672
16,4000,100,16,16,196.00,764.00,5.7027,13.4992,0.8347,12518.49,0.0799,616.00,0.7988,1.1004,0.7552,1.8343,11.8665
16,4000,100,16,24,196.00,764.00,5.7027,13.4992,0.8392,14207.91,0.0704,622.00,0.7038,0.8557,0.7856,1.4561,2.0969
16,4000,100,16,32,196.00,764.00,5.7027,13.4992,0.8401,11043.46,0.0906,625.00,0.9055,0.9126,0.6375,1.5359,8.7827
16,4000,100,32,6,196.00,764.00,5.7027,13.4992,0.8389,5548.12,0.1802,626.00,1.8024,2.3630,0.9797,12.8808,20.6580
16,4000,100,32,12,196.00,764.00,5.7027,13.4992,0.8962,5703.84,0.1753,615.00,1.7532,2.3063,1.1009,11.0084,18.0160
16,4000,100,32,25,196.00,764.00,5.7027,13.4992,0.9180,5087.47,0.1966,621.00,1.9656,2.4447,1.2852,9.5182,15.5206
16,4000,100,32,32,196.00,764.00,5.7027,13.4992,0.9208,5871.98,0.1703,615.00,1.7030,2.5330,1.5689,9.7378,16.1583
16,4000,100,32,48,196.00,764.00,5.7027,13.4992,0.9220,6337.24,0.1578,623.00,1.5780,2.1257,1.0919,9.1138,15.6150
16,4000,100,32,64,196.00,764.00,5.7027,13.4992,0.9222,6449.97,0.1550,612.00,1.5504,2.2330,1.1573,9.2816,14.4722
16,4000,100,64,12,196.00,764.00,5.7027,13.4992,0.9252,3406.21,0.2936,622.00,2.9358,4.1648,2.0288,14.6273,22.1725
16,4000,100,64,25,196.00,764.00,5.7027,13.4992,0.9606,3582.67,0.2791,620.00,2.7912,4.0004,2.1999,13.7061,19.2357
16,4000,100,64,51,196.00,764.00,5.7027,13.4992,0.9693,3280.03,0.3049,622.00,3.0488,5.1021,3.4436,15.1053,22.2402
16,4000,100,64,64,196.00,764.00,5.7027,13.4992,0.9698,3556.29,0.2812,618.00,2.8119,4.4873,2.3035,14.7693,20.9600
16,4000,100,64,96,196.00,764.00,5.7027,13.4992,0.9701,3698.69,0.2704,608.00,2.7037,4.5396,2.4818,14.1435,19.2945
16,4000,100,64,128,196.00,764.00,5.7027,13.4992,0.9702,2667.23,0.3749,622.00,3.7492,5.9557,4.2718,15.2826,21.0866
16,4000,100,128,25,196.00,764.00,5.7027,13.4992,0.9745,1652.90,0.6050,612.00,6.0500,8.4587,6.2713,19.9869,28.1037
16,4000,100,128,51,196.00,764.00,5.7027,13.4992,0.9893,1740.15,0.5747,625.00,5.7466,10.2843,8.9114,20.7736,30.8213
16,4000,100,128,102,196.00,764.00,5.7027,13.4992,0.9916,1962.27,0.5096,623.00,5.0961,7.8347,5.6194,18.0341,25.5311
16,4000,100,128,128,196.00,764.00,5.7027,13.4992,0.9917,1730.07,0.5780,630.00,5.7801,9.3314,7.2953,19.6035,27.7753
16,4000,100,128,192,196.00,764.00,5.7027,13.4992,0.9918,1827.49,0.5472,639.00,5.4720,9.3096,7.4624,21.6610,28.9183
16,4000,100,128,256,196.00,764.00,5.7027,13.4992,0.9918,1821.78,0.5489,639.00,5.4891,9.0072,5.8208,20.5835,27.7738
16,4000,100,256,51,196.00,764.00,5.7027,13.4992,0.9938,917.92,1.0894,645.00,10.8942,19.2789,17.2202,42.6107,52.4203
16,4000,100,256,102,196.00,764.00,5.7027,13.4992,0.9975,851.10,1.1749,640.00,11.7495,21.4325,20.1468,42.4279,51.6899
16,4000,100,256,204,196.00,764.00,5.7027,13.4992,0.9981,1086.69,0.9202,641.00,9.2023,17.0324,16.3938,31.8349,42.0382
16,4000,100,256,256,196.00,764.00,5.7027,13.4992,0.9981,789.44,1.2667,648.00,12.6672,22.9071,20.6201,47.1999,60.4362
16,4000,100,256,384,196.00,764.00,5.7027,13.4992,0.9982,866.52,1.1540,643.00,11.5403,17.7598,15.0323,32.7841,43.6306
16,4000,100,256,512,196.00,764.00,5.7027,13.4992,0.9982,956.58,1.0454,649.00,10.4539,19.5543,16.4100,37.2510,50.4041
16,4000,200,4,1,200.00,764.00,2.5160,5.6216,0.4406,35044.20,0.0285,606.00,0.2854,0.3110,0.2629,0.6805,0.9960
16,4000,200,4,1,200.00,764.00,2.5160,5.6216,0.4406,38528.16,0.0260,607.00,0.2596,0.3059,0.2582,0.6611,1.0316
16,4000,200,4,3,200.00,764.00,2.5160,5.6216,0.5541,34949.85,0.0286,608.00,0.2861,0.2892,0.2419,0.6334,0.9450
16,4000,200,4,4,200.00,764.00,2.5160,5.6216,0.5692,36557.61,0.0274,607.00,0.2735,0.2565,0.2152,0.5561,0.8568
16,4000,200,4,6,200.00,764.00,2.5160,5.6216,0.5824,39766.17,0.0251,611.00,0.2515,0.2750,0.2336,0.5880,0.8794
16,4000,200,4,8,200.00,764.00,2.5160,5.6216,0.5887,41401.55,0.0242,610.00,0.2415,0.2878,0.2456,0.6108,0.8996
16,4000,200,8,1,200.00,764.00,2.5160,5.6216,0.4990,25700.37,0.0389,611.00,0.3891,0.5672,0.5052,1.0776,1.6165
16,4000,200,8,3,200.00,764.00,2.5160,5.6216,0.6565,22058.87,0.0453,597.00,0.4533,0.3156,0.2786,0.5640,0.8083
16,4000,200,8,6,200.00,764.00,2.5160,5.6216,0.7046,17997.15,0.0556,604.00,0.5556,0.2861,0.2417,0.5261,0.7772
16,4000,200,8,8,200.00,764.00,2.5160,5.6216,0.7157,18198.30,0.0550,600.00,0.5495,0.3774,0.2953,0.6397,1.1222
16,4000,200,8,12,200.00,764.00,2.5160,5.6216,0.7242,24067.34,0.0416,607.00,0.4155,0.5121,0.4480,1.0232,1.5565
16,4000,200,8,16,200.00,764.00,2.5160,5.6216,0.7272,19580.73,0.0511,606.00,0.5107,0.4501,0.3881,0.9245,1.3354
16,4000,200,16,3,200.00,764.00,2.5160,5.6216,0.7208,12386.73,0.0807,610.00,0.8073,0.9622,0.8568,1.9494,2.6676
16,4000,200,16,6,200.00,764.00,2.5160,5.6216,0.7945,9698.73,0.1031,619.00,1.0311,1.1458,0.9952,2.3392,3.3489
16,4000,200,16,12,200.00,764.00,2.5160,5.6216,0.8303,13061.09,0.0766,607.00,0.7656,0.9517,0.8413,1.8479,2.7569
16,4000,200,16,16,200.00,764.00,2.5160,5.6216,0.8364,10573.53,0.0946,608.00,0.9458,1.1349,0.9603,2.3470,3.3983
16,4000,200,16,24,200.00,764.00,2.5160,5.6216,0.8405,11209.75,0.0892,602.00,0.8921,1.1804,0.9877,2.4974,3.5351
16,4000,200,16,32,200.00,764.00,2.5160,5.6216,0.8416,11012.50,0.0908,602.00,0.9081,1.1360,0.9559,2.3978,3.3874
16,4000,200,32,6,200.00,764.00,2.5160,5.6216,0.8425,7680.86,0.1302,613.00,1.3019,2.0039,1.7878,3.8301,5.4412
16,4000,200,32,12,200.00,764.00,2.5160,5.6216,0.8975,7440.66,0.1344,616.00,1.3440,2.0092,1.7994,3.7550,5.3294
16,4000,200,32,25,200.00,764.00,2.5160,5.6216,0.9187,8608.91,0.1162,614.00,1.1616,1.9733,1.8061,3.4186,5.1867
16,4000,200,32,32,200.00,764.00,2.5160,5.6216,0.9205,8141.00,0.1228,607.00,1.2284,1.7715,1.3762,3.3129,10.8090
16,4000,200,32,48,200.00,764.00,2.5160,5.6216,0.9217,6704.58,0.1492,612.00,1.4915,1.9573,1.5067,4.1160,12.7685
16,4000,200,32,64,200.00,764.00,2.5160,5.6216,0.9220,6908.47,0.1447,611.00,1.4475,1.7694,1.3848,3.0972,11.2099
16,4000,200,64,12,200.00,764.00,2.5160,5.6216,0.9271,4140.39,0.2415,608.00,2.4152,3.6845,2.9128,9.6619,15.9892
16,4000,200,64,25,200.00,764.00,2.5160,5.6216,0.9617,3898.61,0.2565,619.00,2.5650,3.7247,2.9451,9.3108,17.4040
16,4000,200,64,51,200.00,764.00,2.5160,5.6216,0.9690,4120.87,0.2427,613.00,2.4267,3.7798,3.0908,9.2031,16.4027
16,4000,200,64,64,200.00,764.00,2.5160,5.6216,0.9695,3936.03,0.2541,617.00,2.5406,3.8453,3.1376,9.2045,15.9664
16,4000,200,64,96,200.00,764.00,2.5160,5.6216,0.9697,4068.27,0.2458,612.00,2.4580,3.7711,3.1776,8.9369,15.4976
16,4000,200,64,128,200.00,764.00,2.5160,5.6216,0.9697,3803.69,0.2629,608.00,2.6290,3.8327,3.3113,8.3757,14.2259
16,4000,200,128,25,200.00,764.00,2.5160,5.6216,0.9763,2118.32,0.4721,622.00,4.7207,7.5544,6.7479,14.4231,22.4478
16,4000,200,128,51,200.00,764.00,2.5160,5.6216,0.9894,2140.30,0.4672,608.00,4.6722,7.3251,6.5068,14.5992,22.0363
16,4000,200,128,102,200.00,764.00,2.5160,5.6216,0.9914,2021.81,0.4946,623.00,4.9461,7.9067,7.2758,13.5276,23.1515
16,4000,200,128,128,200.00,764.00,2.5160,5.6216,0.9915,2018.90,0.4953,619.00,4.9532,7.7579,6.6780,15.5626,27.5614
16,4000,200,128,192,200.00,764.00,2.5160,5.6216,0.9916,1747.58,0.5722,623.00,5.7222,8.9235,8.3777,15.9783,27.5395
16,4000,200,128,256,200.00,764.00,2.5160,5.6216,0.9916,2047.17,0.4885,616.00,4.8848,8.1036,6.9900,17.7355,25.9179
16,4000,200,256,51,200.00,764.00,2.5160,5.6216,0.9941,1233.78,0.8105,634.00,8.1052,14.0740,12.2934,26.1451,49.5290
16,4000,200,256,102,200.00,764.00,2.5160,5.6216,0.9977,1302.26,0.7679,636.00,7.6790,14.0803,13.0016,25.0406,39.0880
16,4000,200,256,204,200.00,764.00,2.5160,5.6216,0.9982,1269.72,0.7876,637.00,7.8758,13.7934,12.3164,25.8589,40.2350
16,4000,200,256,256,200.00,764.00,2.5160,5.6216,0.9982,1287.18,0.7769,624.00,7.7689,13.9462,12.8223,24.0315,39.1582
16,4000,200,256,384,200.00,764.00,2.5160,5.6216,0.9983,1289.50,0.7755,639.00,7.7550,13.9848,13.3776,19.4953,37.8219
16,4000,200,256,512,200.00,764.00,2.5160,5.6216,0.9983,1259.85,0.7937,633.00,7.9375,14.5367,13.5555,23.6064,37.9225
16,6000,40,6,1,190.00,754.00,3.0643,7.2837,0.4491,20536.20,0.0487,593.00,0.4869,0.1705,0.1132,0.2491,0.6589
16,6000,40,6,2,190.00,754.00,3.0643,7.2837,0.5402,21271.85,0.0470,585.00,0.4701,0.1480,0.1085,0.2283,0.4093
16,6000,40,6,4,190.00,754.00,3.0643,7.2837,0.5986,23403.27,0.0427,581.00,0.4273,0.1285,0.1054,0.2085,0.3575
16,6000,40,6,6,190.00,754.00,3.0643,7.2837,0.6204,21756.36,0.0460,588.00,0.4596,0.1785,0.1213,0.2788,0.7090
16,6000,40,6,9,190.00,754.00,3.0643,7.2837,0.6320,22028.09,0.0454,586.00,0.4540,0.1908,0.1235,0.2686,0.8403
16,6000,40,6,12,190.00,754.00,3.0643,7.2837,0.6363,21018.67,0.0476,579.00,0.4758,0.1621,0.1228,0.2421,0.4183
16,6000,40,12,2,190.00,754.00,3.0643,7.2837,0.6041,17538.29,0.0570,590.00,0.5702,0.3321,0.2289,0.5260,5.4518
16,6000,40,12,4,190.00,754.00,3.0643,7.2837,0.6874,16074.50,0.0622,587.00,0.6221,0.3259,0.2393,0.5055,1.6505
16,6000,40,12,9,190.00,754.00,3.0643,7.2837,0.7427,17051.32,0.0586,585.00,0.5865,0.3487,0.2500,0.5662,2.8610
16,6000,40,12,12,190.00,754.00,3.0643,7.2837,0.7520,14928.64,0.0670,590.00,0.6699,0.4072,0.2833,0.6333,5.7851
16,6000,40,12,18,190.00,754.00,3.0643,7.2837,0.7596,15468.61,0.0646,592.00,0.6465,0.3825,0.2637,0.5759,5.8455
16,6000,40,12,24,190.00,754.00,3.0643,7.2837,0.7620,17642.91,0.0567,591.00,0.5668,0.3540,0.2683,0.5712,1.3866
16,6000,40,24,4,190.00,754.00,3.0643,7.2837,0.7396,12252.96,0.0816,588.00,0.8161,0.8050,0.6127,1.3963,6.5533
16,6000,40,24,9,190.00,754.00,3.0643,7.2837,0.8221,11414.23,0.0876,586.00,0.8761,0.7916,0.5693,1.2520,7.0120
16,6000,40,24,19,190.00,754.00,3.0643,7.2837,0.8547,10981.94,0.0911,588.00,0.9106,0.7409,0.5680,1.2538,6.5599
16,6000,40,24,24,190.00,754.00,3.0643,7.2837,0.8588,11370.77,0.0879,592.00,0.8794,0.8897,0.6488,1.5067,6.9610
16,6000,40,24,36,190.00,754.00,3.0643,7.2837,0.8624,11278.86,0.0887,589.00,0.8866,0.8906,0.6795,1.4836,6.8111
16,6000,40,24,48,190.00,754.00,3.0643,7.2837,0.8637,11891.04,0.0841,585.00,0.8410,0.9311,0.6727,1.5226,7.2478
16,6000,40,48,9,190.00,754.00,3.0643,7.2837,0.8623,7498.70,0.1334,594.00,1.3336,1.7234,1.4617,3.2373,7.8466
16,6000,40,48,19,190.00,754.00,3.0643,7.2837,0.9155,7687.96,0.1301,596.00,1.3007,1.6764,1.3933,2.8099,9.4991
16,6000,40,48,38,190.00,754.00,3.0643,7.2837,0.9320,7640.97,0.1309,587.00,1.3087,1.7272,1.4108,3.0205,9.0799
16,6000,40,48,48,190.00,754.00,3.0643,7.2837,0.9342,7786.59,0.1284,596.00,1.2843,1.7063,1.3540,3.0568,9.9146
16,6000,40,48,72,190.00,754.00,3.0643,7.2837,0.9361,7088.28,0.1411,590.00,1.4108,1.8286,1.4063,3.2979,13.0074
16,6000,40,48,96,190.00,754.00,3.0643,7.2837,0.9366,7349.69,0.1361,592.00,1.3606,1.8315,1.5647,3.0344,9.1688
16,6000,40,96,19,190.00,754.00,3.0643,7.2837,0.9391,4096.22,0.2441,598.00,2.4413,3.6388,2.8061,10.0567,17.1088
16,6000,40,96,38,190.00,754.00,3.0643,7.2837,0.9669,4082.00,0.2450,592.00,2.4498,3.7108,3.0340,9.7089,16.0445
16,6000,40,96,76,190.00,754.00,3.0643,7.2837,0.9758,4233.81,0.2362,595.00,2.3619,3.6758,3.0100,9.2635,16.7472
16,6000,40,96,96,190.00,754.00,3.0643,7.2837,0.9768,4255.97,0.2350,603.00,2.3496,3.7678,3.0846,8.9760,16.6777
16,6000,40,96,144,190.00,754.00,3.0643,7.2837,0.9771,4146.55,0.2412,597.00,2.4116,3.7182,2.8731,9.8857,17.1511
16,6000,40,96,192,190.00,754.00,3.0643,7.2837,0.9773,4206.43,0.2377,600.00,2.3773,3.9830,3.5190,7.1711,15.3965
16,6000,40,192,38,190.00,754.00,3.0643,7.2837,0.9767,2281.12,0.4384,596.00,4.3838,7.2008,6.1654,15.1737,23.7366
16,6000,40,192,76,190.00,754.00,3.0643,7.2837,0.9898,2314.69,0.4320,604.00,4.3202,7.4640,6.4482,15.7543,24.2235
16,6000,40,192,153,190.00,754.00,3.0643,7.2837,0.9924,2184.35,0.4578,603.00,4.5780,7.4978,6.0615,17.7524,26.8582
16,6000,40,192,192,190.00,754.00,3.0643,7.2837,0.9926,2377.80,0.4206,598.00,4.2056,7.5288,7.0510,12.1245,20.3388
16,6000,40,192,288,190.00,754.00,3.0643,7.2837,0.9929,2259.98,0.4425,613.00,4.4248,7.6742,6.9302,14.4368,23.2264
16,6000,40,192,384,190.00,754.00,3.0643,7.2837,0.9929,2189.60,0.4567,615.00,4.5670,8.0002,7.3261,15.0745,22.8707
16,6000,40,384,76,190.00,754.00,3.0643,7.2837,0.9929,1294.95,0.7722,632.00,7.7223,13.8403,12.9174,23.8726,36.8567
16,6000,40,384,153,190.00,754.00,3.0643,7.2837,0.9968,1271.88,0.7862,625.00,7.8624,14.0975,13.2457,23.2224,40.4327
16,6000,40,384,307,190.00,754.00,3.0643,7.2837,0.9976,1244.24,0.8037,631.00,8.0371,14.5335,13.5542,25.4585,38.4345
16,6000,40,384,384,190.00,754.00,3.0643,7.2837,0.9976,1247.52,0.8016,625.00,8.0159,14.5432,13.7967,22.4878,38.0186
16,6000,40,384,576,190.00,754.00,3.0643,7.2837,0.9976,1170.84,0.8541,623.00,8.5409,15.5625,14.5414,27.1703,40.9965
16,6000,40,384,768,190.00,754.00,3.0643,7.2837,0.9977,1094.84,0.9134,641.00,9.1337,17.2557,16.0646,28.5356,42.2137
16,6000,100,6,1,193.00,757.00,3.7323,8.2303,0.4551,29922.97,0.0334,599.00,0.3342,0.1646,0.1381,0.3194,0.5058
16,6000,100,6,2,193.00,757.00,3.7323,8.2303,0.5454,18857.92,0.0530,603.00,0.5303,0.1592,0.1155,0.2445,0.4753
16,6000,100,6,4,193.00,757.00,3.7323,8.2303,0.6042,21058.48,0.0475,601.00,0.4749,0.1657,0.1179,0.2647,0.5368
16,6000,100,6,6,193.00,757.00,3.7323,8.2303,0.6238,20326.94,0.0492,598.00,0.4920,0.1592,0.1247,0.2674,0.4741
16,6000,100,6,9,193.00,757.00,3.7323,8.2303,0.6350,19338.33,0.0517,613.00,0.5171,0.2277,0.1279,0.3155,4.2352
16,6000,100,6,12,193.00,757.00,3.7323,8.2303,0.6390,18942.06,0.0528,605.00,0.5279,0.1952,0.1307,0.2795,0.6692
16,6000,100,12,2,193.00,757.00,3.7323,8.2303,0.6111,15983.07,0.0626,603.00,0.6257,0.3030,0.2354,0.5033,1.0603
16,6000,100,12,4,193.00,757.00,3.7323,8.2303,0.6968,18063.82,0.0554,599.00,0.5536,0.3611,0.2673,0.5756,1.3706
16,6000,100,12,9,193.00,757.00,3.7323,8.2303,0.7506,17411.06,0.0574,606.00,0.5743,0.3405,0.2497,0.5537,1.5186
16,6000,100,12,12,193.00,757.00,3.7323,8.2303,0.7586,17687.21,0.0565,614.00,0.5654,0.3410,0.2541,0.5494,2.2042
16,6000,100,12,18,193.00,757.00,3.7323,8.2303,0.7648,15684.92,0.0638,604.00,0.6376,0.3364,0.2518,0.5423,1.2264
16,6000,100,12,24,193.00,757.00,3.7323,8.2303,0.7661,18187.91,0.0550,602.00,0.5498,0.3331,0.2684,0.5697,0.9553
16,6000,100,24,4,193.00,757.00,3.7323,8.2303,0.7501,10991.74,0.0910,608.00,0.9098,0.7263,0.5570,1.2263,6.4597
16,6000,100,24,9,193.00,757.00,3.7323,8.2303,0.8306,12713.52,0.0787,604.00,0.7866,0.7757,0.6028,1.3391,6.2624
16,6000,100,24,19,193.00,757.00,3.7323,8.2303,0.8608,11754.47,0.0851,604.00,0.8507,0.8468,0.6194,1.4611,6.7596
16,6000,100,24,24,193.00,757.00,3.7323,8.2303,0.8638,12198.46,0.0820,608.00,0.8198,0.7756,0.5877,1.3475,6.4890
16,6000,100,24,36,193.00,757.00,3.7323,8.2303,0.8666,11733.29,0.0852,605.00,0.8523,0.7998,0.5980,1.3238,6.4771
16,6000,100,24,48,193.00,757.00,3.7323,8.2303,0.8676,11795.25,0.0848,603.00,0.8478,0.8169,0.6227,1.3586,6.6450
16,6000,100,48,9,193.00,757.00,3.7323,8.2303,0.8727,7128.95,0.1403,605.00,1.4027,1.9190,1.3897,5.0637,13.7127
16,6000,100,48,19,193.00,757.00,3.7323,8.2303,0.9221,6927.57,0.1444,606.00,1.4435,1.8742,1.4885,3.6589,9.8603
16,6000,100,48,38,193.00,757.00,3.7323,8.2303,0.9358,7433.77,0.1345,609.00,1.3452,1.9787,1.7424,3.2205,8.6459
16,6000,100,48,48,193.00,757.00,3.7323,8.2303,0.9369,7113.14,0.1406,618.00,1.4058,1.7908,1.3347,3.3796,13.2172
16,6000,100,48,72,193.00,757.00,3.7323,8.2303,0.9379,7351.69,0.1360,608.00,1.3602,1.8178,1.4076,3.0642,12.7215
16,6000,100,48,96,193.00,757.00,3.7323,8.2303,0.9380,7052.91,0.1418,609.00,1.4179,1.9345,1.4731,4.1543,12.3639
16,6000,100,96,19,193.00,757.00,3.7323,8.2303,0.9477,4203.56,0.2379,620.00,2.3789,3.5621,2.7521,9.7509,16.8436
16,6000,100,96,38,193.00,757.00,3.7323,8.2303,0.9725,4162.02,0.2403,608.00,2.4027,3.8430,3.0414,10.1176,16.1797
16,6000,100,96,76,193.00,757.00,3.7323,8.2303,0.9776,3897.22,0.2566,612.00,2.5659,3.8327,3.1227,9.1876,18.6836
16,6000,100,96,96,193.00,757.00,3.7323,8.2303,0.9778,3945.15,0.2535,616.00,2.5348,3.6037,2.7834,9.9470,16.9898
16,6000,100,96,144,193.00,757.00,3.7323,8.2303,0.9779,3952.84,0.2530,603.00,2.5298,3.8850,3.1062,10.7508,17.3825
16,6000,100,96,192,193.00,757.00,3.7323,8.2303,0.9779,3981.67,0.2512,613.00,2.5115,3.8808,3.1547,9.3575,16.9313
16,6000,100,192,38,193.00,757.00,3.7323,8.2303,0.9832,2215.77,0.4513,614.00,4.5131,7.3762,6.3503,16.7574,24.8326
16,6000,100,192,76,193.00,757.00,3.7323,8.2303,0.9921,2277.47,0.4391,626.00,4.3908,7.2107,6.3246,15.8850,23.5582
16,6000,100,192,153,193.00,757.00,3.7323,8.2303,0.9936,2186.38,0.4574,618.00,4.5738,7.6428,6.6782,15.3442,25.8235
16,6000,100,192,192,193.00,757.00,3.7323,8.2303,0.9937,2240.66,0.4463,617.00,4.4630,7.5557,6.8124,14.9337,23.0586
16,6000,100,192,288,193.00,757.00,3.7323,8.2303,0.9937,2091.48,0.4781,628.00,4.7813,7.7034,6.4359,18.2150,26.8890
16,6000,100,192,384,193.00,757.00,3.7323,8.2303,0.9938,2209.65,0.4526,628.00,4.5256,8.0127,7.1658,15.1239,24.3425
16,6000,100,384,76,193.00,757.00,3.7323,8.2303,0.9958,1261.48,0.7927,645.00,7.9272,13.9234,12.9951,24.2153,39.5589
16,6000,100,384,153,193.00,757.00,3.7323,8.2303,0.9980,1207.08,0.8284,645.00,8.2845,14.2424,13.1614,26.6241,42.0502
16,6000,100,384,307,193.00,757.00,3.7323,8.2303,0.9983,1232.19,0.8116,640.00,8.1156,14.9135,14.0714,24.5570,37.5861
16,6000,100,384,384,193.00,757.00,3.7323,8.2303,0.9983,1211.85,0.8252,653.00,8.2518,14.5844,13.0865,28.5324,40.9177
16,6000,100,384,576,193.00,757.00,3.7323,8.2303,0.9984,1155.35,0.8655,653.00,8.6554,16.3137,15.4501,25.7076,40.1504
16,6000,100,384,768,193.00,757.00,3.7323,8.2303,0.9984,1156.56,0.8646,642.00,8.6463,16.1236,14.7892,27.7021,41.6062
16,6000,200,6,1,198.00,753.00,4.1463,8.6190,0.4490,17949.06,0.0557,591.00,0.5571,0.1810,0.1203,0.2656,0.6298
16,6000,200,6,2,198.00,753.00,4.1463,8.6190,0.5509,21099.47,0.0474,605.00,0.4739,0.1537,0.1121,0.2456,0.4672
16,6000,200,6,4,198.00,753.00,4.1463,8.6190,0.6082,19668.29,0.0508,602.00,0.5084,0.1784,0.1295,0.3078,0.4955
16,6000,200,6,6,198.00,753.00,4.1463,8.6190,0.6273,19800.86,0.0505,600.00,0.5050,0.1611,0.1091,0.2356,0.5750
16,6000,200,6,9,198.00,753.00,4.1463,8.6190,0.6368,19069.57,0.0524,599.00,0.5244,0.1666,0.1156,0.2502,0.6346
16,6000,200,6,12,198.00,753.00,4.1463,8.6190,0.6414,22673.32,0.0441,602.00,0.4410,0.1666,0.1247,0.2622,0.4659
16,6000,200,12,2,198.00,753.00,4.1463,8.6190,0.6150,18343.82,0.0545,601.00,0.5451,0.3252,0.2360,0.5254,1.2550
16,6000,200,12,4,198.00,753.00,4.1463,8.6190,0.6985,17908.10,0.0558,600.00,0.5584,0.3083,0.2290,0.5090,1.0695
16,6000,200,12,9,198.00,753.00,4.1463,8.6190,0.7492,17362.21,0.0576,602.00,0.5760,0.3045,0.2312,0.5061,0.9380
16,6000,200,12,12,198.00,753.00,4.1463,8.6190,0.7580,18442.29,0.0542,601.00,0.5422,0.2894,0.2318,0.4867,0.8206
16,6000,200,12,18,198.00,753.00,4.1463,8.6190,0.7644,18416.40,0.0543,607.00,0.5430,0.3461,0.2542,0.5500,2.7474
16,6000,200,12,24,198.00,753.00,4.1463,8.6190,0.7663,18932.06,0.0528,604.00,0.5282,0.3446,0.2591,0.5489,1.1456
16,6000,200,24,4,198.00,753.00,4.1463,8.6190,0.7532,11567.80,0.0864,603.00,0.8645,0.8100,0.5724,1.4244,6.7251
16,6000,200,24,9,198.00,753.00,4.1463,8.6190,0.8309,11070.94,0.0903,603.00,0.9033,0.7620,0.5689,1.3341,6.5473
16,6000,200,24,19,198.00,753.00,4.1463,8.6190,0.8610,12109.59,0.0826,614.00,0.8258,0.8483,0.5817,1.4424,6.9187
16,6000,200,24,24,198.00,753.00,4.1463,8.6190,0.8637,12827.73,0.0780,599.00,0.7796,0.7385,0.5947,1.2790,4.6957
16,6000,200,24,36,198.00,753.00,4.1463,8.6190,0.8663,11518.89,0.0868,604.00,0.8681,0.7332,0.5844,1.2599,4.6570
16,6000,200,24,48,198.00,753.00,4.1463,8.6190,0.8669,12769.65,0.0783,602.00,0.7831,0.7551,0.5955,1.2781,6.0354
16,6000,200,48,9,198.00,753.00,4.1463,8.6190,0.8728,7006.48,0.1427,611.00,1.4273,1.7464,1.3519,3.1765,10.7454
16,6000,200,48,19,198.00,753.00,4.1463,8.6190,0.9225,7322.44,0.1366,613.00,1.3657,1.8091,1.3465,4.8224,10.6004
16,6000,200,48,38,198.00,753.00,4.1463,8.6190,0.9364,7113.10,0.1406,608.00,1.4059,1.8304,1.4454,3.4436,10.4596
16,6000,200,48,48,198.00,753.00,4.1463,8.6190,0.9376,7640.53,0.1309,615.00,1.3088,1.8612,1.3979,3.3284,13.7501
16,6000,200,48,72,198.00,753.00,4.1463,8.6190,0.9383,7460.77,0.1340,597.00,1.3403,1.8930,1.4760,3.4090,12.2149
16,6000,200,48,96,198.00,753.00,4.1463,8.6190,0.9385,6929.88,0.1443,612.00,1.4430,2.0164,1.5996,4.0903,11.1838
16,6000,200,96,19,198.00,753.00,4.1463,8.6190,0.9486,4291.78,0.2330,617.00,2.3300,3.6640,3.1577,6.3790,16.0330
16,6000,200,96,38,198.00,753.00,4.1463,8.6190,0.9726,3914.53,0.2555,602.00,2.5546,3.7254,3.0116,9.4484,18.3314
16,6000,200,96,76,198.00,753.00,4.1463,8.6190,0.9778,4249.86,0.2353,617.00,2.3530,3.8746,3.1579,9.5467,17.2553
16,6000,200,96,96,198.00,753.00,4.1463,8.6190,0.9781,4036.21,0.2478,604.00,2.4776,3.8549,3.1103,9.7054,16.6879
16,6000,200,96,144,198.00,753.00,4.1463,8.6190,0.9783,4120.54,0.2427,602.00,2.4269,3.9245,3.3030,9.4199,15.6387
16,6000,200,96,192,198.00,753.00,4.1463,8.6190,0.9783,3871.38,0.2583,601.00,2.5831,4.0394,3.3171,9.7741,17.7188
16,6000,200,192,38,198.00,753.00,4.1463,8.6190,0.9837,2213.27,0.4518,625.00,4.5182,7.3750,6.6461,13.6339,25.6349
16,6000,200,192,76,198.00,753.00,4.1463,8.6190,0.9926,2292.56,0.4362,613.00,4.3619,7.3392,6.6447,14.3307,22.0459
16,6000,200,192,153,198.00,753.00,4.1463,8.6190,0.9938,2277.92,0.4390,615.00,4.3900,7.5559,6.7902,14.6924,23.8128
16,6000,200,192,192,198.00,753.00,4.1463,8.6190,0.9939,2261.00,0.4423,607.00,4.4228,7.6221,6.8134,15.3248,24.5908
16,6000,200,192,288,198.00,753.00,4.1463,8.6190,0.9938,2207.22,0.4531,628.00,4.5306,7.6337,6.6855,16.1545,23.7710
16,6000,200,192,384,198.00,753.00,4.1463,8.6190,0.9938,2259.76,0.4425,628.00,4.4253,7.9623,7.2660,15.2987,22.3848
16,6000,200,384,76,198.00,753.00,4.1463,8.6190,0.9959,1280.65,0.7809,640.00,7.8085,14.1490,13.4849,20.2891,36.2116
16,6000,200,384,153,198.00,753.00,4.1463,8.6190,0.9983,1202.64,0.8315,630.00,8.3150,14.1677,13.2617,23.1571,39.2345
16,6000,200,384,307,198.00,753.00,4.1463,8.6190,0.9986,1236.01,0.8091,646.00,8.0905,14.6182,14.1261,21.3727,34.5615
16,6000,200,384,384,198.00,753.00,4.1463,8.6190,0.9986,1225.13,0.8162,639.00,8.1624,14.9646,14.0048,26.2165,34.6801
16,6000,200,384,576,198.00,753.00,4.1463,8.6190,0.9987,1179.46,0.8478,644.00,8.4784,15.3845,14.2859,26.1225,34.0279
16,6000,200,384,768,198.00,753.00,4.1463,8.6190,0.9987,1158.25,0.8634,651.00,8.6337,16.1311,15.5526,24.7683,31.9363
16,8000,40,8,1,202.00,751.00,1.7816,4.8027,0.4401,45241.30,0.0221,609.00,0.2210,0.2366,0.1995,0.4979,0.7162
16,8000,40,8,3,202.00,751.00,1.7816,4.8027,0.5915,27146.19,0.0368,603.00,0.3684,0.1452,0.1268,0.2672,0.3704
16,8000,40,8,6,202.00,751.00,1.7816,4.8027,0.6454,20928.24,0.0478,601.00,0.4778,0.1370,0.1146,0.2371,0.3406
16,8000,40,8,8,202.00,751.00,1.7816,4.8027,0.6571,17668.11,0.0566,603.00,0.5660,0.1573,0.1274,0.2690,0.3950
16,8000,40,8,12,202.00,751.00,1.7816,4.8027,0.6666,36327.23,0.0275,603.00,0.2753,0.1962,0.1685,0.3920,0.5477
16,8000,40,8,16,202.00,751.00,1.7816,4.8027,0.6698,38657.31,0.0259,598.00,0.2587,0.1804,0.1513,0.3439,0.4961
16,8000,40,16,3,202.00,751.00,1.7816,4.8027,0.6548,24230.63,0.0413,598.00,0.4127,0.4473,0.3975,0.8819,1.2032
16,8000,40,16,6,202.00,751.00,1.7816,4.8027,0.7344,24924.40,0.0401,605.00,0.4012,0.4406,0.3891,0.8404,1.1407
16,8000,40,16,12,202.00,751.00,1.7816,4.8027,0.7745,25092.11,0.0399,604.00,0.3985,0.4745,0.4118,0.9545,1.3240
16,8000,40,16,16,202.00,751.00,1.7816,4.8027,0.7831,25175.04,0.0397,604.00,0.3972,0.4921,0.4206,1.0476,1.5475
16,8000,40,16,24,202.00,751.00,1.7816,4.8027,0.7891,26212.85,0.0381,607.00,0.3815,0.4841,0.4316,0.9220,1.2519
16,8000,40,16,32,202.00,751.00,1.7816,4.8027,0.7907,25961.86,0.0385,613.00,0.3852,0.4718,0.4216,0.9020,1.2465
16,8000,40,32,6,202.00,751.00,1.7816,4.8027,0.7857,15862.27,0.0630,607.00,0.6304,1.0428,0.9581,1.8601,2.5854
16,8000,40,32,12,202.00,751.00,1.7816,4.8027,0.8487,16180.16,0.0618,609.00,0.6180,1.0575,0.9629,1.8495,2.5650
16,8000,40,32,25,202.00,751.00,1.7816,4.8027,0.8773,16015.97,0.0624,610.00,0.6244,1.0565,0.9655,1.8831,2.5686
16,8000,40,32,32,202.00,751.00,1.7816,4.8027,0.8808,15864.96,0.0630,607.00,0.6303,1.0724,0.9822,1.8852,2.5774
16,8000,40,32,48,202.00,751.00,1.7816,4.8027,0.8832,15261.36,0.0655,608.00,0.6552,1.1017,1.0033,1.9694,2.7508
16,8000,40,32,64,202.00,751.00,1.7816,4.8027,0.8837,14938.57,0.0669,607.00,0.6694,1.0704,0.9799,1.9256,2.5773
16,8000,40,64,12,202.00,751.00,1.7816,4.8027,0.8830,8449.12,0.1184,605.00,1.1836,2.0685,1.7855,3.4895,11.0360
16,8000,40,64,25,202.00,751.00,1.7816,4.8027,0.9310,6649.33,0.1504,613.00,1.5039,1.9795,1.7278,3.3112,8.6495
16,8000,40,64,51,202.00,751.00,1.7816,4.8027,0.9458,6478.40,0.1544,606.00,1.5436,2.0903,1.9471,3.5907,4.9938
16,8000,40,64,64,202.00,751.00,1.7816,4.8027,0.9471,8364.11,0.1196,603.00,1.1956,2.0805,1.9625,3.3895,4.2746
16,8000,40,64,96,202.00,751.00,1.7816,4.8027,0.9481,8195.14,0.1220,605.00,1.2202,2.1172,2.0199,3.5140,4.4880
16,8000,40,64,128,202.00,751.00,1.7816,4.8027,0.9485,8178.56,0.1223,606.00,1.2227,2.1429,2.0132,3.5570,4.7116
16,8000,40,128,25,202.00,751.00,1.7816,4.8027,0.9506,4662.32,0.2145,609.00,2.1449,4.0447,3.8306,6.3161,8.4379
16,8000,40,128,51,202.00,751.00,1.7816,4.8027,0.9760,4643.90,0.2153,617.00,2.1534,4.0985,3.8970,6.3140,8.3533
16,8000,40,128,102,202.00,751.00,1.7816,4.8027,0.9816,4347.70,0.2300,611.00,2.3001,3.9939,3.4777,7.8283,15.5766
16,8000,40,128,128,202.00,751.00,1.7816,4.8027,0.9821,3757.12,0.2662,604.00,2.6616,3.9994,3.2777,9.6883,16.5382
16,8000,40,128,192,202.00,751.00,1.7816,4.8027,0.9824,3900.35,0.2564,609.00,2.5639,4.1205,3.4142,10.0922,17.9774
16,8000,40,128,256,202.00,751.00,1.7816,4.8027,0.9823,3613.27,0.2768,611.00,2.7676,4.2070,3.5544,9.7595,17.5869
16,8000,40,256,51,202.00,751.00,1.7816,4.8027,0.9838,2216.16,0.4512,617.00,4.5123,7.4935,6.5706,17.5967,23.4972
16,8000,40,256,102,202.00,751.00,1.7816,4.8027,0.9933,2194.63,0.4557,627.00,4.5566,7.5942,6.6980,17.0843,26.0574
16,8000,40,256,204,202.00,751.00,1.7816,4.8027,0.9954,2162.50,0.4624,630.00,4.6243,7.7290,6.8603,17.0735,24.2874
16,8000,40,256,256,202.00,751.00,1.7816,4.8027,0.9955,2099.02,0.4764,630.00,4.7641,7.8833,6.7350,18.3107,26.0077
16,8000,40,256,384,202.00,751.00,1.7816,4.8027,0.9955,2036.98,0.4909,629.00,4.9092,8.4690,7.3981,19.0656,25.4485
16,8000,40,256,512,202.00,751.00,1.7816,4.8027,0.9956,1924.38,0.5196,625.00,5.1965,9.1196,8.3106,18.3223,25.7623
16,8000,40,512,102,202.00,751.00,1.7816,4.8027,0.9955,1208.64,0.8274,654.00,8.2738,14.6759,13.7492,24.6293,39.5048
16,8000,40,512,204,202.00,751.00,1.7816,4.8027,0.9984,1134.02,0.8818,642.00,8.8182,14.8898,12.7749,32.1867,46.0080
16,8000,40,512,409,202.00,751.00,1.7816,4.8027,0.9987,1152.02,0.8680,658.00,8.6804,16.0882,14.6903,28.4393,43.0750
16,8000,40,512,512,202.00,751.00,1.7816,4.8027,0.9988,1132.09,0.8833,650.00,8.8332,16.1359,14.7050,28.6829,44.2622
16,8000,40,512,768,202.00,751.00,1.7816,4.8027,0.9988,1057.22,0.9459,664.00,9.4587,17.3481,15.7934,30.4548,44.3752
16,8000,40,512,1024,202.00,751.00,1.7816,4.8027,0.9988,965.94,1.0353,658.00,10.3526,19.2627,18.0122,31.3416,46.2282
16,8000,100,8,1,218.00,753.00,4.0924,8.5972,0.4502,21055.88,0.0475,615.00,0.4749,0.1461,0.1088,0.2205,0.4112
16,8000,100,8,3,218.00,753.00,4.0924,8.5972,0.6005,19428.52,0.0515,612.00,0.5147,0.1561,0.1177,0.2368,0.4773
16,8000,100,8,6,218.00,753.00,4.0924,8.5972,0.6502,17640.96,0.0567,623.00,0.5669,0.2095,0.1285,0.2737,2.0006
16,8000,100,8,8,218.00,753.00,4.0924,8.5972,0.6596,18781.63,0.0532,615.00,0.5324,0.1630,0.1219,0.2365,0.4531
16,8000,100,8,12,218.00,753.00,4.0924,8.5972,0.6683,18912.34,0.0529,617.00,0.5288,0.1790,0.1283,0.2511,0.5707
16,8000,100,8,16,218.00,753.00,4.0924,8.5972,0.6714,21189.89,0.0472,616.00,0.4719,0.1648,0.1378,0.2486,0.3906
16,8000,100,16,3,218.00,753.00,4.0924,8.5972,0.6684,19026.51,0.0526,615.00,0.5256,0.3179,0.2632,0.5065,0.7998
16,8000,100,16,6,218.00,753.00,4.0924,8.5972,0.7423,18756.16,0.0533,617.00,0.5332,0.3299,0.2499,0.5175,1.0598
16,8000,100,16,12,218.00,753.00,4.0924,8.5972,0.7776,18544.30,0.0539,612.00,0.5392,0.3409,0.2567,0.5208,1.4923
16,8000,100,16,16,218.00,753.00,4.0924,8.5972,0.7845,17516.51,0.0571,617.00,0.5709,0.2911,0.2481,0.4750,0.7173
16,8000,100,16,24,218.00,753.00,4.0924,8.5972,0.7892,15027.91,0.0665,627.00,0.6654,0.3663,0.2639,0.5482,4.3906
16,8000,100,16,32,218.00,753.00,4.0924,8.5972,0.7904,18985.01,0.0527,612.00,0.5267,0.3667,0.2916,0.5661,1.0777
16,8000,100,32,6,218.00,753.00,4.0924,8.5972,0.7966,11716.67,0.0853,616.00,0.8535,0.8488,0.6498,1.4589,6.6586
16,8000,100,32,12,218.00,753.00,4.0924,8.5972,0.8538,10203.88,0.0980,620.00,0.9800,0.8485,0.6397,1.3979,6.8399
16,8000,100,32,25,218.00,753.00,4.0924,8.5972,0.8783,12147.37,0.0823,621.00,0.8232,0.8072,0.6516,1.3123,6.4269
16,8000,100,32,32,218.00,753.00,4.0924,8.5972,0.8813,11850.86,0.0844,618.00,0.8438,0.7942,0.6443,1.2756,6.4099
16,8000,100,32,48,218.00,753.00,4.0924,8.5972,0.8833,11986.15,0.0834,619.00,0.8343,0.9899,0.7199,1.6287,7.3038
16,8000,100,32,64,218.00,753.00,4.0924,8.5972,0.8840,12054.78,0.0830,616.00,0.8295,0.8667,0.7123,1.3482,6.3315
16,8000,100,64,12,218.00,753.00,4.0924,8.5972,0.8911,7268.93,0.1376,627.00,1.3757,1.9338,1.5414,3.4695,11.3346
16,8000,100,64,25,218.00,753.00,4.0924,8.5972,0.9336,7183.45,0.1392,624.00,1.3921,1.9224,1.5557,3.1881,11.5438
16,8000,100,64,51,218.00,753.00,4.0924,8.5972,0.9458,7508.05,0.1332,612.00,1.3319,2.0399,1.6762,3.5207,10.7435
16,8000,100,64,64,218.00,753.00,4.0924,8.5972,0.9471,6947.52,0.1439,629.00,1.4394,1.9599,1.5115,4.6637,11.8834
16,8000,100,64,96,218.00,753.00,4.0924,8.5972,0.9475,7099.50,0.1409,621.00,1.4086,1.9352,1.6244,3.0117,11.5088
16,8000,100,64,128,218.00,753.00,4.0924,8.5972,0.9476,6872.77,0.1455,624.00,1.4550,2.0463,1.6850,3.0997,11.5000
16,8000,100,128,25,218.00,753.00,4.0924,8.5972,0.9559,4098.96,0.2440,618.00,2.4396,3.8752,3.2946,9.2325,15.3544
16,8000,100,128,51,218.00,753.00,4.0924,8.5972,0.9769,4105.08,0.2436,632.00,2.4360,3.8070,3.2038,8.3594,16.9560
16,8000,100,128,102,218.00,753.00,4.0924,8.5972,0.9811,3905.58,0.2560,620.00,2.5604,3.9534,3.2561,9.8319,16.7484
16,8000,100,128,128,218.00,753.00,4.0924,8.5972,0.9814,4053.48,0.2467,631.00,2.4670,4.0315,3.6181,7.2943,15.3162
16,8000,100,128,192,218.00,753.00,4.0924,8.5972,0.9817,3858.06,0.2592,619.00,2.5920,4.1127,3.5303,9.3571,16.1361
16,8000,100,128,256,218.00,753.00,4.0924,8.5972,0.9817,3771.72,0.2651,620.00,2.6513,4.3382,3.4533,10.2781,17.5895
16,8000,100,256,51,218.00,753.00,4.0924,8.5972,0.9866,2151.33,0.4648,640.00,4.6483,7.5962,6.6761,16.4381,25.2624
16,8000,100,256,102,218.00,753.00,4.0924,8.5972,0.9943,2159.44,0.4631,640.00,4.6308,7.5807,6.3665,17.7635,25.5651
16,8000,100,256,204,218.00,753.00,4.0924,8.5972,0.9954,2205.03,0.4535,630.00,4.5351,7.9332,7.0240,16.2348,22.7658
16,8000,100,256,256,218.00,753.00,4.0924,8.5972,0.9955,2186.44,0.4574,631.00,4.5736,7.9759,7.0770,16.8251,24.5743
16,8000,100,256,384,218.00,753.00,4.0924,8.5972,0.9956,2142.07,0.4668,631.00,4.6684,8.1917,7.3622,17.2822,23.7843
16,8000,100,256,512,218.00,753.00,4.0924,8.5972,0.9956,1964.61,0.5090,633.00,5.0901,9.0737,8.4393,16.3919,23.9933
16,8000,100,512,102,218.00,753.00,4.0924,8.5972,0.9966,1221.37,0.8188,659.00,8.1875,14.5741,13.9853,20.9181,36.4079
16,8000,100,512,204,218.00,753.00,4.0924,8.5972,0.9985,1215.89,0.8224,647.00,8.2245,14.9088,14.3261,21.5884,36.7992
16,8000,100,512,409,218.00,753.00,4.0924,8.5972,0.9988,1156.28,0.8648,663.00,8.6485,15.6741,14.8554,24.6184,39.5483
16,8000,100,512,512,218.00,753.00,4.0924,8.5972,0.9988,1131.39,0.8839,666.00,8.8387,15.6135,14.4679,28.1496,42.1004
16,8000,100,512,768,218.00,753.00,4.0924,8.5972,0.9988,1085.42,0.9213,666.00,9.2130,16.9307,15.6238,29.6131,42.6413
16,8000,100,512,1024,218.00,753.00,4.0924,8.5972,0.9988,1018.13,0.9822,660.00,9.8219,18.6167,18.1135,25.7303,41.2452
16,8000,200,8,1,213.00,753.00,4.7826,9.4223,0.4518,18856.71,0.0530,593.00,0.5303,0.1488,0.1132,0.2526,0.4998
16,8000,200,8,3,213.00,753.00,4.7826,9.4223,0.6027,22988.30,0.0435,597.00,0.4350,0.1570,0.1237,0.2625,0.4655
16,8000,200,8,6,213.00,753.00,4.7826,9.4223,0.6508,20278.46,0.0493,595.00,0.4931,0.1505,0.1289,0.2573,0.4217
16,8000,200,8,8,213.00,753.00,4.7826,9.4223,0.6611,19415.16,0.0515,608.00,0.5151,0.2109,0.1431,0.3112,1.0332
16,8000,200,8,12,213.00,753.00,4.7826,9.4223,0.6698,21846.86,0.0458,601.00,0.4577,0.1777,0.1426,0.2867,0.5095
16,8000,200,8,16,213.00,753.00,4.7826,9.4223,0.6726,19886.73,0.0503,601.00,0.5028,0.2168,0.1491,0.3196,1.3203
16,8000,200,16,3,213.00,753.00,4.7826,9.4223,0.6686,18040.65,0.0554,602.00,0.5543,0.3400,0.2600,0.5522,0.9858
16,8000,200,16,6,213.00,753.00,4.7826,9.4223,0.7432,16356.22,0.0611,601.00,0.6114,0.3946,0.2975,0.6754,1.7289
16,8000,200,16,12,213.00,753.00,4.7826,9.4223,0.7793,16503.73,0.0606,609.00,0.6059,0.3630,0.2760,0.5907,1.3829
16,8000,200,16,16,213.00,753.00,4.7826,9.4223,0.7856,16162.76,0.0619,602.00,0.6187,0.3632,0.2736,0.5824,1.6248
16,8000,200,16,24,213.00,753.00,4.7826,9.4223,0.7903,17570.94,0.0569,595.00,0.5691,0.3856,0.2968,0.6197,1.2618
16,8000,200,16,32,213.00,753.00,4.7826,9.4223,0.7917,15506.44,0.0645,604.00,0.6449,0.3589,0.2933,0.5756,1.0620
16,8000,200,32,6,213.00,753.00,4.7826,9.4223,0.7984,11632.84,0.0860,599.00,0.8596,0.8171,0.6244,1.3254,6.5698
16,8000,200,32,12,213.00,753.00,4.7826,9.4223,0.8576,11939.92,0.0838,612.00,0.8375,0.8609,0.6627,1.4619,6.5051
16,8000,200,32,25,213.00,753.00,4.7826,9.4223,0.8817,11126.04,0.0899,600.00,0.8988,0.8798,0.6899,1.4083,6.7192
16,8000,200,32,32,213.00,753.00,4.7826,9.4223,0.8842,10663.76,0.0938,607.00,0.9378,0.8781,0.6219,1.4850,7.0909
16,8000,200,32,48,213.00,753.00,4.7826,9.4223,0.8858,12140.26,0.0824,597.00,0.8237,0.9576,0.6905,1.4549,8.7478
16,8000,200,32,64,213.00,753.00,4.7826,9.4223,0.8859,12343.08,0.0810,602.00,0.8102,0.9979,0.7686,1.6409,7.0197
16,8000,200,64,12,213.00,753.00,4.7826,9.4223,0.8956,6835.17,0.1463,601.00,1.4630,1.8711,1.4137,3.5679,12.4114
16,8000,200,64,25,213.00,753.00,4.7826,9.4223,0.9372,6887.12,0.1452,602.00,1.4520,1.8965,1.4430,3.2358,13.2613
16,8000,200,64,51,213.00,753.00,4.7826,9.4223,0.9479,6989.41,0.1431,602.00,1.4307,2.0105,1.5632,3.3950,13.9199
16,8000,200,64,64,213.00,753.00,4.7826,9.4223,0.9486,6998.10,0.1429,604.00,1.4290,1.9857,1.5489,3.4978,13.4259
16,8000,200,64,96,213.00,753.00,4.7826,9.4223,0.9488,6905.35,0.1448,606.00,1.4482,2.0104,1.5563,3.5040,13.5860
16,8000,200,64,128,213.00,753.00,4.7826,9.4223,0.9489,6568.72,0.1522,613.00,1.5224,2.2961,1.6788,7.3997,14.3338
16,8000,200,128,25,213.00,753.00,4.7826,9.4223,0.9599,3907.72,0.2559,610.00,2.5590,4.1790,3.3789,10.4575,17.9482
16,8000,200,128,51,213.00,753.00,4.7826,9.4223,0.9784,3777.14,0.2648,615.00,2.6475,4.0942,3.4337,9.0967,16.2762
16,8000,200,128,102,213.00,753.00,4.7826,9.4223,0.9821,3836.28,0.2607,605.00,2.6067,4.2303,3.4431,10.6759,17.3596
16,8000,200,128,128,213.00,753.00,4.7826,9.4223,0.9823,3750.08,0.2667,603.00,2.6666,4.1057,3.2788,10.3202,18.9287
16,8000,200,128,192,213.00,753.00,4.7826,9.4223,0.9823,3875.77,0.2580,615.00,2.5801,4.2926,3.6874,9.5103,16.7948
16,8000,200,128,256,213.00,753.00,4.7826,9.4223,0.9823,3639.91,0.2747,605.00,2.7473,4.4123,3.6706,10.5932,18.2719
16,8000,200,256,51,213.00,753.00,4.7826,9.4223,0.9876,2109.08,0.4741,619.00,4.7414,7.7907,6.6527,17.3110,25.6878
16,8000,200,256,102,213.00,753.00,4.7826,9.4223,0.9944,2067.47,0.4837,615.00,4.8368,8.1297,7.1317,17.8155,25.5346
16,8000,200,256,204,213.00,753.00,4.7826,9.4223,0.9953,2139.88,0.4673,614.00,4.6732,8.0384,6.9495,17.9177,24.9850
16,8000,200,256,256,213.00,753.00,4.7826,9.4223,0.9954,2050.91,0.4876,628.00,4.8759,8.1410,7.1972,17.4901,25.7724
16,8000,200,256,384,213.00,753.00,4.7826,9.4223,0.9954,2098.52,0.4765,626.00,4.7653,8.7042,8.2063,13.2466,22.7726
16,8000,200,256,512,213.00,753.00,4.7826,9.4223,0.9954,2072.71,0.4825,618.00,4.8246,8.9847,8.2885,16.1270,24.3581
16,8000,200,512,102,213.00,753.00,4.7826,9.4223,0.9971,1158.17,0.8634,641.00,8.6343,14.9005,13.9169,25.8938,39.3773
16,8000,200,512,204,213.00,753.00,4.7826,9.4223,0.9987,1171.95,0.8533,637.00,8.5328,15.3550,14.2085,27.8008,41.1641
16,8000,200,512,409,213.00,753.00,4.7826,9.4223,0.9989,1143.00,0.8749,636.00,8.7489,16.1421,15.3387,24.6700,41.0981
16,8000,200,512,512,213.00,753.00,4.7826,9.4223,0.9989,1110.81,0.9002,646.00,9.0025,16.2651,15.2226,28.2284,43.4917
16,8000,200,512,768,213.00,753.00,4.7826,9.4223,0.9989,1075.14,0.9301,658.00,9.3011,17.3209,16.4142,27.8050,41.9810
16,8000,200,512,1024,213.00,753.00,4.7826,9.4223,0.9989,976.04,1.0245,660.00,10.2455,18.7747,17.5368,31.1278,44.9103
16,10000,40,10,2,211.00,748.00,3.6431,8.0912,0.5488,18920.50,0.0529,596.00,0.5285,0.2104,0.1393,0.2923,0.8855
16,10000,40,10,4,211.00,748.00,3.6431,8.0912,0.6267,23333.68,0.0429,594.00,0.4286,0.1949,0.1472,0.2926,0.6663
16,10000,40,10,8,211.00,748.00,3.6431,8.0912,0.6706,18443.97,0.0542,608.00,0.5422,0.1699,0.1319,0.2465,0.4263
16,10000,40,10,10,211.00,748.00,3.6431,8.0912,0.6784,22655.98,0.0441,598.00,0.4414,0.2026,0.1588,0.2992,0.5748
16,10000,40,10,15,211.00,748.00,3.6431,8.0912,0.6871,20220.88,0.0495,600.00,0.4945,0.2145,0.1625,0.3134,0.8091
16,10000,40,10,20,211.00,748.00,3.6431,8.0912,0.6905,21503.24,0.0465,595.00,0.4650,0.1802,0.1395,0.2747,0.5213
16,10000,40,20,4,211.00,748.00,3.6431,8.0912,0.6911,17416.56,0.0574,600.00,0.5742,0.4153,0.3224,0.6859,1.9033
16,10000,40,20,8,211.00,748.00,3.6431,8.0912,0.7592,17547.75,0.0570,597.00,0.5699,0.3674,0.2912,0.6121,1.3246
16,10000,40,20,16,211.00,748.00,3.6431,8.0912,0.7923,15635.41,0.0640,598.00,0.6396,0.4081,0.3138,0.6500,1.8061
16,10000,40,20,20,211.00,748.00,3.6431,8.0912,0.7980,19648.95,0.0509,602.00,0.5089,0.3777,0.3046,0.6320,1.1172
16,10000,40,20,30,211.00,748.00,3.6431,8.0912,0.8032,17248.68,0.0580,603.00,0.5798,0.4630,0.3157,0.7142,6.0249
16,10000,40,20,40,211.00,748.00,3.6431,8.0912,0.8048,16798.27,0.0595,599.00,0.5953,0.4499,0.3480,0.6908,3.0389
16,10000,40,40,8,211.00,748.00,3.6431,8.0912,0.8083,10904.10,0.0917,597.00,0.9171,0.8708,0.6849,1.4873,6.4815
16,10000,40,40,16,211.00,748.00,3.6431,8.0912,0.8641,10569.15,0.0946,612.00,0.9461,0.9463,0.7132,1.4711,7.1516
16,10000,40,40,32,211.00,748.00,3.6431,8.0912,0.8874,10680.18,0.0936,597.00,0.9363,1.0914,0.8070,1.9658,7.4996
16,10000,40,40,40,211.00,748.00,3.6431,8.0912,0.8900,10461.97,0.0956,604.00,0.9558,1.0131,0.7285,1.7264,7.2074
16,10000,40,40,60,211.00,748.00,3.6431,8.0912,0.8927,10807.07,0.0925,603.00,0.9253,0.9458,0.7404,1.5743,6.8137
16,10000,40,40,80,211.00,748.00,3.6431,8.0912,0.8931,10966.87,0.0912,596.00,0.9118,0.9944,0.7776,1.6131,6.9791
16,10000,40,80,16,211.00,748.00,3.6431,8.0912,0.8988,6509.79,0.1536,613.00,1.5361,2.1267,1.6888,3.4883,14.1748
16,10000,40,80,32,211.00,748.00,3.6431,8.0912,0.9372,7053.68,0.1418,602.00,1.4177,2.0751,1.6806,3.7227,11.5810
16,10000,40,80,64,211.00,748.00,3.6431,8.0912,0.9495,6550.23,0.1527,601.00,1.5267,2.1913,1.6965,6.8729,13.8638
16,10000,40,80,80,211.00,748.00,3.6431,8.0912,0.9508,6679.13,0.1497,600.00,1.4972,2.1001,1.6196,4.3773,13.7230
16,10000,40,80,120,211.00,748.00,3.6431,8.0912,0.9521,6695.04,0.1494,605.00,1.4936,2.1626,1.7919,3.5732,11.9234
16,10000,40,80,160,211.00,748.00,3.6431,8.0912,0.9525,6511.55,0.1536,613.00,1.5357,2.3492,2.1203,3.8151,8.8448
16,10000,40,160,32,211.00,748.00,3.6431,8.0912,0.9559,3892.91,0.2569,612.00,2.5688,4.0227,3.3550,9.8989,18.2378
16,10000,40,160,64,211.00,748.00,3.6431,8.0912,0.9771,3920.41,0.2551,618.00,2.5508,4.1904,3.7201,8.2043,15.9232
16,10000,40,160,128,211.00,748.00,3.6431,8.0912,0.9826,3883.04,0.2575,616.00,2.5753,4.2083,3.7306,8.1970,15.4633
16,10000,40,160,160,211.00,748.00,3.6431,8.0912,0.9829,3695.63,0.2706,618.00,2.7059,4.2650,3.4837,10.7376,19.7306
16,10000,40,160,240,211.00,748.00,3.6431,8.0912,0.9833,3624.46,0.2759,614.00,2.7590,4.4533,3.6041,11.4015,17.9907
16,10000,40,160,320,211.00,748.00,3.6431,8.0912,0.9835,3420.83,0.2923,620.00,2.9233,4.8280,4.0103,11.9397,20.3063
16,10000,40,320,64,211.00,748.00,3.6431,8.0912,0.9841,2070.82,0.4829,626.00,4.8290,8.1527,7.1986,17.5794,25.4154
16,10000,40,320,128,211.00,748.00,3.6431,8.0912,0.9929,2086.91,0.4792,621.00,4.7918,8.2753,7.6463,15.3974,23.5992
16,10000,40,320,256,211.00,748.00,3.6431,8.0912,0.9948,2040.59,0.4901,636.00,4.9006,8.3887,7.5285,17.8092,25.5721
16,10000,40,320,320,211.00,748.00,3.6431,8.0912,0.9949,2034.84,0.4914,625.00,4.9144,8.3804,7.5584,17.1855,25.0810
16,10000,40,320,480,211.00,748.00,3.6431,8.0912,0.9951,1896.79,0.5272,623.00,5.2721,8.9955,8.1780,18.5663,24.3434
16,10000,40,320,640,211.00,748.00,3.6431,8.0912,0.9952,1884.67,0.5306,629.00,5.3060,9.6660,9.0653,16.0314,25.3052
16,10000,40,640,128,211.00,748.00,3.6431,8.0912,0.9946,1143.61,0.8744,663.00,8.7442,15.5251,14.7887,22.4375,43.2502
16,10000,40,640,256,211.00,748.00,3.6431,8.0912,0.9972,1119.72,0.8931,662.00,8.9308,16.2849,15.2479,27.9719,43.1951
16,10000,40,640,512,211.00,748.00,3.6431,8.0912,0.9979,1053.12,0.9496,680.00,9.4956,17.7216,17.3480,24.9543,39.9884
16,10000,40,640,640,211.00,748.00,3.6431,8.0912,0.9980,1106.02,0.9041,686.00,9.0414,16.4118,15.2857,28.4269,43.6941
16,10000,40,640,960,211.00,748.00,3.6431,8.0912,0.9980,956.38,1.0456,691.00,10.4560,19.1695,18.0115,30.4875,46.3552
16,10000,40,640,1280,211.00,748.00,3.6431,8.0912,0.9981,926.92,1.0788,692.00,10.7885,19.8518,18.3568,30.6560,44.8447
16,10000,100,10,2,243.00,749.00,2.5809,6.6157,0.5643,35930.19,0.0278,626.00,0.2783,0.2480,0.2096,0.5153,0.8002
16,10000,100,10,4,243.00,749.00,2.5809,6.6157,0.6385,35475.98,0.0282,636.00,0.2819,0.2769,0.2375,0.5773,0.8329
16,10000,100,10,8,243.00,749.00,2.5809,6.6157,0.6782,31919.38,0.0313,630.00,0.3133,0.3004,0.2597,0.6138,0.8626
16,10000,100,10,10,243.00,749.00,2.5809,6.6157,0.6847,33017.08,0.0303,630.00,0.3029,0.3017,0.2610,0.6101,0.9082
16,10000,100,10,15,243.00,749.00,2.5809,6.6157,0.6925,41927.45,0.0239,631.00,0.2385,0.2889,0.2523,0.5731,0.7844
16,10000,100,10,20,243.00,749.00,2.5809,6.6157,0.6949,38022.37,0.0263,628.00,0.2630,0.2308,0.2022,0.4479,0.6123
16,10000,100,20,4,243.00,749.00,2.5809,6.6157,0.7041,26865.65,0.0372,630.00,0.3722,0.5801,0.5143,1.0867,1.4975
16,10000,100,20,8,243.00,749.00,2.5809,6.6157,0.7675,19236.99,0.0520,629.00,0.5198,0.3361,0.3018,0.5596,0.7476
16,10000,100,20,16,243.00,749.00,2.5809,6.6157,0.7982,14614.36,0.0684,627.00,0.6843,0.3890,0.3109,0.6025,1.4940
16,10000,100,20,20,243.00,749.00,2.5809,6.6157,0.8026,19459.72,0.0514,624.00,0.5139,0.5490,0.4899,1.0479,1.3896
16,10000,100,20,30,243.00,749.00,2.5809,6.6157,0.8069,20514.01,0.0487,627.00,0.4875,0.5989,0.5422,1.1333,1.4999
16,10000,100,20,40,243.00,749.00,2.5809,6.6157,0.8077,19444.72,0.0514,626.00,0.5143,0.6343,0.5439,1.2905,1.8910
16,10000,100,40,8,243.00,749.00,2.5809,6.6157,0.8209,12357.66,0.0809,630.00,0.8092,1.2761,1.1862,2.2501,3.0746
16,10000,100,40,16,243.00,749.00,2.5809,6.6157,0.8726,14064.59,0.0711,635.00,0.7110,1.1796,1.0935,2.0488,2.7514
16,10000,100,40,32,243.00,749.00,2.5809,6.6157,0.8912,12435.95,0.0804,632.00,0.8041,1.1844,1.0908,2.0673,2.6909
16,10000,100,40,40,243.00,749.00,2.5809,6.6157,0.8932,14089.31,0.0710,627.00,0.7098,1.1283,1.0372,2.0705,2.7839
16,10000,100,40,60,243.00,749.00,2.5809,6.6157,0.8950,14489.87,0.0690,630.00,0.6901,1.1801,1.0966,2.0370,2.6060
16,10000,100,40,80,243.00,749.00,2.5809,6.6157,0.8956,13773.02,0.0726,632.00,0.7261,1.1156,0.9834,1.7908,4.5439
16,10000,100,80,16,243.00,749.00,2.5809,6.6157,0.9101,7307.25,0.1369,623.00,1.3685,1.9405,1.6170,2.9576,11.7543
16,10000,100,80,32,243.00,749.00,2.5809,6.6157,0.9442,6844.24,0.1461,638.00,1.4611,2.0132,1.6219,3.3290,11.2940
16,10000,100,80,64,243.00,749.00,2.5809,6.6157,0.9528,6804.80,0.1470,633.00,1.4696,2.2945,2.1816,3.9168,4.9339
16,10000,100,80,80,243.00,749.00,2.5809,6.6157,0.9539,7553.71,0.1324,620.00,1.3239,2.2140,2.1047,3.7445,4.5971
16,10000,100,80,120,243.00,749.00,2.5809,6.6157,0.9542,7480.50,0.1337,631.00,1.3368,2.1861,2.0445,3.7944,4.8742
16,10000,100,80,160,243.00,749.00,2.5809,6.6157,0.9543,7566.78,0.1322,628.00,1.3216,2.1989,2.0652,3.7816,4.7400
16,10000,100,160,32,243.00,749.00,2.5809,6.6157,0.9636,4302.14,0.2324,644.00,2.3244,4.2859,4.0701,6.5799,8.8180
16,10000,100,160,64,243.00,749.00,2.5809,6.6157,0.9807,3920.13,0.2551,635.00,2.5509,4.0949,3.5665,8.2935,15.7814
16,10000,100,160,128,243.00,749.00,2.5809,6.6157,0.9841,3833.53,0.2609,645.00,2.6086,4.3952,4.2124,7.1155,9.7252
16,10000,100,160,160,243.00,749.00,2.5809,6.6157,0.9844,4152.85,0.2408,638.00,2.4080,4.2920,4.1181,6.9921,8.4849
16,10000,100,160,240,243.00,749.00,2.5809,6.6157,0.9845,4211.60,0.2374,647.00,2.3744,4.3987,4.2408,6.6025,8.4525
16,10000,100,160,320,243.00,749.00,2.5809,6.6157,0.9845,4147.48,0.2411,643.00,2.4111,4.5244,4.3586,6.6360,8.4895
16,10000,100,320,64,243.00,749.00,2.5809,6.6157,0.9885,2266.46,0.4412,652.00,4.4122,8.0332,7.4628,14.4743,20.5540
16,10000,100,320,128,243.00,749.00,2.5809,6.6157,0.9946,2141.97,0.4669,657.00,4.6686,8.1741,7.4057,15.8545,25.0038
16,10000,100,320,256,243.00,749.00,2.5809,6.6157,0.9956,2043.99,0.4892,654.00,4.8924,8.4759,7.4295,18.4204,27.7532
16,10000,100,320,320,243.00,749.00,2.5809,6.6157,0.9956,1942.75,0.5147,663.00,5.1473,8.2948,7.1427,18.9101,27.3703
16,10000,100,320,480,243.00,749.00,2.5809,6.6157,0.9957,1971.20,0.5073,650.00,5.0731,9.0635,8.2574,17.4508,24.0494
16,10000,100,320,640,243.00,749.00,2.5809,6.6157,0.9957,1794.83,0.5572,652.00,5.5716,10.1190,9.4131,17.3806,25.9253
16,10000,100,640,128,243.00,749.00,2.5809,6.6157,0.9969,1164.91,0.8584,684.00,8.5843,15.1924,13.9549,27.6957,42.1038
16,10000,100,640,256,243.00,749.00,2.5809,6.6157,0.9985,1112.43,0.8989,681.00,8.9894,16.1188,14.9780,28.8536,42.3434
16,10000,100,640,512,243.00,749.00,2.5809,6.6157,0.9988,1103.16,0.9065,687.00,9.0648,16.7491,15.6046,29.9136,41.8835
16,10000,100,640,640,243.00,749.00,2.5809,6.6157,0.9988,1022.82,0.9777,694.00,9.7769,17.4714,15.6164,34.6291,45.7871
16,10000,100,640,960,243.00,749.00,2.5809,6.6157,0.9989,945.31,1.0579,702.00,10.5785,19.6639,18.4804,32.6946,44.3862
16,10000,100,640,1280,243.00,749.00,2.5809,6.6157,0.9989,865.84,1.1549,688.00,11.5494,21.8597,21.1815,31.3515,43.5341
16,10000,200,10,2,252.00,748.00,5.5602,10.2599,0.5667,21344.43,0.0469,615.00,0.4685,0.1904,0.1467,0.2925,0.4829
16,10000,200,10,4,252.00,748.00,5.5602,10.2599,0.6424,23987.25,0.0417,623.00,0.4169,0.2112,0.1478,0.2942,0.6893
16,10000,200,10,8,252.00,748.00,5.5602,10.2599,0.6797,20748.45,0.0482,621.00,0.4820,0.2026,0.1490,0.2921,0.6049
16,10000,200,10,10,252.00,748.00,5.5602,10.2599,0.6867,19645.62,0.0509,621.00,0.5090,0.2023,0.1427,0.2679,0.5001
16,10000,200,10,15,252.00,748.00,5.5602,10.2599,0.6934,21373.36,0.0468,622.00,0.4679,0.1839,0.1495,0.2780,0.4524
16,10000,200,10,20,252.00,748.00,5.5602,10.2599,0.6961,20294.07,0.0493,622.00,0.4928,0.1949,0.1552,0.2810,0.5280
16,10000,200,20,4,252.00,748.00,5.5602,10.2599,0.7091,16256.80,0.0615,625.00,0.6151,0.3748,0.3010,0.5814,1.1206
16,10000,200,20,8,252.00,748.00,5.5602,10.2599,0.7714,14755.86,0.0678,623.00,0.6777,0.3513,0.2674,0.5256,1.5702
16,10000,200,20,16,252.00,748.00,5.5602,10.2599,0.8002,16322.96,0.0613,619.00,0.6126,0.4041,0.3140,0.6497,1.7038
16,10000,200,20,20,252.00,748.00,5.5602,10.2599,0.8047,18450.85,0.0542,621.00,0.5420,0.3952,0.3064,0.6041,2.4604
16,10000,200,20,30,252.00,748.00,5.5602,10.2599,0.8090,15592.11,0.0641,626.00,0.6414,0.4414,0.3283,0.6406,4.3503
16,10000,200,20,40,252.00,748.00,5.5602,10.2599,0.8094,18296.14,0.0547,623.00,0.5466,0.4804,0.3613,0.7205,5.8889
16,10000,200,40,8,252.00,748.00,5.5602,10.2599,0.8258,11737.55,0.0852,619.00,0.8520,0.9592,0.6961,1.4938,7.0749
16,10000,200,40,16,252.00,748.00,5.5602,10.2599,0.8762,10904.90,0.0917,624.00,0.9170,0.9014,0.7130,1.3922,6.8171
16,10000,200,40,32,252.00,748.00,5.5602,10.2599,0.8947,11738.68,0.0852,620.00,0.8519,0.9586,0.7487,1.5055,6.9027
16,10000,200,40,40,252.00,748.00,5.5602,10.2599,0.8962,11084.91,0.0902,619.00,0.9021,0.9661,0.7720,1.5746,6.8095
16,10000,200,40,60,252.00,748.00,5.5602,10.2599,0.8972,11564.09,0.0865,619.00,0.8647,0.9923,0.8156,1.5697,6.6204
16,10000,200,40,80,252.00,748.00,5.5602,10.2599,0.8975,10886.98,0.0919,617.00,0.9185,1.0816,0.8792,1.7409,6.9872
16,10000,200,80,16,252.00,748.00,5.5602,10.2599,0.9144,7032.30,0.1422,621.00,1.4220,1.8921,1.5983,3.0168,11.4611
16,10000,200,80,32,252.00,748.00,5.5602,10.2599,0.9466,6780.12,0.1475,621.00,1.4749,2.0046,1.6148,3.2920,11.5060
16,10000,200,80,64,252.00,748.00,5.5602,10.2599,0.9541,6724.73,0.1487,624.00,1.4870,2.0865,1.7286,3.2593,11.5005
16,10000,200,80,80,252.00,748.00,5.5602,10.2599,0.9548,6639.50,0.1506,626.00,1.5061,1.9986,1.6371,3.1857,12.0292
16,10000,200,80,120,252.00,748.00,5.5602,10.2599,0.9553,6852.44,0.1459,622.00,1.4593,2.1762,1.8332,3.4673,11.2863
16,10000,200,80,160,252.00,748.00,5.5602,10.2599,0.9553,6580.15,0.1520,622.00,1.5197,2.2918,1.8809,4.4109,10.5336
16,10000,200,160,32,252.00,748.00,5.5602,10.2599,0.9671,3809.25,0.2625,625.00,2.6252,3.9627,3.3137,9.5227,16.7982
16,10000,200,160,64,252.00,748.00,5.5602,10.2599,0.9823,3736.93,0.2676,626.00,2.6760,4.1642,3.4947,10.0924,16.4508
16,10000,200,160,128,252.00,748.00,5.5602,10.2599,0.9852,3670.61,0.2724,638.00,2.7243,4.2232,3.7298,7.3819,16.9174
16,10000,200,160,160,252.00,748.00,5.5602,10.2599,0.9852,3753.95,0.2664,634.00,2.6639,4.2939,3.8983,6.9362,15.2745
16,10000,200,160,240,252.00,748.00,5.5602,10.2599,0.9852,3595.46,0.2781,632.00,2.7813,4.4265,3.6541,10.5631,17.5212
16,10000,200,160,320,252.00,748.00,5.5602,10.2599,0.9852,3539.09,0.2826,636.00,2.8256,4.5464,3.9573,9.5224,17.4872
16,10000,200,320,64,252.00,748.00,5.5602,10.2599,0.9898,2118.46,0.4720,637.00,4.7204,8.0195,7.5083,13.0228,22.8197
16,10000,200,320,128,252.00,748.00,5.5602,10.2599,0.9953,2163.91,0.4621,648.00,4.6213,8.2511,7.7011,15.1265,22.6204
16,10000,200,320,256,252.00,748.00,5.5602,10.2599,0.9960,2066.26,0.4840,637.00,4.8397,8.6568,8.1301,14.4946,23.5641
16,10000,200,320,320,252.00,748.00,5.5602,10.2599,0.9960,2066.08,0.4840,638.00,4.8401,8.5442,7.9115,15.0914,24.0373
16,10000,200,320,480,252.00,748.00,5.5602,10.2599,0.9961,1909.98,0.5236,640.00,5.2357,9.0742,8.3015,18.2967,25.4404
16,10000,200,320,640,252.00,748.00,5.5602,10.2599,0.9961,1875.62,0.5332,652.00,5.3316,9.9151,9.5259,14.1253,23.0339
16,10000,200,640,128,252.00,748.00,5.5602,10.2599,0.9976,1158.59,0.8631,672.00,8.6312,15.5351,14.6431,25.2438,39.8532
16,10000,200,640,256,252.00,748.00,5.5602,10.2599,0.9988,1082.81,0.9235,675.00,9.2353,15.7939,14.7208,28.5979,43.6157
16,10000,200,640,512,252.00,748.00,5.5602,10.2599,0.9990,1078.88,0.9269,686.00,9.2689,17.4856,16.7196,26.8525,41.3170
16,10000,200,640,640,252.00,748.00,5.5602,10.2599,0.9990,1054.32,0.9485,678.00,9.4848,17.0582,16.0901,29.0725,43.1053
16,10000,200,640,960,252.00,748.00,5.5602,10.2599,0.9990,957.84,1.0440,692.00,10.4401,19.3512,18.2874,30.1173,46.2112
16,10000,200,640,1280,252.00,748.00,5.5602,10.2599,0.9990,870.71,1.1485,694.00,11.4849,21.7473,20.5190,33.5358,48.7753
16,14000,40,14,2,250.00,749.00,4.3717,8.9761,0.5389,23433.76,0.0427,635.00,0.4267,0.1712,0.1472,0.2662,0.4065
16,14000,40,14,5,250.00,749.00,4.3717,8.9761,0.6566,19820.28,0.0505,639.00,0.5045,0.2060,0.1641,0.2900,0.4780
16,14000,40,14,11,250.00,749.00,4.3717,8.9761,0.7032,22104.47,0.0452,634.00,0.4524,0.1841,0.1510,0.2728,0.3991
16,14000,40,14,14,250.00,749.00,4.3717,8.9761,0.7109,19066.60,0.0524,644.00,0.5245,0.1768,0.1487,0.2523,0.4064
16,14000,40,14,21,250.00,749.00,4.3717,8.9761,0.7186,19904.58,0.0502,637.00,0.5024,0.2095,0.1649,0.2809,0.5588
16,14000,40,14,28,250.00,749.00,4.3717,8.9761,0.7216,22145.10,0.0452,638.00,0.4516,0.2252,0.1786,0.3008,0.4988
16,14000,40,28,5,250.00,749.00,4.3717,8.9761,0.7120,14795.12,0.0676,635.00,0.6759,0.3796,0.3065,0.5509,0.9090
16,14000,40,28,11,250.00,749.00,4.3717,8.9761,0.7877,15968.50,0.0626,640.00,0.6262,0.3592,0.3069,0.5301,0.8314
16,14000,40,28,22,250.00,749.00,4.3717,8.9761,0.8194,17564.78,0.0569,636.00,0.5693,0.4416,0.3756,0.7296,1.0525
16,14000,40,28,28,250.00,749.00,4.3717,8.9761,0.8240,18910.00,0.0529,635.00,0.5288,0.3878,0.3365,0.5877,0.9770
16,14000,40,28,42,250.00,749.00,4.3717,8.9761,0.8284,14762.39,0.0677,638.00,0.6774,0.4827,0.3714,0.7078,4.2261
16,14000,40,28,56,250.00,749.00,4.3717,8.9761,0.8295,16174.71,0.0618,632.00,0.6182,0.5044,0.3964,0.7174,4.5692
16,14000,40,56,11,250.00,749.00,4.3717,8.9761,0.8315,10796.69,0.0926,636.00,0.9262,1.0369,0.7814,1.6121,7.4212
16,14000,40,56,22,250.00,749.00,4.3717,8.9761,0.8852,9785.37,0.1022,638.00,1.0219,1.0595,0.8004,1.7030,7.1610
16,14000,40,56,44,250.00,749.00,4.3717,8.9761,0.9060,10484.63,0.0954,636.00,0.9538,1.0705,0.8774,1.6348,7.0048
16,14000,40,56,56,250.00,749.00,4.3717,8.9761,0.9087,11487.33,0.0871,645.00,0.8705,1.0820,0.8576,1.7076,7.2683
16,14000,40,56,84,250.00,749.00,4.3717,8.9761,0.9107,10016.43,0.0998,641.00,0.9984,1.1316,0.8797,1.7466,7.6786
16,14000,40,56,112,250.00,749.00,4.3717,8.9761,0.9116,10578.70,0.0945,635.00,0.9453,1.1398,0.9387,1.7540,7.1234
16,14000,40,112,22,250.00,749.00,4.3717,8.9761,0.9132,5960.29,0.1678,643.00,1.6778,2.3931,1.8973,5.9131,13.5466
16,14000,40,112,44,250.00,749.00,4.3717,8.9761,0.9477,6444.91,0.1552,645.00,1.5516,2.2449,1.8373,4.5979,11.2626
16,14000,40,112,89,250.00,749.00,4.3717,8.9761,0.9590,6384.78,0.1566,635.00,1.5662,2.2125,1.8325,3.4842,12.7058
16,14000,40,112,112,250.00,749.00,4.3717,8.9761,0.9602,6444.41,0.1552,642.00,1.5517,2.3422,1.9749,3.5274,13.9891
16,14000,40,112,168,250.00,749.00,4.3717,8.9761,0.9607,6468.79,0.1546,642.00,1.5459,2.4609,2.1863,3.7524,11.0410
16,14000,40,112,224,250.00,749.00,4.3717,8.9761,0.9610,6088.59,0.1642,649.00,1.6424,2.6125,2.2761,3.8440,11.7582
16,14000,40,224,44,250.00,749.00,4.3717,8.9761,0.9629,3487.33,0.2868,650.00,2.8675,4.4198,3.7424,11.6522,17.7327
16,14000,40,224,89,250.00,749.00,4.3717,8.9761,0.9811,3483.83,0.2870,646.00,2.8704,4.6488,4.0661,10.3833,17.5692
16,14000,40,224,179,250.00,749.00,4.3717,8.9761,0.9851,3553.73,0.2814,655.00,2.8139,4.7408,4.4053,7.7226,13.6217
16,14000,40,224,224,250.00,749.00,4.3717,8.9761,0.9853,3425.00,0.2920,651.00,2.9197,4.7571,4.1335,10.5780,16.6285
16,14000,40,224,336,250.00,749.00,4.3717,8.9761,0.9855,3280.67,0.3048,648.00,3.0482,5.1508,4.5190,10.5422,18.6603
16,14000,40,224,448,250.00,749.00,4.3717,8.9761,0.9856,3134.07,0.3191,647.00,3.1907,5.4741,4.8188,11.2118,18.1824
16,14000,40,448,89,250.00,749.00,4.3717,8.9761,0.9866,1910.59,0.5234,671.00,5.2340,8.9770,8.2109,16.7258,27.3362
16,14000,40,448,179,250.00,749.00,4.3717,8.9761,0.9932,1905.90,0.5247,656.00,5.2469,8.8679,7.7167,19.8322,26.5157
16,14000,40,448,358,250.00,749.00,4.3717,8.9761,0.9942,1888.41,0.5295,670.00,5.2954,9.6633,9.1080,16.1459,26.0392
16,14000,40,448,448,250.00,749.00,4.3717,8.9761,0.9944,1831.48,0.5460,668.00,5.4601,9.4983,8.5849,18.9300,26.7250
16,14000,40,448,672,250.00,749.00,4.3717,8.9761,0.9946,1694.33,0.5902,677.00,5.9020,10.7174,10.0006,19.1049,26.4235
16,14000,40,448,896,250.00,749.00,4.3717,8.9761,0.9946,1535.49,0.6513,681.00,6.5126,12.1806,11.7477,17.2974,24.8998
16,14000,40,896,179,250.00,749.00,4.3717,8.9761,0.9948,1047.47,0.9547,704.00,9.5468,16.7351,15.3210,31.5431,43.8868
16,14000,40,896,358,250.00,749.00,4.3717,8.9761,0.9963,1024.86,0.9757,705.00,9.7574,18.3051,17.7659,26.0149,40.0211
16,14000,40,896,716,250.00,749.00,4.3717,8.9761,0.9968,963.34,1.0381,719.00,10.3806,19.3338,18.1744,31.3457,47.1104
16,14000,40,896,896,250.00,749.00,4.3717,8.9761,0.9968,928.47,1.0770,723.00,10.7704,19.9341,18.8613,31.1310,48.7716
16,14000,40,896,1344,250.00,749.00,4.3717,8.9761,0.9969,801.39,1.2478,726.00,12.4784,23.2588,22.2413,35.4689,49.0894
16,14000,40,896,1792,250.00,749.00,4.3717,8.9761,0.9970,694.48,1.4399,731.00,14.3993,27.4024,26.7284,36.6945,49.0501
16,14000,100,14,2,284.00,748.00,5.5530,10.5262,0.5643,19424.35,0.0515,632.00,0.5148,0.2072,0.1477,0.3091,0.7516
16,14000,100,14,5,284.00,748.00,5.5530,10.5262,0.6734,17980.91,0.0556,628.00,0.5561,0.2509,0.1645,0.3851,1.7458
16,14000,100,14,11,284.00,748.00,5.5530,10.5262,0.7157,18091.85,0.0553,629.00,0.5527,0.2141,0.1544,0.2905,0.7482
16,14000,100,14,14,284.00,748.00,5.5530,10.5262,0.7218,26978.11,0.0371,628.00,0.3707,0.2789,0.2296,0.4448,0.6948
16,14000,100,14,21,284.00,748.00,5.5530,10.5262,0.7275,24336.65,0.0411,630.00,0.4109,0.2579,0.1938,0.3552,0.8806
16,14000,100,14,28,284.00,748.00,5.5530,10.5262,0.7287,20182.60,0.0495,629.00,0.4955,0.2916,0.2058,0.3821,2.9660
16,14000,100,28,5,284.00,748.00,5.5530,10.5262,0.7303,16597.97,0.0602,623.00,0.6025,0.5165,0.3746,0.7822,6.2077
16,14000,100,28,11,284.00,748.00,5.5530,10.5262,0.8020,15569.89,0.0642,626.00,0.6423,0.4507,0.3641,0.7066,1.2860
16,14000,100,28,22,284.00,748.00,5.5530,10.5262,0.8286,15650.40,0.0639,628.00,0.6390,0.4617,0.3516,0.6928,3.8678
16,14000,100,28,28,284.00,748.00,5.5530,10.5262,0.8312,16548.05,0.0604,631.00,0.6043,0.5166,0.3670,0.7541,6.2428
16,14000,100,28,42,284.00,748.00,5.5530,10.5262,0.8341,14296.22,0.0699,627.00,0.6995,0.5134,0.4335,0.7396,1.3083
16,14000,100,28,56,284.00,748.00,5.5530,10.5262,0.8347,15422.36,0.0648,631.00,0.6484,0.4909,0.4165,0.6968,1.3870
16,14000,100,56,11,284.00,748.00,5.5530,10.5262,0.8487,11204.83,0.0892,626.00,0.8925,1.0449,0.7609,1.6966,7.4991
16,14000,100,56,22,284.00,748.00,5.5530,10.5262,0.8949,10624.25,0.0941,630.00,0.9412,1.0651,0.8107,1.6831,7.3519
16,14000,100,56,44,284.00,748.00,5.5530,10.5262,0.9100,10271.53,0.0974,626.00,0.9736,1.1216,0.8580,1.9657,7.4750
16,14000,100,56,56,284.00,748.00,5.5530,10.5262,0.9117,9710.41,0.1030,631.00,1.0298,0.9918,0.7923,1.5760,6.8401
16,14000,100,56,84,284.00,748.00,5.5530,10.5262,0.9131,9891.99,0.1011,631.00,1.0109,1.2812,1.0020,1.9862,8.9586
16,14000,100,56,112,284.00,748.00,5.5530,10.5262,0.9132,9940.42,0.1006,632.00,1.0060,1.1883,0.9715,1.8661,7.1065
16,14000,100,112,22,284.00,748.00,5.5530,10.5262,0.9263,6482.10,0.1543,633.00,1.5427,2.2515,1.8081,3.9001,13.8360
16,14000,100,112,44,284.00,748.00,5.5530,10.5262,0.9546,6005.73,0.1665,630.00,1.6651,2.3135,1.9886,3.6348,11.7749
16,14000,100,112,89,284.00,748.00,5.5530,10.5262,0.9625,6189.57,0.1616,628.00,1.6156,2.4782,1.8959,7.6288,14.2555
16,14000,100,112,112,284.00,748.00,5.5530,10.5262,0.9632,6640.22,0.1506,632.00,1.5060,2.2581,1.8728,3.3030,14.2280
16,14000,100,112,168,284.00,748.00,5.5530,10.5262,0.9635,6261.21,0.1597,625.00,1.5971,2.4159,2.0067,4.0107,12.5049
16,14000,100,112,224,284.00,748.00,5.5530,10.5262,0.9635,5942.56,0.1683,634.00,1.6828,2.6774,2.2622,4.1029,14.3513
16,14000,100,224,44,284.00,748.00,5.5530,10.5262,0.9710,3494.52,0.2862,638.00,2.8616,4.4603,3.8457,9.3905,16.4016
16,14000,100,224,89,284.00,748.00,5.5530,10.5262,0.9851,3495.33,0.2861,648.00,2.8610,4.6566,4.1003,10.0112,16.6597
16,14000,100,224,179,284.00,748.00,5.5530,10.5262,0.9878,3401.23,0.2940,651.00,2.9401,4.8332,4.1070,10.9970,17.1717
16,14000,100,224,224,284.00,748.00,5.5530,10.5262,0.9881,3338.36,0.2995,643.00,2.9955,4.8797,4.2301,10.9361,17.5410
16,14000,100,224,336,284.00,748.00,5.5530,10.5262,0.9881,3252.63,0.3074,639.00,3.0744,5.0928,4.3630,11.6460,18.2085
16,14000,100,224,448,284.00,748.00,5.5530,10.5262,0.9882,3165.01,0.3160,654.00,3.1596,5.5122,4.9610,10.9934,17.6785
16,14000,100,448,89,284.00,748.00,5.5530,10.5262,0.9915,1971.82,0.5071,660.00,5.0715,8.7553,7.6276,18.7266,26.5489
16,14000,100,448,179,284.00,748.00,5.5530,10.5262,0.9961,1944.45,0.5143,658.00,5.1428,8.9672,8.2289,16.4629,24.5233
16,14000,100,448,358,284.00,748.00,5.5530,10.5262,0.9969,1914.48,0.5223,661.00,5.2233,9.4922,9.2128,13.9315,20.3008
16,14000,100,448,448,284.00,748.00,5.5530,10.5262,0.9969,1890.40,0.5290,653.00,5.2899,9.7650,9.3910,13.7160,24.4850
16,14000,100,448,672,284.00,748.00,5.5530,10.5262,0.9969,1681.32,0.5948,667.00,5.9477,11.0357,10.3707,18.4360,25.3552
16,14000,100,448,896,284.00,748.00,5.5530,10.5262,0.9969,1508.51,0.6629,672.00,6.6291,12.0467,11.2887,20.2542,28.3645
16,14000,100,896,179,284.00,748.00,5.5530,10.5262,0.9978,1057.01,0.9461,707.00,9.4606,16.7858,15.3429,29.8883,46.4222
16,14000,100,896,358,284.00,748.00,5.5530,10.5262,0.9989,1030.90,0.9700,697.00,9.7003,17.9741,16.9433,29.1939,43.2089
16,14000,100,896,716,284.00,748.00,5.5530,10.5262,0.9990,926.82,1.0790,716.00,10.7896,20.4326,19.3416,30.9668,49.4376
16,14000,100,896,896,284.00,748.00,5.5530,10.5262,0.9990,979.26,1.0212,726.00,10.2117,19.2213,18.4341,27.5580,45.9660
16,14000,100,896,1344,284.00,748.00,5.5530,10.5262,0.9991,855.37,1.1691,721.00,11.6909,21.8089,20.9249,30.1652,44.7233
16,14000,100,896,1792,284.00,748.00,5.5530,10.5262,0.9991,719.98,1.3889,733.00,13.8892,26.0186,24.8015,39.2445,54.9660
16,14000,200,14,2,284.00,747.00,5.3212,8.8810,0.5651,32972.13,0.0303,625.00,0.3033,0.2165,0.1941,0.3970,0.5236
16,14000,200,14,5,284.00,747.00,5.3212,8.8810,0.6726,42134.10,0.0237,625.00,0.2373,0.2933,0.2616,0.5696,0.7645
16,14000,200,14,11,284.00,747.00,5.3212,8.8810,0.7160,28353.05,0.0353,619.00,0.3527,0.1723,0.1556,0.2871,0.3790
16,14000,200,14,14,284.00,747.00,5.3212,8.8810,0.7220,21003.57,0.0476,622.00,0.4761,0.2084,0.1773,0.3441,0.4933
16,14000,200,14,21,284.00,747.00,5.3212,8.8810,0.7280,17058.44,0.0586,620.00,0.5862,0.2408,0.1797,0.3405,0.6032
16,14000,200,14,28,284.00,747.00,5.3212,8.8810,0.7294,25958.73,0.0385,624.00,0.3852,0.2678,0.2457,0.4573,0.5936
16,14000,200,28,5,284.00,747.00,5.3212,8.8810,0.7308,17525.09,0.0571,628.00,0.5706,0.6025,0.5389,1.1770,1.5925
16,14000,200,28,11,284.00,747.00,5.3212,8.8810,0.8018,19243.44,0.0520,624.00,0.5197,0.7119,0.6327,1.3790,1.8549
16,14000,200,28,22,284.00,747.00,5.3212,8.8810,0.8281,19045.66,0.0525,624.00,0.5251,0.7120,0.6572,1.3296,1.8077
16,14000,200,28,28,284.00,747.00,5.3212,8.8810,0.8318,20791.21,0.0481,626.00,0.4810,0.6235,0.5568,1.1903,1.5886
16,14000,200,28,42,284.00,747.00,5.3212,8.8810,0.8348,20728.27,0.0482,625.00,0.4824,0.7093,0.6466,1.3074,1.7221
16,14000,200,28,56,284.00,747.00,5.3212,8.8810,0.8355,18640.08,0.0536,625.00,0.5365,0.6548,0.5886,1.2320,1.6186
16,14000,200,56,11,284.00,747.00,5.3212,8.8810,0.8496,13240.31,0.0755,632.00,0.7553,1.2178,1.1436,2.0699,2.6857
16,14000,200,56,22,284.00,747.00,5.3212,8.8810,0.8961,13690.77,0.0730,627.00,0.7304,1.2476,1.1832,2.0511,2.5717
16,14000,200,56,44,284.00,747.00,5.3212,8.8810,0.9119,13051.58,0.0766,625.00,0.7662,1.2605,1.1348,1.9857,3.0099
16,14000,200,56,56,284.00,747.00,5.3212,8.8810,0.9137,11930.25,0.0838,633.00,0.8382,1.0945,0.9372,1.6140,5.9441
16,14000,200,56,84,284.00,747.00,5.3212,8.8810,0.9150,10156.38,0.0985,627.00,0.9846,1.2755,1.0683,1.8285,9.2044
16,14000,200,56,112,284.00,747.00,5.3212,8.8810,0.9153,11131.46,0.0898,621.00,0.8984,1.3144,1.2076,2.2929,2.9234
16,14000,200,112,22,284.00,747.00,5.3212,8.8810,0.9277,5805.02,0.1723,628.00,1.7226,2.4906,2.3471,4.2993,5.4290
16,14000,200,112,44,284.00,747.00,5.3212,8.8810,0.9555,6854.17,0.1459,627.00,1.4590,2.4049,2.2603,4.1140,5.0241
16,14000,200,112,89,284.00,747.00,5.3212,8.8810,0.9634,6978.59,0.1433,623.00,1.4330,2.4659,2.3209,4.2543,5.4470
16,14000,200,112,112,284.00,747.00,5.3212,8.8810,0.9640,6935.20,0.1442,620.00,1.4419,2.3963,2.2339,4.1718,5.3035
16,14000,200,112,168,284.00,747.00,5.3212,8.8810,0.9642,6838.75,0.1462,637.00,1.4623,2.5743,2.4415,4.3051,5.4425
16,14000,200,112,224,284.00,747.00,5.3212,8.8810,0.9642,6178.32,0.1619,626.00,1.6186,2.3789,2.0261,3.3589,14.6441
16,14000,200,224,44,284.00,747.00,5.3212,8.8810,0.9719,3434.97,0.2911,626.00,2.9112,4.5402,3.8608,11.4114,17.9720
16,14000,200,224,89,284.00,747.00,5.3212,8.8810,0.9856,3727.47,0.2683,641.00,2.6828,4.7810,4.5582,7.7433,9.0988
16,14000,200,224,179,284.00,747.00,5.3212,8.8810,0.9880,3694.35,0.2707,640.00,2.7068,4.6999,4.5433,7.2449,8.9149
16,14000,200,224,224,284.00,747.00,5.3212,8.8810,0.9882,3893.62,0.2568,624.00,2.5683,4.7417,4.6098,7.0787,8.5672
16,14000,200,224,336,284.00,747.00,5.3212,8.8810,0.9883,3893.20,0.2569,627.00,2.5686,4.8293,4.6858,7.1094,8.8379
16,14000,200,224,448,284.00,747.00,5.3212,8.8810,0.9883,3797.74,0.2633,643.00,2.6331,5.0248,4.8870,7.1437,8.7119
16,14000,200,448,89,284.00,747.00,5.3212,8.8810,0.9915,2225.70,0.4493,661.00,4.4930,8.6139,8.3944,12.1591,15.3826
16,14000,200,448,179,284.00,747.00,5.3212,8.8810,0.9958,2185.18,0.4576,649.00,4.5763,8.8633,8.6703,12.3873,15.5183
16,14000,200,448,358,284.00,747.00,5.3212,8.8810,0.9965,2119.09,0.4719,654.00,4.7190,9.0671,8.9130,12.6293,15.8649
16,14000,200,448,448,284.00,747.00,5.3212,8.8810,0.9966,2091.27,0.4782,650.00,4.7818,9.3063,9.1086,12.8512,15.6508
16,14000,200,448,672,284.00,747.00,5.3212,8.8810,0.9966,1978.38,0.5055,648.00,5.0546,9.7520,9.5202,13.5660,16.6968
16,14000,200,448,896,284.00,747.00,5.3212,8.8810,0.9966,1873.70,0.5337,670.00,5.3370,10.2592,10.0329,13.9190,17.4038
16,14000,200,896,179,284.00,747.00,5.3212,8.8810,0.9977,1148.44,0.8707,699.00,8.7075,16.5813,16.2300,22.5365,26.9221
16,14000,200,896,358,284.00,747.00,5.3212,8.8810,0.9986,1116.68,0.8955,716.00,8.9551,17.2686,16.9900,23.1669,26.3508
16,14000,200,896,716,284.00,747.00,5.3212,8.8810,0.9987,1053.57,0.9492,706.00,9.4916,18.0661,17.7727,23.8831,28.5355
16,14000,200,896,896,284.00,747.00,5.3212,8.8810,0.9987,1057.50,0.9456,722.00,9.4563,17.9304,17.6082,24.3064,29.4597
16,14000,200,896,1344,284.00,747.00,5.3212,8.8810,0.9988,969.17,1.0318,709.00,10.3182,19.6932,19.4044,25.6472,29.4595
16,14000,200,896,1792,284.00,747.00,5.3212,8.8810,0.9988,891.83,1.1213,712.00,11.2129,21.4926,21.2469,27.4554,31.7274
16,18000,40,18,3,282.00,745.00,2.3861,5.1596,0.6033,33641.99,0.0297,615.00,0.2972,0.4445,0.4219,0.7872,1.0361
16,18000,40,18,7,282.00,745.00,2.3861,5.1596,0.6943,35434.16,0.0282,616.00,0.2822,0.3949,0.3672,0.7122,0.9753
16,18000,40,18,14,282.00,745.00,2.3861,5.1596,0.7304,36033.19,0.0278,617.00,0.2775,0.3951,0.3672,0.7027,0.9448
16,18000,40,18,18,282.00,745.00,2.3861,5.1596,0.7374,36839.93,0.0271,612.00,0.2714,0.3773,0.3537,0.6637,0.8651
16,18000,40,18,27,282.00,745.00,2.3861,5.1596,0.7423,36770.66,0.0272,613.00,0.2720,0.3835,0.3588,0.6740,0.8817
16,18000,40,18,36,282.00,745.00,2.3861,5.1596,0.7445,36157.62,0.0277,617.00,0.2766,0.3753,0.3486,0.6568,0.8686
16,18000,40,36,7,282.00,745.00,2.3861,5.1596,0.7500,22390.16,0.0447,615.00,0.4466,0.6992,0.6668,1.1626,1.5008
16,18000,40,36,14,282.00,745.00,2.3861,5.1596,0.8108,22657.05,0.0441,612.00,0.4414,0.7001,0.6597,1.1820,1.5342
16,18000,40,36,28,282.00,745.00,2.3861,5.1596,0.8378,22399.84,0.0446,614.00,0.4464,0.7212,0.6799,1.1786,1.6728
16,18000,40,36,36,282.00,745.00,2.3861,5.1596,0.8424,22353.40,0.0447,620.00,0.4474,0.7178,0.6790,1.1730,1.6628
16,18000,40,36,54,282.00,745.00,2.3861,5.1596,0.8456,22579.04,0.0443,614.00,0.4429,0.7243,0.6904,1.2037,1.5625
16,18000,40,36,72,282.00,745.00,2.3861,5.1596,0.8468,21853.78,0.0458,612.00,0.4576,0.7354,0.6948,1.1988,1.6333
16,18000,40,72,14,282.00,745.00,2.3861,5.1596,0.8527,12524.74,0.0798,623.00,0.7984,1.4014,1.3463,2.1554,2.5918
16,18000,40,72,28,282.00,745.00,2.3861,5.1596,0.8997,13245.88,0.0755,616.00,0.7550,1.3429,1.2830,2.0891,2.6086
16,18000,40,72,57,282.00,745.00,2.3861,5.1596,0.9177,12507.61,0.0800,619.00,0.7995,1.3916,1.3367,2.1572,2.7062
16,18000,40,72,72,282.00,745.00,2.3861,5.1596,0.9198,12679.23,0.0789,615.00,0.7887,1.3858,1.3310,2.1488,2.6755
16,18000,40,72,108,282.00,745.00,2.3861,5.1596,0.9219,12156.42,0.0823,621.00,0.8226,1.4140,1.3440,2.2158,2.8223
16,18000,40,72,144,282.00,745.00,2.3861,5.1596,0.9224,12269.99,0.0815,615.00,0.8150,1.4230,1.3537,2.2443,3.0285
16,18000,40,144,28,282.00,745.00,2.3861,5.1596,0.9259,7215.87,0.1386,616.00,1.3858,2.5978,2.5066,3.8434,4.7647
16,18000,40,144,57,282.00,745.00,2.3861,5.1596,0.9581,7165.46,0.1396,612.00,1.3956,2.5997,2.5024,3.8412,4.7740
16,18000,40,144,115,282.00,745.00,2.3861,5.1596,0.9671,6968.58,0.1435,619.00,1.4350,2.6192,2.5249,3.9065,4.8951
16,18000,40,144,144,282.00,745.00,2.3861,5.1596,0.9680,6900.25,0.1449,617.00,1.4492,2.6493,2.5238,4.0000,5.2791
16,18000,40,144,216,282.00,745.00,2.3861,5.1596,0.9686,6802.09,0.1470,617.00,1.4701,2.7014,2.5848,3.9934,5.4178
16,18000,40,144,288,282.00,745.00,2.3861,5.1596,0.9687,6668.95,0.1499,618.00,1.4995,2.8000,2.7073,4.0605,5.0489
16,18000,40,288,57,282.00,745.00,2.3861,5.1596,0.9709,3796.48,0.2634,628.00,2.6340,4.8864,4.7203,7.0704,9.5656
16,18000,40,288,115,282.00,745.00,2.3861,5.1596,0.9858,3761.32,0.2659,637.00,2.6586,5.0735,4.9326,7.1084,8.5426
16,18000,40,288,230,282.00,745.00,2.3861,5.1596,0.9893,3705.94,0.2698,633.00,2.6984,5.1133,4.9660,7.2483,8.6088
16,18000,40,288,288,282.00,745.00,2.3861,5.1596,0.9896,3605.27,0.2774,634.00,2.7737,5.1114,4.9540,7.2866,9.4024
16,18000,40,288,432,282.00,745.00,2.3861,5.1596,0.9899,3492.84,0.2863,633.00,2.8630,5.3046,5.1740,7.4066,9.2223
16,18000,40,288,576,282.00,745.00,2.3861,5.1596,0.9900,3395.72,0.2945,647.00,2.9449,5.5975,5.4846,7.6525,8.9559
16,18000,40,576,115,282.00,745.00,2.3861,5.1596,0.9906,2045.82,0.4888,660.00,4.8880,9.3477,9.1483,12.8491,15.6070
16,18000,40,576,230,282.00,745.00,2.3861,5.1596,0.9959,1995.49,0.5011,660.00,5.0113,9.6840,9.4875,13.0686,15.5525
16,18000,40,576,460,282.00,745.00,2.3861,5.1596,0.9970,1931.71,0.5177,665.00,5.1768,9.8995,9.7538,13.1844,15.0548
16,18000,40,576,576,282.00,745.00,2.3861,5.1596,0.9972,1899.43,0.5265,667.00,5.2647,9.8438,9.6299,13.2310,18.7952
16,18000,40,576,864,282.00,745.00,2.3861,5.1596,0.9973,1801.08,0.5552,683.00,5.5522,10.6520,10.4433,14.2455,16.8476
16,18000,40,576,1152,282.00,745.00,2.3861,5.1596,0.9974,1658.92,0.6028,671.00,6.0280,11.4457,11.2358,14.9933,17.9920
16,18000,40,1152,230,282.00,745.00,2.3861,5.1596,0.9969,1103.51,0.9062,734.00,9.0620,17.2539,17.0376,23.3809,26.9211
16,18000,40,1152,460,282.00,745.00,2.3861,5.1596,0.9985,1002.51,0.9975,751.00,9.9749,18.8432,18.5574,24.8723,28.5392
16,18000,40,1152,921,282.00,745.00,2.3861,5.1596,0.9990,941.54,1.0621,747.00,10.6209,20.0614,19.8124,25.6991,29.4902
16,18000,40,1152,1152,282.00,745.00,2.3861,5.1596,0.9990,935.05,1.0695,749.00,10.6947,19.9681,19.5862,26.5236,31.6251
16,18000,40,1152,1728,282.00,745.00,2.3861,5.1596,0.9991,843.33,1.1858,747.00,11.8577,22.2554,21.8101,28.8560,34.8781
16,18000,40,1152,2304,282.00,745.00,2.3861,5.1596,0.9991,745.89,1.3407,762.00,13.4068,25.7925,25.5693,31.7890,35.3355
16,18000,100,18,3,314.00,746.00,2.7110,5.5714,0.6214,34559.96,0.0289,610.00,0.2894,0.4588,0.4329,0.8012,1.0624
16,18000,100,18,7,314.00,746.00,2.7110,5.5714,0.7065,35281.83,0.0283,608.00,0.2834,0.4159,0.3906,0.7376,0.9517
16,18000,100,18,14,314.00,746.00,2.7110,5.5714,0.7361,36807.50,0.0272,611.00,0.2717,0.4048,0.3765,0.7105,0.9581
16,18000,100,18,18,314.00,746.00,2.7110,5.5714,0.7419,36424.29,0.0275,610.00,0.2745,0.3897,0.3654,0.6774,0.8923
16,18000,100,18,27,314.00,746.00,2.7110,5.5714,0.7472,36534.16,0.0274,611.00,0.2737,0.3912,0.3709,0.6752,0.8889
16,18000,100,18,36,314.00,746.00,2.7110,5.5714,0.7483,36185.88,0.0276,614.00,0.2764,0.3933,0.3668,0.6736,0.8926
16,18000,100,36,7,314.00,746.00,2.7110,5.5714,0.7658,22065.28,0.0453,606.00,0.4532,0.7242,0.6906,1.1988,1.5362
16,18000,100,36,14,314.00,746.00,2.7110,5.5714,0.8199,21758.01,0.0460,608.00,0.4596,0.7147,0.6772,1.2159,1.5662
16,18000,100,36,28,314.00,746.00,2.7110,5.5714,0.8440,21600.34,0.0463,611.00,0.4630,0.7190,0.6796,1.1851,1.5866
16,18000,100,36,36,314.00,746.00,2.7110,5.5714,0.8468,21902.72,0.0457,603.00,0.4566,0.7135,0.6698,1.2067,1.6380
16,18000,100,36,54,314.00,746.00,2.7110,5.5714,0.8489,21533.13,0.0464,609.00,0.4644,0.7273,0.6846,1.2162,1.6429
16,18000,100,36,72,314.00,746.00,2.7110,5.5714,0.8493,21577.39,0.0463,608.00,0.4634,0.7567,0.7165,1.2280,1.5745
16,18000,100,72,14,314.00,746.00,2.7110,5.5714,0.8649,12369.95,0.0808,614.00,0.8084,1.3788,1.3194,2.1563,2.6762
16,18000,100,72,28,314.00,746.00,2.7110,5.5714,0.9088,12354.63,0.0809,605.00,0.8094,1.3983,1.3304,2.1903,2.8680
16,18000,100,72,57,314.00,746.00,2.7110,5.5714,0.9224,12092.78,0.0827,607.00,0.8269,1.4369,1.3786,2.2325,2.8001
16,18000,100,72,72,314.00,746.00,2.7110,5.5714,0.9238,11674.19,0.0857,606.00,0.8566,1.4579,1.3804,2.3063,2.9329
16,18000,100,72,108,314.00,746.00,2.7110,5.5714,0.9246,11645.49,0.0859,610.00,0.8587,1.4434,1.3908,2.2553,2.7884
16,18000,100,72,144,314.00,746.00,2.7110,5.5714,0.9248,11434.73,0.0875,611.00,0.8745,1.4872,1.4221,2.2842,2.8669
16,18000,100,144,28,314.00,746.00,2.7110,5.5714,0.9373,6397.55,0.1563,611.00,1.5631,2.6652,2.5481,4.2608,5.5211
16,18000,100,144,57,314.00,746.00,2.7110,5.5714,0.9630,6487.05,0.1542,610.00,1.5415,2.6737,2.5341,4.2369,5.5650
16,18000,100,144,115,314.00,746.00,2.7110,5.5714,0.9695,6687.48,0.1495,614.00,1.4953,2.6641,2.5582,3.9678,5.0687
16,18000,100,144,144,314.00,746.00,2.7110,5.5714,0.9701,6654.98,0.1503,614.00,1.5026,2.7519,2.6680,3.9686,4.7768
16,18000,100,144,216,314.00,746.00,2.7110,5.5714,0.9704,6549.02,0.1527,610.00,1.5269,2.7581,2.6445,4.0624,5.3429
16,18000,100,144,288,314.00,746.00,2.7110,5.5714,0.9705,6377.45,0.1568,616.00,1.5680,2.8335,2.7250,4.1468,5.4500
16,18000,100,288,57,314.00,746.00,2.7110,5.5714,0.9769,3681.78,0.2716,625.00,2.7161,4.9761,4.8103,7.1477,9.8346
16,18000,100,288,115,314.00,746.00,2.7110,5.5714,0.9886,3640.65,0.2747,626.00,2.7468,5.0500,4.8880,7.2736,9.4369
16,18000,100,288,230,314.00,746.00,2.7110,5.5714,0.9906,3450.30,0.2898,641.00,2.8983,5.3466,5.2219,7.4961,8.8687
16,18000,100,288,288,314.00,746.00,2.7110,5.5714,0.9907,3304.28,0.3026,642.00,3.0264,5.4141,5.2688,7.7496,9.4080
16,18000,100,288,432,314.00,746.00,2.7110,5.5714,0.9908,3358.87,0.2977,640.00,2.9772,5.4607,5.3102,7.7284,9.5815
16,18000,100,288,576,314.00,746.00,2.7110,5.5714,0.9908,3184.63,0.3140,641.00,3.1401,5.8843,5.7728,7.8958,9.2661
16,18000,100,576,115,314.00,746.00,2.7110,5.5714,0.9931,1875.34,0.5332,668.00,5.3324,9.7375,9.4648,14.1226,17.1328
16,18000,100,576,230,314.00,746.00,2.7110,5.5714,0.9969,1872.08,0.5342,661.00,5.3417,9.9125,9.6898,13.8392,16.7269
16,18000,100,576,460,314.00,746.00,2.7110,5.5714,0.9974,1891.37,0.5287,679.00,5.2872,9.9858,9.8491,13.3194,15.1456
16,18000,100,576,576,314.00,746.00,2.7110,5.5714,0.9975,1834.10,0.5452,674.00,5.4523,10.2878,10.1744,13.5206,15.7429
16,18000,100,576,864,314.00,746.00,2.7110,5.5714,0.9975,1733.31,0.5769,671.00,5.7693,10.9303,10.7371,14.6226,16.7582
16,18000,100,576,1152,314.00,746.00,2.7110,5.5714,0.9975,1576.35,0.6344,669.00,6.3438,11.9938,11.8865,15.4145,17.3389
16,18000,100,1152,230,314.00,746.00,2.7110,5.5714,0.9981,1065.63,0.9384,732.00,9.3841,17.7312,17.5750,23.4811,26.4593
16,18000,100,1152,460,314.00,746.00,2.7110,5.5714,0.9990,1011.79,0.9884,746.00,9.8835,18.7855,18.6111,24.4862,27.7500
16,18000,100,1152,921,314.00,746.00,2.7110,5.5714,0.9992,963.81,1.0375,745.00,10.3755,19.4867,19.2866,25.5448,28.6374
16,18000,100,1152,1152,314.00,746.00,2.7110,5.5714,0.9992,954.32,1.0479,753.00,10.4786,19.7169,19.4221,26.0270,30.4440
16,18000,100,1152,1728,314.00,746.00,2.7110,5.5714,0.9992,849.70,1.1769,762.00,11.7689,22.3720,22.0907,28.3628,33.0067
16,18000,100,1152,2304,314.00,746.00,2.7110,5.5714,0.9992,740.86,1.3498,759.00,13.4979,25.8589,25.5626,32.0875,36.2882
16,18000,200,18,3,330.00,747.00,3.5004,6.4111,0.6251,33217.29,0.0301,631.00,0.3010,0.4569,0.4305,0.8062,1.0882
16,18000,200,18,7,330.00,747.00,3.5004,6.4111,0.7091,35513.30,0.0282,635.00,0.2816,0.4027,0.3785,0.7150,0.9440
16,18000,200,18,14,330.00,747.00,3.5004,6.4111,0.7393,36963.54,0.0271,634.00,0.2705,0.3972,0.3698,0.6970,0.9336
16,18000,200,18,18,330.00,747.00,3.5004,6.4111,0.7448,35958.78,0.0278,633.00,0.2781,0.3908,0.3582,0.7093,0.9612
16,18000,200,18,27,330.00,747.00,3.5004,6.4111,0.7494,35252.91,0.0284,632.00,0.2837,0.3873,0.3580,0.6868,0.9104
16,18000,200,18,36,330.00,747.00,3.5004,6.4111,0.7502,35227.30,0.0284,624.00,0.2839,0.3934,0.3644,0.7007,0.9468
16,18000,200,36,7,330.00,747.00,3.5004,6.4111,0.7694,21226.53,0.0471,635.00,0.4711,0.7351,0.6888,1.2378,1.7037
16,18000,200,36,14,330.00,747.00,3.5004,6.4111,0.8243,21313.34,0.0469,629.00,0.4692,0.7462,0.6996,1.2664,1.6593
16,18000,200,36,28,330.00,747.00,3.5004,6.4111,0.8474,22417.19,0.0446,628.00,0.4461,0.7102,0.6713,1.1832,1.4957
16,18000,200,36,36,330.00,747.00,3.5004,6.4111,0.8500,22616.13,0.0442,628.00,0.4422,0.7019,0.6674,1.1809,1.5092
16,18000,200,36,54,330.00,747.00,3.5004,6.4111,0.8517,22679.75,0.0441,629.00,0.4409,0.7225,0.6828,1.1970,1.5079
16,18000,200,36,72,330.00,747.00,3.5004,6.4111,0.8518,21907.96,0.0456,628.00,0.4565,0.7483,0.7098,1.2250,1.5565
16,18000,200,72,14,330.00,747.00,3.5004,6.4111,0.8691,13159.14,0.0760,627.00,0.7599,1.3376,1.2778,2.1100,2.6988
16,18000,200,72,28,330.00,747.00,3.5004,6.4111,0.9122,12866.72,0.0777,643.00,0.7772,1.3739,1.3138,2.1505,2.6867
16,18000,200,72,57,330.00,747.00,3.5004,6.4111,0.9247,12937.59,0.0773,629.00,0.7729,1.3783,1.3160,2.1302,2.7199
16,18000,200,72,72,330.00,747.00,3.5004,6.4111,0.9255,12919.83,0.0774,629.00,0.7740,1.3854,1.3263,2.1213,2.6606
16,18000,200,72,108,330.00,747.00,3.5004,6.4111,0.9262,12248.47,0.0816,628.00,0.8164,1.4248,1.3537,2.2249,3.0941
16,18000,200,72,144,330.00,747.00,3.5004,6.4111,0.9261,11920.09,0.0839,635.00,0.8389,1.4550,1.3861,2.2617,2.9366
16,18000,200,144,28,330.00,747.00,3.5004,6.4111,0.9408,7053.24,0.1418,643.00,1.4178,2.6321,2.5367,3.8650,4.8207
16,18000,200,144,57,330.00,747.00,3.5004,6.4111,0.9649,6854.47,0.1459,635.00,1.4589,2.6838,2.5908,3.9668,4.9555
16,18000,200,144,115,330.00,747.00,3.5004,6.4111,0.9700,6725.17,0.1487,643.00,1.4870,2.7465,2.6510,4.0301,4.9684
16,18000,200,144,144,330.00,747.00,3.5004,6.4111,0.9703,6799.00,0.1471,645.00,1.4708,2.6927,2.5870,4.0242,5.3541
16,18000,200,144,216,330.00,747.00,3.5004,6.4111,0.9705,6658.36,0.1502,640.00,1.5019,2.7878,2.6986,4.0625,4.8979
16,18000,200,144,288,330.00,747.00,3.5004,6.4111,0.9706,6553.26,0.1526,631.00,1.5260,2.8440,2.7534,4.0956,5.0906
16,18000,200,288,57,330.00,747.00,3.5004,6.4111,0.9788,3862.31,0.2589,637.00,2.5891,4.9465,4.8157,7.0542,8.8666
16,18000,200,288,115,330.00,747.00,3.5004,6.4111,0.9884,3784.85,0.2642,640.00,2.6421,5.0450,4.9254,7.1240,8.6391
16,18000,200,288,230,330.00,747.00,3.5004,6.4111,0.9902,3697.27,0.2705,640.00,2.7047,5.1574,5.0445,7.1193,8.5144
16,18000,200,288,288,330.00,747.00,3.5004,6.4111,0.9903,3605.21,0.2774,644.00,2.7738,5.2291,5.1094,7.2738,8.8538
16,18000,200,288,432,330.00,747.00,3.5004,6.4111,0.9904,3449.76,0.2899,641.00,2.8987,5.4070,5.2709,7.5438,9.7006
16,18000,200,288,576,330.00,747.00,3.5004,6.4111,0.9905,3353.44,0.2982,644.00,2.9820,5.6734,5.5677,7.6934,9.1664
16,18000,200,576,115,330.00,747.00,3.5004,6.4111,0.9938,2023.13,0.4943,668.00,4.9428,9.4912,9.3279,12.8493,15.1078
16,18000,200,576,230,330.00,747.00,3.5004,6.4111,0.9969,1931.51,0.5177,668.00,5.1773,9.7906,9.6621,13.0782,15.7085
16,18000,200,576,460,330.00,747.00,3.5004,6.4111,0.9974,1898.78,0.5267,675.00,5.2666,10.0276,9.8880,13.3729,15.1127
16,18000,200,576,576,330.00,747.00,3.5004,6.4111,0.9974,1885.44,0.5304,673.00,5.3038,10.1146,9.9610,13.4993,16.1582
16,18000,200,576,864,330.00,747.00,3.5004,6.4111,0.9975,1747.28,0.5723,677.00,5.7232,10.8214,10.6926,14.2989,16.8476
16,18000,200,576,1152,330.00,747.00,3.5004,6.4111,0.9975,1605.61,0.6228,677.00,6.2282,11.8459,11.6764,15.4071,17.7232
16,18000,200,1152,230,330.00,747.00,3.5004,6.4111,0.9983,1098.62,0.9102,733.00,9.1023,17.3955,17.1635,22.8656,26.0337
16,18000,200,1152,460,330.00,747.00,3.5004,6.4111,0.9991,978.28,1.0222,752.00,10.2221,19.1455,18.9971,24.8202,27.7241
16,18000,200,1152,921,330.00,747.00,3.5004,6.4111,0.9992,946.77,1.0562,752.00,10.5623,19.9618,19.7576,25.8853,28.9541
16,18000,200,1152,1152,330.00,747.00,3.5004,6.4111,0.9992,947.32,1.0556,766.00,10.5561,19.9784,19.7201,26.0617,29.1033
16,18000,200,1152,1728,330.00,747.00,3.5004,6.4111,0.9992,841.53,1.1883,771.00,11.8832,22.7862,22.6233,28.5507,31.1753
16,18000,200,1152,2304,330.00,747.00,3.5004,6.4111,0.9992,727.27,1.3750,769.00,13.7500,26.1372,25.8007,32.8104,37.2634
16,22000,40,22,4,329.00,748.00,3.2723,6.1134,0.6401,32192.30,0.0311,622.00,0.3106,0.4599,0.4306,0.8096,1.0976
16,22000,40,22,8,329.00,748.00,3.2723,6.1134,0.7110,34772.68,0.0288,620.00,0.2876,0.4235,0.4029,0.7206,0.9131
16,22000,40,22,17,329.00,748.00,3.2723,6.1134,0.7494,33290.93,0.0300,622.00,0.3004,0.4066,0.3792,0.7108,0.9697
16,22000,40,22,22,329.00,748.00,3.2723,6.1134,0.7559,34838.27,0.0287,623.00,0.2870,0.4050,0.3801,0.7056,0.9267
16,22000,40,22,33,329.00,748.00,3.2723,6.1134,0.7617,33473.09,0.0299,624.00,0.2987,0.4045,0.3807,0.6956,0.9161
16,22000,40,22,44,329.00,748.00,3.2723,6.1134,0.7630,34662.39,0.0288,619.00,0.2885,0.4152,0.3905,0.6919,0.8952
16,22000,40,44,8,329.00,748.00,3.2723,6.1134,0.7611,20845.09,0.0480,619.00,0.4797,0.7686,0.7397,1.2249,1.5286
16,22000,40,44,17,329.00,748.00,3.2723,6.1134,0.8255,21425.82,0.0467,623.00,0.4667,0.7643,0.7371,1.2164,1.5290
16,22000,40,44,35,329.00,748.00,3.2723,6.1134,0.8527,20883.88,0.0479,621.00,0.4788,0.7329,0.6938,1.2151,1.6830
16,22000,40,44,44,329.00,748.00,3.2723,6.1134,0.8556,21670.33,0.0461,617.00,0.4615,0.7258,0.6899,1.1839,1.6513
16,22000,40,44,66,329.00,748.00,3.2723,6.1134,0.8585,21614.04,0.0463,620.00,0.4627,0.7601,0.7379,1.1783,1.4626
16,22000,40,44,88,329.00,748.00,3.2723,6.1134,0.8592,20859.63,0.0479,618.00,0.4794,0.7958,0.7732,1.2189,1.5113
16,22000,40,88,17,329.00,748.00,3.2723,6.1134,0.8641,11663.40,0.0857,616.00,0.8574,1.4603,1.4043,2.2691,2.9542
16,22000,40,88,35,329.00,748.00,3.2723,6.1134,0.9108,11346.77,0.0881,619.00,0.8813,1.5187,1.4782,2.3062,2.7631
16,22000,40,88,70,329.00,748.00,3.2723,6.1134,0.9261,11104.49,0.0901,618.00,0.9005,1.5118,1.4356,2.4409,3.3117
16,22000,40,88,88,329.00,748.00,3.2723,6.1134,0.9281,11665.35,0.0857,630.00,0.8572,1.4740,1.4285,2.3027,2.8318
16,22000,40,88,132,329.00,748.00,3.2723,6.1134,0.9300,11418.96,0.0876,625.00,0.8757,1.5384,1.4841,2.2934,2.8742
16,22000,40,88,176,329.00,748.00,3.2723,6.1134,0.9304,11134.48,0.0898,628.00,0.8981,1.5592,1.5117,2.2973,2.8112
16,22000,40,176,35,329.00,748.00,3.2723,6.1134,0.9352,6613.41,0.1512,625.00,1.5121,2.7913,2.7208,4.0316,4.8011
16,22000,40,176,70,329.00,748.00,3.2723,6.1134,0.9625,6588.07,0.1518,628.00,1.5179,2.7501,2.6905,4.1250,5.1568
16,22000,40,176,140,329.00,748.00,3.2723,6.1134,0.9712,6671.68,0.1499,622.00,1.4989,2.7384,2.6786,4.0003,4.8627
16,22000,40,176,176,329.00,748.00,3.2723,6.1134,0.9718,6699.85,0.1493,627.00,1.4926,2.7537,2.6831,3.9789,4.8636
16,22000,40,176,264,329.00,748.00,3.2723,6.1134,0.9723,6430.50,0.1555,635.00,1.5551,2.8360,2.7708,4.1610,5.0544
16,22000,40,176,352,329.00,748.00,3.2723,6.1134,0.9724,6173.59,0.1620,625.00,1.6198,2.9988,2.9032,4.2282,5.4909
16,22000,40,352,70,329.00,748.00,3.2723,6.1134,0.9739,3688.85,0.2711,652.00,2.7109,5.1481,5.0267,7.2376,8.6647
16,22000,40,352,140,329.00,748.00,3.2723,6.1134,0.9881,3642.99,0.2745,646.00,2.7450,5.2802,5.1604,7.2684,8.7249
16,22000,40,352,281,329.00,748.00,3.2723,6.1134,0.9910,3531.14,0.2832,655.00,2.8319,5.3930,5.2875,7.3444,8.9437
16,22000,40,352,352,329.00,748.00,3.2723,6.1134,0.9913,3449.85,0.2899,649.00,2.8987,5.4859,5.3723,7.4896,8.8147
16,22000,40,352,528,329.00,748.00,3.2723,6.1134,0.9916,3221.50,0.3104,660.00,3.1041,5.7945,5.6705,8.0205,9.5691
16,22000,40,352,704,329.00,748.00,3.2723,6.1134,0.9916,3103.06,0.3223,645.00,3.2226,6.0500,5.8807,8.1738,11.2663
16,22000,40,704,140,329.00,748.00,3.2723,6.1134,0.9919,1912.63,0.5228,692.00,5.2284,9.8950,9.7339,13.3896,15.3683
16,22000,40,704,281,329.00,748.00,3.2723,6.1134,0.9967,1792.39,0.5579,682.00,5.5791,10.4120,10.2782,13.8499,15.8564
16,22000,40,704,563,329.00,748.00,3.2723,6.1134,0.9975,1777.73,0.5625,689.00,5.6251,10.4596,10.2541,14.9252,18.5863
16,22000,40,704,704,329.00,748.00,3.2723,6.1134,0.9976,1772.64,0.5641,701.00,5.6413,10.8078,10.6290,14.0753,16.5917
16,22000,40,704,1056,329.00,748.00,3.2723,6.1134,0.9976,1620.37,0.6171,703.00,6.1714,11.5999,11.3605,15.8210,19.3253
16,22000,40,704,1408,329.00,748.00,3.2723,6.1134,0.9976,1450.15,0.6896,687.00,6.8958,13.1780,13.0810,16.4548,18.9183
16,22000,40,1408,281,329.00,748.00,3.2723,6.1134,0.9975,1042.53,0.9592,767.00,9.5920,17.9798,17.8961,24.3393,29.3248
16,22000,40,1408,563,329.00,748.00,3.2723,6.1134,0.9986,975.05,1.0256,793.00,10.2559,19.5641,19.3102,25.3144,27.9133
16,22000,40,1408,1126,329.00,748.00,3.2723,6.1134,0.9989,909.51,1.0995,789.00,10.9950,21.1366,20.9097,26.7979,30.6387
16,22000,40,1408,1408,329.00,748.00,3.2723,6.1134,0.9989,911.24,1.0974,801.00,10.9741,21.1602,20.7528,27.3305,31.9755
16,22000,40,1408,2112,329.00,748.00,3.2723,6.1134,0.9991,764.54,1.3080,793.00,13.0798,25.1867,24.9908,30.9584,34.6145
16,22000,40,1408,2816,329.00,748.00,3.2723,6.1134,0.9992,639.55,1.5636,804.00,15.6360,30.3294,30.1221,35.9243,39.1716
16,22000,100,22,4,355.00,749.00,3.4223,6.3138,0.6628,32979.17,0.0303,633.00,0.3032,0.4578,0.4331,0.8044,1.0836
16,22000,100,22,8,355.00,749.00,3.4223,6.3138,0.7258,33474.68,0.0299,635.00,0.2987,0.4274,0.4045,0.7350,0.9607
16,22000,100,22,17,355.00,749.00,3.4223,6.3138,0.7591,34440.50,0.0290,629.00,0.2904,0.4259,0.4048,0.7218,0.9088
16,22000,100,22,22,355.00,749.00,3.4223,6.3138,0.7632,35885.46,0.0279,627.00,0.2787,0.4264,0.4087,0.7061,0.8940
16,22000,100,22,33,355.00,749.00,3.4223,6.3138,0.7669,34182.98,0.0293,634.00,0.2925,0.4114,0.3919,0.6894,0.8693
16,22000,100,22,44,355.00,749.00,3.4223,6.3138,0.7677,34522.86,0.0290,629.00,0.2897,0.4258,0.4059,0.6971,0.8955
16,22000,100,44,8,355.00,749.00,3.4223,6.3138,0.7798,21512.69,0.0465,633.00,0.4648,0.7619,0.7293,1.2303,1.5527
16,22000,100,44,17,355.00,749.00,3.4223,6.3138,0.8384,21426.11,0.0467,646.00,0.4667,0.7778,0.7405,1.2516,1.6675
16,22000,100,44,35,355.00,749.00,3.4223,6.3138,0.8592,21668.47,0.0462,637.00,0.4615,0.7578,0.7209,1.2255,1.6262
16,22000,100,44,44,355.00,749.00,3.4223,6.3138,0.8609,21383.08,0.0468,637.00,0.4677,0.7454,0.7158,1.2249,1.5642
16,22000,100,44,66,355.00,749.00,3.4223,6.3138,0.8627,21037.32,0.0475,634.00,0.4753,0.7806,0.7498,1.2313,1.5486
16,22000,100,44,88,355.00,749.00,3.4223,6.3138,0.8631,20444.04,0.0489,630.00,0.4891,0.8009,0.7656,1.2836,1.6301
16,22000,100,88,17,355.00,749.00,3.4223,6.3138,0.8800,12212.53,0.0819,644.00,0.8188,1.4150,1.3681,2.1587,2.7882
16,22000,100,88,35,355.00,749.00,3.4223,6.3138,0.9192,12260.26,0.0816,632.00,0.8156,1.4519,1.4032,2.1777,2.6744
16,22000,100,88,70,355.00,749.00,3.4223,6.3138,0.9303,11851.65,0.0844,633.00,0.8438,1.4609,1.4037,2.2705,2.8468
16,22000,100,88,88,355.00,749.00,3.4223,6.3138,0.9315,12219.29,0.0818,628.00,0.8184,1.4754,1.4295,2.1822,2.6199
16,22000,100,88,132,355.00,749.00,3.4223,6.3138,0.9321,11604.22,0.0862,634.00,0.8618,1.5043,1.4466,2.2700,2.8946
16,22000,100,88,176,355.00,749.00,3.4223,6.3138,0.9321,11322.01,0.0883,631.00,0.8832,1.5589,1.4961,2.3300,2.9858
16,22000,100,176,35,355.00,749.00,3.4223,6.3138,0.9462,6772.91,0.1476,632.00,1.4765,2.7105,2.6210,3.9496,4.9229
16,22000,100,176,70,355.00,749.00,3.4223,6.3138,0.9680,6606.80,0.1514,640.00,1.5136,2.7364,2.6330,4.0139,5.7580
16,22000,100,176,140,355.00,749.00,3.4223,6.3138,0.9731,6383.87,0.1566,632.00,1.5664,2.8130,2.7338,4.0894,5.0058
16,22000,100,176,176,355.00,749.00,3.4223,6.3138,0.9734,6381.42,0.1567,633.00,1.5670,2.8306,2.7354,4.2130,5.3099
16,22000,100,176,264,355.00,749.00,3.4223,6.3138,0.9736,6135.49,0.1630,635.00,1.6299,2.9293,2.8341,4.2465,5.4515
16,22000,100,176,352,355.00,749.00,3.4223,6.3138,0.9736,5954.46,0.1679,636.00,1.6794,3.0998,3.0258,4.3344,5.0788
16,22000,100,352,70,355.00,749.00,3.4223,6.3138,0.9808,3572.77,0.2799,647.00,2.7990,5.2529,5.1727,7.2224,8.4206
16,22000,100,352,140,355.00,749.00,3.4223,6.3138,0.9905,3430.22,0.2915,646.00,2.9153,5.3711,5.2527,7.5083,8.8477
16,22000,100,352,281,355.00,749.00,3.4223,6.3138,0.9917,3399.50,0.2942,664.00,2.9416,5.4274,5.3169,7.5795,9.1568
16,22000,100,352,352,355.00,749.00,3.4223,6.3138,0.9917,3451.28,0.2897,651.00,2.8975,5.5340,5.4421,7.4810,8.8346
16,22000,100,352,528,355.00,749.00,3.4223,6.3138,0.9917,3212.45,0.3113,668.00,3.1129,5.8353,5.7599,7.8397,9.0139
16,22000,100,352,704,355.00,749.00,3.4223,6.3138,0.9918,3152.83,0.3172,653.00,3.1718,6.1036,6.0008,8.1134,9.5229
16,22000,100,704,140,355.00,749.00,3.4223,6.3138,0.9947,1940.28,0.5154,692.00,5.1539,9.8154,9.6694,13.0874,15.8675
16,22000,100,704,281,355.00,749.00,3.4223,6.3138,0.9973,1861.57,0.5372,680.00,5.3718,10.2301,10.0740,13.5673,16.0883
16,22000,100,704,563,355.00,749.00,3.4223,6.3138,0.9979,1759.82,0.5682,682.00,5.6824,10.7286,10.6063,14.1629,16.1877
16,22000,100,704,704,355.00,749.00,3.4223,6.3138,0.9980,1738.71,0.5751,682.00,5.7514,10.7813,10.6091,14.2785,17.3984
16,22000,100,704,1056,355.00,749.00,3.4223,6.3138,0.9979,1604.89,0.6231,685.00,6.2310,11.6837,11.4763,15.3776,18.9415
16,22000,100,704,1408,355.00,749.00,3.4223,6.3138,0.9979,1464.58,0.6828,684.00,6.8279,13.0374,12.8237,17.1440,20.9004
16,22000,100,1408,281,355.00,749.00,3.4223,6.3138,0.9984,1030.38,0.9705,778.00,9.7052,18.2696,18.1865,23.9465,26.7675
16,22000,100,1408,563,355.00,749.00,3.4223,6.3138,0.9991,994.90,1.0051,781.00,10.0513,19.3338,18.9609,25.5582,29.9409
16,22000,100,1408,1126,355.00,749.00,3.4223,6.3138,0.9992,924.33,1.0819,793.00,10.8186,20.8587,20.7564,26.2172,29.1791
16,22000,100,1408,1408,355.00,749.00,3.4223,6.3138,0.9992,905.90,1.1039,773.00,11.0387,21.1617,20.8003,27.4563,34.0249
16,22000,100,1408,2112,355.00,749.00,3.4223,6.3138,0.9992,777.82,1.2856,788.00,12.8564,25.0857,24.7695,30.6441,35.5148
16,22000,100,1408,2816,355.00,749.00,3.4223,6.3138,0.9992,631.09,1.5846,805.00,15.8455,30.6290,30.4489,36.3621,39.4345
16,22000,200,22,4,356.00,752.00,4.2833,7.2934,0.6652,42891.59,0.0233,636.00,0.2331,0.2952,0.2760,0.4966,0.6323
16,22000,200,22,8,356.00,752.00,4.2833,7.2934,0.7277,45698.40,0.0219,634.00,0.2188,0.2735,0.2558,0.4589,0.5919
16,22000,200,22,17,356.00,752.00,4.2833,7.2934,0.7603,45133.31,0.0222,639.00,0.2216,0.2745,0.2538,0.4555,0.5977
16,22000,200,22,22,356.00,752.00,4.2833,7.2934,0.7653,45719.64,0.0219,629.00,0.2187,0.2758,0.2560,0.4503,0.5807
16,22000,200,22,33,356.00,752.00,4.2833,7.2934,0.7692,41962.85,0.0238,631.00,0.2383,0.2928,0.2766,0.4566,0.5836
16,22000,200,22,44,356.00,752.00,4.2833,7.2934,0.7704,43201.59,0.0231,635.00,0.2315,0.3054,0.2879,0.4778,0.5944
16,22000,200,44,8,356.00,752.00,4.2833,7.2934,0.7817,30690.58,0.0326,635.00,0.3258,0.4898,0.4693,0.7615,0.9331
16,22000,200,44,17,356.00,752.00,4.2833,7.2934,0.8400,28810.73,0.0347,632.00,0.3471,0.4986,0.4698,0.7939,0.9802
16,22000,200,44,35,356.00,752.00,4.2833,7.2934,0.8611,28324.22,0.0353,631.00,0.3531,0.5172,0.4865,0.8249,1.0288
16,22000,200,44,44,356.00,752.00,4.2833,7.2934,0.8629,28515.40,0.0351,637.00,0.3507,0.5069,0.4768,0.7915,1.0136
16,22000,200,44,66,356.00,752.00,4.2833,7.2934,0.8648,28607.43,0.0350,632.00,0.3496,0.5341,0.5112,0.8008,0.9977
16,22000,200,44,88,356.00,752.00,4.2833,7.2934,0.8651,27424.33,0.0365,634.00,0.3646,0.5520,0.5203,0.8456,1.0564
16,22000,200,88,17,356.00,752.00,4.2833,7.2934,0.8824,16268.17,0.0615,639.00,0.6147,0.9625,0.9249,1.4562,1.7973
16,22000,200,88,35,356.00,752.00,4.2833,7.2934,0.9208,16881.07,0.0592,635.00,0.5924,0.9455,0.8955,1.4600,1.8645
16,22000,200,88,70,356.00,752.00,4.2833,7.2934,0.9314,17088.50,0.0585,637.00,0.5852,0.9777,0.9313,1.4750,1.8569
16,22000,200,88,88,356.00,752.00,4.2833,7.2934,0.9321,16443.06,0.0608,632.00,0.6082,0.9846,0.9441,1.4520,1.8010
16,22000,200,88,132,356.00,752.00,4.2833,7.2934,0.9328,16291.44,0.0614,633.00,0.6138,1.0314,0.9936,1.4833,1.8020
16,22000,200,88,176,356.00,752.00,4.2833,7.2934,0.9328,15464.45,0.0647,636.00,0.6466,1.0828,1.0398,1.5744,1.9066
16,22000,200,176,35,356.00,752.00,4.2833,7.2934,0.9486,9573.89,0.1045,653.00,1.0445,1.8104,1.7426,2.6656,3.1655
16,22000,200,176,70,356.00,752.00,4.2833,7.2934,0.9690,9730.13,0.1028,645.00,1.0277,1.8603,1.8018,2.6229,3.2085
16,22000,200,176,140,356.00,752.00,4.2833,7.2934,0.9729,9320.10,0.1073,638.00,1.0730,1.8983,1.8459,2.6776,3.1456
16,22000,200,176,176,356.00,752.00,4.2833,7.2934,0.9732,9173.75,0.1090,645.00,1.0901,1.9088,1.8498,2.6883,3.2099
16,22000,200,176,264,356.00,752.00,4.2833,7.2934,0.9733,8448.74,0.1184,641.00,1.1836,2.0410,1.9792,2.8213,3.3790
16,22000,200,176,352,356.00,752.00,4.2833,7.2934,0.9734,8301.52,0.1205,644.00,1.2046,2.1840,2.1276,2.9599,3.4988
16,22000,200,352,70,356.00,752.00,4.2833,7.2934,0.9826,5414.51,0.1847,653.00,1.8469,3.3952,3.3303,4.6348,5.5517
16,22000,200,352,140,356.00,752.00,4.2833,7.2934,0.9907,5212.89,0.1918,645.00,1.9183,3.5583,3.4953,4.7435,5.4367
16,22000,200,352,281,356.00,752.00,4.2833,7.2934,0.9918,4985.27,0.2006,652.00,2.0059,3.6685,3.6091,4.8338,5.4856
16,22000,200,352,352,356.00,752.00,4.2833,7.2934,0.9919,4860.66,0.2057,668.00,2.0573,3.7731,3.7172,4.9760,5.7462
16,22000,200,352,528,356.00,752.00,4.2833,7.2934,0.9919,4550.50,0.2198,654.00,2.1976,4.0989,4.0474,5.2336,5.8810
16,22000,200,352,704,356.00,752.00,4.2833,7.2934,0.9919,4158.56,0.2405,662.00,2.4047,4.4120,4.3254,5.7129,6.7647
16,22000,200,704,140,356.00,752.00,4.2833,7.2934,0.9953,2896.41,0.3453,679.00,3.4525,6.4303,6.3829,8.2009,9.0794
16,22000,200,704,281,356.00,752.00,4.2833,7.2934,0.9976,2763.40,0.3619,684.00,3.6187,6.7940,6.7374,8.5651,9.7088
16,22000,200,704,563,356.00,752.00,4.2833,7.2934,0.9979,2570.11,0.3891,690.00,3.8909,7.1200,7.0200,9.1152,10.6601
16,22000,200,704,704,356.00,752.00,4.2833,7.2934,0.9979,2604.18,0.3840,704.00,3.8400,7.2992,7.2484,9.0448,10.1865
16,22000,200,704,1056,356.00,752.00,4.2833,7.2934,0.9979,2269.57,0.4406,699.00,4.4061,8.3784,8.3147,10.2376,11.5925
16,22000,200,704,1408,356.00,752.00,4.2833,7.2934,0.9979,1952.10,0.5123,695.00,5.1227,9.8293,9.7904,11.6111,12.5898
16,22000,200,1408,281,356.00,752.00,4.2833,7.2934,0.9987,1514.95,0.6601,786.00,6.6009,12.3478,12.2966,15.5408,17.1627
16,22000,200,1408,563,356.00,752.00,4.2833,7.2934,0.9992,1416.01,0.7062,795.00,7.0621,13.1316,13.0211,16.0932,17.8214
16,22000,200,1408,1126,356.00,752.00,4.2833,7.2934,0.9992,1303.28,0.7673,791.00,7.6729,14.6329,14.5809,17.3514,19.3231
16,22000,200,1408,1408,356.00,752.00,4.2833,7.2934,0.9992,1254.29,0.7973,792.00,7.9727,15.1647,15.1184,17.9581,20.1735
16,22000,200,1408,2112,356.00,752.00,4.2833,7.2934,0.9992,1036.39,0.9649,803.00,9.6489,18.8703,18.8274,21.5058,23.2628
16,22000,200,1408,2816,356.00,752.00,4.2833,7.2934,0.9993,806.32,1.2402,818.00,12.4020,24.1342,24.0644,26.8471,28.2330
16,26000,40,26,5,373.00,752.00,4.1203,7.0512,0.6674,30998.46,0.0323,670.00,0.3226,0.4820,0.4584,0.8424,1.1041
16,26000,40,26,10,373.00,752.00,4.1203,7.0512,0.7309,33576.35,0.0298,673.00,0.2978,0.4393,0.4246,0.7413,0.9496
16,26000,40,26,20,373.00,752.00,4.1203,7.0512,0.7643,33887.98,0.0295,674.00,0.2951,0.4249,0.4045,0.7207,0.9656
16,26000,40,26,26,373.00,752.00,4.1203,7.0512,0.7701,34733.10,0.0288,672.00,0.2879,0.4224,0.4006,0.7240,0.9159
16,26000,40,26,39,373.00,752.00,4.1203,7.0512,0.7755,34557.64,0.0289,669.00,0.2894,0.4326,0.4147,0.7140,0.8991
16,26000,40,26,52,373.00,752.00,4.1203,7.0512,0.7769,33048.95,0.0303,675.00,0.3026,0.4302,0.4055,0.7229,0.9883
16,26000,40,52,10,373.00,752.00,4.1203,7.0512,0.7804,20766.27,0.0482,671.00,0.4816,0.7951,0.7629,1.3159,1.6752
16,26000,40,52,20,373.00,752.00,4.1203,7.0512,0.8381,20678.67,0.0484,674.00,0.4836,0.7976,0.7785,1.2329,1.5292
16,26000,40,52,41,373.00,752.00,4.1203,7.0512,0.8638,20535.96,0.0487,676.00,0.4870,0.8030,0.7751,1.2664,1.6677
16,26000,40,52,52,373.00,752.00,4.1203,7.0512,0.8672,20477.36,0.0488,671.00,0.4883,0.8087,0.7784,1.2633,1.7164
16,26000,40,52,78,373.00,752.00,4.1203,7.0512,0.8702,19829.75,0.0504,673.00,0.5043,0.8153,0.7800,1.2901,1.6956
16,26000,40,52,104,373.00,752.00,4.1203,7.0512,0.8708,19869.38,0.0503,669.00,0.5033,0.8388,0.8238,1.2598,1.5495
16,26000,40,104,20,373.00,752.00,4.1203,7.0512,0.8740,11740.58,0.0852,671.00,0.8517,1.4878,1.4576,2.2031,2.7115
16,26000,40,104,41,373.00,752.00,4.1203,7.0512,0.9188,11812.52,0.0847,674.00,0.8466,1.5001,1.4666,2.2568,2.7890
16,26000,40,104,83,373.00,752.00,4.1203,7.0512,0.9346,11763.20,0.0850,674.00,0.8501,1.5192,1.4824,2.2300,2.6995
16,26000,40,104,104,373.00,752.00,4.1203,7.0512,0.9362,11411.16,0.0876,674.00,0.8763,1.5357,1.4884,2.3336,3.0601
16,26000,40,104,156,373.00,752.00,4.1203,7.0512,0.9373,11203.29,0.0893,670.00,0.8926,1.6099,1.5835,2.2889,2.7722
16,26000,40,104,208,373.00,752.00,4.1203,7.0512,0.9375,10738.88,0.0931,668.00,0.9312,1.6454,1.5922,2.4430,3.2202
16,26000,40,208,41,373.00,752.00,4.1203,7.0512,0.9409,6371.54,0.1569,676.00,1.5695,2.8789,2.8497,4.0639,4.7536
16,26000,40,208,83,373.00,752.00,4.1203,7.0512,0.9670,6108.88,0.1637,670.00,1.6370,2.9500,2.8507,4.3229,5.7912
16,26000,40,208,166,373.00,752.00,4.1203,7.0512,0.9737,6110.17,0.1637,668.00,1.6366,2.9728,2.9256,4.1637,4.9473
16,26000,40,208,208,373.00,752.00,4.1203,7.0512,0.9744,6154.93,0.1625,674.00,1.6247,3.0231,2.9674,4.1875,4.9541
16,26000,40,208,312,373.00,752.00,4.1203,7.0512,0.9749,5798.61,0.1725,673.00,1.7246,3.0951,3.0071,4.4716,5.8235
16,26000,40,208,416,373.00,752.00,4.1203,7.0512,0.9750,5695.66,0.1756,680.00,1.7557,3.2708,3.2249,4.4384,5.1704
16,26000,40,416,83,373.00,752.00,4.1203,7.0512,0.9776,3494.92,0.2861,684.00,2.8613,5.4333,5.3485,7.3404,8.6156
16,26000,40,416,166,373.00,752.00,4.1203,7.0512,0.9897,3319.88,0.3012,702.00,3.0122,5.5564,5.4159,7.9059,10.2414
16,26000,40,416,332,373.00,752.00,4.1203,7.0512,0.9925,3217.93,0.3108,686.00,3.1076,5.7334,5.6150,7.9016,9.4220
16,26000,40,416,416,373.00,752.00,4.1203,7.0512,0.9926,3223.96,0.3102,691.00,3.1018,5.8082,5.7364,7.7144,9.0151
16,26000,40,416,624,373.00,752.00,4.1203,7.0512,0.9928,2984.17,0.3351,688.00,3.3510,6.1459,6.0189,8.5061,10.4551
16,26000,40,416,832,373.00,752.00,4.1203,7.0512,0.9928,2767.36,0.3614,689.00,3.6136,6.7521,6.6952,8.7438,9.9596
16,26000,40,832,166,373.00,752.00,4.1203,7.0512,0.9927,1789.33,0.5589,725.00,5.5887,10.2520,10.0772,14.4165,17.5414
16,26000,40,832,332,373.00,752.00,4.1203,7.0512,0.9969,1725.30,0.5796,736.00,5.7961,10.8813,10.8255,14.1531,15.9529
16,26000,40,832,665,373.00,752.00,4.1203,7.0512,0.9977,1644.32,0.6082,738.00,6.0816,11.3089,11.1317,15.4674,18.5632
16,26000,40,832,832,373.00,752.00,4.1203,7.0512,0.9977,1627.66,0.6144,740.00,6.1438,11.6380,11.5704,14.7945,16.4193
16,26000,40,832,1248,373.00,752.00,4.1203,7.0512,0.9978,1491.52,0.6705,738.00,6.7046,12.8204,12.7090,16.0150,17.8906
16,26000,40,832,1664,373.00,752.00,4.1203,7.0512,0.9978,1299.38,0.7696,739.00,7.6960,14.7418,14.6623,17.9819,19.7032
16,26000,40,1664,332,373.00,752.00,4.1203,7.0512,0.9978,966.17,1.0350,824.00,10.3502,19.2241,19.1475,25.8959,30.1853
16,26000,40,1664,665,373.00,752.00,4.1203,7.0512,0.9989,901.72,1.1090,837.00,11.0899,20.9784,20.8499,26.5946,29.3872
16,26000,40,1664,1331,373.00,752.00,4.1203,7.0512,0.9991,828.10,1.2076,846.00,12.0758,22.6444,22.4316,28.9493,32.4975
16,26000,40,1664,1664,373.00,752.00,4.1203,7.0512,0.9991,814.42,1.2279,865.00,12.2787,23.3643,23.2242,29.2520,32.0940
16,26000,40,1664,2496,373.00,752.00,4.1203,7.0512,0.9992,682.12,1.4660,865.00,14.6601,28.3217,28.1765,34.0854,36.5354
16,26000,40,1664,3328,373.00,752.00,4.1203,7.0512,0.9992,548.35,1.8237,850.00,18.2366,35.3834,35.0472,42.2638,46.7761
16,26000,100,26,5,412.00,756.00,4.0955,7.0595,0.6881,31094.14,0.0322,664.00,0.3216,0.4938,0.4711,0.8442,1.1183
16,26000,100,26,10,412.00,756.00,4.0955,7.0595,0.7453,33295.35,0.0300,657.00,0.3003,0.4579,0.4356,0.7719,0.9698
16,26000,100,26,20,412.00,756.00,4.0955,7.0595,0.7736,32914.68,0.0304,668.00,0.3038,0.4451,0.4256,0.7462,0.9555
16,26000,100,26,26,412.00,756.00,4.0955,7.0595,0.7778,33651.69,0.0297,663.00,0.2972,0.4335,0.4151,0.7203,0.9075
16,26000,100,26,39,412.00,756.00,4.0955,7.0595,0.7812,33722.37,0.0297,663.00,0.2965,0.4338,0.4122,0.7183,0.9051
16,26000,100,26,52,412.00,756.00,4.0955,7.0595,0.7820,32612.34,0.0307,662.00,0.3066,0.4505,0.4247,0.7454,0.9620
16,26000,100,52,10,412.00,756.00,4.0955,7.0595,0.8004,20054.32,0.0499,666.00,0.4986,0.7807,0.7422,1.3125,1.7099
16,26000,100,52,20,412.00,756.00,4.0955,7.0595,0.8505,20492.08,0.0488,660.00,0.4880,0.8063,0.7782,1.2601,1.5386
16,26000,100,52,41,412.00,756.00,4.0955,7.0595,0.8696,19885.86,0.0503,667.00,0.5029,0.8160,0.7834,1.3168,1.6999
16,26000,100,52,52,412.00,756.00,4.0955,7.0595,0.8716,20046.74,0.0499,662.00,0.4988,0.8260,0.7990,1.2841,1.5918
16,26000,100,52,78,412.00,756.00,4.0955,7.0595,0.8734,20059.54,0.0499,659.00,0.4985,0.8353,0.8080,1.2923,1.5790
16,26000,100,52,104,412.00,756.00,4.0955,7.0595,0.8737,19120.77,0.0523,661.00,0.5230,0.8533,0.8198,1.3284,1.7010
16,26000,100,104,20,412.00,756.00,4.0955,7.0595,0.8905,11504.78,0.0869,664.00,0.8692,1.5044,1.4512,2.3289,3.0093
16,26000,100,104,41,412.00,756.00,4.0955,7.0595,0.9274,11660.70,0.0858,658.00,0.8576,1.5185,1.4792,2.2538,2.7556
16,26000,100,104,83,412.00,756.00,4.0955,7.0595,0.9379,11652.70,0.0858,666.00,0.8582,1.5187,1.4630,2.2819,3.0848
16,26000,100,104,104,412.00,756.00,4.0955,7.0595,0.9389,11575.48,0.0864,663.00,0.8639,1.5303,1.4776,2.3078,3.0195
16,26000,100,104,156,412.00,756.00,4.0955,7.0595,0.9394,11203.23,0.0893,665.00,0.8926,1.5678,1.5202,2.3763,2.8956
16,26000,100,104,208,412.00,756.00,4.0955,7.0595,0.9393,10579.54,0.0945,662.00,0.9452,1.6517,1.6105,2.4337,2.8647
16,26000,100,208,41,412.00,756.00,4.0955,7.0595,0.9509,6208.51,0.1611,662.00,1.6107,2.8865,2.7958,4.2404,5.4072
16,26000,100,208,83,412.00,756.00,4.0955,7.0595,0.9717,5935.55,0.1685,664.00,1.6848,2.9933,2.8955,4.4351,5.4700
16,26000,100,208,166,412.00,756.00,4.0955,7.0595,0.9757,5813.07,0.1720,669.00,1.7203,3.0341,2.9184,4.6182,6.2284
16,26000,100,208,208,412.00,756.00,4.0955,7.0595,0.9759,6029.72,0.1658,661.00,1.6585,2.9965,2.8931,4.3150,6.0230
16,26000,100,208,312,412.00,756.00,4.0955,7.0595,0.9760,5872.06,0.1703,671.00,1.7030,3.1613,3.1032,4.3800,5.1649
16,26000,100,208,416,412.00,756.00,4.0955,7.0595,0.9761,5525.98,0.1810,669.00,1.8096,3.3636,3.2942,4.6048,5.5209
16,26000,100,416,83,412.00,756.00,4.0955,7.0595,0.9834,3341.78,0.2992,681.00,2.9924,5.5503,5.4904,7.5822,9.0562
16,26000,100,416,166,412.00,756.00,4.0955,7.0595,0.9916,3204.96,0.3120,690.00,3.1202,5.6730,5.5059,8.2899,10.5665
16,26000,100,416,332,412.00,756.00,4.0955,7.0595,0.9929,3142.66,0.3182,695.00,3.1820,5.8068,5.6408,8.3776,10.2206
16,26000,100,416,416,412.00,756.00,4.0955,7.0595,0.9929,3136.65,0.3188,697.00,3.1881,5.8592,5.7572,8.1239,9.7274
16,26000,100,416,624,412.00,756.00,4.0955,7.0595,0.9930,3010.75,0.3321,704.00,3.3214,6.1871,6.0780,8.3520,9.8121
16,26000,100,416,832,412.00,756.00,4.0955,7.0595,0.9930,2788.05,0.3587,688.00,3.5867,6.7443,6.6096,8.9622,10.4892
16,26000,100,832,166,412.00,756.00,4.0955,7.0595,0.9954,1818.37,0.5499,735.00,5.4994,10.3610,10.3133,13.6018,15.1107
16,26000,100,832,332,412.00,756.00,4.0955,7.0595,0.9977,1721.46,0.5809,741.00,5.8090,10.7305,10.5395,14.5724,17.5966
16,26000,100,832,665,412.00,756.00,4.0955,7.0595,0.9981,1681.17,0.5948,736.00,5.9482,11.1897,11.0831,14.5857,16.6869
16,26000,100,832,832,412.00,756.00,4.0955,7.0595,0.9981,1632.50,0.6126,747.00,6.1256,11.4676,11.3102,15.0631,17.4282
16,26000,100,832,1248,412.00,756.00,4.0955,7.0595,0.9981,1544.44,0.6475,758.00,6.4748,12.5538,12.3654,16.1187,18.6493
16,26000,100,832,1664,412.00,756.00,4.0955,7.0595,0.9981,1338.99,0.7468,764.00,7.4683,14.5390,14.4056,17.9048,19.9898
16,26000,100,1664,332,412.00,756.00,4.0955,7.0595,0.9986,1041.64,0.9600,840.00,9.6002,18.5728,18.2729,25.7530,30.3347
16,26000,100,1664,665,412.00,756.00,4.0955,7.0595,0.9992,945.73,1.0574,836.00,10.5738,20.4309,20.2296,26.4075,30.3141
16,26000,100,1664,1331,412.00,756.00,4.0955,7.0595,0.9992,881.41,1.1345,852.00,11.3454,22.1764,21.6675,28.9704,33.4803
16,26000,100,1664,1664,412.00,756.00,4.0955,7.0595,0.9992,833.24,1.2001,864.00,12.0013,23.2501,22.9560,29.1541,33.5734
16,26000,100,1664,2496,412.00,756.00,4.0955,7.0595,0.9992,676.97,1.4772,864.00,14.7717,28.5600,28.4973,34.0049,37.5641
16,26000,100,1664,3328,412.00,756.00,4.0955,7.0595,0.9993,545.93,1.8317,852.00,18.3174,35.7236,35.5194,41.0273,46.2680
16,26000,200,26,5,410.00,753.00,5.0527,8.1288,0.6969,41850.50,0.0239,649.00,0.2389,0.3333,0.3145,0.5576,0.7100
16,26000,200,26,10,410.00,753.00,5.0527,8.1288,0.7506,39558.64,0.0253,649.00,0.2528,0.3009,0.2804,0.4995,0.6268
16,26000,200,26,20,410.00,753.00,5.0527,8.1288,0.7766,43595.71,0.0229,652.00,0.2294,0.3057,0.2891,0.4872,0.6188
16,26000,200,26,26,410.00,753.00,5.0527,8.1288,0.7811,44279.32,0.0226,650.00,0.2258,0.3068,0.2929,0.4798,0.5992
16,26000,200,26,39,410.00,753.00,5.0527,8.1288,0.7847,43629.54,0.0229,649.00,0.2292,0.3080,0.2901,0.4883,0.6089
16,26000,200,26,52,410.00,753.00,5.0527,8.1288,0.7859,37216.27,0.0269,649.00,0.2687,0.3341,0.3150,0.5214,0.6661
16,26000,200,52,10,410.00,753.00,5.0527,8.1288,0.8042,27280.59,0.0367,649.00,0.3666,0.5587,0.5359,0.8644,1.0640
16,26000,200,52,20,410.00,753.00,5.0527,8.1288,0.8539,27187.35,0.0368,649.00,0.3678,0.5449,0.5167,0.8596,1.0865
16,26000,200,52,41,410.00,753.00,5.0527,8.1288,0.8720,25577.12,0.0391,643.00,0.3910,0.5603,0.5324,0.8709,1.0670
16,26000,200,52,52,410.00,753.00,5.0527,8.1288,0.8743,26672.50,0.0375,645.00,0.3749,0.5551,0.5274,0.8552,1.0275
16,26000,200,52,78,410.00,753.00,5.0527,8.1288,0.8760,25366.66,0.0394,662.00,0.3942,0.5894,0.5640,0.8893,1.0954
16,26000,200,52,104,410.00,753.00,5.0527,8.1288,0.8762,24418.92,0.0410,647.00,0.4095,0.6444,0.6216,0.9505,1.1579
16,26000,200,104,20,410.00,753.00,5.0527,8.1288,0.8933,15892.30,0.0629,656.00,0.6292,1.0575,1.0241,1.5511,1.8819
16,26000,200,104,41,410.00,753.00,5.0527,8.1288,0.9295,15945.30,0.0627,652.00,0.6271,1.0683,1.0358,1.5629,1.8739
16,26000,200,104,83,410.00,753.00,5.0527,8.1288,0.9392,15492.49,0.0645,648.00,0.6455,1.1173,1.0813,1.6231,1.9383
16,26000,200,104,104,410.00,753.00,5.0527,8.1288,0.9398,14567.81,0.0686,650.00,0.6864,1.1487,1.1160,1.6578,1.9566
16,26000,200,104,156,410.00,753.00,5.0527,8.1288,0.9404,13455.80,0.0743,657.00,0.7432,1.2089,1.1641,1.8002,2.1644
16,26000,200,104,208,410.00,753.00,5.0527,8.1288,0.9406,13365.00,0.0748,651.00,0.7482,1.2677,1.2366,1.7896,2.0878
16,26000,200,208,41,410.00,753.00,5.0527,8.1288,0.9548,8590.22,0.1164,651.00,1.1641,2.0248,1.9884,2.8631,3.3504
16,26000,200,208,83,410.00,753.00,5.0527,8.1288,0.9729,8031.70,0.1245,652.00,1.2451,2.1362,2.0736,3.1318,3.7371
16,26000,200,208,166,410.00,753.00,5.0527,8.1288,0.9761,7924.99,0.1262,654.00,1.2618,2.1792,2.1234,3.0699,3.6385
16,26000,200,208,208,410.00,753.00,5.0527,8.1288,0.9763,8003.91,0.1249,652.00,1.2494,2.2024,2.1524,3.0517,3.5163
16,26000,200,208,312,410.00,753.00,5.0527,8.1288,0.9764,7649.30,0.1307,652.00,1.3073,2.3064,2.2544,3.1776,3.7455
16,26000,200,208,416,410.00,753.00,5.0527,8.1288,0.9765,7014.06,0.1426,653.00,1.4257,2.5326,2.4984,3.3564,3.8981
16,26000,200,416,83,410.00,753.00,5.0527,8.1288,0.9853,4829.74,0.2071,667.00,2.0705,3.8157,3.7487,5.1077,6.0554
16,26000,200,416,166,410.00,753.00,5.0527,8.1288,0.9920,4499.87,0.2222,664.00,2.2223,3.9537,3.8585,5.4365,6.5079
16,26000,200,416,332,410.00,753.00,5.0527,8.1288,0.9930,4376.34,0.2285,666.00,2.2850,4.1943,4.1379,5.4770,6.2247
16,26000,200,416,416,410.00,753.00,5.0527,8.1288,0.9931,4211.27,0.2375,671.00,2.3746,4.3205,4.2675,5.7112,6.4812
16,26000,200,416,624,410.00,753.00,5.0527,8.1288,0.9931,3992.08,0.2505,666.00,2.5050,4.6817,4.6162,5.9963,6.8325
16,26000,200,416,832,410.00,753.00,5.0527,8.1288,0.9931,3528.30,0.2834,671.00,2.8342,5.2056,5.1557,6.5619,7.4866
16,26000,200,832,166,410.00,753.00,5.0527,8.1288,0.9959,2546.81,0.3926,712.00,3.9265,7.2853,7.2341,9.3515,10.3749
16,26000,200,832,332,410.00,753.00,5.0527,8.1288,0.9979,2502.40,0.3996,711.00,3.9962,7.6216,7.5235,9.6804,11.0632
16,26000,200,832,665,410.00,753.00,5.0527,8.1288,0.9981,2308.88,0.4331,710.00,4.3311,8.0771,7.9668,10.2709,11.8257
16,26000,200,832,832,410.00,753.00,5.0527,8.1288,0.9981,2187.87,0.4571,712.00,4.5707,8.3430,8.2275,10.7043,12.2962
16,26000,200,832,1248,410.00,753.00,5.0527,8.1288,0.9982,1941.21,0.5151,723.00,5.1514,9.6981,9.6028,11.8687,13.2747
16,26000,200,832,1664,410.00,753.00,5.0527,8.1288,0.9982,1626.28,0.6149,722.00,6.1490,11.5599,11.4713,13.7552,15.4750
16,26000,200,1664,332,410.00,753.00,5.0527,8.1288,0.9988,1454.29,0.6876,831.00,6.8762,13.0895,13.0906,16.0294,17.4909
16,26000,200,1664,665,410.00,753.00,5.0527,8.1288,0.9992,1260.32,0.7934,850.00,7.9345,14.9098,14.8329,18.2536,20.6228
16,26000,200,1664,1331,410.00,753.00,5.0527,8.1288,0.9993,1100.90,0.9083,851.00,9.0834,16.9597,16.8194,20.7438,22.5344
16,26000,200,1664,1664,410.00,753.00,5.0527,8.1288,0.9993,1069.85,0.9347,863.00,9.3471,17.6884,17.6185,21.0840,22.9775
16,26000,200,1664,2496,410.00,753.00,5.0527,8.1288,0.9993,829.47,1.2056,863.00,12.0559,22.9626,23.0122,26.2944,28.3510
16,26000,200,1664,3328,410.00,753.00,5.0527,8.1288,0.9993,637.20,1.5694,863.00,15.6938,30.5172,30.4445,33.9599,35.5079
16,30000,40,30,6,415.00,759.00,5.2695,8.2851,0.6837,30590.62,0.0327,640.00,0.3269,0.5097,0.4906,0.8442,1.0751
16,30000,40,30,12,415.00,759.00,5.2695,8.2851,0.7471,32793.95,0.0305,641.00,0.3049,0.4522,0.4387,0.7484,0.9267
16,30000,40,30,24,415.00,759.00,5.2695,8.2851,0.7764,31310.85,0.0319,646.00,0.3194,0.4492,0.4293,0.7508,0.9153
16,30000,40,30,30,415.00,759.00,5.2695,8.2851,0.7809,32612.13,0.0307,649.00,0.3066,0.4426,0.4254,0.7239,0.9079
16,30000,40,30,45,415.00,759.00,5.2695,8.2851,0.7857,33375.30,0.0300,641.00,0.2996,0.4530,0.4357,0.7267,0.8950
16,30000,40,30,60,415.00,759.00,5.2695,8.2851,0.7871,31370.14,0.0319,645.00,0.3188,0.4594,0.4408,0.7402,0.9041
16,30000,40,60,12,415.00,759.00,5.2695,8.2851,0.7972,19857.80,0.0504,643.00,0.5036,0.8279,0.8003,1.3150,1.6626
16,30000,40,60,24,415.00,759.00,5.2695,8.2851,0.8496,19700.68,0.0508,647.00,0.5076,0.8368,0.8064,1.3246,1.6130
16,30000,40,60,48,415.00,759.00,5.2695,8.2851,0.8712,19519.20,0.0512,640.00,0.5123,0.8538,0.8375,1.3186,1.6015
16,30000,40,60,60,415.00,759.00,5.2695,8.2851,0.8738,19457.08,0.0514,641.00,0.5140,0.8446,0.8198,1.3172,1.6082
16,30000,40,60,90,415.00,759.00,5.2695,8.2851,0.8761,19050.31,0.0525,643.00,0.5249,0.8831,0.8576,1.3456,1.6635
16,30000,40,60,120,415.00,759.00,5.2695,8.2851,0.8768,18698.48,0.0535,648.00,0.5348,0.8915,0.8759,1.3260,1.5799
16,30000,40,120,24,415.00,759.00,5.2695,8.2851,0.8849,10854.53,0.0921,647.00,0.9213,1.5897,1.5530,2.4073,2.8865
16,30000,40,120,48,415.00,759.00,5.2695,8.2851,0.9255,11017.48,0.0908,642.00,0.9076,1.6343,1.6053,2.3336,2.7859
16,30000,40,120,96,415.00,759.00,5.2695,8.2851,0.9390,11003.41,0.0909,646.00,0.9088,1.6436,1.6200,2.3601,2.8703
16,30000,40,120,120,415.00,759.00,5.2695,8.2851,0.9405,10876.18,0.0919,644.00,0.9194,1.6022,1.5639,2.3824,3.0298
16,30000,40,120,180,415.00,759.00,5.2695,8.2851,0.9416,10362.43,0.0965,660.00,0.9650,1.6863,1.6543,2.4599,2.8971
16,30000,40,120,240,415.00,759.00,5.2695,8.2851,0.9419,10165.56,0.0984,655.00,0.9837,1.7395,1.7163,2.4370,2.8604
16,30000,40,240,48,415.00,759.00,5.2695,8.2851,0.9455,5992.15,0.1669,667.00,1.6689,3.0055,2.9232,4.4490,5.4839
16,30000,40,240,96,415.00,759.00,5.2695,8.2851,0.9695,6029.91,0.1658,664.00,1.6584,3.0461,3.0117,4.1858,4.8699
16,30000,40,240,192,415.00,759.00,5.2695,8.2851,0.9763,5917.68,0.1690,666.00,1.6899,3.1116,3.0701,4.3491,5.0890
16,30000,40,240,240,415.00,759.00,5.2695,8.2851,0.9769,5805.22,0.1723,661.00,1.7226,3.1580,3.1355,4.2891,4.9937
16,30000,40,240,360,415.00,759.00,5.2695,8.2851,0.9772,5577.03,0.1793,662.00,1.7931,3.2871,3.2651,4.4224,5.0560
16,30000,40,240,480,415.00,759.00,5.2695,8.2851,0.9773,5361.35,0.1865,655.00,1.8652,3.4537,3.4378,4.5505,5.1792
16,30000,40,480,96,415.00,759.00,5.2695,8.2851,0.9790,3289.44,0.3040,674.00,3.0400,5.6353,5.6207,7.7059,8.7404
16,30000,40,480,192,415.00,759.00,5.2695,8.2851,0.9906,3292.09,0.3038,685.00,3.0376,5.7599,5.6842,7.7599,8.9492
16,30000,40,480,384,415.00,759.00,5.2695,8.2851,0.9934,3205.27,0.3120,687.00,3.1199,5.8747,5.8207,7.7872,9.0567
16,30000,40,480,480,415.00,759.00,5.2695,8.2851,0.9935,3150.04,0.3175,690.00,3.1746,6.0127,5.9530,7.9084,9.1818
16,30000,40,480,720,415.00,759.00,5.2695,8.2851,0.9935,2910.24,0.3436,691.00,3.4361,6.5165,6.4775,8.4156,9.5256
16,30000,40,480,960,415.00,759.00,5.2695,8.2851,0.9937,2644.03,0.3782,692.00,3.7821,7.2108,7.1702,9.0146,10.0899
16,30000,40,960,192,415.00,759.00,5.2695,8.2851,0.9935,1769.72,0.5651,740.00,5.6506,10.5230,10.5230,13.9511,15.7320
16,30000,40,960,384,415.00,759.00,5.2695,8.2851,0.9976,1688.73,0.5922,727.00,5.9216,11.1071,11.0679,14.3108,16.0255
16,30000,40,960,768,415.00,759.00,5.2695,8.2851,0.9980,1580.86,0.6326,732.00,6.3257,11.9786,11.9601,15.0881,16.4291
16,30000,40,960,960,415.00,759.00,5.2695,8.2851,0.9982,1557.87,0.6419,740.00,6.4190,12.1710,12.1173,15.2834,16.7305
16,30000,40,960,1440,415.00,759.00,5.2695,8.2851,0.9982,1355.33,0.7378,755.00,7.3783,13.9267,13.7688,17.6632,19.7105
16,30000,40,960,1920,415.00,759.00,5.2695,8.2851,0.9983,1183.31,0.8451,755.00,8.4508,16.1849,16.1057,19.5943,21.6233
16,30000,40,1920,384,415.00,759.00,5.2695,8.2851,0.9983,955.31,1.0468,851.00,10.4678,19.4693,19.6521,25.3433,27.7213
16,30000,40,1920,768,415.00,759.00,5.2695,8.2851,0.9990,873.84,1.1444,847.00,11.4438,21.8443,21.7455,27.1848,30.0681
16,30000,40,1920,1536,415.00,759.00,5.2695,8.2851,0.9992,786.74,1.2711,862.00,12.7107,24.1093,23.8549,30.4339,34.2535
16,30000,40,1920,1920,415.00,759.00,5.2695,8.2851,0.9993,734.25,1.3619,868.00,13.6193,25.6167,25.5001,31.6725,35.1660
16,30000,40,1920,2880,415.00,759.00,5.2695,8.2851,0.9993,593.15,1.6859,885.00,16.8592,32.4359,32.3923,37.9608,40.4267
16,30000,40,1920,3840,415.00,759.00,5.2695,8.2851,0.9993,469.34,2.1307,890.00,21.3067,41.6100,41.5830,46.8359,49.3604
16,30000,100,30,6,447.00,761.00,4.8178,7.8685,0.7065,30842.23,0.0324,668.00,0.3242,0.5119,0.4957,0.8434,1.0346
16,30000,100,30,12,447.00,761.00,4.8178,7.8685,0.7620,32118.53,0.0311,669.00,0.3113,0.4644,0.4458,0.7786,0.9786
16,30000,100,30,24,447.00,761.00,4.8178,7.8685,0.7873,31615.15,0.0316,670.00,0.3163,0.4590,0.4423,0.7546,0.9347
16,30000,100,30,30,447.00,761.00,4.8178,7.8685,0.7916,33282.89,0.0300,669.00,0.3005,0.4406,0.4232,0.7210,0.9073
16,30000,100,30,45,447.00,761.00,4.8178,7.8685,0.7950,32438.23,0.0308,668.00,0.3083,0.4425,0.4194,0.7381,0.9073
16,30000,100,30,60,447.00,761.00,4.8178,7.8685,0.7957,31184.37,0.0321,667.00,0.3207,0.4690,0.4458,0.7556,0.9439
16,30000,100,60,12,447.00,761.00,4.8178,7.8685,0.8159,19618.14,0.0510,671.00,0.5097,0.8507,0.8318,1.3054,1.6068
16,30000,100,60,24,447.00,761.00,4.8178,7.8685,0.8626,18599.73,0.0538,670.00,0.5376,0.8617,0.8317,1.3531,1.6579
16,30000,100,60,48,447.00,761.00,4.8178,7.8685,0.8804,18926.64,0.0528,668.00,0.5284,0.8576,0.8306,1.3434,1.6310
16,30000,100,60,60,447.00,761.00,4.8178,7.8685,0.8819,19452.98,0.0514,683.00,0.5141,0.8533,0.8268,1.2966,1.6215
16,30000,100,60,90,447.00,761.00,4.8178,7.8685,0.8828,18621.31,0.0537,670.00,0.5370,0.8956,0.8692,1.3695,1.6608
16,30000,100,60,120,447.00,761.00,4.8178,7.8685,0.8830,18324.55,0.0546,668.00,0.5457,0.9309,0.9131,1.3735,1.6293
16,30000,100,120,24,447.00,761.00,4.8178,7.8685,0.9006,11282.40,0.0886,676.00,0.8863,1.5657,1.5301,2.3443,2.8592
16,30000,100,120,48,447.00,761.00,4.8178,7.8685,0.9351,11098.93,0.0901,676.00,0.9010,1.5770,1.5482,2.3133,2.8076
16,30000,100,120,96,447.00,761.00,4.8178,7.8685,0.9435,10593.88,0.0944,671.00,0.9439,1.6688,1.6397,2.4091,2.8718
16,30000,100,120,120,447.00,761.00,4.8178,7.8685,0.9443,10566.22,0.0946,669.00,0.9464,1.6451,1.5939,2.4859,3.2091
16,30000,100,120,180,447.00,761.00,4.8178,7.8685,0.9446,10397.38,0.0962,680.00,0.9618,1.6996,1.6591,2.4691,2.9375
16,30000,100,120,240,447.00,761.00,4.8178,7.8685,0.9446,9953.69,0.1005,672.00,1.0047,1.7897,1.7526,2.5501,2.9995
16,30000,100,240,48,447.00,761.00,4.8178,7.8685,0.9576,5841.88,0.1712,675.00,1.7118,3.0692,3.0141,4.4105,5.1796
16,30000,100,240,96,447.00,761.00,4.8178,7.8685,0.9742,5786.84,0.1728,678.00,1.7281,3.1011,3.0292,4.4643,5.2649
16,30000,100,240,192,447.00,761.00,4.8178,7.8685,0.9780,5762.31,0.1735,674.00,1.7354,3.1794,3.1409,4.3594,5.0736
16,30000,100,240,240,447.00,761.00,4.8178,7.8685,0.9782,5626.13,0.1777,678.00,1.7774,3.2392,3.2026,4.4770,5.1663
16,30000,100,240,360,447.00,761.00,4.8178,7.8685,0.9783,5494.82,0.1820,679.00,1.8199,3.3484,3.3115,4.5795,5.2450
16,30000,100,240,480,447.00,761.00,4.8178,7.8685,0.9783,5135.13,0.1947,681.00,1.9474,3.5529,3.4679,4.9836,5.9608
16,30000,100,480,96,447.00,761.00,4.8178,7.8685,0.9849,3145.14,0.3180,698.00,3.1795,5.8343,5.7793,7.9483,9.1369
16,30000,100,480,192,447.00,761.00,4.8178,7.8685,0.9925,3130.36,0.3195,699.00,3.1945,5.9748,5.8944,8.0570,9.3041
16,30000,100,480,384,447.00,761.00,4.8178,7.8685,0.9938,3088.36,0.3238,718.00,3.2380,6.0506,6.0088,7.9914,9.1013
16,30000,100,480,480,447.00,761.00,4.8178,7.8685,0.9939,3124.60,0.3200,722.00,3.2004,6.0469,5.9753,8.0038,9.4645
16,30000,100,480,720,447.00,761.00,4.8178,7.8685,0.9939,2908.58,0.3438,710.00,3.4381,6.5595,6.5055,8.5386,9.6807
16,30000,100,480,960,447.00,761.00,4.8178,7.8685,0.9939,2631.35,0.3800,722.00,3.8003,7.2569,7.1883,9.2453,10.6754
16,30000,100,960,192,447.00,761.00,4.8178,7.8685,0.9958,1777.76,0.5625,767.00,5.6251,10.4685,10.3325,14.1248,16.3239
16,30000,100,960,384,447.00,761.00,4.8178,7.8685,0.9981,1714.69,0.5832,778.00,5.8320,11.0660,10.9517,14.3658,16.4058
16,30000,100,960,768,447.00,761.00,4.8178,7.8685,0.9984,1594.37,0.6272,785.00,6.2721,11.9038,11.8351,15.0636,16.6323
16,30000,100,960,960,447.00,761.00,4.8178,7.8685,0.9984,1547.13,0.6464,770.00,6.4636,12.2889,12.2038,15.5726,17.3493
16,30000,100,960,1440,447.00,761.00,4.8178,7.8685,0.9984,1354.57,0.7382,783.00,7.3824,14.1325,14.0786,17.4874,18.9860
16,30000,100,960,1920,447.00,761.00,4.8178,7.8685,0.9984,1152.03,0.8680,785.00,8.6803,16.4655,16.2461,20.5767,23.5039
16,30000,100,1920,384,447.00,761.00,4.8178,7.8685,0.9987,966.96,1.0342,873.00,10.3417,19.3859,19.3118,25.5267,29.3162
16,30000,100,1920,768,447.00,761.00,4.8178,7.8685,0.9991,917.90,1.0894,887.00,10.8945,21.1157,20.6634,27.8995,32.4879
16,30000,100,1920,1536,447.00,761.00,4.8178,7.8685,0.9992,798.42,1.2525,901.00,12.5248,24.3332,24.2677,29.3284,31.6057
16,30000,100,1920,1920,447.00,761.00,4.8178,7.8685,0.9992,765.77,1.3059,898.00,13.0588,24.9337,24.7027,31.2411,35.2298
16,30000,100,1920,2880,447.00,761.00,4.8178,7.8685,0.9992,605.44,1.6517,914.00,16.5169,32.0683,31.9070,37.3845,40.7522
16,30000,100,1920,3840,447.00,761.00,4.8178,7.8685,0.9992,467.95,2.1370,914.00,21.3696,41.8237,41.6568,47.2180,50.3007
16,30000,200,30,6,467.00,762.00,5.9039,9.1114,0.7120,29823.27,0.0335,651.00,0.3353,0.5171,0.4944,0.8823,1.1236
16,30000,200,30,12,467.00,762.00,5.9039,9.1114,0.7652,31278.05,0.0320,655.00,0.3197,0.4913,0.4721,0.8122,1.0237
16,30000,200,30,24,467.00,762.00,5.9039,9.1114,0.7909,32260.79,0.0310,650.00,0.3100,0.4723,0.4484,0.7960,0.9920
16,30000,200,30,30,467.00,762.00,5.9039,9.1114,0.7941,32300.47,0.0310,653.00,0.3096,0.4680,0.4467,0.7769,0.9817
16,30000,200,30,45,467.00,762.00,5.9039,9.1114,0.7968,30679.86,0.0326,656.00,0.3259,0.4620,0.4358,0.7718,0.9803
16,30000,200,30,60,467.00,762.00,5.9039,9.1114,0.7976,30886.08,0.0324,654.00,0.3238,0.4874,0.4627,0.7922,0.9875
16,30000,200,60,12,467.00,762.00,5.9039,9.1114,0.8196,19593.68,0.0510,660.00,0.5104,0.8450,0.8149,1.3586,1.7890
16,30000,200,60,24,467.00,762.00,5.9039,9.1114,0.8669,19466.79,0.0514,652.00,0.5137,0.8527,0.8313,1.3230,1.6262
16,30000,200,60,48,467.00,762.00,5.9039,9.1114,0.8821,18869.24,0.0530,658.00,0.5300,0.8803,0.8579,1.3516,1.6672
16,30000,200,60,60,467.00,762.00,5.9039,9.1114,0.8840,19013.86,0.0526,651.00,0.5259,0.8749,0.8479,1.3545,1.6732
16,30000,200,60,90,467.00,762.00,5.9039,9.1114,0.8849,17846.39,0.0560,652.00,0.5603,0.9037,0.8702,1.4095,1.8404
16,30000,200,60,120,467.00,762.00,5.9039,9.1114,0.8853,18097.88,0.0553,653.00,0.5526,0.9380,0.9099,1.4258,1.7249
16,30000,200,120,24,467.00,762.00,5.9039,9.1114,0.9053,10698.52,0.0935,666.00,0.9347,1.6529,1.6164,2.4698,3.0034
16,30000,200,120,48,467.00,762.00,5.9039,9.1114,0.9372,10633.71,0.0940,653.00,0.9404,1.6640,1.6301,2.4465,2.9674
16,30000,200,120,96,467.00,762.00,5.9039,9.1114,0.9447,10122.74,0.0988,658.00,0.9879,1.7387,1.6835,2.6011,3.2232
16,30000,200,120,120,467.00,762.00,5.9039,9.1114,0.9453,9878.16,0.1012,664.00,1.0123,1.7382,1.6872,2.6260,3.2460
16,30000,200,120,180,467.00,762.00,5.9039,9.1114,0.9457,9589.45,0.1043,656.00,1.0428,1.8339,1.8013,2.6485,3.2226
16,30000,200,120,240,467.00,762.00,5.9039,9.1114,0.9458,9686.41,0.1032,656.00,1.0324,1.8643,1.8280,2.6459,3.1203
16,30000,200,240,48,467.00,762.00,5.9039,9.1114,0.9595,6038.78,0.1656,670.00,1.6560,3.0612,2.9959,4.3607,5.1409
16,30000,200,240,96,467.00,762.00,5.9039,9.1114,0.9753,5748.48,0.1740,658.00,1.7396,3.1922,3.1431,4.5108,5.2503
16,30000,200,240,192,467.00,762.00,5.9039,9.1114,0.9785,5690.62,0.1757,660.00,1.7573,3.1830,3.0855,4.6428,5.7852
16,30000,200,240,240,467.00,762.00,5.9039,9.1114,0.9788,5533.00,0.1807,670.00,1.8073,3.2289,3.1624,4.6251,5.6249
16,30000,200,240,360,467.00,762.00,5.9039,9.1114,0.9788,5330.09,0.1876,674.00,1.8761,3.4200,3.3359,4.8267,5.8881
16,30000,200,240,480,467.00,762.00,5.9039,9.1114,0.9788,5067.19,0.1973,654.00,1.9735,3.6474,3.6013,4.8964,5.6185
16,30000,200,480,96,467.00,762.00,5.9039,9.1114,0.9861,3136.54,0.3188,674.00,3.1882,5.7630,5.6453,8.0972,9.6569
16,30000,200,480,192,467.00,762.00,5.9039,9.1114,0.9929,3030.80,0.3299,675.00,3.2995,6.0998,6.0563,8.2641,9.3280
16,30000,200,480,384,467.00,762.00,5.9039,9.1114,0.9939,2972.91,0.3364,682.00,3.3637,6.1526,6.0297,8.5208,10.1499
16,30000,200,480,480,467.00,762.00,5.9039,9.1114,0.9940,2971.93,0.3365,680.00,3.3648,6.3214,6.2464,8.4152,9.4410
16,30000,200,480,720,467.00,762.00,5.9039,9.1114,0.9940,2731.64,0.3661,692.00,3.6608,6.7673,6.6907,8.9783,10.3851
16,30000,200,480,960,467.00,762.00,5.9039,9.1114,0.9940,2574.40,0.3884,698.00,3.8844,7.4461,7.3670,9.5157,10.7335
16,30000,200,960,192,467.00,762.00,5.9039,9.1114,0.9963,1684.78,0.5936,752.00,5.9355,11.0479,11.0081,14.5474,16.0516
16,30000,200,960,384,467.00,762.00,5.9039,9.1114,0.9980,1673.52,0.5975,757.00,5.9754,11.2288,11.0270,15.2855,17.8325
16,30000,200,960,768,467.00,762.00,5.9039,9.1114,0.9983,1575.08,0.6349,752.00,6.3489,12.0519,11.9451,15.4327,17.0335
16,30000,200,960,960,467.00,762.00,5.9039,9.1114,0.9983,1527.41,0.6547,749.00,6.5470,12.4401,12.3529,15.8037,17.6239
16,30000,200,960,1440,467.00,762.00,5.9039,9.1114,0.9983,1330.14,0.7518,771.00,7.5180,14.3239,14.2889,17.5814,18.9973
16,30000,200,960,1920,467.00,762.00,5.9039,9.1114,0.9983,1113.89,0.8978,759.00,8.9775,17.0676,17.0967,20.5869,22.4289
16,30000,200,1920,384,467.00,762.00,5.9039,9.1114,0.9989,895.43,1.1168,867.00,11.1678,20.5846,20.5777,26.6401,29.7298
16,30000,200,1920,768,467.00,762.00,5.9039,9.1114,0.9992,866.20,1.1545,888.00,11.5447,22.0200,21.8855,27.5848,29.6959
16,30000,200,1920,1536,467.00,762.00,5.9039,9.1114,0.9993,779.56,1.2828,888.00,12.8277,24.7041,24.6261,29.7082,31.7990
16,30000,200,1920,1920,467.00,762.00,5.9039,9.1114,0.9993,747.06,1.3386,877.00,13.3859,25.7046,25.7020,30.9328,33.4625
16,30000,200,1920,2880,467.00,762.00,5.9039,9.1114,0.9993,601.41,1.6628,888.00,16.6276,32.7048,32.6061,37.9821,40.4544
16,30000,200,1920,3840,467.00,762.00,5.9039,9.1114,0.9993,453.28,2.2061,888.00,22.0614,43.1116,43.1623,48.5127,51.2872
32,1000,40,1,1,408.00,802.00,0.8194,3.2068,0.3784,40733.81,0.0245,638.00,0.2455,0.2831,0.2413,0.6207,0.9588
32,1000,40,1,1,408.00,802.00,0.8194,3.2068,0.3784,46006.22,0.0217,639.00,0.2174,0.2611,0.2186,0.5692,0.9511
32,1000,40,1,1,408.00,802.00,0.8194,3.2068,0.3784,46205.30,0.0216,638.00,0.2164,0.2507,0.2101,0.5630,0.8706
32,1000,40,1,1,408.00,802.00,0.8194,3.2068,0.3784,47743.25,0.0209,638.00,0.2095,0.2356,0.1976,0.5337,0.8898
32,1000,40,1,1,408.00,802.00,0.8194,3.2068,0.3784,48765.52,0.0205,639.00,0.2051,0.2294,0.1939,0.5038,0.7916
32,1000,40,1,2,408.00,802.00,0.8194,3.2068,0.3941,48217.18,0.0207,640.00,0.2074,0.2252,0.1882,0.5025,0.7999
32,1000,40,2,1,408.00,802.00,0.8194,3.2068,0.5218,30648.85,0.0326,638.00,0.3263,0.4744,0.4178,0.9424,1.5643
32,1000,40,2,1,408.00,802.00,0.8194,3.2068,0.5218,30850.38,0.0324,641.00,0.3241,0.4578,0.3997,0.9609,1.4610
32,1000,40,2,1,408.00,802.00,0.8194,3.2068,0.5218,32065.55,0.0312,640.00,0.3119,0.4512,0.3942,0.9168,1.5004
32,1000,40,2,2,408.00,802.00,0.8194,3.2068,0.5464,32213.75,0.0310,639.00,0.3104,0.4473,0.3924,0.8927,1.4804
32,1000,40,2,3,408.00,802.00,0.8194,3.2068,0.5526,32069.14,0.0312,640.00,0.3118,0.4396,0.3868,0.8924,1.3945
32,1000,40,2,4,408.00,802.00,0.8194,3.2068,0.5545,32202.80,0.0311,640.00,0.3105,0.4330,0.3792,0.8777,1.4234
32,1000,40,4,1,408.00,802.00,0.8194,3.2068,0.6593,18309.38,0.0546,637.00,0.5462,0.8926,0.7986,1.6705,2.6387
32,1000,40,4,1,408.00,802.00,0.8194,3.2068,0.6593,19014.81,0.0526,639.00,0.5259,0.8857,0.7899,1.6517,2.5830
32,1000,40,4,3,408.00,802.00,0.8194,3.2068,0.7053,18613.36,0.0537,640.00,0.5372,0.8555,0.7600,1.5936,2.6502
32,1000,40,4,4,408.00,802.00,0.8194,3.2068,0.7085,18662.58,0.0536,638.00,0.5358,0.8482,0.7573,1.5781,2.5628
32,1000,40,4,6,408.00,802.00,0.8194,3.2068,0.7097,18814.28,0.0532,637.00,0.5315,0.8611,0.7670,1.6006,2.6775
32,1000,40,4,8,408.00,802.00,0.8194,3.2068,0.7098,18827.10,0.0531,638.00,0.5311,0.8555,0.7663,1.5696,2.4281
32,1000,40,8,1,408.00,802.00,0.8194,3.2068,0.7629,10012.83,0.0999,647.00,0.9987,1.7078,1.5465,2.8862,4.9593
32,1000,40,8,3,408.00,802.00,0.8194,3.2068,0.8302,10019.11,0.0998,640.00,0.9981,1.7117,1.5485,2.8939,5.0562
32,1000,40,8,6,408.00,802.00,0.8194,3.2068,0.8385,10279.11,0.0973,645.00,0.9728,1.7134,1.5529,2.9218,4.7023
32,1000,40,8,8,408.00,802.00,0.8194,3.2068,0.8390,10040.58,0.0996,641.00,0.9960,1.7024,1.5472,2.8778,5.0909
32,1000,40,8,12,408.00,802.00,0.8194,3.2068,0.8397,10203.96,0.0980,638.00,0.9800,1.6940,1.5260,2.9279,4.9749
32,1000,40,8,16,408.00,802.00,0.8194,3.2068,0.8399,10766.07,0.0929,640.00,0.9288,1.6463,1.4857,2.8464,4.8986
32,1000,40,16,3,408.00,802.00,0.8194,3.2068,0.9117,5411.88,0.1848,638.00,1.8478,3.4104,3.1689,5.1614,9.1217
32,1000,40,16,6,408.00,802.00,0.8194,3.2068,0.9267,5009.18,0.1996,633.00,1.9963,3.4781,3.3228,5.7408,7.2751
32,1000,40,16,12,408.00,802.00,0.8194,3.2068,0.9300,5773.07,0.1732,647.00,1.7322,3.2552,2.9838,5.0290,9.8899
32,1000,40,16,16,408.00,802.00,0.8194,3.2068,0.9303,5776.30,0.1731,647.00,1.7312,3.2879,3.0103,5.0328,10.0000
32,1000,40,16,24,408.00,802.00,0.8194,3.2068,0.9304,5782.73,0.1729,644.00,1.7293,3.2808,2.9986,4.9381,10.1032
32,1000,40,16,32,408.00,802.00,0.8194,3.2068,0.9304,5760.25,0.1736,640.00,1.7360,3.2949,3.0284,4.9601,9.9623
32,1000,40,32,6,408.00,802.00,0.8194,3.2068,0.9699,2909.46,0.3437,647.00,3.4371,6.3767,6.0012,8.9723,15.5082
32,1000,40,32,12,408.00,802.00,0.8194,3.2068,0.9760,2955.27,0.3384,643.00,3.3838,6.4082,5.9983,8.9721,18.6070
32,1000,40,32,25,408.00,802.00,0.8194,3.2068,0.9772,2953.49,0.3386,646.00,3.3858,6.4167,6.0138,8.8280,19.6372
32,1000,40,32,32,408.00,802.00,0.8194,3.2068,0.9772,2955.79,0.3383,647.00,3.3832,6.4385,6.0413,8.8952,18.6239
32,1000,40,32,48,408.00,802.00,0.8194,3.2068,0.9774,2952.07,0.3387,638.00,3.3875,6.4570,6.0250,8.9367,19.9673
32,1000,40,32,64,408.00,802.00,0.8194,3.2068,0.9774,2918.16,0.3427,642.00,3.4268,6.3686,6.0211,8.8997,15.9039
32,1000,40,64,12,408.00,802.00,0.8194,3.2068,0.9930,1558.25,0.6417,639.00,6.4174,12.3442,11.8510,15.9714,24.3454
32,1000,40,64,25,408.00,802.00,0.8194,3.2068,0.9951,1488.40,0.6719,640.00,6.7186,12.7922,12.2357,16.8045,38.1040
32,1000,40,64,51,408.00,802.00,0.8194,3.2068,0.9954,1499.41,0.6669,638.00,6.6693,12.3878,11.8845,15.7615,42.3341
32,1000,40,64,64,408.00,802.00,0.8194,3.2068,0.9954,1527.01,0.6549,648.00,6.5488,12.3715,11.8589,15.8899,34.9093
32,1000,40,64,96,408.00,802.00,0.8194,3.2068,0.9954,1559.85,0.6411,644.00,6.4109,12.4887,11.8711,15.6093,40.6432
32,1000,40,64,128,408.00,802.00,0.8194,3.2068,0.9954,1509.15,0.6626,641.00,6.6263,12.6762,12.0855,16.4426,38.4002
32,1000,100,1,1,195.00,804.00,0.6528,2.8815,0.3328,43595.06,0.0229,635.00,0.2294,0.2723,0.2292,0.5978,0.9766
32,1000,100,1,1,195.00,804.00,0.6528,2.8815,0.3328,46712.47,0.0214,639.00,0.2141,0.2530,0.2103,0.5826,0.8962
32,1000,100,1,1,195.00,804.00,0.6528,2.8815,0.3328,48811.15,0.0205,637.00,0.2049,0.2493,0.2118,0.5391,0.8464
32,1000,100,1,1,195.00,804.00,0.6528,2.8815,0.3328,46933.95,0.0213,635.00,0.2131,0.2378,0.1980,0.5362,0.8421
32,1000,100,1,1,195.00,804.00,0.6528,2.8815,0.3328,49339.26,0.0203,635.00,0.2027,0.2371,0.1999,0.5282,0.8239
32,1000,100,1,2,195.00,804.00,0.6528,2.8815,0.3698,49939.52,0.0200,639.00,0.2002,0.2378,0.1990,0.5278,0.8944
32,1000,100,2,1,195.00,804.00,0.6528,2.8815,0.4522,30149.58,0.0332,638.00,0.3317,0.4682,0.4096,0.9372,1.5112
32,1000,100,2,1,195.00,804.00,0.6528,2.8815,0.4522,31032.42,0.0322,638.00,0.3222,0.4633,0.4065,0.9644,1.5006
32,1000,100,2,1,195.00,804.00,0.6528,2.8815,0.4522,31139.78,0.0321,638.00,0.3211,0.4570,0.3996,0.9366,1.4758
32,1000,100,2,2,195.00,804.00,0.6528,2.8815,0.5085,31276.91,0.0320,638.00,0.3197,0.4568,0.4002,0.9148,1.4961
32,1000,100,2,3,195.00,804.00,0.6528,2.8815,0.5291,30731.68,0.0325,639.00,0.3254,0.4607,0.3950,0.9497,1.5701
32,1000,100,2,4,195.00,804.00,0.6528,2.8815,0.5393,30492.06,0.0328,639.00,0.3280,0.4429,0.3851,0.9386,1.4226
32,1000,100,4,1,195.00,804.00,0.6528,2.8815,0.5490,18154.16,0.0551,636.00,0.5508,0.8694,0.7782,1.6162,2.6850
32,1000,100,4,1,195.00,804.00,0.6528,2.8815,0.5490,17880.91,0.0559,635.00,0.5593,0.9221,0.8304,1.7157,2.5035
32,1000,100,4,3,195.00,804.00,0.6528,2.8815,0.6642,18087.35,0.0553,637.00,0.5529,0.9062,0.8151,1.6789,2.4918
32,1000,100,4,4,195.00,804.00,0.6528,2.8815,0.6811,17806.08,0.0562,638.00,0.5616,0.9417,0.8514,1.7218,2.4811
32,1000,100,4,6,195.00,804.00,0.6528,2.8815,0.6962,15558.88,0.0643,639.00,0.6427,1.0474,0.9873,1.9657,2.7617
32,1000,100,4,8,195.00,804.00,0.6528,2.8815,0.7032,16762.70,0.0597,639.00,0.5966,0.9229,0.8151,1.8007,2.9372
32,1000,100,8,1,195.00,804.00,0.6528,2.8815,0.6095,9657.75,0.1035,635.00,1.0354,1.7514,1.5994,3.0858,5.1090
32,1000,100,8,3,195.00,804.00,0.6528,2.8815,0.7629,9729.61,0.1028,638.00,1.0278,1.7629,1.6166,3.0537,4.3346
32,1000,100,8,6,195.00,804.00,0.6528,2.8815,0.8130,9008.84,0.1110,638.00,1.1100,1.8237,1.6762,3.2588,5.4294
32,1000,100,8,8,195.00,804.00,0.6528,2.8815,0.8248,9219.41,0.1085,638.00,1.0847,1.8076,1.7261,3.3002,4.3556
32,1000,100,8,12,195.00,804.00,0.6528,2.8815,0.8330,9827.19,0.1018,636.00,1.0176,1.7841,1.6452,3.0256,4.2251
32,1000,100,8,16,195.00,804.00,0.6528,2.8815,0.8357,10014.67,0.0999,638.00,0.9985,1.7757,1.6307,2.9700,4.4620
32,1000,100,16,3,195.00,804.00,0.6528,2.8815,0.8154,5091.62,0.1964,639.00,1.9640,3.4651,3.2022,5.4249,10.4741
32,1000,100,16,6,195.00,804.00,0.6528,2.8815,0.8861,5113.40,0.1956,636.00,1.9556,3.4669,3.1898,5.3959,10.6297
32,1000,100,16,12,195.00,804.00,0.6528,2.8815,0.9195,5022.23,0.1991,635.00,1.9911,3.4531,3.2956,5.7345,7.4296
32,1000,100,16,16,195.00,804.00,0.6528,2.8815,0.9242,5264.72,0.1899,634.00,1.8994,3.4500,3.1992,5.5276,8.0194
32,1000,100,16,24,195.00,804.00,0.6528,2.8815,0.9271,5257.55,0.1902,638.00,1.9020,3.4758,3.2415,5.3654,8.0608
32,1000,100,16,32,195.00,804.00,0.6528,2.8815,0.9277,5335.68,0.1874,635.00,1.8742,3.3650,3.1063,5.1272,10.0809
32,1000,100,32,6,195.00,804.00,0.6528,2.8815,0.9151,2933.04,0.3409,640.00,3.4094,6.4515,6.0692,8.9734,18.3632
32,1000,100,32,12,195.00,804.00,0.6528,2.8815,0.9605,2828.01,0.3536,635.00,3.5361,6.6830,6.2793,9.5231,18.1197
32,1000,100,32,25,195.00,804.00,0.6528,2.8815,0.9749,2857.97,0.3499,639.00,3.4990,6.5999,6.2077,9.2807,18.4453
32,1000,100,32,32,195.00,804.00,0.6528,2.8815,0.9759,2877.48,0.3475,637.00,3.4753,6.4078,6.0300,8.9218,19.0710
32,1000,100,32,48,195.00,804.00,0.6528,2.8815,0.9766,2948.59,0.3391,633.00,3.3914,6.4620,6.0668,8.9110,19.5899
32,1000,100,32,64,195.00,804.00,0.6528,2.8815,0.9765,2914.38,0.3431,640.00,3.4313,6.4611,6.0558,9.0226,18.7272
32,1000,100,64,12,195.00,804.00,0.6528,2.8815,0.9718,1526.42,0.6551,647.00,6.5513,12.3066,11.8086,15.7174,42.1031
32,1000,100,64,25,195.00,804.00,0.6528,2.8815,0.9919,1504.04,0.6649,647.00,6.6488,12.3533,11.8912,15.8112,42.0738
32,1000,100,64,51,195.00,804.00,0.6528,2.8815,0.9950,1493.32,0.6696,643.00,6.6965,12.6655,12.0659,16.6237,37.6551
32,1000,100,64,64,195.00,804.00,0.6528,2.8815,0.9951,1460.21,0.6848,646.00,6.8483,12.6668,12.0741,16.6844,33.3749
32,1000,100,64,96,195.00,804.00,0.6528,2.8815,0.9952,1485.08,0.6734,640.00,6.7336,12.8544,12.2671,17.0266,36.5764
32,1000,100,64,128,195.00,804.00,0.6528,2.8815,0.9952,1522.78,0.6567,646.00,6.5669,12.4225,11.9702,16.2130,26.3666
32,1000,200,1,1,197.00,802.00,0.6657,2.9198,0.3346,46702.36,0.0214,640.00,0.2141,0.2796,0.2376,0.6190,0.9774
32,1000,200,1,1,197.00,802.00,0.6657,2.9198,0.3346,46174.51,0.0217,640.00,0.2166,0.2601,0.2192,0.5719,0.8742
32,1000,200,1,1,197.00,802.00,0.6657,2.9198,0.3346,46972.82,0.0213,641.00,0.2129,0.2444,0.2069,0.5239,0.8655
32,1000,200,1,1,197.00,802.00,0.6657,2.9198,0.3346,46794.97,0.0214,639.00,0.2137,0.2465,0.2099,0.5537,0.8277
32,1000,200,1,1,197.00,802.00,0.6657,2.9198,0.3346,46425.92,0.0215,643.00,0.2154,0.2282,0.1905,0.5092,0.8194
32,1000,200,1,2,197.00,802.00,0.6657,2.9198,0.3697,49897.67,0.0200,642.00,0.2004,0.2375,0.2020,0.5113,0.8297
32,1000,200,2,1,197.00,802.00,0.6657,2.9198,0.4525,31173.41,0.0321,644.00,0.3208,0.4904,0.4295,0.9934,1.5389
32,1000,200,2,1,197.00,802.00,0.6657,2.9198,0.4525,30127.10,0.0332,640.00,0.3319,0.4616,0.4041,0.9429,1.4883
32,1000,200,2,1,197.00,802.00,0.6657,2.9198,0.4525,31740.95,0.0315,643.00,0.3151,0.4654,0.4097,0.9425,1.4495
32,1000,200,2,2,197.00,802.00,0.6657,2.9198,0.5073,29424.07,0.0340,646.00,0.3399,0.4531,0.3912,0.9474,1.4766
32,1000,200,2,3,197.00,802.00,0.6657,2.9198,0.5290,31842.67,0.0314,646.00,0.3140,0.4483,0.3966,0.8998,1.3910
32,1000,200,2,4,197.00,802.00,0.6657,2.9198,0.5404,30767.09,0.0325,645.00,0.3250,0.4492,0.3944,0.9328,1.4428
32,1000,200,4,1,197.00,802.00,0.6657,2.9198,0.5520,18087.29,0.0553,643.00,0.5529,0.8817,0.7876,1.6366,2.5885
32,1000,200,4,1,197.00,802.00,0.6657,2.9198,0.5520,18421.68,0.0543,641.00,0.5428,0.8760,0.7925,1.6079,2.4016
32,1000,200,4,3,197.00,802.00,0.6657,2.9198,0.6656,18010.07,0.0555,645.00,0.5552,0.8856,0.7898,1.6838,2.7330
32,1000,200,4,4,197.00,802.00,0.6657,2.9198,0.6837,19181.53,0.0521,645.00,0.5213,0.8423,0.7520,1.5836,2.4134
32,1000,200,4,6,197.00,802.00,0.6657,2.9198,0.6992,18965.42,0.0527,646.00,0.5273,0.8437,0.7535,1.5758,2.4499
32,1000,200,4,8,197.00,802.00,0.6657,2.9198,0.7050,19414.51,0.0515,646.00,0.5151,0.8364,0.7506,1.5067,2.3599
32,1000,200,8,1,197.00,802.00,0.6657,2.9198,0.6118,10846.09,0.0922,644.00,0.9220,1.6097,1.4640,2.7640,4.0790
32,1000,200,8,3,197.00,802.00,0.6657,2.9198,0.7644,10971.92,0.0911,649.00,0.9114,1.6441,1.4792,2.8359,4.9000
32,1000,200,8,6,197.00,802.00,0.6657,2.9198,0.8167,11039.93,0.0906,644.00,0.9058,1.6526,1.4924,2.8073,4.8061
32,1000,200,8,8,197.00,802.00,0.6657,2.9198,0.8283,10893.30,0.0918,647.00,0.9180,1.6576,1.4930,2.8731,4.8087
32,1000,200,8,12,197.00,802.00,0.6657,2.9198,0.8357,10795.68,0.0926,647.00,0.9263,1.6502,1.4946,2.7918,4.9296
32,1000,200,8,16,197.00,802.00,0.6657,2.9198,0.8382,10604.65,0.0943,645.00,0.9430,1.6738,1.5167,2.8601,4.7730
32,1000,200,16,3,197.00,802.00,0.6657,2.9198,0.8160,5641.07,0.1773,651.00,1.7727,3.2674,3.0189,5.0139,8.9110
32,1000,200,16,6,197.00,802.00,0.6657,2.9198,0.8885,5666.38,0.1765,641.00,1.7648,3.2984,3.0383,5.0426,9.0277
32,1000,200,16,12,197.00,802.00,0.6657,2.9198,0.9202,5654.81,0.1768,640.00,1.7684,3.2854,3.0260,5.0914,8.7585
32,1000,200,16,16,197.00,802.00,0.6657,2.9198,0.9251,5525.20,0.1810,643.00,1.8099,3.3019,3.0390,5.1257,8.9497
32,1000,200,16,24,197.00,802.00,0.6657,2.9198,0.9278,5403.63,0.1851,643.00,1.8506,3.3167,3.0621,5.0929,9.5821
32,1000,200,16,32,197.00,802.00,0.6657,2.9198,0.9283,5517.96,0.1812,640.00,1.8123,3.3093,3.0683,5.0918,8.9506
32,1000,200,32,6,197.00,802.00,0.6657,2.9198,0.9171,2905.46,0.3442,643.00,3.4418,6.4353,6.0758,9.1993,18.2780
32,1000,200,32,12,197.00,802.00,0.6657,2.9198,0.9615,2926.49,0.3417,647.00,3.4171,6.3052,5.9621,8.7117,19.0173
32,1000,200,32,25,197.00,802.00,0.6657,2.9198,0.9753,2979.40,0.3356,644.00,3.3564,6.3118,5.9748,8.8146,13.3678
32,1000,200,32,32,197.00,802.00,0.6657,2.9198,0.9761,2988.26,0.3346,640.00,3.3464,6.3692,5.9466,8.8478,18.8036
32,1000,200,32,48,197.00,802.00,0.6657,2.9198,0.9766,2937.99,0.3404,641.00,3.4037,6.4272,6.0249,9.0036,18.3598
32,1000,200,32,64,197.00,802.00,0.6657,2.9198,0.9767,2883.82,0.3468,643.00,3.4676,6.3307,5.9695,8.8313,19.9826
32,1000,200,64,12,197.00,802.00,0.6657,2.9198,0.9726,1535.46,0.6513,652.00,6.5127,12.4154,11.8791,16.1609,37.1036
32,1000,200,64,25,197.00,802.00,0.6657,2.9198,0.9923,1516.60,0.6594,644.00,6.5937,12.3347,11.8212,16.0564,37.1329
32,1000,200,64,51,197.00,802.00,0.6657,2.9198,0.9950,1474.99,0.6780,644.00,6.7797,12.5367,12.0003,16.3115,38.7722
32,1000,200,64,64,197.00,802.00,0.6657,2.9198,0.9951,1529.34,0.6539,648.00,6.5388,12.4614,11.8736,16.1419,38.5429
32,1000,200,64,96,197.00,802.00,0.6657,2.9198,0.9953,1505.61,0.6642,653.00,6.6418,12.3823,11.8234,16.2541,39.0520
32,1000,200,64,128,197.00,802.00,0.6657,2.9198,0.9953,1502.92,0.6654,645.00,6.6537,12.3528,11.8345,16.0156,40.2028
32,2000,40,2,1,197.00,801.00,1.0196,3.6139,0.4566,43534.36,0.0230,629.00,0.2297,0.3001,0.2603,0.6391,0.9716
32,2000,40,2,1,197.00,801.00,1.0196,3.6139,0.4566,44849.03,0.0223,633.00,0.2230,0.2672,0.2304,0.5700,0.8678
32,2000,40,2,1,197.00,801.00,1.0196,3.6139,0.4566,45453.46,0.0220,632.00,0.2200,0.2618,0.2236,0.5544,0.9278
32,2000,40,2,2,197.00,801.00,1.0196,3.6139,0.4879,44832.32,0.0223,630.00,0.2231,0.2544,0.2208,0.5232,0.8261
32,2000,40,2,3,197.00,801.00,1.0196,3.6139,0.4962,47113.52,0.0212,631.00,0.2123,0.2480,0.2107,0.5324,0.8404
32,2000,40,2,4,197.00,801.00,1.0196,3.6139,0.5003,44749.30,0.0223,633.00,0.2235,0.2476,0.2066,0.5411,0.8416
32,2000,40,4,1,197.00,801.00,1.0196,3.6139,0.5788,30202.70,0.0331,632.00,0.3311,0.4908,0.4389,0.9505,1.5104
32,2000,40,4,1,197.00,801.00,1.0196,3.6139,0.5788,30237.44,0.0331,631.00,0.3307,0.4715,0.4221,0.9181,1.4728
32,2000,40,4,3,197.00,801.00,1.0196,3.6139,0.6381,30022.26,0.0333,634.00,0.3331,0.4829,0.4279,0.9453,1.5074
32,2000,40,4,4,197.00,801.00,1.0196,3.6139,0.6436,30036.33,0.0333,633.00,0.3329,0.4887,0.4359,0.9529,1.4506
32,2000,40,4,6,197.00,801.00,1.0196,3.6139,0.6497,30395.17,0.0329,633.00,0.3290,0.4885,0.4317,0.9601,1.4273
32,2000,40,4,8,197.00,801.00,1.0196,3.6139,0.6516,29728.52,0.0336,631.00,0.3364,0.4829,0.4293,0.9407,1.5039
32,2000,40,8,1,197.00,801.00,1.0196,3.6139,0.6752,17680.98,0.0566,631.00,0.5656,0.9286,0.8450,1.6966,2.4840
32,2000,40,8,3,197.00,801.00,1.0196,3.6139,0.7617,17553.70,0.0570,631.00,0.5697,0.9147,0.8331,1.6316,2.6114
32,2000,40,8,6,197.00,801.00,1.0196,3.6139,0.7792,18342.39,0.0545,636.00,0.5452,0.9013,0.8166,1.5649,2.6411
32,2000,40,8,8,197.00,801.00,1.0196,3.6139,0.7820,17825.93,0.0561,632.00,0.5610,0.8790,0.7993,1.5972,2.5121
32,2000,40,8,12,197.00,801.00,1.0196,3.6139,0.7845,18340.68,0.0545,629.00,0.5452,0.8978,0.8099,1.5842,2.5219
32,2000,40,8,16,197.00,801.00,1.0196,3.6139,0.7853,18025.65,0.0555,632.00,0.5548,0.9032,0.8170,1.6308,2.6050
32,2000,40,16,3,197.00,801.00,1.0196,3.6139,0.8516,9902.86,0.1010,633.00,1.0098,1.7510,1.6075,2.8682,5.1880
32,2000,40,16,6,197.00,801.00,1.0196,3.6139,0.8788,9484.64,0.1054,633.00,1.0543,1.8180,1.6724,2.9730,5.3282
32,2000,40,16,12,197.00,801.00,1.0196,3.6139,0.8875,9245.23,0.1082,633.00,1.0816,1.8964,1.7369,3.0751,5.3581
32,2000,40,16,16,197.00,801.00,1.0196,3.6139,0.8887,9564.32,0.1046,632.00,1.0456,1.7832,1.6288,2.8733,5.5625
32,2000,40,16,24,197.00,801.00,1.0196,3.6139,0.8892,9930.17,0.1007,630.00,1.0070,1.7558,1.6057,2.8764,5.1008
32,2000,40,16,32,197.00,801.00,1.0196,3.6139,0.8893,9857.78,0.1014,632.00,1.0144,1.8002,1.6577,2.9631,4.6252
32,2000,40,32,6,197.00,801.00,1.0196,3.6139,0.9363,5312.63,0.1882,629.00,1.8823,3.4312,3.1708,5.1016,9.7433
32,2000,40,32,12,197.00,801.00,1.0196,3.6139,0.9501,5330.77,0.1876,629.00,1.8759,3.3970,3.1733,5.0268,9.5401
32,2000,40,32,25,197.00,801.00,1.0196,3.6139,0.9529,5401.30,0.1851,633.00,1.8514,3.4644,3.2301,5.1442,9.2586
32,2000,40,32,32,197.00,801.00,1.0196,3.6139,0.9530,5299.79,0.1887,633.00,1.8869,3.4015,3.1717,5.0338,10.0040
32,2000,40,32,48,197.00,801.00,1.0196,3.6139,0.9531,5080.54,0.1968,628.00,1.9683,3.4969,3.2460,5.1751,11.1193
32,2000,40,32,64,197.00,801.00,1.0196,3.6139,0.9531,5281.47,0.1893,631.00,1.8934,3.4400,3.2177,5.1169,9.2481
32,2000,40,64,12,197.00,801.00,1.0196,3.6139,0.9795,2745.06,0.3643,636.00,3.6429,6.8787,6.5142,9.5200,19.3092
32,2000,40,64,25,197.00,801.00,1.0196,3.6139,0.9847,2701.29,0.3702,633.00,3.7019,6.9447,6.6077,9.7698,18.6370
32,2000,40,64,51,197.00,801.00,1.0196,3.6139,0.9853,2664.56,0.3753,642.00,3.7530,6.7969,6.4113,9.3950,21.3359
32,2000,40,64,64,197.00,801.00,1.0196,3.6139,0.9853,2731.29,0.3661,633.00,3.6613,6.7212,6.3566,9.3084,19.3842
32,2000,40,64,96,197.00,801.00,1.0196,3.6139,0.9853,2720.07,0.3676,642.00,3.6764,6.7365,6.3651,9.2607,20.0378
32,2000,40,64,128,197.00,801.00,1.0196,3.6139,0.9853,2774.80,0.3604,638.00,3.6039,6.8370,6.4931,9.6267,18.5036
32,2000,40,128,25,197.00,801.00,1.0196,3.6139,0.9954,1463.09,0.6835,646.00,6.8348,12.8390,12.4413,16.2310,41.5646
32,2000,40,128,51,197.00,801.00,1.0196,3.6139,0.9968,1477.10,0.6770,641.00,6.7700,13.0211,12.4648,16.4716,37.9224
32,2000,40,128,102,197.00,801.00,1.0196,3.6139,0.9969,1476.29,0.6774,644.00,6.7737,12.9487,12.4522,17.1541,27.7969
32,2000,40,128,128,197.00,801.00,1.0196,3.6139,0.9969,1490.19,0.6711,645.00,6.7106,13.0446,12.4751,16.4919,38.5323
32,2000,40,128,192,197.00,801.00,1.0196,3.6139,0.9969,1451.29,0.6890,648.00,6.8904,12.9584,12.4665,16.9961,30.4738
32,2000,40,128,256,197.00,801.00,1.0196,3.6139,0.9969,1454.27,0.6876,643.00,6.8763,13.2328,12.6673,17.0605,38.0580
32,2000,100,2,1,195.00,794.00,0.8179,3.1832,0.4057,43336.43,0.0231,625.00,0.2308,0.3037,0.2665,0.6404,0.9743
32,2000,100,2,1,195.00,794.00,0.8179,3.1832,0.4057,45793.33,0.0218,624.00,0.2184,0.2705,0.2353,0.5711,0.8520
32,2000,100,2,1,195.00,794.00,0.8179,3.1832,0.4057,44875.84,0.0223,624.00,0.2228,0.2630,0.2251,0.5612,0.8734
32,2000,100,2,2,195.00,794.00,0.8179,3.1832,0.4598,44732.71,0.0224,627.00,0.2236,0.2611,0.2251,0.5438,0.8702
32,2000,100,2,3,195.00,794.00,0.8179,3.1832,0.4805,45809.35,0.0218,627.00,0.2183,0.2592,0.2234,0.5625,0.8635
32,2000,100,2,4,195.00,794.00,0.8179,3.1832,0.4904,45059.78,0.0222,626.00,0.2219,0.2490,0.2124,0.5381,0.8416
32,2000,100,4,1,195.00,794.00,0.8179,3.1832,0.5000,29735.31,0.0336,626.00,0.3363,0.4878,0.4330,0.9616,1.5026
32,2000,100,4,1,195.00,794.00,0.8179,3.1832,0.5000,30538.15,0.0327,624.00,0.3275,0.4791,0.4246,0.9599,1.5121
32,2000,100,4,3,195.00,794.00,0.8179,3.1832,0.6121,30584.92,0.0327,628.00,0.3270,0.4781,0.4290,0.9242,1.4643
32,2000,100,4,4,195.00,794.00,0.8179,3.1832,0.6276,31257.77,0.0320,627.00,0.3199,0.4781,0.4317,0.9109,1.4371
32,2000,100,4,6,195.00,794.00,0.8179,3.1832,0.6427,28867.70,0.0346,627.00,0.3464,0.4660,0.4133,0.9078,1.4005
32,2000,100,4,8,195.00,794.00,0.8179,3.1832,0.6488,31314.35,0.0319,629.00,0.3193,0.4678,0.4136,0.9193,1.4184
32,2000,100,8,1,195.00,794.00,0.8179,3.1832,0.5635,18453.25,0.0542,623.00,0.5419,0.9032,0.8142,1.6444,2.4579
32,2000,100,8,3,195.00,794.00,0.8179,3.1832,0.7149,18561.03,0.0539,627.00,0.5388,0.9110,0.8192,1.6551,2.6966
32,2000,100,8,6,195.00,794.00,0.8179,3.1832,0.7628,18702.48,0.0535,630.00,0.5347,0.9037,0.8138,1.6754,2.6433
32,2000,100,8,8,195.00,794.00,0.8179,3.1832,0.7736,18944.40,0.0528,628.00,0.5279,0.9047,0.8118,1.6582,2.5309
32,2000,100,8,12,195.00,794.00,0.8179,3.1832,0.7813,18628.20,0.0537,629.00,0.5368,0.9024,0.8124,1.6501,2.5628
32,2000,100,8,16,195.00,794.00,0.8179,3.1832,0.7837,18588.91,0.0538,628.00,0.5380,0.8904,0.8005,1.6438,2.5220
32,2000,100,16,3,195.00,794.00,0.8179,3.1832,0.7759,10156.86,0.0985,626.00,0.9846,1.7743,1.6195,2.9559,4.8567
32,2000,100,16,6,195.00,794.00,0.8179,3.1832,0.8461,9785.50,0.1022,630.00,1.0219,1.7945,1.6524,2.9452,4.5623
32,2000,100,16,12,195.00,794.00,0.8179,3.1832,0.8788,9821.75,0.1018,628.00,1.0181,1.8403,1.6974,3.0018,4.6024
32,2000,100,16,16,195.00,794.00,0.8179,3.1832,0.8844,9647.08,0.1037,626.00,1.0366,1.8450,1.7009,3.0236,4.4071
32,2000,100,16,24,195.00,794.00,0.8179,3.1832,0.8877,9664.84,0.1035,628.00,1.0347,1.8238,1.6851,2.9580,4.8328
32,2000,100,16,32,195.00,794.00,0.8179,3.1832,0.8889,9308.02,0.1074,627.00,1.0743,1.8822,1.7546,3.0941,4.5453
32,2000,100,32,6,195.00,794.00,0.8179,3.1832,0.8848,5019.01,0.1992,623.00,1.9924,3.6403,3.4312,5.5670,8.5250
32,2000,100,32,12,195.00,794.00,0.8179,3.1832,0.9333,5184.16,0.1929,625.00,1.9290,3.5877,3.3712,5.3826,9.1030
32,2000,100,32,25,195.00,794.00,0.8179,3.1832,0.9508,5305.59,0.1885,624.00,1.8848,3.4384,3.2074,5.1250,9.6891
32,2000,100,32,32,195.00,794.00,0.8179,3.1832,0.9527,5357.26,0.1867,628.00,1.8666,3.4735,3.2332,5.1873,9.1614
32,2000,100,32,48,195.00,794.00,0.8179,3.1832,0.9537,5312.32,0.1882,627.00,1.8824,3.4760,3.2413,5.2487,8.6264
32,2000,100,32,64,195.00,794.00,0.8179,3.1832,0.9539,5421.09,0.1845,626.00,1.8446,3.4722,3.2163,5.2398,9.3688
32,2000,100,64,12,195.00,794.00,0.8179,3.1832,0.9535,2769.12,0.3611,627.00,3.6113,6.6546,6.2950,9.0655,21.3551
32,2000,100,64,25,195.00,794.00,0.8179,3.1832,0.9795,2861.22,0.3495,624.00,3.4950,6.6224,6.2967,9.0457,13.7349
32,2000,100,64,51,195.00,794.00,0.8179,3.1832,0.9851,2844.57,0.3515,626.00,3.5155,6.7174,6.3308,9.1312,18.9559
32,2000,100,64,64,195.00,794.00,0.8179,3.1832,0.9854,2815.28,0.3552,623.00,3.5520,6.6644,6.3026,9.1269,16.8921
32,2000,100,64,96,195.00,794.00,0.8179,3.1832,0.9855,2674.77,0.3739,626.00,3.7386,6.7927,6.4300,9.3158,21.1845
32,2000,100,64,128,195.00,794.00,0.8179,3.1832,0.9855,2746.59,0.3641,628.00,3.6409,6.8812,6.4923,9.5905,19.0263
32,2000,100,128,25,195.00,794.00,0.8179,3.1832,0.9876,1420.75,0.7039,630.00,7.0385,12.9600,12.4050,16.6857,41.4989
32,2000,100,128,51,195.00,794.00,0.8179,3.1832,0.9958,1418.84,0.7048,640.00,7.0480,13.0367,12.4968,17.0171,39.5164
32,2000,100,128,102,195.00,794.00,0.8179,3.1832,0.9968,1451.11,0.6891,641.00,6.8913,13.1059,12.5103,17.2207,37.2803
32,2000,100,128,128,195.00,794.00,0.8179,3.1832,0.9969,1433.61,0.6975,640.00,6.9754,13.2373,12.6361,17.4557,36.2665
32,2000,100,128,192,195.00,794.00,0.8179,3.1832,0.9969,1440.25,0.6943,635.00,6.9433,12.9905,12.4913,16.9700,38.0634
32,2000,100,128,256,195.00,794.00,0.8179,3.1832,0.9969,1413.38,0.7075,635.00,7.0753,13.4361,12.8729,17.4882,35.9271
32,2000,200,2,1,188.00,794.00,0.8705,3.2137,0.4063,46618.96,0.0215,634.00,0.2145,0.2616,0.2203,0.5703,0.8809
32,2000,200,2,1,188.00,794.00,0.8705,3.2137,0.4063,49561.01,0.0202,632.00,0.2018,0.2541,0.2177,0.5608,0.8364
32,2000,200,2,1,188.00,794.00,0.8705,3.2137,0.4063,52486.20,0.0191,634.00,0.1905,0.2252,0.1878,0.4937,0.7337
32,2000,200,2,2,188.00,794.00,0.8705,3.2137,0.4598,50060.64,0.0200,636.00,0.1998,0.2392,0.1987,0.5308,0.7977
32,2000,200,2,3,188.00,794.00,0.8705,3.2137,0.4796,49771.34,0.0201,636.00,0.2009,0.2193,0.1770,0.4992,0.6885
32,2000,200,2,4,188.00,794.00,0.8705,3.2137,0.4897,50547.40,0.0198,638.00,0.1978,0.2445,0.2068,0.5299,0.8097
32,2000,200,4,1,188.00,794.00,0.8705,3.2137,0.5012,30864.75,0.0324,635.00,0.3240,0.4773,0.4233,0.9555,1.5242
32,2000,200,4,1,188.00,794.00,0.8705,3.2137,0.5012,31529.63,0.0317,635.00,0.3172,0.4676,0.4167,0.9339,1.4051
32,2000,200,4,3,188.00,794.00,0.8705,3.2137,0.6097,31348.51,0.0319,636.00,0.3190,0.4723,0.4220,0.9216,1.3127
32,2000,200,4,4,188.00,794.00,0.8705,3.2137,0.6252,31104.69,0.0321,637.00,0.3215,0.4786,0.4228,0.9361,1.4585
32,2000,200,4,6,188.00,794.00,0.8705,3.2137,0.6404,31685.30,0.0316,638.00,0.3156,0.4715,0.4207,0.9084,1.3406
32,2000,200,4,8,188.00,794.00,0.8705,3.2137,0.6459,31137.73,0.0321,644.00,0.3212,0.4665,0.4133,0.9369,1.3949
32,2000,200,8,1,188.00,794.00,0.8705,3.2137,0.5641,18676.84,0.0535,635.00,0.5354,0.9063,0.8198,1.6208,2.5355
32,2000,200,8,3,188.00,794.00,0.8705,3.2137,0.7120,18165.40,0.0550,635.00,0.5505,0.9500,0.8679,1.6706,2.5307
32,2000,200,8,6,188.00,794.00,0.8705,3.2137,0.7611,18633.92,0.0537,639.00,0.5367,0.9015,0.8097,1.6777,2.4635
32,2000,200,8,8,188.00,794.00,0.8705,3.2137,0.7717,18936.67,0.0528,637.00,0.5281,0.9217,0.8264,1.6608,2.5907
32,2000,200,8,12,188.00,794.00,0.8705,3.2137,0.7801,19120.50,0.0523,640.00,0.5230,0.8998,0.8090,1.6301,2.4663
32,2000,200,8,16,188.00,794.00,0.8705,3.2137,0.7826,18745.67,0.0533,640.00,0.5335,0.8857,0.7899,1.6506,2.5608
32,2000,200,16,3,188.00,794.00,0.8705,3.2137,0.7722,10234.62,0.0977,636.00,0.9771,1.7356,1.5971,2.8132,4.7171
32,2000,200,16,6,188.00,794.00,0.8705,3.2137,0.8451,10567.04,0.0946,637.00,0.9463,1.7216,1.5597,2.8647,5.1210
32,2000,200,16,12,188.00,794.00,0.8705,3.2137,0.8791,10474.47,0.0955,640.00,0.9547,1.7085,1.5541,2.8601,5.0463
32,2000,200,16,16,188.00,794.00,0.8705,3.2137,0.8847,10531.99,0.0949,639.00,0.9495,1.7066,1.5474,2.8920,4.8345
32,2000,200,16,24,188.00,794.00,0.8705,3.2137,0.8877,10539.29,0.0949,639.00,0.9488,1.7059,1.5436,2.8872,4.9122
32,2000,200,16,32,188.00,794.00,0.8705,3.2137,0.8881,10492.77,0.0953,637.00,0.9530,1.7312,1.5596,2.9212,5.0712
32,2000,200,32,6,188.00,794.00,0.8705,3.2137,0.8848,5600.09,0.1786,644.00,1.7857,3.3482,3.0863,4.9611,9.8789
32,2000,200,32,12,188.00,794.00,0.8705,3.2137,0.9340,5566.30,0.1797,638.00,1.7965,3.3809,3.1181,5.0094,10.3486
32,2000,200,32,25,188.00,794.00,0.8705,3.2137,0.9515,5581.97,0.1791,637.00,1.7915,3.3687,3.1057,4.9780,10.0423
32,2000,200,32,32,188.00,794.00,0.8705,3.2137,0.9525,5575.12,0.1794,640.00,1.7937,3.3741,3.1176,5.0095,9.9887
32,2000,200,32,48,188.00,794.00,0.8705,3.2137,0.9536,5575.69,0.1793,634.00,1.7935,3.3783,3.1501,5.0546,7.7150
32,2000,200,32,64,188.00,794.00,0.8705,3.2137,0.9537,5648.35,0.1770,645.00,1.7704,3.3853,3.1178,4.9524,9.8858
32,2000,200,64,12,188.00,794.00,0.8705,3.2137,0.9548,2975.20,0.3361,639.00,3.3611,6.4975,6.1069,8.6722,19.0993
32,2000,200,64,25,188.00,794.00,0.8705,3.2137,0.9809,2937.11,0.3405,639.00,3.4047,6.5558,6.1644,8.7564,19.3128
32,2000,200,64,51,188.00,794.00,0.8705,3.2137,0.9856,2924.09,0.3420,640.00,3.4199,6.6123,6.2162,8.8444,19.1078
32,2000,200,64,64,188.00,794.00,0.8705,3.2137,0.9859,2873.05,0.3481,633.00,3.4806,6.5699,6.2369,8.9844,14.2509
32,2000,200,64,96,188.00,794.00,0.8705,3.2137,0.9860,2912.23,0.3434,645.00,3.4338,6.6340,6.2450,8.8889,19.5385
32,2000,200,64,128,188.00,794.00,0.8705,3.2137,0.9860,2860.86,0.3495,642.00,3.4954,6.6065,6.2681,9.0164,16.3728
32,2000,200,128,25,188.00,794.00,0.8705,3.2137,0.9886,1522.68,0.6567,650.00,6.5674,12.6873,12.1828,16.0144,36.1012
32,2000,200,128,51,188.00,794.00,0.8705,3.2137,0.9960,1495.84,0.6685,647.00,6.6852,12.8573,12.3245,16.2772,37.4190
32,2000,200,128,102,188.00,794.00,0.8705,3.2137,0.9972,1503.35,0.6652,643.00,6.6518,12.8401,12.3232,16.1623,37.0594
32,2000,200,128,128,188.00,794.00,0.8705,3.2137,0.9973,1491.65,0.6704,645.00,6.7040,12.7519,12.2683,16.3982,32.1117
32,2000,200,128,192,188.00,794.00,0.8705,3.2137,0.9973,1457.09,0.6863,650.00,6.8630,12.7917,12.3673,16.5826,38.0507
32,2000,200,128,256,188.00,794.00,0.8705,3.2137,0.9973,1456.66,0.6865,651.00,6.8650,12.8413,12.3974,16.3202,40.0608
32,3000,40,3,1,202.00,779.00,1.2071,3.9149,0.5056,42516.67,0.0235,627.00,0.2352,0.3344,0.2973,0.6696,0.9820
32,3000,40,3,1,202.00,779.00,1.2071,3.9149,0.5056,44626.53,0.0224,628.00,0.2241,0.2941,0.2549,0.6164,0.9092
32,3000,40,3,2,202.00,779.00,1.2071,3.9149,0.5397,45113.15,0.0222,628.00,0.2217,0.2837,0.2453,0.5932,0.9260
32,3000,40,3,3,202.00,779.00,1.2071,3.9149,0.5498,45724.89,0.0219,628.00,0.2187,0.2737,0.2332,0.5808,0.9403
32,3000,40,3,4,202.00,779.00,1.2071,3.9149,0.5537,43415.71,0.0230,628.00,0.2303,0.2616,0.2234,0.5552,0.8728
32,3000,40,3,6,202.00,779.00,1.2071,3.9149,0.5558,46318.08,0.0216,626.00,0.2159,0.2639,0.2212,0.5810,0.8922
32,3000,40,6,1,202.00,779.00,1.2071,3.9149,0.6163,28652.01,0.0349,630.00,0.3490,0.5193,0.4669,1.0026,1.5252
32,3000,40,6,2,202.00,779.00,1.2071,3.9149,0.6680,29237.46,0.0342,628.00,0.3420,0.5152,0.4587,0.9781,1.5229
32,3000,40,6,4,202.00,779.00,1.2071,3.9149,0.6902,29537.08,0.0339,636.00,0.3386,0.5013,0.4426,0.9926,1.4646
32,3000,40,6,6,202.00,779.00,1.2071,3.9149,0.6941,29556.29,0.0338,630.00,0.3383,0.5000,0.4486,0.9549,1.4051
32,3000,40,6,9,202.00,779.00,1.2071,3.9149,0.6957,30160.18,0.0332,631.00,0.3316,0.4863,0.4282,0.9966,1.5049
32,3000,40,6,12,202.00,779.00,1.2071,3.9149,0.6964,29490.52,0.0339,631.00,0.3391,0.5031,0.4451,0.9801,1.5070
32,3000,40,12,2,202.00,779.00,1.2071,3.9149,0.7685,17407.63,0.0574,629.00,0.5745,0.9766,0.8813,1.7810,2.6384
32,3000,40,12,4,202.00,779.00,1.2071,3.9149,0.8050,17501.56,0.0571,626.00,0.5714,0.9493,0.8534,1.7813,2.6831
32,3000,40,12,9,202.00,779.00,1.2071,3.9149,0.8176,17254.17,0.0580,631.00,0.5796,0.9740,0.8796,1.7616,2.6077
32,3000,40,12,12,202.00,779.00,1.2071,3.9149,0.8187,17508.91,0.0571,628.00,0.5711,0.9490,0.8563,1.7367,2.5899
32,3000,40,12,18,202.00,779.00,1.2071,3.9149,0.8193,17672.23,0.0566,628.00,0.5659,0.9585,0.8623,1.7738,2.4988
32,3000,40,12,24,202.00,779.00,1.2071,3.9149,0.8194,17286.18,0.0578,630.00,0.5785,0.9595,0.8680,1.7227,2.6146
32,3000,40,24,4,202.00,779.00,1.2071,3.9149,0.8808,9741.38,0.1027,629.00,1.0265,1.8305,1.6744,2.9988,4.5696
32,3000,40,24,9,202.00,779.00,1.2071,3.9149,0.9046,9626.97,0.1039,629.00,1.0387,1.8587,1.7018,3.0447,4.6029
32,3000,40,24,19,202.00,779.00,1.2071,3.9149,0.9093,9423.95,0.1061,628.00,1.0611,1.8480,1.6963,3.0142,5.1093
32,3000,40,24,24,202.00,779.00,1.2071,3.9149,0.9095,9673.17,0.1034,630.00,1.0338,1.8589,1.6905,3.0976,4.6367
32,3000,40,24,36,202.00,779.00,1.2071,3.9149,0.9097,9613.62,0.1040,629.00,1.0402,1.8558,1.6915,3.0469,5.0842
32,3000,40,24,48,202.00,779.00,1.2071,3.9149,0.9097,9595.49,0.1042,634.00,1.0422,1.8633,1.6989,3.0838,5.0865
32,3000,40,48,9,202.00,779.00,1.2071,3.9149,0.9526,5254.88,0.1903,634.00,1.9030,3.5971,3.3303,5.4178,9.3595
32,3000,40,48,19,202.00,779.00,1.2071,3.9149,0.9617,5266.74,0.1899,628.00,1.8987,3.6050,3.3158,5.4266,9.6987
32,3000,40,48,38,202.00,779.00,1.2071,3.9149,0.9634,5271.95,0.1897,629.00,1.8968,3.5917,3.3105,5.3838,9.9400
32,3000,40,48,48,202.00,779.00,1.2071,3.9149,0.9635,5307.83,0.1884,628.00,1.8840,3.5946,3.3217,5.4166,9.1170
32,3000,40,48,72,202.00,779.00,1.2071,3.9149,0.9635,5212.09,0.1919,628.00,1.9186,3.6269,3.3664,5.4474,9.3949
32,3000,40,48,96,202.00,779.00,1.2071,3.9149,0.9635,5203.64,0.1922,634.00,1.9217,3.6448,3.3762,5.4980,8.9036
32,3000,40,96,19,202.00,779.00,1.2071,3.9149,0.9854,2763.19,0.3619,636.00,3.6190,6.9635,6.5743,9.5991,18.2435
32,3000,40,96,38,202.00,779.00,1.2071,3.9149,0.9887,2749.76,0.3637,637.00,3.6367,6.9212,6.5081,9.4563,18.5058
32,3000,40,96,76,202.00,779.00,1.2071,3.9149,0.9892,2787.59,0.3587,635.00,3.5873,6.9428,6.5297,9.4540,18.8825
32,3000,40,96,96,202.00,779.00,1.2071,3.9149,0.9892,2774.65,0.3604,639.00,3.6041,6.9330,6.5400,9.4400,18.5872
32,3000,40,96,144,202.00,779.00,1.2071,3.9149,0.9892,2771.11,0.3609,638.00,3.6087,6.9810,6.5961,9.5001,18.3893
32,3000,40,96,192,202.00,779.00,1.2071,3.9149,0.9892,2703.95,0.3698,630.00,3.6983,6.9991,6.6390,9.6797,17.0216
32,3000,40,192,38,202.00,779.00,1.2071,3.9149,0.9965,1449.92,0.6897,645.00,6.8969,13.2473,12.7316,18.4125,26.8695
32,3000,40,192,76,202.00,779.00,1.2071,3.9149,0.9974,1422.95,0.7028,647.00,7.0276,13.2595,12.7690,17.5651,31.9707
32,3000,40,192,153,202.00,779.00,1.2071,3.9149,0.9975,1430.33,0.6991,640.00,6.9914,13.2429,12.7504,17.0402,36.5825
32,3000,40,192,192,202.00,779.00,1.2071,3.9149,0.9975,1394.90,0.7169,641.00,7.1690,13.2994,12.7922,17.0869,41.3344
32,3000,40,192,288,202.00,779.00,1.2071,3.9149,0.9975,1406.33,0.7111,653.00,7.1107,13.4241,12.9168,17.6501,36.2827
32,3000,40,192,384,202.00,779.00,1.2071,3.9149,0.9975,1384.49,0.7223,645.00,7.2229,13.5562,13.0452,17.5546,38.3538
32,3000,100,3,1,197.00,781.00,0.9744,3.3919,0.4430,43108.36,0.0232,614.00,0.2320,0.3045,0.2635,0.6393,1.0224
32,3000,100,3,1,197.00,781.00,0.9744,3.3919,0.4430,43869.80,0.0228,623.00,0.2279,0.2863,0.2446,0.6145,0.9547
32,3000,100,3,2,197.00,781.00,0.9744,3.3919,0.5068,44299.35,0.0226,618.00,0.2257,0.2829,0.2449,0.5911,0.9186
32,3000,100,3,3,197.00,781.00,0.9744,3.3919,0.5289,45090.56,0.0222,621.00,0.2218,0.2696,0.2324,0.5690,0.8719
32,3000,100,3,4,197.00,781.00,0.9744,3.3919,0.5401,43066.87,0.0232,622.00,0.2322,0.2714,0.2356,0.5715,0.8457
32,3000,100,3,6,197.00,781.00,0.9744,3.3919,0.5499,46169.95,0.0217,621.00,0.2166,0.2657,0.2266,0.5601,0.8579
32,3000,100,6,1,197.00,781.00,0.9744,3.3919,0.5216,27712.84,0.0361,618.00,0.3608,0.5215,0.4657,1.0077,1.5559
32,3000,100,6,2,197.00,781.00,0.9744,3.3919,0.6121,28221.12,0.0354,619.00,0.3543,0.5149,0.4589,1.0042,1.5446
32,3000,100,6,4,197.00,781.00,0.9744,3.3919,0.6656,28514.30,0.0351,620.00,0.3507,0.5197,0.4588,1.0246,1.5137
32,3000,100,6,6,197.00,781.00,0.9744,3.3919,0.6839,29666.26,0.0337,624.00,0.3371,0.5116,0.4550,0.9872,1.5651
32,3000,100,6,9,197.00,781.00,0.9744,3.3919,0.6936,29116.23,0.0343,622.00,0.3435,0.4979,0.4409,0.9645,1.5297
32,3000,100,6,12,197.00,781.00,0.9744,3.3919,0.6968,30372.41,0.0329,622.00,0.3292,0.5051,0.4454,0.9922,1.5365
32,3000,100,12,2,197.00,781.00,0.9744,3.3919,0.6793,16993.94,0.0588,617.00,0.5884,0.9541,0.8614,1.6782,2.7844
32,3000,100,12,4,197.00,781.00,0.9744,3.3919,0.7576,17707.39,0.0565,622.00,0.5647,0.9555,0.8579,1.7851,2.7044
32,3000,100,12,9,197.00,781.00,0.9744,3.3919,0.8062,17024.54,0.0587,622.00,0.5874,0.9575,0.8545,1.7404,2.7111
32,3000,100,12,12,197.00,781.00,0.9744,3.3919,0.8141,17519.15,0.0571,620.00,0.5708,0.9572,0.8620,1.7615,2.5481
32,3000,100,12,18,197.00,781.00,0.9744,3.3919,0.8194,17483.50,0.0572,622.00,0.5720,0.9428,0.8550,1.6868,2.5969
32,3000,100,12,24,197.00,781.00,0.9744,3.3919,0.8209,17792.26,0.0562,618.00,0.5620,0.9495,0.8558,1.7439,2.5945
32,3000,100,24,4,197.00,781.00,0.9744,3.3919,0.8083,9623.22,0.1039,621.00,1.0392,1.8428,1.6797,3.0920,4.8119
32,3000,100,24,9,197.00,781.00,0.9744,3.3919,0.8808,9250.35,0.1081,619.00,1.0810,1.9326,1.7832,3.1783,4.5469
32,3000,100,24,19,197.00,781.00,0.9744,3.3919,0.9052,9428.62,0.1061,619.00,1.0606,1.9104,1.7568,3.1230,4.9473
32,3000,100,24,24,197.00,781.00,0.9744,3.3919,0.9080,9598.34,0.1042,622.00,1.0418,1.8417,1.6733,3.0185,4.9764
32,3000,100,24,36,197.00,781.00,0.9744,3.3919,0.9093,9516.47,0.1051,623.00,1.0508,1.8370,1.6894,3.0140,4.4403
32,3000,100,24,48,197.00,781.00,0.9744,3.3919,0.9097,9792.18,0.1021,623.00,1.0212,1.8416,1.6711,3.1212,4.8692
32,3000,100,48,9,197.00,781.00,0.9744,3.3919,0.9158,5341.11,0.1872,628.00,1.8723,3.5270,3.2362,5.2803,10.3319
32,3000,100,48,19,197.00,781.00,0.9744,3.3919,0.9536,5248.67,0.1905,626.00,1.9052,3.6000,3.3129,5.4669,9.8051
32,3000,100,48,38,197.00,781.00,0.9744,3.3919,0.9630,5236.06,0.1910,623.00,1.9098,3.6068,3.3510,5.4100,9.6990
32,3000,100,48,48,197.00,781.00,0.9744,3.3919,0.9638,5199.99,0.1923,626.00,1.9231,3.6469,3.3798,5.5221,9.6881
32,3000,100,48,72,197.00,781.00,0.9744,3.3919,0.9644,5069.42,0.1973,622.00,1.9726,3.5949,3.3402,5.3779,10.1552
32,3000,100,48,96,197.00,781.00,0.9744,3.3919,0.9644,5081.30,0.1968,625.00,1.9680,3.6145,3.3513,5.4223,9.3702
32,3000,100,96,19,197.00,781.00,0.9744,3.3919,0.9711,2760.94,0.3622,621.00,3.6220,6.9276,6.5594,9.6125,17.5021
32,3000,100,96,38,197.00,781.00,0.9744,3.3919,0.9863,2720.02,0.3676,623.00,3.6764,6.9806,6.5655,9.8816,18.2118
32,3000,100,96,76,197.00,781.00,0.9744,3.3919,0.9895,2666.44,0.3750,626.00,3.7503,6.9322,6.5489,9.5755,20.6954
32,3000,100,96,96,197.00,781.00,0.9744,3.3919,0.9895,2746.84,0.3641,625.00,3.6405,6.9938,6.6083,9.6509,18.4377
32,3000,100,96,144,197.00,781.00,0.9744,3.3919,0.9896,2727.10,0.3667,622.00,3.6669,7.0377,6.6274,9.7739,18.9193
32,3000,100,96,192,197.00,781.00,0.9744,3.3919,0.9896,2717.23,0.3680,625.00,3.6802,7.0950,6.6855,9.7714,18.4937
32,3000,100,192,38,197.00,781.00,0.9744,3.3919,0.9928,1435.06,0.6968,639.00,6.9684,13.1877,12.6738,17.3995,33.4933
32,3000,100,192,76,197.00,781.00,0.9744,3.3919,0.9976,1419.94,0.7043,633.00,7.0425,13.5288,12.9431,17.5936,36.6967
32,3000,100,192,153,197.00,781.00,0.9744,3.3919,0.9979,1362.79,0.7338,632.00,7.3379,13.5227,13.0037,17.4499,41.9799
32,3000,100,192,192,197.00,781.00,0.9744,3.3919,0.9980,1381.63,0.7238,635.00,7.2378,13.7927,13.2071,18.3451,34.3799
32,3000,100,192,288,197.00,781.00,0.9744,3.3919,0.9980,1385.81,0.7216,640.00,7.2160,13.8178,13.2555,17.7780,36.2703
32,3000,100,192,384,197.00,781.00,0.9744,3.3919,0.9980,1367.16,0.7314,633.00,7.3144,13.8987,13.3214,18.4572,35.3749
32,3000,200,3,1,186.00,775.00,1.0732,3.5606,0.4398,43002.15,0.0233,604.00,0.2325,0.3165,0.2788,0.6643,1.0022
32,3000,200,3,1,186.00,775.00,1.0732,3.5606,0.4398,43507.28,0.0230,604.00,0.2298,0.2893,0.2516,0.5941,0.9045
32,3000,200,3,2,186.00,775.00,1.0732,3.5606,0.5024,44281.86,0.0226,604.00,0.2258,0.2833,0.2458,0.5860,0.9252
32,3000,200,3,3,186.00,775.00,1.0732,3.5606,0.5259,44623.43,0.0224,605.00,0.2241,0.2714,0.2355,0.5739,0.8507
32,3000,200,3,4,186.00,775.00,1.0732,3.5606,0.5384,45412.12,0.0220,606.00,0.2202,0.2704,0.2313,0.5709,0.9131
32,3000,200,3,6,186.00,775.00,1.0732,3.5606,0.5500,44415.24,0.0225,604.00,0.2251,0.2610,0.2208,0.5663,0.9095
32,3000,200,6,1,186.00,775.00,1.0732,3.5606,0.5192,27416.55,0.0365,603.00,0.3647,0.5158,0.4579,0.9865,1.5992
32,3000,200,6,2,186.00,775.00,1.0732,3.5606,0.6059,27205.95,0.0368,605.00,0.3676,0.5225,0.4602,1.0431,1.5776
32,3000,200,6,4,186.00,775.00,1.0732,3.5606,0.6622,27359.01,0.0366,607.00,0.3655,0.5161,0.4509,1.0533,1.6063
32,3000,200,6,6,186.00,775.00,1.0732,3.5606,0.6818,28461.47,0.0351,603.00,0.3514,0.5339,0.4757,1.0310,1.4970
32,3000,200,6,9,186.00,775.00,1.0732,3.5606,0.6913,27667.14,0.0361,607.00,0.3614,0.5220,0.4606,1.0306,1.6028
32,3000,200,6,12,186.00,775.00,1.0732,3.5606,0.6944,28139.86,0.0355,604.00,0.3554,0.5103,0.4500,1.0178,1.5773
32,3000,200,12,2,186.00,775.00,1.0732,3.5606,0.6747,16357.30,0.0611,604.00,0.6113,0.9753,0.8731,1.7649,2.8639
32,3000,200,12,4,186.00,775.00,1.0732,3.5606,0.7547,15994.56,0.0625,603.00,0.6252,0.9902,0.8933,1.8054,2.7988
32,3000,200,12,9,186.00,775.00,1.0732,3.5606,0.8051,16234.26,0.0616,606.00,0.6160,0.9987,0.8976,1.8228,2.8303
32,3000,200,12,12,186.00,775.00,1.0732,3.5606,0.8117,16816.75,0.0595,609.00,0.5946,0.9941,0.9048,1.8029,2.6023
32,3000,200,12,18,186.00,775.00,1.0732,3.5606,0.8172,16329.96,0.0612,606.00,0.6124,1.0008,0.9020,1.8253,2.9097
32,3000,200,12,24,186.00,775.00,1.0732,3.5606,0.8187,16167.69,0.0619,603.00,0.6185,1.0060,0.9058,1.8106,2.7832
32,3000,200,24,4,186.00,775.00,1.0732,3.5606,0.8063,9297.02,0.1076,603.00,1.0756,1.9041,1.7335,3.1021,5.4847
32,3000,200,24,9,186.00,775.00,1.0732,3.5606,0.8801,9228.41,0.1084,614.00,1.0836,1.9237,1.7551,3.1930,4.8828
32,3000,200,24,19,186.00,775.00,1.0732,3.5606,0.9053,9009.71,0.1110,606.00,1.1099,1.9564,1.8010,3.2562,4.6174
32,3000,200,24,24,186.00,775.00,1.0732,3.5606,0.9075,9138.43,0.1094,608.00,1.0943,1.9561,1.8023,3.2438,4.6557
32,3000,200,24,36,186.00,775.00,1.0732,3.5606,0.9089,8928.15,0.1120,604.00,1.1201,1.9453,1.7837,3.2191,5.4497
32,3000,200,24,48,186.00,775.00,1.0732,3.5606,0.9092,9685.68,0.1032,607.00,1.0325,1.8957,1.7388,3.1144,4.7307
32,3000,200,48,9,186.00,775.00,1.0732,3.5606,0.9150,5045.60,0.1982,606.00,1.9819,3.5950,3.3258,5.3829,10.2599
32,3000,200,48,19,186.00,775.00,1.0732,3.5606,0.9543,4986.27,0.2006,611.00,2.0055,3.6490,3.3893,5.5906,10.4480
32,3000,200,48,38,186.00,775.00,1.0732,3.5606,0.9631,4859.05,0.2058,609.00,2.0580,3.6805,3.4264,5.5841,10.5602
32,3000,200,48,48,186.00,775.00,1.0732,3.5606,0.9637,4985.83,0.2006,606.00,2.0057,3.6105,3.3614,5.3992,10.4261
32,3000,200,48,72,186.00,775.00,1.0732,3.5606,0.9641,5064.37,0.1975,614.00,1.9746,3.6169,3.3701,5.4009,9.3078
32,3000,200,48,96,186.00,775.00,1.0732,3.5606,0.9642,4972.77,0.2011,611.00,2.0110,3.6124,3.3641,5.4813,8.9795
32,3000,200,96,19,186.00,775.00,1.0732,3.5606,0.9719,2707.83,0.3693,610.00,3.6930,6.8672,6.5234,9.4644,19.4332
32,3000,200,96,38,186.00,775.00,1.0732,3.5606,0.9866,2733.00,0.3659,614.00,3.6590,6.9278,6.5777,9.5698,15.6042
32,3000,200,96,76,186.00,775.00,1.0732,3.5606,0.9894,2704.09,0.3698,614.00,3.6981,6.9769,6.6395,9.7566,14.4672
32,3000,200,96,96,186.00,775.00,1.0732,3.5606,0.9896,2658.25,0.3762,608.00,3.7619,6.9653,6.6024,9.6281,19.4940
32,3000,200,96,144,186.00,775.00,1.0732,3.5606,0.9896,2715.90,0.3682,609.00,3.6820,7.0746,6.6796,9.7687,18.0920
32,3000,200,96,192,186.00,775.00,1.0732,3.5606,0.9897,2700.23,0.3703,617.00,3.7034,7.1083,6.7149,9.8365,17.8821
32,3000,200,192,38,186.00,775.00,1.0732,3.5606,0.9929,1404.56,0.7120,620.00,7.1196,13.6055,13.0705,18.2562,33.1983
32,3000,200,192,76,186.00,775.00,1.0732,3.5606,0.9974,1382.75,0.7232,627.00,7.2320,13.4894,12.9812,17.7419,39.9732
32,3000,200,192,153,186.00,775.00,1.0732,3.5606,0.9980,1408.58,0.7099,620.00,7.0994,13.6244,13.0437,18.0220,34.5073
32,3000,200,192,192,186.00,775.00,1.0732,3.5606,0.9980,1409.07,0.7097,619.00,7.0969,13.4361,13.0173,17.4593,38.2274
32,3000,200,192,288,186.00,775.00,1.0732,3.5606,0.9980,1450.18,0.6896,616.00,6.8957,13.4471,12.8942,16.6764,34.8499
32,3000,200,192,384,186.00,775.00,1.0732,3.5606,0.9980,1422.80,0.7028,621.00,7.0284,13.6226,13.0766,16.9954,35.1259
32,4000,40,4,1,175.00,783.00,1.3272,4.1167,0.5285,41842.39,0.0239,621.00,0.2390,0.3264,0.2906,0.6749,0.9962
32,4000,40,4,1,175.00,783.00,1.3272,4.1167,0.5285,43353.50,0.0231,624.00,0.2307,0.3063,0.2713,0.6110,0.9080
32,4000,40,4,3,175.00,783.00,1.3272,4.1167,0.5833,41856.21,0.0239,620.00,0.2389,0.3010,0.2625,0.6227,0.9741
32,4000,40,4,4,175.00,783.00,1.3272,4.1167,0.5873,44751.52,0.0223,622.00,0.2235,0.2880,0.2519,0.5866,0.9152
32,4000,40,4,6,175.00,783.00,1.3272,4.1167,0.5907,44042.85,0.0227,623.00,0.2271,0.2767,0.2405,0.5680,0.8625
32,4000,40,4,8,175.00,783.00,1.3272,4.1167,0.5918,47117.41,0.0212,622.00,0.2122,0.2819,0.2485,0.5729,0.8563
32,4000,40,8,1,175.00,783.00,1.3272,4.1167,0.6244,28241.90,0.0354,620.00,0.3541,0.5435,0.4920,1.0096,1.5062
32,4000,40,8,3,175.00,783.00,1.3272,4.1167,0.7080,28082.44,0.0356,624.00,0.3561,0.5443,0.4912,1.0176,1.4618
32,4000,40,8,6,175.00,783.00,1.3272,4.1167,0.7230,29053.87,0.0344,620.00,0.3442,0.5357,0.4766,1.0321,1.5517
32,4000,40,8,8,175.00,783.00,1.3272,4.1167,0.7251,28968.16,0.0345,625.00,0.3452,0.5143,0.4636,0.9797,1.3889
32,4000,40,8,12,175.00,783.00,1.3272,4.1167,0.7265,28080.38,0.0356,620.00,0.3561,0.5292,0.4789,0.9869,1.4485
32,4000,40,8,16,175.00,783.00,1.3272,4.1167,0.7271,28344.98,0.0353,625.00,0.3528,0.5266,0.4744,0.9962,1.3962
32,4000,40,16,3,175.00,783.00,1.3272,4.1167,0.8035,16742.33,0.0597,622.00,0.5973,1.0028,0.9057,1.7666,2.9558
32,4000,40,16,6,175.00,783.00,1.3272,4.1167,0.8296,16957.40,0.0590,623.00,0.5897,0.9969,0.9038,1.7309,2.7057
32,4000,40,16,12,175.00,783.00,1.3272,4.1167,0.8374,17196.69,0.0582,623.00,0.5815,0.9693,0.8831,1.7483,2.5153
32,4000,40,16,16,175.00,783.00,1.3272,4.1167,0.8385,17167.18,0.0583,625.00,0.5825,0.9821,0.8870,1.7565,2.6529
32,4000,40,16,24,175.00,783.00,1.3272,4.1167,0.8392,16997.15,0.0588,624.00,0.5883,1.0040,0.9107,1.7866,2.6062
32,4000,40,16,32,175.00,783.00,1.3272,4.1167,0.8395,17137.30,0.0584,625.00,0.5835,0.9870,0.8968,1.7717,2.5237
32,4000,40,32,6,175.00,783.00,1.3272,4.1167,0.9015,9482.36,0.1055,623.00,1.0546,1.9107,1.7550,3.1859,4.8265
32,4000,40,32,12,175.00,783.00,1.3272,4.1167,0.9172,9463.96,0.1057,623.00,1.0566,1.9106,1.7555,3.1712,4.5121
32,4000,40,32,25,175.00,783.00,1.3272,4.1167,0.9222,9544.13,0.1048,622.00,1.0478,1.9125,1.7415,3.1881,4.9863
32,4000,40,32,32,175.00,783.00,1.3272,4.1167,0.9225,9416.04,0.1062,624.00,1.0620,1.9447,1.7812,3.1867,4.7830
32,4000,40,32,48,175.00,783.00,1.3272,4.1167,0.9228,9345.22,0.1070,631.00,1.0701,1.9556,1.8022,3.2028,4.6218
32,4000,40,32,64,175.00,783.00,1.3272,4.1167,0.9228,8891.08,0.1125,626.00,1.1247,1.9672,1.8064,3.1747,4.9536
32,4000,40,64,12,175.00,783.00,1.3272,4.1167,0.9587,4918.99,0.2033,629.00,2.0329,3.7651,3.5178,5.7912,8.9127
32,4000,40,64,25,175.00,783.00,1.3272,4.1167,0.9679,5048.84,0.1981,619.00,1.9807,3.6850,3.4299,5.6940,9.4967
32,4000,40,64,51,175.00,783.00,1.3272,4.1167,0.9693,5147.54,0.1943,630.00,1.9427,3.6467,3.4001,5.6684,8.8495
32,4000,40,64,64,175.00,783.00,1.3272,4.1167,0.9694,5165.39,0.1936,622.00,1.9360,3.6676,3.4154,5.5867,8.8893
32,4000,40,64,96,175.00,783.00,1.3272,4.1167,0.9694,5111.31,0.1956,624.00,1.9564,3.6767,3.4259,5.6599,9.3338
32,4000,40,64,128,175.00,783.00,1.3272,4.1167,0.9694,5098.80,0.1961,618.00,1.9612,3.7250,3.4711,5.6355,9.3649
32,4000,40,128,25,175.00,783.00,1.3272,4.1167,0.9881,2695.52,0.3710,630.00,3.7099,7.0722,6.7534,9.8550,15.1668
32,4000,40,128,51,175.00,783.00,1.3272,4.1167,0.9908,2699.29,0.3705,634.00,3.7047,7.1237,6.7499,9.8625,17.7990
32,4000,40,128,102,175.00,783.00,1.3272,4.1167,0.9911,2675.19,0.3738,638.00,3.7380,7.1672,6.7901,9.9663,17.5995
32,4000,40,128,128,175.00,783.00,1.3272,4.1167,0.9911,2649.71,0.3774,630.00,3.7740,7.0937,6.7796,9.8745,16.7156
32,4000,40,128,192,175.00,783.00,1.3272,4.1167,0.9911,2603.82,0.3841,634.00,3.8405,7.2033,6.8801,9.9148,18.7714
32,4000,40,128,256,175.00,783.00,1.3272,4.1167,0.9911,2585.22,0.3868,639.00,3.8681,7.2635,6.9318,10.1346,17.9037
32,4000,40,256,51,175.00,783.00,1.3272,4.1167,0.9970,1393.19,0.7178,644.00,7.1778,13.8356,13.3089,18.1905,34.8011
32,4000,40,256,102,175.00,783.00,1.3272,4.1167,0.9976,1406.03,0.7112,642.00,7.1122,13.7656,13.2697,18.3968,32.5735
32,4000,40,256,204,175.00,783.00,1.3272,4.1167,0.9977,1388.27,0.7203,639.00,7.2032,13.6954,13.2626,18.5694,30.4332
32,4000,40,256,256,175.00,783.00,1.3272,4.1167,0.9977,1373.67,0.7280,636.00,7.2798,13.7644,13.3200,18.3927,35.1467
32,4000,40,256,384,175.00,783.00,1.3272,4.1167,0.9978,1390.20,0.7193,638.00,7.1932,13.9896,13.4731,17.9687,32.6639
32,4000,40,256,512,175.00,783.00,1.3272,4.1167,0.9979,1375.28,0.7271,652.00,7.2713,14.1652,13.6366,17.8806,34.7814
32,4000,100,4,1,203.00,785.00,1.0728,3.5727,0.4586,40650.37,0.0246,606.00,0.2460,0.3230,0.2834,0.6599,0.9394
32,4000,100,4,1,203.00,785.00,1.0728,3.5727,0.4586,42692.40,0.0234,606.00,0.2342,0.2932,0.2547,0.6019,0.9270
32,4000,100,4,3,203.00,785.00,1.0728,3.5727,0.5568,43862.46,0.0228,610.00,0.2280,0.2951,0.2597,0.6022,0.9024
32,4000,100,4,4,203.00,785.00,1.0728,3.5727,0.5728,43215.91,0.0231,607.00,0.2314,0.2792,0.2409,0.5847,0.8712
32,4000,100,4,6,203.00,785.00,1.0728,3.5727,0.5869,41779.88,0.0239,611.00,0.2393,0.2792,0.2393,0.5867,0.9283
32,4000,100,4,8,203.00,785.00,1.0728,3.5727,0.5915,44037.60,0.0227,610.00,0.2271,0.2831,0.2436,0.5915,0.9065
32,4000,100,8,1,203.00,785.00,1.0728,3.5727,0.5229,26433.02,0.0378,607.00,0.3783,0.5434,0.4816,1.0606,1.5902
32,4000,100,8,3,203.00,785.00,1.0728,3.5727,0.6612,27317.12,0.0366,609.00,0.3661,0.5405,0.4840,1.0420,1.5657
32,4000,100,8,6,203.00,785.00,1.0728,3.5727,0.7080,28061.51,0.0356,609.00,0.3564,0.5460,0.4921,1.0342,1.5164
32,4000,100,8,8,203.00,785.00,1.0728,3.5727,0.7174,26696.07,0.0375,608.00,0.3746,0.5161,0.4523,1.0258,1.5952
32,4000,100,8,12,203.00,785.00,1.0728,3.5727,0.7252,27951.16,0.0358,609.00,0.3578,0.5274,0.4695,1.0182,1.5002
32,4000,100,8,16,203.00,785.00,1.0728,3.5727,0.7273,27047.91,0.0370,610.00,0.3697,0.5215,0.4629,1.0153,1.5349
32,4000,100,16,3,203.00,785.00,1.0728,3.5727,0.7283,16055.44,0.0623,608.00,0.6228,1.0147,0.9135,1.8166,2.7231
32,4000,100,16,6,203.00,785.00,1.0728,3.5727,0.7981,16262.21,0.0615,612.00,0.6149,1.0032,0.8954,1.8227,2.8557
32,4000,100,16,12,203.00,785.00,1.0728,3.5727,0.8299,16743.00,0.0597,610.00,0.5973,0.9923,0.9057,1.7542,2.5191
32,4000,100,16,16,203.00,785.00,1.0728,3.5727,0.8356,16471.52,0.0607,607.00,0.6071,1.0303,0.9370,1.8040,2.5712
32,4000,100,16,24,203.00,785.00,1.0728,3.5727,0.8391,17063.57,0.0586,609.00,0.5860,0.9914,0.8955,1.7355,2.7189
32,4000,100,16,32,203.00,785.00,1.0728,3.5727,0.8402,16946.51,0.0590,609.00,0.5901,0.9755,0.8831,1.6952,2.6768
32,4000,100,32,6,203.00,785.00,1.0728,3.5727,0.8496,9515.82,0.1051,607.00,1.0509,1.8924,1.7477,3.0179,4.7583
32,4000,100,32,12,203.00,785.00,1.0728,3.5727,0.9012,9080.14,0.1101,606.00,1.1013,1.9345,1.7822,3.1294,5.1454
32,4000,100,32,25,203.00,785.00,1.0728,3.5727,0.9196,8786.14,0.1138,608.00,1.1382,1.9777,1.8005,3.3279,5.2744
32,4000,100,32,32,203.00,785.00,1.0728,3.5727,0.9215,8683.70,0.1152,607.00,1.1516,1.9999,1.8503,3.3266,4.4921
32,4000,100,32,48,203.00,785.00,1.0728,3.5727,0.9227,8347.18,0.1198,608.00,1.1980,2.0354,1.8654,3.4029,5.2458
32,4000,100,32,64,203.00,785.00,1.0728,3.5727,0.9230,8449.80,0.1183,610.00,1.1835,2.0349,1.8601,3.3887,5.3726
32,4000,100,64,12,203.00,785.00,1.0728,3.5727,0.9321,4705.95,0.2125,607.00,2.1250,3.8057,3.5502,5.7029,10.0565
32,4000,100,64,25,203.00,785.00,1.0728,3.5727,0.9623,4668.26,0.2142,610.00,2.1421,3.8257,3.5611,5.7817,10.0278
32,4000,100,64,51,203.00,785.00,1.0728,3.5727,0.9699,4903.63,0.2039,611.00,2.0393,3.7082,3.4617,5.5533,9.4061
32,4000,100,64,64,203.00,785.00,1.0728,3.5727,0.9705,4899.90,0.2041,610.00,2.0409,3.6807,3.4349,5.4626,9.8851
32,4000,100,64,96,203.00,785.00,1.0728,3.5727,0.9708,4709.18,0.2124,609.00,2.1235,3.8399,3.5911,5.7961,10.4663
32,4000,100,64,128,203.00,785.00,1.0728,3.5727,0.9708,4765.09,0.2099,619.00,2.0986,3.8961,3.6731,5.8327,9.1706
32,4000,100,128,25,203.00,785.00,1.0728,3.5727,0.9778,2460.11,0.4065,621.00,4.0649,7.4449,7.0632,10.4931,19.6101
32,4000,100,128,51,203.00,785.00,1.0728,3.5727,0.9900,2413.10,0.4144,623.00,4.1440,7.6165,7.2422,10.6678,19.8253
32,4000,100,128,102,203.00,785.00,1.0728,3.5727,0.9919,2525.39,0.3960,622.00,3.9598,7.4623,7.1769,10.4556,17.6903
32,4000,100,128,128,203.00,785.00,1.0728,3.5727,0.9920,2440.17,0.4098,620.00,4.0981,7.6340,7.3221,10.9869,16.1059
32,4000,100,128,192,203.00,785.00,1.0728,3.5727,0.9921,2644.43,0.3782,611.00,3.7815,7.2386,6.8948,9.9027,18.5382
32,4000,100,128,256,203.00,785.00,1.0728,3.5727,0.9921,2589.09,0.3862,615.00,3.8624,7.3599,7.0022,10.0499,17.6190
32,4000,100,256,51,203.00,785.00,1.0728,3.5727,0.9948,1363.82,0.7332,636.00,7.3324,13.9571,13.5064,18.6291,34.2544
32,4000,100,256,102,203.00,785.00,1.0728,3.5727,0.9980,1311.96,0.7622,634.00,7.6222,14.0829,13.5368,18.5573,36.5046
32,4000,100,256,204,203.00,785.00,1.0728,3.5727,0.9984,1294.98,0.7722,635.00,7.7221,14.5154,14.0211,19.6273,32.7418
32,4000,100,256,256,203.00,785.00,1.0728,3.5727,0.9984,1328.77,0.7526,639.00,7.5258,13.9646,13.4194,18.3624,37.1985
32,4000,100,256,384,203.00,785.00,1.0728,3.5727,0.9984,1343.88,0.7441,629.00,7.4411,13.9641,13.4657,18.1773,36.4364
32,4000,100,256,512,203.00,785.00,1.0728,3.5727,0.9984,1325.60,0.7544,639.00,7.5438,14.1653,13.6864,18.4447,39.1570
32,4000,200,4,1,190.00,786.00,1.2176,3.7677,0.4584,42039.31,0.0238,632.00,0.2379,0.3317,0.2938,0.6756,1.0089
32,4000,200,4,1,190.00,786.00,1.2176,3.7677,0.4584,42359.60,0.0236,633.00,0.2361,0.2881,0.2521,0.5942,0.9072
32,4000,200,4,3,190.00,786.00,1.2176,3.7677,0.5575,44520.11,0.0225,632.00,0.2246,0.2885,0.2508,0.5907,0.9271
32,4000,200,4,4,190.00,786.00,1.2176,3.7677,0.5714,43949.52,0.0228,634.00,0.2275,0.2861,0.2483,0.5846,0.9234
32,4000,200,4,6,190.00,786.00,1.2176,3.7677,0.5844,43602.51,0.0229,632.00,0.2293,0.2749,0.2363,0.5722,0.8260
32,4000,200,4,8,190.00,786.00,1.2176,3.7677,0.5899,44978.04,0.0222,632.00,0.2223,0.2769,0.2432,0.5610,0.8376
32,4000,200,8,1,190.00,786.00,1.2176,3.7677,0.5234,27288.65,0.0366,631.00,0.3665,0.5480,0.4783,1.0984,1.6149
32,4000,200,8,3,190.00,786.00,1.2176,3.7677,0.6619,28426.71,0.0352,634.00,0.3518,0.5545,0.4975,1.0574,1.4664
32,4000,200,8,6,190.00,786.00,1.2176,3.7677,0.7078,28047.62,0.0357,632.00,0.3565,0.5130,0.4546,0.9907,1.5368
32,4000,200,8,8,190.00,786.00,1.2176,3.7677,0.7175,28858.66,0.0347,633.00,0.3465,0.5151,0.4623,0.9835,1.5002
32,4000,200,8,12,190.00,786.00,1.2176,3.7677,0.7247,27677.41,0.0361,634.00,0.3613,0.5144,0.4644,0.9819,1.4100
32,4000,200,8,16,190.00,786.00,1.2176,3.7677,0.7268,29647.26,0.0337,633.00,0.3373,0.5048,0.4534,0.9680,1.4685
32,4000,200,16,3,190.00,786.00,1.2176,3.7677,0.7318,16342.42,0.0612,632.00,0.6119,1.0484,0.9573,1.8447,2.7130
32,4000,200,16,6,190.00,786.00,1.2176,3.7677,0.7990,16253.43,0.0615,632.00,0.6153,1.0044,0.9108,1.8077,2.7024
32,4000,200,16,12,190.00,786.00,1.2176,3.7677,0.8309,16538.12,0.0605,636.00,0.6047,0.9899,0.8948,1.7565,2.8193
32,4000,200,16,16,190.00,786.00,1.2176,3.7677,0.8363,16462.82,0.0607,635.00,0.6074,0.9969,0.8974,1.7711,2.7578
32,4000,200,16,24,190.00,786.00,1.2176,3.7677,0.8397,16654.71,0.0600,633.00,0.6004,0.9812,0.8893,1.7052,2.6485
32,4000,200,16,32,190.00,786.00,1.2176,3.7677,0.8405,16587.88,0.0603,630.00,0.6028,0.9822,0.8882,1.7073,2.6889
32,4000,200,32,6,190.00,786.00,1.2176,3.7677,0.8495,9335.82,0.1071,641.00,1.0711,1.9071,1.7570,3.0886,4.9984
32,4000,200,32,12,190.00,786.00,1.2176,3.7677,0.9013,9011.28,0.1110,633.00,1.1097,1.9253,1.7772,3.1069,5.1406
32,4000,200,32,25,190.00,786.00,1.2176,3.7677,0.9193,9091.07,0.1100,635.00,1.1000,1.9298,1.7636,3.1188,5.4086
32,4000,200,32,32,190.00,786.00,1.2176,3.7677,0.9208,9374.07,0.1067,635.00,1.0668,1.8882,1.7276,3.0651,4.8735
32,4000,200,32,48,190.00,786.00,1.2176,3.7677,0.9220,8963.18,0.1116,631.00,1.1157,1.9576,1.8040,3.1423,5.0364
32,4000,200,32,64,190.00,786.00,1.2176,3.7677,0.9222,8730.27,0.1145,629.00,1.1454,2.0179,1.8687,3.2821,4.5828
32,4000,200,64,12,190.00,786.00,1.2176,3.7677,0.9327,5165.95,0.1936,633.00,1.9358,3.6627,3.4186,5.4409,9.3477
32,4000,200,64,25,190.00,786.00,1.2176,3.7677,0.9626,4939.61,0.2024,641.00,2.0245,3.6839,3.4454,5.4903,9.6267
32,4000,200,64,51,190.00,786.00,1.2176,3.7677,0.9693,4976.93,0.2009,637.00,2.0093,3.6870,3.4415,5.4428,9.8775
32,4000,200,64,64,190.00,786.00,1.2176,3.7677,0.9696,4990.95,0.2004,640.00,2.0036,3.6919,3.4560,5.4748,9.5628
32,4000,200,64,96,190.00,786.00,1.2176,3.7677,0.9698,4974.84,0.2010,630.00,2.0101,3.7044,3.4709,5.5299,9.1347
32,4000,200,64,128,190.00,786.00,1.2176,3.7677,0.9698,5036.92,0.1985,632.00,1.9853,3.7235,3.4911,5.4933,9.1032
32,4000,200,128,25,190.00,786.00,1.2176,3.7677,0.9782,2674.80,0.3739,638.00,3.7386,7.0571,6.7007,9.7359,18.3391
32,4000,200,128,51,190.00,786.00,1.2176,3.7677,0.9898,2664.34,0.3753,645.00,3.7533,7.0870,6.7585,9.8792,16.8808
32,4000,200,128,102,190.00,786.00,1.2176,3.7677,0.9914,2643.22,0.3783,641.00,3.7833,7.1066,6.7508,9.7166,18.7897
32,4000,200,128,128,190.00,786.00,1.2176,3.7677,0.9915,2683.32,0.3727,634.00,3.7267,7.0928,6.7575,9.8872,15.4734
32,4000,200,128,192,190.00,786.00,1.2176,3.7677,0.9916,2683.81,0.3726,645.00,3.7260,7.2010,6.8336,9.7779,17.9018
32,4000,200,128,256,190.00,786.00,1.2176,3.7677,0.9916,2629.52,0.3803,635.00,3.8030,7.2298,6.8990,10.0866,15.7655
32,4000,200,256,51,190.00,786.00,1.2176,3.7677,0.9949,1412.16,0.7081,647.00,7.0814,13.3327,12.9092,17.1800,37.3571
32,4000,200,256,102,190.00,786.00,1.2176,3.7677,0.9979,1368.21,0.7309,655.00,7.3088,13.9574,13.4387,18.4462,33.6546
32,4000,200,256,204,190.00,786.00,1.2176,3.7677,0.9982,1420.40,0.7040,657.00,7.0403,13.7679,13.2358,17.4735,33.2097
32,4000,200,256,256,190.00,786.00,1.2176,3.7677,0.9982,1404.12,0.7122,650.00,7.1219,13.8477,13.3193,17.7758,33.9012
32,4000,200,256,384,190.00,786.00,1.2176,3.7677,0.9983,1342.19,0.7451,647.00,7.4505,14.2203,13.7256,19.1095,32.2537
32,4000,200,256,512,190.00,786.00,1.2176,3.7677,0.9983,1330.26,0.7517,646.00,7.5173,14.4362,13.9852,19.3061,32.6795
32,6000,40,6,1,201.00,777.00,1.6123,4.5330,0.5485,40801.18,0.0245,634.00,0.2451,0.3452,0.3089,0.6895,1.0136
32,6000,40,6,2,201.00,777.00,1.6123,4.5330,0.6049,42553.36,0.0235,635.00,0.2350,0.3215,0.2904,0.6283,0.9271
32,6000,40,6,4,201.00,777.00,1.6123,4.5330,0.6315,40301.62,0.0248,635.00,0.2481,0.3127,0.2747,0.6295,0.9013
32,6000,40,6,6,201.00,777.00,1.6123,4.5330,0.6371,42109.48,0.0237,635.00,0.2375,0.3058,0.2682,0.6223,0.8965
32,6000,40,6,9,201.00,777.00,1.6123,4.5330,0.6395,43169.78,0.0232,635.00,0.2316,0.3051,0.2677,0.5970,0.8990
32,6000,40,6,12,201.00,777.00,1.6123,4.5330,0.6410,43700.80,0.0229,636.00,0.2288,0.2948,0.2602,0.5820,0.8633
32,6000,40,12,2,201.00,777.00,1.6123,4.5330,0.7028,26994.09,0.0370,634.00,0.3705,0.5625,0.5033,1.0686,1.5738
32,6000,40,12,4,201.00,777.00,1.6123,4.5330,0.7443,26886.99,0.0372,643.00,0.3719,0.5499,0.4948,1.0473,1.5199
32,6000,40,12,9,201.00,777.00,1.6123,4.5330,0.7596,27148.01,0.0368,635.00,0.3684,0.5397,0.4876,0.9920,1.4862
32,6000,40,12,12,201.00,777.00,1.6123,4.5330,0.7618,27199.44,0.0368,637.00,0.3677,0.5436,0.4869,1.0069,1.4768
32,6000,40,12,18,201.00,777.00,1.6123,4.5330,0.7633,27618.23,0.0362,636.00,0.3621,0.5369,0.4841,1.0345,1.4804
32,6000,40,12,24,201.00,777.00,1.6123,4.5330,0.7639,27294.18,0.0366,634.00,0.3664,0.5477,0.4921,1.0404,1.4272
32,6000,40,24,4,201.00,777.00,1.6123,4.5330,0.8269,16200.08,0.0617,633.00,0.6173,1.0753,0.9885,1.8588,2.5697
32,6000,40,24,9,201.00,777.00,1.6123,4.5330,0.8550,15788.11,0.0633,636.00,0.6334,1.0924,1.0105,1.8458,2.5692
32,6000,40,24,19,201.00,777.00,1.6123,4.5330,0.8633,14767.32,0.0677,633.00,0.6772,1.1219,1.0259,1.9260,2.8965
32,6000,40,24,24,201.00,777.00,1.6123,4.5330,0.8641,14715.56,0.0680,631.00,0.6796,1.0806,0.9949,1.9482,2.5880
32,6000,40,24,36,201.00,777.00,1.6123,4.5330,0.8648,16373.32,0.0611,635.00,0.6107,1.0473,0.9629,1.7984,2.5320
32,6000,40,24,48,201.00,777.00,1.6123,4.5330,0.8652,16338.68,0.0612,643.00,0.6120,1.0540,0.9690,1.8282,2.6066
32,6000,40,48,9,201.00,777.00,1.6123,4.5330,0.9159,9091.17,0.1100,638.00,1.1000,2.0020,1.8515,3.1898,4.6813
32,6000,40,48,19,201.00,777.00,1.6123,4.5330,0.9304,9063.87,0.1103,635.00,1.1033,1.9929,1.8563,3.1879,4.5929
32,6000,40,48,38,201.00,777.00,1.6123,4.5330,0.9338,9107.11,0.1098,643.00,1.0980,2.0351,1.8925,3.2345,4.5741
32,6000,40,48,48,201.00,777.00,1.6123,4.5330,0.9343,9069.53,0.1103,635.00,1.1026,2.0234,1.8662,3.2690,4.9747
32,6000,40,48,72,201.00,777.00,1.6123,4.5330,0.9348,9099.18,0.1099,635.00,1.0990,1.9856,1.8370,3.2465,4.8481
32,6000,40,48,96,201.00,777.00,1.6123,4.5330,0.9349,9035.96,0.1107,635.00,1.1067,2.0594,1.9069,3.3121,4.8929
32,6000,40,96,19,201.00,777.00,1.6123,4.5330,0.9662,4926.61,0.2030,644.00,2.0298,3.8539,3.6211,5.7934,8.9510
32,6000,40,96,38,201.00,777.00,1.6123,4.5330,0.9728,4897.70,0.2042,636.00,2.0418,3.8588,3.6366,5.6454,8.9498
32,6000,40,96,76,201.00,777.00,1.6123,4.5330,0.9747,4881.07,0.2049,634.00,2.0487,3.8711,3.6357,5.7059,8.5636
32,6000,40,96,96,201.00,777.00,1.6123,4.5330,0.9747,4903.74,0.2039,642.00,2.0393,3.8853,3.6587,5.8032,8.6174
32,6000,40,96,144,201.00,777.00,1.6123,4.5330,0.9748,4795.22,0.2085,637.00,2.0854,3.9366,3.7126,5.9018,8.5467
32,6000,40,96,192,201.00,777.00,1.6123,4.5330,0.9748,4705.02,0.2125,637.00,2.1254,4.0169,3.7903,5.9331,9.3418
32,6000,40,192,38,201.00,777.00,1.6123,4.5330,0.9870,2532.75,0.3948,650.00,3.9483,7.4185,7.1163,10.3289,17.5526
32,6000,40,192,76,201.00,777.00,1.6123,4.5330,0.9900,2553.28,0.3917,638.00,3.9165,7.4253,7.1294,10.3588,16.0917
32,6000,40,192,153,201.00,777.00,1.6123,4.5330,0.9903,2454.35,0.4074,639.00,4.0744,7.5694,7.2606,10.6183,17.1976
32,6000,40,192,192,201.00,777.00,1.6123,4.5330,0.9902,2491.68,0.4013,642.00,4.0134,7.6876,7.4007,10.5937,17.4176
32,6000,40,192,288,201.00,777.00,1.6123,4.5330,0.9904,2470.30,0.4048,643.00,4.0481,7.6118,7.3271,10.5205,16.8785
32,6000,40,192,384,201.00,777.00,1.6123,4.5330,0.9904,2403.50,0.4161,651.00,4.1606,7.8637,7.5734,10.9374,17.0373
32,6000,40,384,76,201.00,777.00,1.6123,4.5330,0.9945,1359.86,0.7354,663.00,7.3537,14.1142,13.7601,19.2497,32.3761
32,6000,40,384,153,201.00,777.00,1.6123,4.5330,0.9951,1345.57,0.7432,669.00,7.4318,14.2820,13.8727,20.0687,28.7849
32,6000,40,384,307,201.00,777.00,1.6123,4.5330,0.9953,1315.29,0.7603,669.00,7.6029,14.4063,14.0395,19.6191,33.7154
32,6000,40,384,384,201.00,777.00,1.6123,4.5330,0.9953,1310.48,0.7631,668.00,7.6308,14.5252,14.1129,19.9035,32.8703
32,6000,40,384,576,201.00,777.00,1.6123,4.5330,0.9954,1296.25,0.7715,668.00,7.7146,14.8596,14.4952,20.8439,30.2837
32,6000,40,384,768,201.00,777.00,1.6123,4.5330,0.9954,1221.54,0.8186,674.00,8.1864,15.6186,15.1602,22.5515,30.0860
32,6000,100,6,1,226.00,775.00,1.2923,3.9157,0.4770,39629.06,0.0252,619.00,0.2523,0.3526,0.3161,0.6978,1.0016
32,6000,100,6,2,226.00,775.00,1.2923,3.9157,0.5578,40863.82,0.0245,621.00,0.2447,0.3265,0.2912,0.6538,0.9442
32,6000,100,6,4,226.00,775.00,1.2923,3.9157,0.6110,41156.69,0.0243,623.00,0.2430,0.3126,0.2734,0.6286,0.9431
32,6000,100,6,6,226.00,775.00,1.2923,3.9157,0.6283,42402.82,0.0236,623.00,0.2358,0.3032,0.2672,0.6004,0.8812
32,6000,100,6,9,226.00,775.00,1.2923,3.9157,0.6374,42002.73,0.0238,623.00,0.2381,0.2990,0.2615,0.6059,0.9237
32,6000,100,6,12,226.00,775.00,1.2923,3.9157,0.6411,43327.97,0.0231,623.00,0.2308,0.2946,0.2579,0.5754,0.8807
32,6000,100,12,2,226.00,775.00,1.2923,3.9157,0.6294,25418.83,0.0393,622.00,0.3934,0.5909,0.5374,1.0910,1.6213
32,6000,100,12,4,226.00,775.00,1.2923,3.9157,0.7057,26590.13,0.0376,620.00,0.3761,0.5920,0.5386,1.0896,1.5764
32,6000,100,12,9,226.00,775.00,1.2923,3.9157,0.7520,26349.90,0.0380,621.00,0.3795,0.5786,0.5237,1.0625,1.5349
32,6000,100,12,12,226.00,775.00,1.2923,3.9157,0.7594,25676.46,0.0389,622.00,0.3895,0.5666,0.5144,1.0492,1.6054
32,6000,100,12,18,226.00,775.00,1.2923,3.9157,0.7646,27111.75,0.0369,620.00,0.3688,0.5652,0.5131,1.0380,1.4644
32,6000,100,12,24,226.00,775.00,1.2923,3.9157,0.7666,26103.82,0.0383,623.00,0.3831,0.5651,0.5106,1.0324,1.5511
32,6000,100,24,4,226.00,775.00,1.2923,3.9157,0.7644,15540.32,0.0643,622.00,0.6435,1.0734,0.9761,1.8882,2.6367
32,6000,100,24,9,226.00,775.00,1.2923,3.9157,0.8363,15717.19,0.0636,623.00,0.6362,1.0561,0.9629,1.8270,2.7501
32,6000,100,24,19,226.00,775.00,1.2923,3.9157,0.8622,15694.11,0.0637,621.00,0.6372,1.0636,0.9762,1.8415,2.6559
32,6000,100,24,24,226.00,775.00,1.2923,3.9157,0.8652,15542.82,0.0643,619.00,0.6434,1.0724,0.9772,1.8368,2.8390
32,6000,100,24,36,226.00,775.00,1.2923,3.9157,0.8678,15576.69,0.0642,616.00,0.6420,1.0805,0.9854,1.8705,2.7055
32,6000,100,24,48,226.00,775.00,1.2923,3.9157,0.8682,15032.07,0.0665,619.00,0.6652,1.1051,1.0040,1.9589,2.9540
32,6000,100,48,9,226.00,775.00,1.2923,3.9157,0.8815,8717.60,0.1147,621.00,1.1471,2.0144,1.8630,3.2294,5.0481
32,6000,100,48,19,226.00,775.00,1.2923,3.9157,0.9251,8650.12,0.1156,618.00,1.1561,2.0430,1.8897,3.2759,5.1054
32,6000,100,48,38,226.00,775.00,1.2923,3.9157,0.9371,8640.44,0.1157,622.00,1.1573,2.0853,1.9502,3.3345,4.7935
32,6000,100,48,48,226.00,775.00,1.2923,3.9157,0.9383,8423.10,0.1187,622.00,1.1872,2.0823,1.9268,3.3427,5.0347
32,6000,100,48,72,226.00,775.00,1.2923,3.9157,0.9392,8025.03,0.1246,624.00,1.2461,2.1720,2.0145,3.5143,5.0448
32,6000,100,48,96,226.00,775.00,1.2923,3.9157,0.9394,8363.26,0.1196,621.00,1.1957,2.1186,1.9598,3.3657,5.1179
32,6000,100,96,19,226.00,775.00,1.2923,3.9157,0.9524,4631.56,0.2159,620.00,2.1591,3.9416,3.7037,5.8449,10.0082
32,6000,100,96,38,226.00,775.00,1.2923,3.9157,0.9733,4666.25,0.2143,622.00,2.1430,3.9319,3.7094,5.7932,9.3675
32,6000,100,96,76,226.00,775.00,1.2923,3.9157,0.9778,4716.93,0.2120,619.00,2.1200,3.9935,3.7735,6.0000,9.0546
32,6000,100,96,96,226.00,775.00,1.2923,3.9157,0.9781,4580.17,0.2183,624.00,2.1833,3.9797,3.7551,5.9726,9.0823
32,6000,100,96,144,226.00,775.00,1.2923,3.9157,0.9782,4504.85,0.2220,623.00,2.2198,4.0345,3.7949,5.9974,10.4159
32,6000,100,96,192,226.00,775.00,1.2923,3.9157,0.9782,4526.73,0.2209,624.00,2.2091,4.1473,3.9180,6.1767,9.1680
32,6000,100,192,38,226.00,775.00,1.2923,3.9157,0.9848,2415.90,0.4139,631.00,4.1392,7.5914,7.2424,10.4959,18.5423
32,6000,100,192,76,226.00,775.00,1.2923,3.9157,0.9924,2438.27,0.4101,631.00,4.1013,7.7780,7.4916,11.0400,15.7488
32,6000,100,192,153,226.00,775.00,1.2923,3.9157,0.9937,2384.44,0.4194,631.00,4.1939,7.8479,7.5767,11.0144,16.3962
32,6000,100,192,192,226.00,775.00,1.2923,3.9157,0.9937,2330.89,0.4290,630.00,4.2902,8.0137,7.7323,11.3265,16.4248
32,6000,100,192,288,226.00,775.00,1.2923,3.9157,0.9938,2347.66,0.4260,631.00,4.2596,8.0798,7.8097,11.1272,17.4487
32,6000,100,192,384,226.00,775.00,1.2923,3.9157,0.9938,2331.73,0.4289,634.00,4.2887,8.0233,7.7351,11.2809,16.6972
32,6000,100,384,76,226.00,775.00,1.2923,3.9157,0.9960,1279.20,0.7817,646.00,7.8174,14.4139,13.9778,19.9111,31.2438
32,6000,100,384,153,226.00,775.00,1.2923,3.9157,0.9981,1289.92,0.7752,651.00,7.7524,14.5042,14.1330,19.6865,33.1354
32,6000,100,384,307,226.00,775.00,1.2923,3.9157,0.9983,1274.92,0.7844,648.00,7.8437,14.9249,14.5259,21.2782,28.9346
32,6000,100,384,384,226.00,775.00,1.2923,3.9157,0.9983,1277.88,0.7825,665.00,7.8255,14.8352,14.4464,21.0726,29.4319
32,6000,100,384,576,226.00,775.00,1.2923,3.9157,0.9984,1249.90,0.8001,668.00,8.0007,15.3284,14.9180,20.9525,29.6017
32,6000,100,384,768,226.00,775.00,1.2923,3.9157,0.9984,1201.98,0.8320,668.00,8.3196,15.8651,15.4240,22.2290,31.0329
32,6000,200,6,1,220.00,776.00,1.5438,4.1905,0.4770,39839.10,0.0251,628.00,0.2510,0.3522,0.3161,0.6781,1.0140
32,6000,200,6,2,220.00,776.00,1.5438,4.1905,0.5606,39785.51,0.0251,637.00,0.2513,0.3283,0.2917,0.6544,0.9727
32,6000,200,6,4,220.00,776.00,1.5438,4.1905,0.6137,41861.37,0.0239,629.00,0.2389,0.3170,0.2794,0.6405,0.9172
32,6000,200,6,6,220.00,776.00,1.5438,4.1905,0.6304,41936.55,0.0238,631.00,0.2385,0.3083,0.2727,0.6144,0.9365
32,6000,200,6,9,220.00,776.00,1.5438,4.1905,0.6393,42526.78,0.0235,629.00,0.2351,0.3149,0.2746,0.6395,0.9830
32,6000,200,6,12,220.00,776.00,1.5438,4.1905,0.6430,42200.61,0.0237,631.00,0.2370,0.2898,0.2543,0.5901,0.8777
32,6000,200,12,2,220.00,776.00,1.5438,4.1905,0.6317,26557.52,0.0377,628.00,0.3765,0.5744,0.5221,1.0830,1.5953
32,6000,200,12,4,220.00,776.00,1.5438,4.1905,0.7078,25920.49,0.0386,630.00,0.3858,0.5787,0.5202,1.0912,1.5680
32,6000,200,12,9,220.00,776.00,1.5438,4.1905,0.7542,27758.12,0.0360,632.00,0.3603,0.5449,0.4924,1.0289,1.4291
32,6000,200,12,12,220.00,776.00,1.5438,4.1905,0.7620,28004.82,0.0357,629.00,0.3571,0.5340,0.4806,1.0027,1.4826
32,6000,200,12,18,220.00,776.00,1.5438,4.1905,0.7670,26877.48,0.0372,632.00,0.3721,0.5452,0.4943,1.0228,1.4299
32,6000,200,12,24,220.00,776.00,1.5438,4.1905,0.7683,27844.48,0.0359,629.00,0.3591,0.5579,0.5027,1.0793,1.5298
32,6000,200,24,4,220.00,776.00,1.5438,4.1905,0.7678,16293.67,0.0614,631.00,0.6137,1.0503,0.9610,1.8524,2.6559
32,6000,200,24,9,220.00,776.00,1.5438,4.1905,0.8376,16321.46,0.0613,638.00,0.6127,1.0478,0.9516,1.8194,2.5309
32,6000,200,24,19,220.00,776.00,1.5438,4.1905,0.8636,16391.75,0.0610,630.00,0.6101,1.0524,0.9594,1.8383,2.6590
32,6000,200,24,24,220.00,776.00,1.5438,4.1905,0.8660,16306.40,0.0613,633.00,0.6133,1.0645,0.9638,1.8769,2.7307
32,6000,200,24,36,220.00,776.00,1.5438,4.1905,0.8675,16187.79,0.0618,628.00,0.6177,1.0702,0.9789,1.8628,2.7094
32,6000,200,24,48,220.00,776.00,1.5438,4.1905,0.8679,16193.43,0.0618,625.00,0.6175,1.0691,0.9797,1.8601,2.7645
32,6000,200,48,9,220.00,776.00,1.5438,4.1905,0.8837,8723.12,0.1146,636.00,1.1464,2.0351,1.8899,3.2286,5.0776
32,6000,200,48,19,220.00,776.00,1.5438,4.1905,0.9276,8780.90,0.1139,635.00,1.1388,2.0401,1.8803,3.2793,5.0386
32,6000,200,48,38,220.00,776.00,1.5438,4.1905,0.9371,8733.37,0.1145,628.00,1.1450,2.0744,1.9195,3.3767,4.8602
32,6000,200,48,48,220.00,776.00,1.5438,4.1905,0.9379,8246.61,0.1213,632.00,1.2126,2.1296,1.9954,3.4482,4.6717
32,6000,200,48,72,220.00,776.00,1.5438,4.1905,0.9384,8664.06,0.1154,625.00,1.1542,2.0855,1.9376,3.3877,4.9548
32,6000,200,48,96,220.00,776.00,1.5438,4.1905,0.9385,8795.04,0.1137,628.00,1.1370,2.0984,1.9462,3.3445,4.6948
32,6000,200,96,19,220.00,776.00,1.5438,4.1905,0.9557,4790.52,0.2087,639.00,2.0875,3.9371,3.7075,5.8623,9.4599
32,6000,200,96,38,220.00,776.00,1.5438,4.1905,0.9740,4721.82,0.2118,632.00,2.1178,3.9755,3.7350,5.9412,9.5908
32,6000,200,96,76,220.00,776.00,1.5438,4.1905,0.9779,4588.51,0.2179,633.00,2.1794,4.1116,3.8935,6.1119,9.0723
32,6000,200,96,96,220.00,776.00,1.5438,4.1905,0.9781,4602.97,0.2173,639.00,2.1725,4.0755,3.8688,6.1146,8.7282
32,6000,200,96,144,220.00,776.00,1.5438,4.1905,0.9783,4624.63,0.2162,637.00,2.1623,4.0274,3.7806,5.9164,9.9301
32,6000,200,96,192,220.00,776.00,1.5438,4.1905,0.9783,4399.48,0.2273,630.00,2.2730,4.1379,3.9204,6.2106,9.5645
32,6000,200,192,38,220.00,776.00,1.5438,4.1905,0.9860,2460.47,0.4064,632.00,4.0643,7.6864,7.3831,10.8527,17.0450
32,6000,200,192,76,220.00,776.00,1.5438,4.1905,0.9929,2416.92,0.4137,647.00,4.1375,7.8312,7.5101,10.9657,16.9904
32,6000,200,192,153,220.00,776.00,1.5438,4.1905,0.9940,2358.68,0.4240,636.00,4.2397,8.0213,7.7425,11.2948,15.9609
32,6000,200,192,192,220.00,776.00,1.5438,4.1905,0.9940,2410.84,0.4148,639.00,4.1479,7.6737,7.3504,10.6416,18.5982
32,6000,200,192,288,220.00,776.00,1.5438,4.1905,0.9941,2346.64,0.4261,638.00,4.2614,8.0291,7.7563,11.4486,15.3421
32,6000,200,192,384,220.00,776.00,1.5438,4.1905,0.9941,2358.19,0.4241,640.00,4.2405,8.0029,7.6717,11.1673,17.4442
32,6000,200,384,76,220.00,776.00,1.5438,4.1905,0.9966,1305.15,0.7662,656.00,7.6619,14.6780,14.2347,20.5310,30.2236
32,6000,200,384,153,220.00,776.00,1.5438,4.1905,0.9984,1308.56,0.7642,670.00,7.6420,14.4958,14.0760,19.6181,34.1995
32,6000,200,384,307,220.00,776.00,1.5438,4.1905,0.9986,1313.85,0.7611,656.00,7.6112,14.7267,14.3605,20.7398,29.3113
32,6000,200,384,384,220.00,776.00,1.5438,4.1905,0.9986,1290.39,0.7750,669.00,7.7496,14.8483,14.4721,20.6204,29.5229
32,6000,200,384,576,220.00,776.00,1.5438,4.1905,0.9986,1296.35,0.7714,675.00,7.7139,15.0420,14.6768,21.3705,28.7784
32,6000,200,384,768,220.00,776.00,1.5438,4.1905,0.9986,1240.17,0.8063,663.00,8.0634,15.4087,15.0210,21.4723,31.3591
32,8000,40,8,1,217.00,772.00,1.8055,4.8526,0.5659,37825.56,0.0264,628.00,0.2644,0.3770,0.3399,0.7263,1.0187
32,8000,40,8,3,217.00,772.00,1.8055,4.8526,0.6518,39859.00,0.0251,628.00,0.2509,0.3384,0.3078,0.6473,0.9047
32,8000,40,8,6,217.00,772.00,1.8055,4.8526,0.6689,40565.58,0.0247,627.00,0.2465,0.3360,0.3014,0.6479,0.9360
32,8000,40,8,8,217.00,772.00,1.8055,4.8526,0.6714,39218.02,0.0255,629.00,0.2550,0.3326,0.2957,0.6386,0.9519
32,8000,40,8,12,217.00,772.00,1.8055,4.8526,0.6740,41282.45,0.0242,629.00,0.2422,0.3313,0.2980,0.6361,0.8794
32,8000,40,8,16,217.00,772.00,1.8055,4.8526,0.6744,38815.43,0.0258,628.00,0.2576,0.3345,0.2999,0.6358,0.8980
32,8000,40,16,3,217.00,772.00,1.8055,4.8526,0.7486,25020.90,0.0400,629.00,0.3997,0.6232,0.5747,1.1157,1.5210
32,8000,40,16,6,217.00,772.00,1.8055,4.8526,0.7782,25119.55,0.0398,627.00,0.3981,0.6029,0.5515,1.1056,1.5994
32,8000,40,16,12,217.00,772.00,1.8055,4.8526,0.7893,25041.59,0.0399,628.00,0.3993,0.6065,0.5560,1.1046,1.5319
32,8000,40,16,16,217.00,772.00,1.8055,4.8526,0.7911,25313.20,0.0395,631.00,0.3951,0.5984,0.5445,1.0833,1.4655
32,8000,40,16,24,217.00,772.00,1.8055,4.8526,0.7918,25641.43,0.0390,626.00,0.3900,0.5989,0.5473,1.0893,1.4946
32,8000,40,16,32,217.00,772.00,1.8055,4.8526,0.7921,25627.41,0.0390,630.00,0.3902,0.6033,0.5483,1.0869,1.6355
32,8000,40,32,6,217.00,772.00,1.8055,4.8526,0.8554,14764.10,0.0677,630.00,0.6773,1.1602,1.0793,1.9485,2.5851
32,8000,40,32,12,217.00,772.00,1.8055,4.8526,0.8764,15885.00,0.0630,624.00,0.6295,1.0999,1.0150,1.8806,2.6361
32,8000,40,32,25,217.00,772.00,1.8055,4.8526,0.8819,15518.89,0.0644,630.00,0.6444,1.1171,1.0311,1.9530,2.8041
32,8000,40,32,32,217.00,772.00,1.8055,4.8526,0.8826,15343.47,0.0652,638.00,0.6517,1.0955,1.0093,1.8698,2.5954
32,8000,40,32,48,217.00,772.00,1.8055,4.8526,0.8825,15633.72,0.0640,631.00,0.6396,1.1133,1.0288,1.8452,2.5883
32,8000,40,32,64,217.00,772.00,1.8055,4.8526,0.8826,15345.08,0.0652,634.00,0.6517,1.1233,1.0302,1.9029,2.6170
32,8000,40,64,12,217.00,772.00,1.8055,4.8526,0.9312,8478.94,0.1179,632.00,1.1794,2.1300,1.9819,3.3191,5.0965
32,8000,40,64,25,217.00,772.00,1.8055,4.8526,0.9440,8481.87,0.1179,631.00,1.1790,2.1393,1.9949,3.2999,4.9616
32,8000,40,64,51,217.00,772.00,1.8055,4.8526,0.9463,8492.31,0.1178,629.00,1.1775,2.1516,2.0009,3.3135,4.9606
32,8000,40,64,64,217.00,772.00,1.8055,4.8526,0.9466,8464.21,0.1181,634.00,1.1814,2.1527,2.0120,3.3491,4.5000
32,8000,40,64,96,217.00,772.00,1.8055,4.8526,0.9467,8516.70,0.1174,629.00,1.1742,2.1739,2.0314,3.3940,4.8245
32,8000,40,64,128,217.00,772.00,1.8055,4.8526,0.9467,8182.67,0.1222,632.00,1.2221,2.2343,2.0888,3.4914,4.8201
32,8000,40,128,25,217.00,772.00,1.8055,4.8526,0.9753,4493.96,0.2225,635.00,2.2252,4.1875,3.9916,6.1399,8.2373
32,8000,40,128,51,217.00,772.00,1.8055,4.8526,0.9804,4442.38,0.2251,642.00,2.2510,4.2158,4.0120,6.2122,8.6116
32,8000,40,128,102,217.00,772.00,1.8055,4.8526,0.9813,4490.50,0.2227,638.00,2.2269,4.1896,4.0041,6.1149,8.6172
32,8000,40,128,128,217.00,772.00,1.8055,4.8526,0.9814,4436.40,0.2254,638.00,2.2541,4.1516,3.9499,6.1388,8.7802
32,8000,40,128,192,217.00,772.00,1.8055,4.8526,0.9814,4353.26,0.2297,631.00,2.2971,4.2967,4.0957,6.3212,8.6347
32,8000,40,128,256,217.00,772.00,1.8055,4.8526,0.9814,4290.14,0.2331,632.00,2.3309,4.4019,4.2076,6.4078,8.8119
32,8000,40,256,51,217.00,772.00,1.8055,4.8526,0.9926,2347.43,0.4260,649.00,4.2600,8.0748,7.8120,11.5429,15.6922
32,8000,40,256,102,217.00,772.00,1.8055,4.8526,0.9946,2297.45,0.4353,643.00,4.3526,8.0539,7.7496,11.4721,16.3789
32,8000,40,256,204,217.00,772.00,1.8055,4.8526,0.9949,2328.16,0.4295,642.00,4.2952,8.1229,7.8474,11.3826,15.8663
32,8000,40,256,256,217.00,772.00,1.8055,4.8526,0.9949,2299.20,0.4349,639.00,4.3493,8.1206,7.8382,11.5535,15.7190
32,8000,40,256,384,217.00,772.00,1.8055,4.8526,0.9949,2255.25,0.4434,644.00,4.4341,8.3936,8.1592,11.7775,15.6807
32,8000,40,256,512,217.00,772.00,1.8055,4.8526,0.9950,2145.91,0.4660,648.00,4.6600,8.6487,8.3409,12.0128,17.8096
32,8000,40,512,102,217.00,772.00,1.8055,4.8526,0.9980,1284.87,0.7783,668.00,7.7829,14.8787,14.5434,20.4117,32.3689
32,8000,40,512,204,217.00,772.00,1.8055,4.8526,0.9986,1273.57,0.7852,668.00,7.8520,15.1785,14.8123,20.9723,30.6660
32,8000,40,512,409,217.00,772.00,1.8055,4.8526,0.9987,1230.39,0.8128,679.00,8.1275,15.5478,15.1486,21.8224,28.6152
32,8000,40,512,512,217.00,772.00,1.8055,4.8526,0.9987,1225.28,0.8161,680.00,8.1614,15.5265,15.1821,21.7935,26.6352
32,8000,40,512,768,217.00,772.00,1.8055,4.8526,0.9988,1141.54,0.8760,668.00,8.7601,16.5091,16.0878,22.8963,27.1336
32,8000,40,512,1024,217.00,772.00,1.8055,4.8526,0.9988,1095.00,0.9132,667.00,9.1324,17.0588,16.6013,22.8331,31.9613
32,8000,100,8,1,233.00,773.00,1.5767,4.2737,0.4896,39283.27,0.0255,645.00,0.2546,0.3684,0.3340,0.7152,1.0203
32,8000,100,8,3,233.00,773.00,1.5767,4.2737,0.6158,41554.81,0.0241,644.00,0.2406,0.3183,0.2793,0.6421,0.9522
32,8000,100,8,6,233.00,773.00,1.5767,4.2737,0.6566,40104.92,0.0249,647.00,0.2493,0.3235,0.2899,0.6334,0.8905
32,8000,100,8,8,233.00,773.00,1.5767,4.2737,0.6652,41475.35,0.0241,646.00,0.2411,0.3303,0.2927,0.6467,0.9418
32,8000,100,8,12,233.00,773.00,1.5767,4.2737,0.6721,38266.36,0.0261,649.00,0.2613,0.3269,0.2914,0.6301,0.9395
32,8000,100,8,16,233.00,773.00,1.5767,4.2737,0.6745,41135.35,0.0243,648.00,0.2431,0.3377,0.3058,0.6393,0.9107
32,8000,100,16,3,233.00,773.00,1.5767,4.2737,0.6893,24413.23,0.0410,647.00,0.4096,0.6198,0.5635,1.1407,1.5734
32,8000,100,16,6,233.00,773.00,1.5767,4.2737,0.7513,24913.31,0.0401,646.00,0.4014,0.6336,0.5719,1.1622,1.6599
32,8000,100,16,12,233.00,773.00,1.5767,4.2737,0.7822,25354.64,0.0394,647.00,0.3944,0.6131,0.5540,1.1286,1.5753
32,8000,100,16,16,233.00,773.00,1.5767,4.2737,0.7873,25156.82,0.0398,641.00,0.3975,0.6189,0.5635,1.1204,1.5754
32,8000,100,16,24,233.00,773.00,1.5767,4.2737,0.7909,26603.78,0.0376,648.00,0.3759,0.6003,0.5472,1.1027,1.5543
32,8000,100,16,32,233.00,773.00,1.5767,4.2737,0.7922,25280.92,0.0396,647.00,0.3956,0.5876,0.5325,1.0898,1.5671
32,8000,100,32,6,233.00,773.00,1.5767,4.2737,0.8099,15208.77,0.0658,647.00,0.6575,1.1421,1.0521,1.9499,2.7853
32,8000,100,32,12,233.00,773.00,1.5767,4.2737,0.8609,14706.84,0.0680,646.00,0.6800,1.1480,1.0516,1.9740,2.8859
32,8000,100,32,25,233.00,773.00,1.5767,4.2737,0.8815,14561.84,0.0687,645.00,0.6867,1.1897,1.0994,2.0348,2.7281
32,8000,100,32,32,233.00,773.00,1.5767,4.2737,0.8841,14519.08,0.0689,646.00,0.6887,1.1550,1.0551,1.9761,2.9353
32,8000,100,32,48,233.00,773.00,1.5767,4.2737,0.8857,14594.22,0.0685,645.00,0.6852,1.1669,1.0770,1.9865,2.5925
32,8000,100,32,64,233.00,773.00,1.5767,4.2737,0.8860,14508.25,0.0689,642.00,0.6893,1.1870,1.0919,2.0125,2.8528
32,8000,100,64,12,233.00,773.00,1.5767,4.2737,0.9018,8370.56,0.1195,643.00,1.1947,2.1925,2.0581,3.4662,4.5356
32,8000,100,64,25,233.00,773.00,1.5767,4.2737,0.9377,8091.77,0.1236,641.00,1.2358,2.2053,2.0379,3.4683,5.5443
32,8000,100,64,51,233.00,773.00,1.5767,4.2737,0.9476,7781.66,0.1285,645.00,1.2851,2.2717,2.1086,3.5846,5.5765
32,8000,100,64,64,233.00,773.00,1.5767,4.2737,0.9483,7996.92,0.1250,646.00,1.2505,2.2664,2.1242,3.6107,4.9231
32,8000,100,64,96,233.00,773.00,1.5767,4.2737,0.9487,7976.88,0.1254,644.00,1.2536,2.2657,2.1275,3.5698,4.6457
32,8000,100,64,128,233.00,773.00,1.5767,4.2737,0.9488,8106.61,0.1234,646.00,1.2336,2.2947,2.1441,3.5794,4.7523
32,8000,100,128,25,233.00,773.00,1.5767,4.2737,0.9618,4454.01,0.2245,643.00,2.2452,4.1547,3.9357,6.0985,10.0756
32,8000,100,128,51,233.00,773.00,1.5767,4.2737,0.9789,4416.63,0.2264,646.00,2.2642,4.1802,3.9680,6.2433,9.0468
32,8000,100,128,102,233.00,773.00,1.5767,4.2737,0.9825,4567.32,0.2189,657.00,2.1895,4.1597,3.9277,6.0407,9.3266
32,8000,100,128,128,233.00,773.00,1.5767,4.2737,0.9826,4521.47,0.2212,645.00,2.2117,4.1995,3.9858,6.2404,8.8041
32,8000,100,128,192,233.00,773.00,1.5767,4.2737,0.9828,4460.11,0.2242,648.00,2.2421,4.2478,4.0276,6.3049,8.8909
32,8000,100,128,256,233.00,773.00,1.5767,4.2737,0.9828,4398.44,0.2274,647.00,2.2735,4.3279,4.1036,6.4210,8.9729
32,8000,100,256,51,233.00,773.00,1.5767,4.2737,0.9887,2437.98,0.4102,654.00,4.1018,7.9538,7.6470,11.5264,16.7080
32,8000,100,256,102,233.00,773.00,1.5767,4.2737,0.9946,2370.90,0.4218,651.00,4.2178,8.0698,7.7693,11.4784,16.0344
32,8000,100,256,204,233.00,773.00,1.5767,4.2737,0.9954,2376.57,0.4208,657.00,4.2077,8.0831,7.8628,11.3907,15.5419
32,8000,100,256,256,233.00,773.00,1.5767,4.2737,0.9954,2345.65,0.4263,667.00,4.2632,8.1739,7.9049,11.6363,15.6425
32,8000,100,256,384,233.00,773.00,1.5767,4.2737,0.9955,2324.16,0.4303,659.00,4.3026,8.3171,8.0544,11.7000,16.5762
32,8000,100,256,512,233.00,773.00,1.5767,4.2737,0.9955,2290.51,0.4366,667.00,4.3658,8.4109,8.1345,11.3030,18.6223
32,8000,100,512,102,233.00,773.00,1.5767,4.2737,0.9971,1276.16,0.7836,674.00,7.8360,15.0234,14.5758,21.3762,30.0366
32,8000,100,512,204,233.00,773.00,1.5767,4.2737,0.9986,1255.11,0.7967,688.00,7.9674,15.4020,15.0654,21.4368,29.7855
32,8000,100,512,409,233.00,773.00,1.5767,4.2737,0.9988,1202.94,0.8313,689.00,8.3130,15.9390,15.5368,21.5691,31.8567
32,8000,100,512,512,233.00,773.00,1.5767,4.2737,0.9988,1192.48,0.8386,680.00,8.3859,15.9865,15.6530,22.1470,29.5020
32,8000,100,512,768,233.00,773.00,1.5767,4.2737,0.9988,1160.80,0.8615,695.00,8.6148,16.1799,15.7645,21.2085,35.1611
32,8000,100,512,1024,233.00,773.00,1.5767,4.2737,0.9988,1141.88,0.8758,695.00,8.7575,16.9190,16.6209,23.6426,28.9047
32,8000,200,8,1,246.00,774.00,1.9061,4.6763,0.4938,38765.06,0.0258,623.00,0.2580,0.3382,0.3052,0.6708,0.9613
32,8000,200,8,3,246.00,774.00,1.9061,4.6763,0.6168,38512.92,0.0260,628.00,0.2597,0.3469,0.3110,0.6748,0.9815
32,8000,200,8,6,246.00,774.00,1.9061,4.6763,0.6579,40111.31,0.0249,629.00,0.2493,0.3257,0.2921,0.6340,0.9144
32,8000,200,8,8,246.00,774.00,1.9061,4.6763,0.6670,40939.99,0.0244,628.00,0.2443,0.3117,0.2782,0.6176,0.9169
32,8000,200,8,12,246.00,774.00,1.9061,4.6763,0.6728,40473.68,0.0247,628.00,0.2471,0.3194,0.2855,0.6170,0.8657
32,8000,200,8,16,246.00,774.00,1.9061,4.6763,0.6747,41359.77,0.0242,628.00,0.2418,0.3263,0.2928,0.6184,0.8917
32,8000,200,16,3,246.00,774.00,1.9061,4.6763,0.6901,25138.58,0.0398,625.00,0.3978,0.6097,0.5582,1.1013,1.6266
32,8000,200,16,6,246.00,774.00,1.9061,4.6763,0.7536,25736.70,0.0389,626.00,0.3886,0.5857,0.5274,1.0862,1.6220
32,8000,200,16,12,246.00,774.00,1.9061,4.6763,0.7838,26304.84,0.0380,628.00,0.3802,0.5903,0.5414,1.0741,1.5043
32,8000,200,16,16,246.00,774.00,1.9061,4.6763,0.7887,26608.80,0.0376,626.00,0.3758,0.5836,0.5292,1.1063,1.5424
32,8000,200,16,24,246.00,774.00,1.9061,4.6763,0.7921,26263.83,0.0381,626.00,0.3808,0.5790,0.5254,1.0966,1.5909
32,8000,200,16,32,246.00,774.00,1.9061,4.6763,0.7923,26524.99,0.0377,627.00,0.3770,0.6068,0.5565,1.0653,1.4900
32,8000,200,32,6,246.00,774.00,1.9061,4.6763,0.8139,15362.62,0.0651,625.00,0.6509,1.1192,1.0249,1.9122,2.6879
32,8000,200,32,12,246.00,774.00,1.9061,4.6763,0.8641,15188.95,0.0658,629.00,0.6584,1.1322,1.0425,1.9560,2.7543
32,8000,200,32,25,246.00,774.00,1.9061,4.6763,0.8831,14611.11,0.0684,626.00,0.6844,1.1251,1.0347,1.9218,2.8138
32,8000,200,32,32,246.00,774.00,1.9061,4.6763,0.8845,14908.92,0.0671,625.00,0.6707,1.1535,1.0640,1.9630,2.7725
32,8000,200,32,48,246.00,774.00,1.9061,4.6763,0.8857,14688.16,0.0681,626.00,0.6808,1.1481,1.0511,1.9539,2.8311
32,8000,200,32,64,246.00,774.00,1.9061,4.6763,0.8860,14399.02,0.0694,626.00,0.6945,1.1749,1.0777,2.0005,2.8760
32,8000,200,64,12,246.00,774.00,1.9061,4.6763,0.9053,7930.29,0.1261,628.00,1.2610,2.1989,2.0509,3.5643,4.9296
32,8000,200,64,25,246.00,774.00,1.9061,4.6763,0.9400,8012.54,0.1248,626.00,1.2480,2.2623,2.1244,3.5683,4.5950
32,8000,200,64,51,246.00,774.00,1.9061,4.6763,0.9479,7849.17,0.1274,627.00,1.2740,2.2805,2.1415,3.6428,4.8079
32,8000,200,64,64,246.00,774.00,1.9061,4.6763,0.9485,7943.21,0.1259,628.00,1.2589,2.2840,2.1511,3.6036,4.5804
32,8000,200,64,96,246.00,774.00,1.9061,4.6763,0.9487,7842.43,0.1275,627.00,1.2751,2.2856,2.1475,3.5964,4.9116
32,8000,200,64,128,246.00,774.00,1.9061,4.6763,0.9487,7771.60,0.1287,627.00,1.2867,2.2558,2.0992,3.5696,5.2581
32,8000,200,128,25,246.00,774.00,1.9061,4.6763,0.9643,4275.22,0.2339,624.00,2.3391,4.2797,4.0846,6.4695,8.7234
32,8000,200,128,51,246.00,774.00,1.9061,4.6763,0.9795,4309.63,0.2320,627.00,2.3204,4.1844,3.9347,6.0934,10.6175
32,8000,200,128,102,246.00,774.00,1.9061,4.6763,0.9823,4376.11,0.2285,629.00,2.2851,4.2939,4.0683,6.3015,9.1651
32,8000,200,128,128,246.00,774.00,1.9061,4.6763,0.9825,4342.67,0.2303,629.00,2.3027,4.3196,4.1213,6.4244,8.7090
32,8000,200,128,192,246.00,774.00,1.9061,4.6763,0.9826,4317.68,0.2316,629.00,2.3161,4.3255,4.1336,6.3559,8.6694
32,8000,200,128,256,246.00,774.00,1.9061,4.6763,0.9826,4239.70,0.2359,630.00,2.3587,4.3046,4.0805,6.2403,10.5586
32,8000,200,256,51,246.00,774.00,1.9061,4.6763,0.9899,2338.67,0.4276,635.00,4.2759,8.0575,7.8085,11.4348,15.2882
32,8000,200,256,102,246.00,774.00,1.9061,4.6763,0.9948,2337.97,0.4277,637.00,4.2772,8.1676,7.9003,11.4761,16.0046
32,8000,200,256,204,246.00,774.00,1.9061,4.6763,0.9956,2357.24,0.4242,654.00,4.2422,8.1677,7.9150,11.5783,15.5543
32,8000,200,256,256,246.00,774.00,1.9061,4.6763,0.9957,2365.10,0.4228,654.00,4.2281,8.0451,7.7853,11.2859,16.8229
32,8000,200,256,384,246.00,774.00,1.9061,4.6763,0.9957,2358.15,0.4241,653.00,4.2406,8.1808,7.8896,11.6569,16.2797
32,8000,200,256,512,246.00,774.00,1.9061,4.6763,0.9957,2305.10,0.4338,650.00,4.3382,8.4267,8.1230,11.9549,16.7590
32,8000,200,512,102,246.00,774.00,1.9061,4.6763,0.9975,1273.98,0.7849,676.00,7.8494,15.0216,14.6296,21.7570,27.7762
32,8000,200,512,204,246.00,774.00,1.9061,4.6763,0.9988,1264.33,0.7909,677.00,7.9093,15.3515,14.9657,21.5027,29.6214
32,8000,200,512,409,246.00,774.00,1.9061,4.6763,0.9990,1243.96,0.8039,659.00,8.0388,15.6120,15.2642,21.8852,28.6375
32,8000,200,512,512,246.00,774.00,1.9061,4.6763,0.9990,1235.59,0.8093,664.00,8.0933,15.6958,15.3481,22.2965,29.0660
32,8000,200,512,768,246.00,774.00,1.9061,4.6763,0.9990,1173.13,0.8524,683.00,8.5242,16.3981,16.0396,22.7035,29.1737
32,8000,200,512,1024,246.00,774.00,1.9061,4.6763,0.9990,1120.15,0.8927,668.00,8.9274,17.1922,16.8252,23.2100,30.9302
32,10000,40,10,2,225.00,769.00,2.0369,5.0711,0.6400,37561.32,0.0266,639.00,0.2662,0.3918,0.3598,0.7308,1.0180
32,10000,40,10,4,225.00,769.00,2.0369,5.0711,0.6756,38543.91,0.0259,642.00,0.2594,0.3577,0.3258,0.6715,0.9278
32,10000,40,10,8,225.00,769.00,2.0369,5.0711,0.6904,39268.26,0.0255,639.00,0.2547,0.3486,0.3178,0.6513,0.9393
32,10000,40,10,10,225.00,769.00,2.0369,5.0711,0.6924,38786.72,0.0258,639.00,0.2578,0.3392,0.3081,0.6446,0.9154
32,10000,40,10,15,225.00,769.00,2.0369,5.0711,0.6946,38539.94,0.0259,640.00,0.2595,0.3454,0.3109,0.6516,0.9391
32,10000,40,10,20,225.00,769.00,2.0369,5.0711,0.6949,39578.50,0.0253,637.00,0.2527,0.3279,0.2933,0.6201,0.9019
32,10000,40,20,4,225.00,769.00,2.0369,5.0711,0.7675,25076.60,0.0399,640.00,0.3988,0.6345,0.5875,1.1406,1.4678
32,10000,40,20,8,225.00,769.00,2.0369,5.0711,0.7951,25244.46,0.0396,642.00,0.3961,0.6160,0.5693,1.0885,1.5216
32,10000,40,20,16,225.00,769.00,2.0369,5.0711,0.8053,25700.36,0.0389,638.00,0.3891,0.6125,0.5641,1.0825,1.4937
32,10000,40,20,20,225.00,769.00,2.0369,5.0711,0.8063,25493.92,0.0392,639.00,0.3923,0.6204,0.5752,1.0936,1.4998
32,10000,40,20,30,225.00,769.00,2.0369,5.0711,0.8068,25222.96,0.0396,641.00,0.3965,0.6091,0.5605,1.0932,1.5537
32,10000,40,20,40,225.00,769.00,2.0369,5.0711,0.8070,24618.40,0.0406,638.00,0.4062,0.6276,0.5796,1.0947,1.4540
32,10000,40,40,8,225.00,769.00,2.0369,5.0711,0.8697,14734.82,0.0679,637.00,0.6787,1.1961,1.1198,1.9634,2.6863
32,10000,40,40,16,225.00,769.00,2.0369,5.0711,0.8888,14211.89,0.0704,640.00,0.7036,1.1928,1.1110,2.0033,2.7267
32,10000,40,40,32,225.00,769.00,2.0369,5.0711,0.8935,14055.74,0.0711,637.00,0.7115,1.2303,1.1513,2.0100,2.6272
32,10000,40,40,40,225.00,769.00,2.0369,5.0711,0.8941,14310.91,0.0699,639.00,0.6988,1.1935,1.1188,1.9448,2.5064
32,10000,40,40,60,225.00,769.00,2.0369,5.0711,0.8942,14040.85,0.0712,635.00,0.7122,1.2241,1.1402,2.0124,2.8069
32,10000,40,40,80,225.00,769.00,2.0369,5.0711,0.8942,14171.92,0.0706,637.00,0.7056,1.2382,1.1558,2.0034,2.6365
32,10000,40,80,16,225.00,769.00,2.0369,5.0711,0.9416,8034.47,0.1245,650.00,1.2446,2.2715,2.1503,3.5308,4.6604
32,10000,40,80,32,225.00,769.00,2.0369,5.0711,0.9517,7683.46,0.1301,647.00,1.3015,2.2718,2.1270,3.6971,5.6434
32,10000,40,80,64,225.00,769.00,2.0369,5.0711,0.9539,8144.34,0.1228,650.00,1.2278,2.2336,2.1024,3.4330,5.3377
32,10000,40,80,80,225.00,769.00,2.0369,5.0711,0.9539,8203.43,0.1219,642.00,1.2190,2.2401,2.1048,3.4589,4.6191
32,10000,40,80,120,225.00,769.00,2.0369,5.0711,0.9542,7974.11,0.1254,642.00,1.2541,2.2730,2.1348,3.4404,5.2434
32,10000,40,80,160,225.00,769.00,2.0369,5.0711,0.9541,7836.93,0.1276,640.00,1.2760,2.3429,2.2032,3.5501,4.8043
32,10000,40,160,32,225.00,769.00,2.0369,5.0711,0.9790,4423.23,0.2261,648.00,2.2608,4.2562,4.0536,6.3977,8.5549
32,10000,40,160,64,225.00,769.00,2.0369,5.0711,0.9838,4305.70,0.2323,640.00,2.3225,4.2895,4.0767,6.1581,9.7736
32,10000,40,160,128,225.00,769.00,2.0369,5.0711,0.9846,4304.37,0.2323,648.00,2.3232,4.3145,4.1186,6.1574,9.4569
32,10000,40,160,160,225.00,769.00,2.0369,5.0711,0.9846,4158.38,0.2405,638.00,2.4048,4.3765,4.1479,6.2679,10.5338
32,10000,40,160,240,225.00,769.00,2.0369,5.0711,0.9846,4044.97,0.2472,654.00,2.4722,4.5382,4.3214,6.5751,9.7908
32,10000,40,160,320,225.00,769.00,2.0369,5.0711,0.9847,4079.44,0.2451,652.00,2.4513,4.6349,4.4691,6.6005,8.8704
32,10000,40,320,64,225.00,769.00,2.0369,5.0711,0.9934,2276.89,0.4392,653.00,4.3919,8.2212,7.9548,11.5269,16.9792
32,10000,40,320,128,225.00,769.00,2.0369,5.0711,0.9949,2291.10,0.4365,664.00,4.3647,8.3330,8.1019,11.6820,15.4839
32,10000,40,320,256,225.00,769.00,2.0369,5.0711,0.9951,2245.81,0.4453,657.00,4.4527,8.5062,8.2699,11.8863,15.4588
32,10000,40,320,320,225.00,769.00,2.0369,5.0711,0.9952,2170.01,0.4608,657.00,4.6083,8.5109,8.2122,11.5423,19.1396
32,10000,40,320,480,225.00,769.00,2.0369,5.0711,0.9953,2142.32,0.4668,660.00,4.6678,8.8790,8.6558,12.2564,15.2689
32,10000,40,320,640,225.00,769.00,2.0369,5.0711,0.9954,2017.62,0.4956,657.00,4.9563,9.4019,9.1884,12.7855,16.3390
32,10000,40,640,128,225.00,769.00,2.0369,5.0711,0.9975,1193.05,0.8382,677.00,8.3819,15.9483,15.5716,21.8662,28.7759
32,10000,40,640,256,225.00,769.00,2.0369,5.0711,0.9979,1175.39,0.8508,694.00,8.5078,16.0400,15.6468,22.4787,29.0945
32,10000,40,640,512,225.00,769.00,2.0369,5.0711,0.9981,1147.91,0.8711,690.00,8.7114,16.2757,15.8702,21.7805,32.2537
32,10000,40,640,640,225.00,769.00,2.0369,5.0711,0.9982,1199.55,0.8336,693.00,8.3365,16.2361,15.9132,22.3904,30.1094
32,10000,40,640,960,225.00,769.00,2.0369,5.0711,0.9983,1085.23,0.9215,703.00,9.2147,17.5559,17.2181,23.8226,28.1752
32,10000,40,640,1280,225.00,769.00,2.0369,5.0711,0.9984,1063.68,0.9401,691.00,9.4013,18.3233,17.9977,24.4927,30.3150
32,10000,100,10,2,245.00,771.00,1.7718,4.6083,0.5842,47799.67,0.0209,637.00,0.2092,0.2694,0.2431,0.5072,0.6844
32,10000,100,10,4,245.00,771.00,1.7718,4.6083,0.6490,50698.62,0.0197,640.00,0.1972,0.2551,0.2307,0.4689,0.6393
32,10000,100,10,8,245.00,771.00,1.7718,4.6083,0.6838,50465.51,0.0198,635.00,0.1982,0.2519,0.2227,0.4806,0.6714
32,10000,100,10,10,245.00,771.00,1.7718,4.6083,0.6896,50335.72,0.0199,637.00,0.1987,0.2400,0.2098,0.4609,0.6428
32,10000,100,10,15,245.00,771.00,1.7718,4.6083,0.6950,50393.92,0.0198,638.00,0.1984,0.2399,0.2138,0.4498,0.6637
32,10000,100,10,20,245.00,771.00,1.7718,4.6083,0.6972,52267.72,0.0191,638.00,0.1913,0.2396,0.2126,0.4446,0.6176
32,10000,100,20,4,245.00,771.00,1.7718,4.6083,0.7223,32800.50,0.0305,633.00,0.3049,0.4392,0.4000,0.7809,1.0515
32,10000,100,20,8,245.00,771.00,1.7718,4.6083,0.7766,32619.85,0.0307,635.00,0.3066,0.4423,0.4046,0.7825,1.0774
32,10000,100,20,16,245.00,771.00,1.7718,4.6083,0.8011,32357.14,0.0309,633.00,0.3091,0.4512,0.4079,0.8168,1.0969
32,10000,100,20,20,245.00,771.00,1.7718,4.6083,0.8054,32048.33,0.0312,635.00,0.3120,0.4589,0.4203,0.8067,1.0825
32,10000,100,20,30,245.00,771.00,1.7718,4.6083,0.8085,31221.09,0.0320,635.00,0.3203,0.4554,0.4152,0.8038,1.1300
32,10000,100,20,40,245.00,771.00,1.7718,4.6083,0.8097,32525.28,0.0307,637.00,0.3075,0.4601,0.4212,0.7910,1.0653
32,10000,100,40,8,245.00,771.00,1.7718,4.6083,0.8358,18383.60,0.0544,635.00,0.5440,0.8578,0.7976,1.4420,1.8892
32,10000,100,40,16,245.00,771.00,1.7718,4.6083,0.8787,16902.06,0.0592,635.00,0.5916,0.9093,0.8443,1.5770,1.9951
32,10000,100,40,32,245.00,771.00,1.7718,4.6083,0.8947,20037.75,0.0499,646.00,0.4991,0.8289,0.7695,1.3621,1.7831
32,10000,100,40,40,245.00,771.00,1.7718,4.6083,0.8964,20128.18,0.0497,638.00,0.4968,0.8331,0.7744,1.3664,1.8137
32,10000,100,40,60,245.00,771.00,1.7718,4.6083,0.8975,19284.48,0.0519,641.00,0.5186,0.8423,0.7744,1.4138,1.9124
32,10000,100,40,80,245.00,771.00,1.7718,4.6083,0.8975,19140.89,0.0522,635.00,0.5224,0.8704,0.8022,1.4309,1.8755
32,10000,100,80,16,245.00,771.00,1.7718,4.6083,0.9188,11123.45,0.0899,638.00,0.8990,1.5650,1.4719,2.4631,3.2264
32,10000,100,80,32,245.00,771.00,1.7718,4.6083,0.9476,11172.30,0.0895,635.00,0.8951,1.6138,1.5158,2.5225,3.1706
32,10000,100,80,64,245.00,771.00,1.7718,4.6083,0.9548,10958.52,0.0913,642.00,0.9125,1.6174,1.5247,2.4921,3.1516
32,10000,100,80,80,245.00,771.00,1.7718,4.6083,0.9552,10915.27,0.0916,631.00,0.9161,1.6318,1.5319,2.5014,3.4881
32,10000,100,80,120,245.00,771.00,1.7718,4.6083,0.9557,10586.18,0.0945,635.00,0.9446,1.6999,1.6033,2.5802,3.4211
32,10000,100,80,160,245.00,771.00,1.7718,4.6083,0.9557,10452.93,0.0957,639.00,0.9567,1.7172,1.6184,2.6010,3.5105
32,10000,100,160,32,245.00,771.00,1.7718,4.6083,0.9685,5920.06,0.1689,643.00,1.6892,3.0900,2.9680,4.4627,5.7755
32,10000,100,160,64,245.00,771.00,1.7718,4.6083,0.9822,6070.53,0.1647,642.00,1.6473,3.1319,3.0093,4.5069,5.6285
32,10000,100,160,128,245.00,771.00,1.7718,4.6083,0.9850,5867.66,0.1704,635.00,1.7043,3.1451,2.9986,4.5698,6.0258
32,10000,100,160,160,245.00,771.00,1.7718,4.6083,0.9851,5813.66,0.1720,638.00,1.7201,3.1929,3.0424,4.6361,6.4374
32,10000,100,160,240,245.00,771.00,1.7718,4.6083,0.9852,5703.16,0.1753,653.00,1.7534,3.2804,3.1489,4.6990,6.0632
32,10000,100,160,320,245.00,771.00,1.7718,4.6083,0.9852,5513.27,0.1814,634.00,1.8138,3.3568,3.2283,4.8057,6.1026
32,10000,100,320,64,245.00,771.00,1.7718,4.6083,0.9904,3257.31,0.3070,649.00,3.0700,5.8060,5.6568,8.0681,10.2370
32,10000,100,320,128,245.00,771.00,1.7718,4.6083,0.9953,3204.97,0.3120,648.00,3.1202,5.9156,5.7672,8.1971,10.1415
32,10000,100,320,256,245.00,771.00,1.7718,4.6083,0.9960,3094.75,0.3231,659.00,3.2313,6.0693,5.9343,8.2898,10.3060
32,10000,100,320,320,245.00,771.00,1.7718,4.6083,0.9960,3049.63,0.3279,657.00,3.2791,6.2141,6.0644,8.5004,10.5494
32,10000,100,320,480,245.00,771.00,1.7718,4.6083,0.9960,2976.11,0.3360,659.00,3.3601,6.3129,6.1888,8.5744,10.4889
32,10000,100,320,640,245.00,771.00,1.7718,4.6083,0.9960,2801.92,0.3569,662.00,3.5690,6.6510,6.5092,8.9145,11.1718
32,10000,100,640,128,245.00,771.00,1.7718,4.6083,0.9979,1708.62,0.5853,685.00,5.8527,11.2301,11.0155,14.8878,17.8588
32,10000,100,640,256,245.00,771.00,1.7718,4.6083,0.9990,1667.46,0.5997,686.00,5.9971,11.5694,11.3668,15.2197,19.0167
32,10000,100,640,512,245.00,771.00,1.7718,4.6083,0.9991,1617.73,0.6181,695.00,6.1815,11.6135,11.4211,15.4391,19.8956
32,10000,100,640,640,245.00,771.00,1.7718,4.6083,0.9991,1612.36,0.6202,690.00,6.2021,11.8661,11.7514,15.5320,18.1935
32,10000,100,640,960,245.00,771.00,1.7718,4.6083,0.9991,1477.96,0.6766,697.00,6.7661,12.9045,12.7858,16.4818,18.8886
32,10000,100,640,1280,245.00,771.00,1.7718,4.6083,0.9991,1356.88,0.7370,700.00,7.3699,13.9419,13.7802,17.4107,20.5435
32,10000,200,10,2,264.00,770.00,2.2227,5.0570,0.5848,37950.06,0.0264,637.00,0.2635,0.3613,0.3265,0.6979,0.9633
32,10000,200,10,4,264.00,770.00,2.2227,5.0570,0.6480,38729.99,0.0258,642.00,0.2582,0.3506,0.3182,0.6633,0.9327
32,10000,200,10,8,264.00,770.00,2.2227,5.0570,0.6835,39401.06,0.0254,639.00,0.2538,0.3486,0.3139,0.6782,0.9510
32,10000,200,10,10,264.00,770.00,2.2227,5.0570,0.6888,39261.12,0.0255,640.00,0.2547,0.3479,0.3142,0.6587,0.9667
32,10000,200,10,15,264.00,770.00,2.2227,5.0570,0.6947,38457.24,0.0260,641.00,0.2600,0.3399,0.3078,0.6320,0.8459
32,10000,200,10,20,264.00,770.00,2.2227,5.0570,0.6964,38008.15,0.0263,641.00,0.2631,0.3436,0.3108,0.6383,0.8982
32,10000,200,20,4,264.00,770.00,2.2227,5.0570,0.7220,23494.78,0.0426,638.00,0.4256,0.6602,0.6094,1.1793,1.6375
32,10000,200,20,8,264.00,770.00,2.2227,5.0570,0.7776,25256.39,0.0396,649.00,0.3959,0.6311,0.5806,1.1311,1.5702
32,10000,200,20,16,264.00,770.00,2.2227,5.0570,0.8015,24728.30,0.0404,639.00,0.4044,0.6146,0.5624,1.1150,1.4943
32,10000,200,20,20,264.00,770.00,2.2227,5.0570,0.8046,25683.39,0.0389,642.00,0.3894,0.6049,0.5595,1.0690,1.4479
32,10000,200,20,30,264.00,770.00,2.2227,5.0570,0.8082,25824.13,0.0387,637.00,0.3872,0.6175,0.5656,1.0996,1.5178
32,10000,200,20,40,264.00,770.00,2.2227,5.0570,0.8089,25357.17,0.0394,639.00,0.3944,0.6246,0.5742,1.1177,1.5519
32,10000,200,40,8,264.00,770.00,2.2227,5.0570,0.8380,14465.72,0.0691,641.00,0.6913,1.1972,1.1102,1.9835,2.6033
32,10000,200,40,16,264.00,770.00,2.2227,5.0570,0.8792,14655.36,0.0682,640.00,0.6823,1.1921,1.1089,1.9727,2.6983
32,10000,200,40,32,264.00,770.00,2.2227,5.0570,0.8944,14597.19,0.0685,635.00,0.6851,1.1901,1.1044,2.0108,2.7380
32,10000,200,40,40,264.00,770.00,2.2227,5.0570,0.8960,14740.81,0.0678,636.00,0.6784,1.1798,1.1007,1.9573,2.6154
32,10000,200,40,60,264.00,770.00,2.2227,5.0570,0.8971,14310.34,0.0699,643.00,0.6988,1.1940,1.1132,1.9853,2.6535
32,10000,200,40,80,264.00,770.00,2.2227,5.0570,0.8971,14296.30,0.0699,638.00,0.6995,1.2231,1.1413,2.0245,2.8008
32,10000,200,80,16,264.00,770.00,2.2227,5.0570,0.9207,8012.73,0.1248,638.00,1.2480,2.3085,2.1856,3.5775,4.7815
32,10000,200,80,32,264.00,770.00,2.2227,5.0570,0.9482,7955.63,0.1257,636.00,1.2570,2.3002,2.1498,3.5342,5.2999
32,10000,200,80,64,264.00,770.00,2.2227,5.0570,0.9549,7695.42,0.1299,637.00,1.2995,2.2759,2.1304,3.4995,5.6552
32,10000,200,80,80,264.00,770.00,2.2227,5.0570,0.9552,8079.64,0.1238,651.00,1.2377,2.3026,2.1651,3.5664,4.7351
32,10000,200,80,120,264.00,770.00,2.2227,5.0570,0.9555,7925.56,0.1262,640.00,1.2617,2.3431,2.2020,3.5993,4.7572
32,10000,200,80,160,264.00,770.00,2.2227,5.0570,0.9556,7677.64,0.1302,645.00,1.3025,2.4200,2.2849,3.6972,4.8618
32,10000,200,160,32,264.00,770.00,2.2227,5.0570,0.9701,4331.90,0.2308,641.00,2.3085,4.3814,4.2033,6.4586,8.7599
32,10000,200,160,64,264.00,770.00,2.2227,5.0570,0.9827,4222.94,0.2368,643.00,2.3680,4.3775,4.1908,6.2842,9.4094
32,10000,200,160,128,264.00,770.00,2.2227,5.0570,0.9850,4212.69,0.2374,655.00,2.3738,4.4916,4.3058,6.4936,8.5682
32,10000,200,160,160,264.00,770.00,2.2227,5.0570,0.9851,4106.17,0.2435,649.00,2.4354,4.4927,4.2639,6.4806,9.9804
32,10000,200,160,240,264.00,770.00,2.2227,5.0570,0.9852,4118.87,0.2428,652.00,2.4278,4.6253,4.4316,6.7420,9.0315
32,10000,200,160,320,264.00,770.00,2.2227,5.0570,0.9852,3978.68,0.2513,647.00,2.5134,4.6408,4.4435,6.7787,9.7043
32,10000,200,320,64,264.00,770.00,2.2227,5.0570,0.9914,2260.61,0.4424,663.00,4.4236,8.4104,8.1889,11.8281,14.9343
32,10000,200,320,128,264.00,770.00,2.2227,5.0570,0.9954,2119.49,0.4718,648.00,4.7181,8.6514,8.3504,12.0711,17.3619
32,10000,200,320,256,264.00,770.00,2.2227,5.0570,0.9960,2138.75,0.4676,652.00,4.6756,8.6079,8.2710,11.8381,19.2150
32,10000,200,320,320,264.00,770.00,2.2227,5.0570,0.9960,2195.27,0.4555,654.00,4.5552,8.6964,8.4683,12.1631,16.1665
32,10000,200,320,480,264.00,770.00,2.2227,5.0570,0.9960,2101.83,0.4758,675.00,4.7578,8.9994,8.7637,12.6682,16.0118
32,10000,200,320,640,264.00,770.00,2.2227,5.0570,0.9960,2013.96,0.4965,673.00,4.9653,9.2568,8.9361,12.4796,19.7276
32,10000,200,640,128,264.00,770.00,2.2227,5.0570,0.9978,1178.96,0.8482,697.00,8.4820,15.8395,15.3928,21.7073,30.8768
32,10000,200,640,256,264.00,770.00,2.2227,5.0570,0.9989,1128.44,0.8862,688.00,8.8618,16.7363,16.3286,23.0936,30.0761
32,10000,200,640,512,264.00,770.00,2.2227,5.0570,0.9990,1137.19,0.8794,697.00,8.7936,16.6769,16.3041,23.2100,28.6438
32,10000,200,640,640,264.00,770.00,2.2227,5.0570,0.9990,1148.83,0.8705,699.00,8.7045,16.5116,16.1641,22.5875,32.4307
32,10000,200,640,960,264.00,770.00,2.2227,5.0570,0.9990,1110.18,0.9008,702.00,9.0076,17.1738,16.8290,22.8557,35.4409
32,10000,200,640,1280,264.00,770.00,2.2227,5.0570,0.9990,1047.52,0.9546,713.00,9.5463,18.5809,18.2807,25.1234,30.7795
32,14000,40,14,2,272.00,768.00,2.5036,5.7077,0.6510,34451.77,0.0290,650.00,0.2903,0.4329,0.4011,0.7856,1.1008
32,14000,40,14,5,272.00,768.00,2.5036,5.7077,0.7078,37140.97,0.0269,649.00,0.2692,0.3847,0.3550,0.6976,0.9780
32,14000,40,14,11,272.00,768.00,2.5036,5.7077,0.7240,36928.96,0.0271,649.00,0.2708,0.3779,0.3485,0.6802,0.9009
32,14000,40,14,14,272.00,768.00,2.5036,5.7077,0.7255,37118.35,0.0269,651.00,0.2694,0.3666,0.3380,0.6610,0.9222
32,14000,40,14,21,272.00,768.00,2.5036,5.7077,0.7274,37850.50,0.0264,654.00,0.2642,0.3629,0.3341,0.6474,0.9032
32,14000,40,14,28,272.00,768.00,2.5036,5.7077,0.7278,37480.12,0.0267,649.00,0.2668,0.3690,0.3377,0.6596,0.9450
32,14000,40,28,5,272.00,768.00,2.5036,5.7077,0.7933,22584.71,0.0443,645.00,0.4428,0.6829,0.6302,1.2115,1.6487
32,14000,40,28,11,272.00,768.00,2.5036,5.7077,0.8230,23099.28,0.0433,655.00,0.4329,0.6623,0.6089,1.1772,1.7114
32,14000,40,28,22,272.00,768.00,2.5036,5.7077,0.8317,22995.96,0.0435,651.00,0.4349,0.7054,0.6638,1.1831,1.5473
32,14000,40,28,28,272.00,768.00,2.5036,5.7077,0.8329,22312.42,0.0448,650.00,0.4482,0.7012,0.6576,1.1960,1.5629
32,14000,40,28,42,272.00,768.00,2.5036,5.7077,0.8334,22363.75,0.0447,649.00,0.4472,0.7127,0.6574,1.2550,1.7873
32,14000,40,28,56,272.00,768.00,2.5036,5.7077,0.8335,22326.11,0.0448,646.00,0.4479,0.7016,0.6498,1.2221,1.6329
32,14000,40,56,11,272.00,768.00,2.5036,5.7077,0.8905,13211.35,0.0757,647.00,0.7569,1.2923,1.2112,2.1234,2.8805
32,14000,40,56,22,272.00,768.00,2.5036,5.7077,0.9086,13648.49,0.0733,645.00,0.7327,1.2875,1.2190,2.0498,2.6736
32,14000,40,56,44,272.00,768.00,2.5036,5.7077,0.9130,13073.43,0.0765,646.00,0.7649,1.3220,1.2527,2.1051,2.6884
32,14000,40,56,56,272.00,768.00,2.5036,5.7077,0.9132,12756.76,0.0784,651.00,0.7839,1.3407,1.2618,2.1624,2.8256
32,14000,40,56,84,272.00,768.00,2.5036,5.7077,0.9134,13154.97,0.0760,647.00,0.7602,1.3643,1.2960,2.1518,2.7511
32,14000,40,56,112,272.00,768.00,2.5036,5.7077,0.9135,12957.41,0.0772,651.00,0.7718,1.3554,1.2800,2.1387,2.8780
32,14000,40,112,22,272.00,768.00,2.5036,5.7077,0.9505,7468.01,0.1339,652.00,1.3390,2.4002,2.2771,3.6221,5.3217
32,14000,40,112,44,272.00,768.00,2.5036,5.7077,0.9610,7497.99,0.1334,651.00,1.3337,2.4051,2.2764,3.6108,5.4855
32,14000,40,112,89,272.00,768.00,2.5036,5.7077,0.9631,7376.49,0.1356,649.00,1.3557,2.5048,2.3953,3.7533,4.8247
32,14000,40,112,112,272.00,768.00,2.5036,5.7077,0.9633,7385.15,0.1354,651.00,1.3541,2.5205,2.4154,3.7596,4.7839
32,14000,40,112,168,272.00,768.00,2.5036,5.7077,0.9633,7026.19,0.1423,650.00,1.4232,2.6316,2.5304,3.8773,4.7813
32,14000,40,112,224,272.00,768.00,2.5036,5.7077,0.9634,6911.73,0.1447,651.00,1.4468,2.6672,2.5652,3.9271,4.9351
32,14000,40,224,44,272.00,768.00,2.5036,5.7077,0.9826,3928.56,0.2545,657.00,2.5455,4.7310,4.5511,6.8077,9.8880
32,14000,40,224,89,272.00,768.00,2.5036,5.7077,0.9872,3851.90,0.2596,670.00,2.5961,4.8606,4.7159,6.9506,8.6091
32,14000,40,224,179,272.00,768.00,2.5036,5.7077,0.9877,3847.67,0.2599,667.00,2.5990,4.7977,4.6039,6.9210,9.8435
32,14000,40,224,224,272.00,768.00,2.5036,5.7077,0.9877,3912.06,0.2556,658.00,2.5562,4.7540,4.5616,6.7941,10.2177
32,14000,40,224,336,272.00,768.00,2.5036,5.7077,0.9878,3802.63,0.2630,674.00,2.6298,4.9788,4.8526,7.0444,8.4879
32,14000,40,224,448,272.00,768.00,2.5036,5.7077,0.9878,3604.36,0.2774,667.00,2.7744,5.1642,4.9769,7.3465,10.2342
32,14000,40,448,89,272.00,768.00,2.5036,5.7077,0.9950,2176.53,0.4594,671.00,4.5945,8.7466,8.5235,12.2393,16.4507
32,14000,40,448,179,272.00,768.00,2.5036,5.7077,0.9963,2131.60,0.4691,675.00,4.6913,9.0551,8.8826,12.4990,15.2302
32,14000,40,448,358,272.00,768.00,2.5036,5.7077,0.9965,2097.13,0.4768,677.00,4.7684,9.2423,9.0452,12.6797,15.7685
32,14000,40,448,448,272.00,768.00,2.5036,5.7077,0.9965,2087.88,0.4790,691.00,4.7896,9.1945,8.9999,12.5365,16.0694
32,14000,40,448,672,272.00,768.00,2.5036,5.7077,0.9965,2011.79,0.4971,682.00,4.9707,9.6188,9.4633,13.0058,15.8520
32,14000,40,448,896,272.00,768.00,2.5036,5.7077,0.9965,1893.65,0.5281,690.00,5.2808,10.2596,10.0724,13.6267,16.6423
32,14000,40,896,179,272.00,768.00,2.5036,5.7077,0.9982,1186.02,0.8432,727.00,8.4316,16.3586,15.9612,22.7696,29.7858
32,14000,40,896,358,272.00,768.00,2.5036,5.7077,0.9986,1147.28,0.8716,716.00,8.7163,16.9173,16.6414,22.9755,28.0234
32,14000,40,896,716,272.00,768.00,2.5036,5.7077,0.9986,1099.11,0.9098,718.00,9.0983,17.6614,17.4134,23.4719,29.1070
32,14000,40,896,896,272.00,768.00,2.5036,5.7077,0.9986,1068.04,0.9363,739.00,9.3630,17.9358,17.7043,23.4416,28.0217
32,14000,40,896,1344,272.00,768.00,2.5036,5.7077,0.9987,965.12,1.0361,725.00,10.3615,19.5587,19.2764,25.2245,31.8632
32,14000,40,896,1792,272.00,768.00,2.5036,5.7077,0.9987,893.55,1.1191,728.00,11.1913,21.7443,21.5077,27.3153,31.2338
32,14000,100,14,2,289.00,768.00,2.2995,5.1943,0.5903,35773.42,0.0280,644.00,0.2795,0.4303,0.3984,0.7704,1.0235
32,14000,100,14,5,289.00,768.00,2.2995,5.1943,0.6831,36204.89,0.0276,634.00,0.2762,0.3866,0.3602,0.6997,0.9526
32,14000,100,14,11,289.00,768.00,2.2995,5.1943,0.7184,37508.87,0.0267,635.00,0.2666,0.3846,0.3552,0.6994,0.9667
32,14000,100,14,14,289.00,768.00,2.2995,5.1943,0.7237,37204.47,0.0269,635.00,0.2688,0.3712,0.3421,0.6749,0.9446
32,14000,100,14,21,289.00,768.00,2.2995,5.1943,0.7277,37175.81,0.0269,635.00,0.2690,0.3817,0.3541,0.6791,0.9107
32,14000,100,14,28,289.00,768.00,2.2995,5.1943,0.7289,36521.90,0.0274,633.00,0.2738,0.3692,0.3377,0.6719,0.9247
32,14000,100,28,5,289.00,768.00,2.2995,5.1943,0.7473,23109.92,0.0433,631.00,0.4327,0.7034,0.6585,1.2011,1.6539
32,14000,100,28,11,289.00,768.00,2.2995,5.1943,0.8081,23802.26,0.0420,633.00,0.4201,0.6755,0.6275,1.1453,1.5063
32,14000,100,28,22,289.00,768.00,2.2995,5.1943,0.8290,23806.39,0.0420,630.00,0.4201,0.6710,0.6242,1.1675,1.5480
32,14000,100,28,28,289.00,768.00,2.2995,5.1943,0.8319,24826.39,0.0403,638.00,0.4028,0.6621,0.6233,1.1168,1.4527
32,14000,100,28,42,289.00,768.00,2.2995,5.1943,0.8341,23928.84,0.0418,627.00,0.4179,0.6636,0.6173,1.1747,1.5549
32,14000,100,28,56,289.00,768.00,2.2995,5.1943,0.8346,23563.62,0.0424,632.00,0.4244,0.6641,0.6173,1.1484,1.5836
32,14000,100,56,11,289.00,768.00,2.2995,5.1943,0.8605,13988.86,0.0715,631.00,0.7149,1.2608,1.1850,2.0432,2.8122
32,14000,100,56,22,289.00,768.00,2.2995,5.1943,0.8999,13915.44,0.0719,638.00,0.7186,1.2645,1.1836,2.0538,2.8090
32,14000,100,56,44,289.00,768.00,2.2995,5.1943,0.9128,13623.86,0.0734,639.00,0.7340,1.2877,1.2098,2.1203,2.7440
32,14000,100,56,56,289.00,768.00,2.2995,5.1943,0.9142,13392.77,0.0747,633.00,0.7467,1.3008,1.2236,2.1027,2.7648
32,14000,100,56,84,289.00,768.00,2.2995,5.1943,0.9149,13334.41,0.0750,633.00,0.7499,1.3222,1.2456,2.1435,2.8020
32,14000,100,56,112,289.00,768.00,2.2995,5.1943,0.9151,12992.86,0.0770,629.00,0.7697,1.3386,1.2656,2.1206,2.7032
32,14000,100,112,22,289.00,768.00,2.2995,5.1943,0.9342,7553.87,0.1324,646.00,1.3238,2.4604,2.3536,3.6963,4.8133
32,14000,100,112,44,289.00,768.00,2.2995,5.1943,0.9586,7329.80,0.1364,631.00,1.3643,2.5235,2.4095,3.7710,4.7618
32,14000,100,112,89,289.00,768.00,2.2995,5.1943,0.9646,7370.06,0.1357,632.00,1.3568,2.5158,2.3982,3.7749,5.1792
32,14000,100,112,112,289.00,768.00,2.2995,5.1943,0.9650,7470.46,0.1339,634.00,1.3386,2.4959,2.3788,3.7171,4.7818
32,14000,100,112,168,289.00,768.00,2.2995,5.1943,0.9651,7211.13,0.1387,643.00,1.3867,2.5439,2.4135,3.7557,5.3750
32,14000,100,112,224,289.00,768.00,2.2995,5.1943,0.9652,7168.10,0.1395,633.00,1.3951,2.6107,2.5047,3.8689,4.9004
32,14000,100,224,44,289.00,768.00,2.2995,5.1943,0.9755,4004.85,0.2497,653.00,2.4970,4.6761,4.5000,6.7811,9.4143
32,14000,100,224,89,289.00,768.00,2.2995,5.1943,0.9866,3880.89,0.2577,642.00,2.5767,4.8482,4.7029,6.9570,8.4470
32,14000,100,224,179,289.00,768.00,2.2995,5.1943,0.9883,3878.55,0.2578,652.00,2.5783,4.8690,4.7318,6.8991,8.3897
32,14000,100,224,224,289.00,768.00,2.2995,5.1943,0.9884,3845.75,0.2600,652.00,2.6003,4.9029,4.7569,7.0001,8.7732
32,14000,100,224,336,289.00,768.00,2.2995,5.1943,0.9884,3653.14,0.2737,647.00,2.7374,5.0030,4.8301,7.1938,10.2380
32,14000,100,224,448,289.00,768.00,2.2995,5.1943,0.9885,3527.46,0.2835,649.00,2.8349,5.3143,5.1860,7.3946,8.8790
32,14000,100,448,89,289.00,768.00,2.2995,5.1943,0.9929,2102.22,0.4757,664.00,4.7569,8.9432,8.7365,12.4076,16.2055
32,14000,100,448,179,289.00,768.00,2.2995,5.1943,0.9966,2061.79,0.4850,675.00,4.8502,9.2313,9.0648,12.8959,15.4871
32,14000,100,448,358,289.00,768.00,2.2995,5.1943,0.9971,2005.10,0.4987,669.00,4.9873,9.3998,9.2451,12.8907,15.0238
32,14000,100,448,448,289.00,768.00,2.2995,5.1943,0.9971,1992.11,0.5020,667.00,5.0198,9.4501,9.3071,12.9102,14.8964
32,14000,100,448,672,289.00,768.00,2.2995,5.1943,0.9972,1913.12,0.5227,679.00,5.2271,9.9454,9.8153,13.3438,15.4108
32,14000,100,448,896,289.00,768.00,2.2995,5.1943,0.9972,1817.29,0.5503,673.00,5.5027,10.4834,10.2932,14.0556,16.6036
32,14000,100,896,179,289.00,768.00,2.2995,5.1943,0.9981,1108.68,0.9020,716.00,9.0197,16.8339,16.5252,22.8665,28.2721
32,14000,100,896,358,289.00,768.00,2.2995,5.1943,0.9989,1064.99,0.9390,729.00,9.3897,17.4989,17.0789,24.9085,31.7995
32,14000,100,896,716,289.00,768.00,2.2995,5.1943,0.9990,1042.68,0.9591,730.00,9.5907,18.2692,17.9849,24.3143,27.8942
32,14000,100,896,896,289.00,768.00,2.2995,5.1943,0.9991,1019.60,0.9808,718.00,9.8077,18.4892,18.2269,24.2559,29.8800
32,14000,100,896,1344,289.00,768.00,2.2995,5.1943,0.9991,927.82,1.0778,722.00,10.7780,20.2055,19.8944,26.6670,30.6134
32,14000,100,896,1792,289.00,768.00,2.2995,5.1943,0.9991,842.54,1.1869,729.00,11.8689,22.5616,22.2532,28.4495,31.8469
32,14000,200,14,2,288.00,770.00,2.8989,5.8827,0.5990,33616.01,0.0297,646.00,0.2975,0.4519,0.4231,0.8126,1.1209
32,14000,200,14,5,288.00,770.00,2.8989,5.8827,0.6885,36350.24,0.0275,644.00,0.2751,0.4055,0.3753,0.7431,1.0192
32,14000,200,14,11,288.00,770.00,2.8989,5.8827,0.7231,35290.38,0.0283,643.00,0.2834,0.3759,0.3441,0.7026,0.9738
32,14000,200,14,14,288.00,770.00,2.8989,5.8827,0.7272,37400.75,0.0267,644.00,0.2674,0.3748,0.3456,0.6944,0.9497
32,14000,200,14,21,288.00,770.00,2.8989,5.8827,0.7313,37121.37,0.0269,640.00,0.2694,0.3723,0.3396,0.6884,1.0042
32,14000,200,14,28,288.00,770.00,2.8989,5.8827,0.7325,36562.41,0.0274,644.00,0.2735,0.3827,0.3517,0.7011,0.9841
32,14000,200,28,5,288.00,770.00,2.8989,5.8827,0.7540,23054.51,0.0434,645.00,0.4338,0.6953,0.6515,1.1887,1.5677
32,14000,200,28,11,288.00,770.00,2.8989,5.8827,0.8129,22724.87,0.0440,644.00,0.4400,0.6894,0.6423,1.1847,1.7058
32,14000,200,28,22,288.00,770.00,2.8989,5.8827,0.8323,23068.38,0.0433,643.00,0.4335,0.6841,0.6391,1.1927,1.6331
32,14000,200,28,28,288.00,770.00,2.8989,5.8827,0.8348,23538.74,0.0425,643.00,0.4248,0.6812,0.6385,1.1709,1.5845
32,14000,200,28,42,288.00,770.00,2.8989,5.8827,0.8367,23434.58,0.0427,643.00,0.4267,0.7056,0.6579,1.2057,1.6123
32,14000,200,28,56,288.00,770.00,2.8989,5.8827,0.8370,23008.58,0.0435,638.00,0.4346,0.7150,0.6671,1.2056,1.5956
32,14000,200,56,11,288.00,770.00,2.8989,5.8827,0.8672,12873.58,0.0777,643.00,0.7768,1.3123,1.2326,2.1610,2.9439
32,14000,200,56,22,288.00,770.00,2.8989,5.8827,0.9030,13235.35,0.0756,641.00,0.7556,1.3189,1.2502,2.0986,2.6666
32,14000,200,56,44,288.00,770.00,2.8989,5.8827,0.9142,12918.75,0.0774,639.00,0.7741,1.3569,1.2876,2.1769,2.8186
32,14000,200,56,56,288.00,770.00,2.8989,5.8827,0.9145,12820.02,0.0780,642.00,0.7800,1.3837,1.3115,2.1928,2.8517
32,14000,200,56,84,288.00,770.00,2.8989,5.8827,0.9153,12489.67,0.0801,643.00,0.8007,1.3890,1.3137,2.2140,2.8331
32,14000,200,56,112,288.00,770.00,2.8989,5.8827,0.9154,12063.49,0.0829,647.00,0.8289,1.4120,1.3255,2.2830,3.1707
32,14000,200,112,22,288.00,770.00,2.8989,5.8827,0.9386,7017.65,0.1425,644.00,1.4250,2.5265,2.3865,3.9625,5.3326
32,14000,200,112,44,288.00,770.00,2.8989,5.8827,0.9602,7050.86,0.1418,643.00,1.4183,2.5646,2.4246,3.9243,5.3808
32,14000,200,112,89,288.00,770.00,2.8989,5.8827,0.9649,6947.70,0.1439,658.00,1.4393,2.6183,2.5006,3.9762,4.9321
32,14000,200,112,112,288.00,770.00,2.8989,5.8827,0.9652,6916.17,0.1446,648.00,1.4459,2.6016,2.4591,4.0102,5.3895
32,14000,200,112,168,288.00,770.00,2.8989,5.8827,0.9654,6807.01,0.1469,655.00,1.4691,2.6911,2.5760,4.0130,5.1327
32,14000,200,112,224,288.00,770.00,2.8989,5.8827,0.9654,6591.41,0.1517,654.00,1.5171,2.7145,2.5785,4.0841,5.5730
32,14000,200,224,44,288.00,770.00,2.8989,5.8827,0.9786,3848.73,0.2598,651.00,2.5983,4.7412,4.5378,6.8926,10.2741
32,14000,200,224,89,288.00,770.00,2.8989,5.8827,0.9878,3741.50,0.2673,652.00,2.6727,4.8844,4.6681,7.1496,10.2509
32,14000,200,224,179,288.00,770.00,2.8989,5.8827,0.9891,3673.46,0.2722,653.00,2.7222,4.9890,4.7818,7.2772,9.8965
32,14000,200,224,224,288.00,770.00,2.8989,5.8827,0.9892,3715.15,0.2692,654.00,2.6917,4.9674,4.7638,7.2351,9.7213
32,14000,200,224,336,288.00,770.00,2.8989,5.8827,0.9892,3652.70,0.2738,659.00,2.7377,5.1564,4.9875,7.3204,9.2586
32,14000,200,224,448,288.00,770.00,2.8989,5.8827,0.9892,3550.12,0.2817,658.00,2.8168,5.3481,5.1820,7.5010,9.3670
32,14000,200,448,89,288.00,770.00,2.8989,5.8827,0.9939,2028.72,0.4929,682.00,4.9292,9.0490,8.7599,13.1974,17.8390
32,14000,200,448,179,288.00,770.00,2.8989,5.8827,0.9969,2121.67,0.4713,674.00,4.7133,9.1266,8.9485,12.7327,15.5065
32,14000,200,448,358,288.00,770.00,2.8989,5.8827,0.9971,2044.94,0.4890,677.00,4.8901,9.3918,9.1655,13.2062,16.5179
32,14000,200,448,448,288.00,770.00,2.8989,5.8827,0.9971,2032.60,0.4920,675.00,4.9198,9.4999,9.2762,13.0506,16.1974
32,14000,200,448,672,288.00,770.00,2.8989,5.8827,0.9971,1866.01,0.5359,689.00,5.3590,10.2565,10.0425,13.9313,16.1590
32,14000,200,448,896,288.00,770.00,2.8989,5.8827,0.9971,1744.53,0.5732,673.00,5.7322,10.7502,10.4524,14.8027,19.1877
32,14000,200,896,179,288.00,770.00,2.8989,5.8827,0.9986,1097.15,0.9115,713.00,9.1145,17.3213,16.9224,23.4618,28.3777
32,14000,200,896,358,288.00,770.00,2.8989,5.8827,0.9990,1052.89,0.9498,719.00,9.4976,17.8864,17.5295,24.2191,28.7050
32,14000,200,896,716,288.00,770.00,2.8989,5.8827,0.9990,1036.35,0.9649,720.00,9.6493,18.1389,17.7828,24.2268,31.4810
32,14000,200,896,896,288.00,770.00,2.8989,5.8827,0.9990,1007.30,0.9928,739.00,9.9275,18.6530,18.3611,24.5289,28.6021
32,14000,200,896,1344,288.00,770.00,2.8989,5.8827,0.9991,932.60,1.0723,723.00,10.7227,20.1765,19.8086,26.5108,31.6760
32,14000,200,896,1792,288.00,770.00,2.8989,5.8827,0.9991,845.59,1.1826,721.00,11.8260,22.4422,22.1330,28.4796,33.0717
32,18000,40,18,3,292.00,766.00,2.9926,6.3880,0.6924,33217.80,0.0301,641.00,0.3010,0.4632,0.4345,0.8190,1.0697
32,18000,40,18,7,292.00,766.00,2.9926,6.3880,0.7329,34847.60,0.0287,641.00,0.2870,0.4081,0.3846,0.7182,0.9352
32,18000,40,18,14,292.00,766.00,2.9926,6.3880,0.7452,36411.74,0.0275,638.00,0.2746,0.4095,0.3819,0.7170,0.9777
32,18000,40,18,18,292.00,766.00,2.9926,6.3880,0.7474,35137.68,0.0285,641.00,0.2846,0.3932,0.3612,0.7167,0.9695
32,18000,40,18,27,292.00,766.00,2.9926,6.3880,0.7485,35493.86,0.0282,637.00,0.2817,0.3991,0.3712,0.6950,0.9084
32,18000,40,18,36,292.00,766.00,2.9926,6.3880,0.7489,34691.40,0.0288,640.00,0.2883,0.4109,0.3840,0.6988,0.9694
32,18000,40,36,7,292.00,766.00,2.9926,6.3880,0.8154,21964.11,0.0455,638.00,0.4553,0.7361,0.6924,1.2441,1.6628
32,18000,40,36,14,292.00,766.00,2.9926,6.3880,0.8404,22874.68,0.0437,636.00,0.4372,0.7310,0.6951,1.2046,1.5138
32,18000,40,36,28,292.00,766.00,2.9926,6.3880,0.8485,22308.18,0.0448,639.00,0.4483,0.7161,0.6673,1.2117,1.6646
32,18000,40,36,36,292.00,766.00,2.9926,6.3880,0.8493,22589.16,0.0443,639.00,0.4427,0.7469,0.7086,1.2212,1.5263
32,18000,40,36,54,292.00,766.00,2.9926,6.3880,0.8496,21945.94,0.0456,634.00,0.4557,0.7388,0.7011,1.2151,1.5666
32,18000,40,36,72,292.00,766.00,2.9926,6.3880,0.8497,21048.92,0.0475,635.00,0.4751,0.7575,0.7185,1.2153,1.6737
32,18000,40,72,14,292.00,766.00,2.9926,6.3880,0.9024,12619.63,0.0792,645.00,0.7924,1.3547,1.2788,2.1836,3.0246
32,18000,40,72,28,292.00,766.00,2.9926,6.3880,0.9193,12909.00,0.0775,636.00,0.7747,1.3784,1.3180,2.1646,2.9398
32,18000,40,72,57,292.00,766.00,2.9926,6.3880,0.9229,12347.87,0.0810,640.00,0.8099,1.3864,1.3067,2.2615,2.9878
32,18000,40,72,72,292.00,766.00,2.9926,6.3880,0.9231,12345.36,0.0810,636.00,0.8100,1.3983,1.3215,2.2270,2.9934
32,18000,40,72,108,292.00,766.00,2.9926,6.3880,0.9234,12288.51,0.0814,638.00,0.8138,1.4759,1.4107,2.2331,2.8030
32,18000,40,72,144,292.00,766.00,2.9926,6.3880,0.9234,11699.59,0.0855,643.00,0.8547,1.5101,1.4348,2.3133,2.9491
32,18000,40,144,28,292.00,766.00,2.9926,6.3880,0.9580,6767.76,0.1478,640.00,1.4776,2.6506,2.5384,4.0410,5.2607
32,18000,40,144,57,292.00,766.00,2.9926,6.3880,0.9672,6931.35,0.1443,645.00,1.4427,2.6718,2.5735,3.9097,4.9564
32,18000,40,144,115,292.00,766.00,2.9926,6.3880,0.9692,6758.86,0.1480,641.00,1.4795,2.7140,2.6223,3.9266,4.8241
32,18000,40,144,144,292.00,766.00,2.9926,6.3880,0.9693,6759.12,0.1479,641.00,1.4795,2.7004,2.5750,4.0016,5.5163
32,18000,40,144,216,292.00,766.00,2.9926,6.3880,0.9694,6492.00,0.1540,647.00,1.5404,2.8261,2.7003,4.1587,5.4717
32,18000,40,144,288,292.00,766.00,2.9926,6.3880,0.9694,6371.00,0.1570,640.00,1.5696,2.9091,2.8025,4.1625,5.2783
32,18000,40,288,57,292.00,766.00,2.9926,6.3880,0.9856,3650.81,0.2739,649.00,2.7391,5.0067,4.8398,7.2298,9.5792
32,18000,40,288,115,292.00,766.00,2.9926,6.3880,0.9895,3643.11,0.2745,653.00,2.7449,5.0679,4.9075,7.2554,9.3191
32,18000,40,288,230,292.00,766.00,2.9926,6.3880,0.9900,3611.43,0.2769,655.00,2.7690,5.2324,5.0974,7.3045,8.7548
32,18000,40,288,288,292.00,766.00,2.9926,6.3880,0.9900,3538.78,0.2826,652.00,2.8258,5.2492,5.0624,7.4533,9.9952
32,18000,40,288,432,292.00,766.00,2.9926,6.3880,0.9900,3451.98,0.2897,670.00,2.8969,5.5244,5.3897,7.5581,9.1446
32,18000,40,288,576,292.00,766.00,2.9926,6.3880,0.9901,3294.26,0.3036,655.00,3.0356,5.7023,5.5798,7.7135,9.1675
32,18000,40,576,115,292.00,766.00,2.9926,6.3880,0.9959,1983.37,0.5042,670.00,5.0419,9.4738,9.2824,12.8878,15.4961
32,18000,40,576,230,292.00,766.00,2.9926,6.3880,0.9971,1952.23,0.5122,674.00,5.1223,9.7337,9.5648,13.0790,15.0891
32,18000,40,576,460,292.00,766.00,2.9926,6.3880,0.9971,1887.49,0.5298,684.00,5.2980,10.0910,9.9289,13.3725,15.6336
32,18000,40,576,576,292.00,766.00,2.9926,6.3880,0.9972,1854.44,0.5392,681.00,5.3925,10.1732,9.9987,13.5516,16.1730
32,18000,40,576,864,292.00,766.00,2.9926,6.3880,0.9973,1737.04,0.5757,685.00,5.7569,10.8350,10.6502,14.3368,16.9602
32,18000,40,576,1152,292.00,766.00,2.9926,6.3880,0.9973,1639.67,0.6099,697.00,6.0988,11.7401,11.5223,15.1817,18.7345
32,18000,40,1152,230,292.00,766.00,2.9926,6.3880,0.9987,1084.10,0.9224,750.00,9.2242,17.7310,17.3740,23.9691,28.5815
32,18000,40,1152,460,292.00,766.00,2.9926,6.3880,0.9990,1025.59,0.9751,760.00,9.7505,18.6726,18.4459,24.1602,26.9915
32,18000,40,1152,921,292.00,766.00,2.9926,6.3880,0.9991,954.33,1.0479,745.00,10.4785,19.8594,19.5763,25.9509,28.9681
32,18000,40,1152,1152,292.00,766.00,2.9926,6.3880,0.9991,909.99,1.0989,767.00,10.9892,20.7089,20.4845,26.7268,29.6708
32,18000,40,1152,1728,292.00,766.00,2.9926,6.3880,0.9991,844.07,1.1847,791.00,11.8474,22.7657,22.5460,28.8142,32.3999
32,18000,40,1152,2304,292.00,766.00,2.9926,6.3880,0.9991,754.38,1.3256,791.00,13.2559,25.9119,25.5577,32.1581,36.0914
32,18000,100,18,3,345.00,768.00,2.6891,5.7079,0.6475,34642.74,0.0289,633.00,0.2887,0.4335,0.4088,0.7745,1.0184
32,18000,100,18,7,345.00,768.00,2.6891,5.7079,0.7165,36968.21,0.0271,632.00,0.2705,0.4038,0.3785,0.7108,0.9509
32,18000,100,18,14,345.00,768.00,2.6891,5.7079,0.7425,36592.96,0.0273,633.00,0.2733,0.3840,0.3585,0.6851,0.8762
32,18000,100,18,18,345.00,768.00,2.6891,5.7079,0.7466,36429.06,0.0275,635.00,0.2745,0.3832,0.3505,0.6945,0.9830
32,18000,100,18,27,345.00,768.00,2.6891,5.7079,0.7498,36827.62,0.0272,633.00,0.2715,0.3802,0.3529,0.6780,0.9123
32,18000,100,18,36,345.00,768.00,2.6891,5.7079,0.7506,36130.34,0.0277,633.00,0.2768,0.3864,0.3599,0.6744,0.8999
32,18000,100,36,7,345.00,768.00,2.6891,5.7079,0.7837,22266.95,0.0449,632.00,0.4491,0.7438,0.7034,1.2344,1.5619
32,18000,100,36,14,345.00,768.00,2.6891,5.7079,0.8295,22347.67,0.0447,629.00,0.4475,0.7394,0.7015,1.2046,1.5394
32,18000,100,36,28,345.00,768.00,2.6891,5.7079,0.8470,21927.73,0.0456,629.00,0.4560,0.7380,0.7002,1.2225,1.6108
32,18000,100,36,36,345.00,768.00,2.6891,5.7079,0.8492,22332.29,0.0448,635.00,0.4478,0.7322,0.6894,1.2250,1.7147
32,18000,100,36,54,345.00,768.00,2.6891,5.7079,0.8514,22582.07,0.0443,630.00,0.4428,0.7381,0.6999,1.2204,1.5607
32,18000,100,36,72,345.00,768.00,2.6891,5.7079,0.8519,21728.94,0.0460,628.00,0.4602,0.7524,0.7103,1.2377,1.6492
32,18000,100,72,14,345.00,768.00,2.6891,5.7079,0.8797,12775.85,0.0783,637.00,0.7827,1.3855,1.3267,2.1586,2.7947
32,18000,100,72,28,345.00,768.00,2.6891,5.7079,0.9141,12434.36,0.0804,628.00,0.8042,1.3803,1.3024,2.2145,2.9530
32,18000,100,72,57,345.00,768.00,2.6891,5.7079,0.9245,12724.19,0.0786,626.00,0.7859,1.3844,1.3141,2.1389,2.9751
32,18000,100,72,72,345.00,768.00,2.6891,5.7079,0.9252,12763.42,0.0783,629.00,0.7835,1.3967,1.3331,2.1509,2.6992
32,18000,100,72,108,345.00,768.00,2.6891,5.7079,0.9259,12046.23,0.0830,634.00,0.8301,1.4350,1.3591,2.2666,3.1198
32,18000,100,72,144,345.00,768.00,2.6891,5.7079,0.9258,11963.29,0.0836,632.00,0.8359,1.4586,1.3892,2.2247,3.1228
32,18000,100,144,28,345.00,768.00,2.6891,5.7079,0.9453,7116.48,0.1405,636.00,1.4052,2.6214,2.5319,3.8785,4.8614
32,18000,100,144,57,345.00,768.00,2.6891,5.7079,0.9652,6933.24,0.1442,636.00,1.4423,2.6597,2.5608,3.9095,4.9175
32,18000,100,144,115,345.00,768.00,2.6891,5.7079,0.9692,6884.83,0.1452,635.00,1.4525,2.6833,2.5944,3.9562,4.9251
32,18000,100,144,144,345.00,768.00,2.6891,5.7079,0.9695,6925.18,0.1444,639.00,1.4440,2.7051,2.6111,3.9309,4.8974
32,18000,100,144,216,345.00,768.00,2.6891,5.7079,0.9698,6612.76,0.1512,634.00,1.5122,2.7692,2.6470,4.0913,5.4424
32,18000,100,144,288,345.00,768.00,2.6891,5.7079,0.9698,6399.61,0.1563,633.00,1.5626,2.8699,2.7562,4.2209,5.4474
32,18000,100,288,57,345.00,768.00,2.6891,5.7079,0.9811,3800.26,0.2631,649.00,2.6314,4.9942,4.8716,7.0455,8.6726
32,18000,100,288,115,345.00,768.00,2.6891,5.7079,0.9891,3714.33,0.2692,644.00,2.6923,5.0446,4.9113,7.1246,8.8872
32,18000,100,288,230,345.00,768.00,2.6891,5.7079,0.9905,3596.53,0.2780,654.00,2.7805,5.1387,4.9917,7.3512,9.1173
32,18000,100,288,288,345.00,768.00,2.6891,5.7079,0.9907,3703.40,0.2700,646.00,2.7002,5.1314,5.0171,7.2948,8.9091
32,18000,100,288,432,345.00,768.00,2.6891,5.7079,0.9907,3540.03,0.2825,665.00,2.8248,5.3989,5.2779,7.5243,9.2982
32,18000,100,288,576,345.00,768.00,2.6891,5.7079,0.9907,3407.20,0.2935,660.00,2.9350,5.6459,5.5126,7.7611,9.8267
32,18000,100,576,115,345.00,768.00,2.6891,5.7079,0.9944,2042.58,0.4896,679.00,4.8958,9.3751,9.2182,12.8215,14.8050
32,18000,100,576,230,345.00,768.00,2.6891,5.7079,0.9970,1984.95,0.5038,693.00,5.0379,9.6446,9.4742,13.2071,16.1580
32,18000,100,576,460,345.00,768.00,2.6891,5.7079,0.9973,1958.31,0.5106,687.00,5.1064,9.8744,9.6993,13.4757,17.0910
32,18000,100,576,576,345.00,768.00,2.6891,5.7079,0.9974,1911.16,0.5232,691.00,5.2324,10.0516,9.8507,13.5965,16.5247
32,18000,100,576,864,345.00,768.00,2.6891,5.7079,0.9974,1777.85,0.5625,707.00,5.6248,10.7304,10.5035,14.4753,17.8659
32,18000,100,576,1152,345.00,768.00,2.6891,5.7079,0.9975,1612.27,0.6202,691.00,6.2024,11.6505,11.4087,15.0417,21.4558
32,18000,100,1152,230,345.00,768.00,2.6891,5.7079,0.9983,1077.74,0.9279,751.00,9.2786,17.5552,17.2329,23.4513,27.5013
32,18000,100,1152,460,345.00,768.00,2.6891,5.7079,0.9989,1035.43,0.9658,782.00,9.6578,18.5471,18.2358,24.4827,29.2727
32,18000,100,1152,921,345.00,768.00,2.6891,5.7079,0.9990,937.16,1.0671,763.00,10.6705,20.1497,19.8931,26.0064,29.8267
32,18000,100,1152,1152,345.00,768.00,2.6891,5.7079,0.9991,1003.58,0.9964,794.00,9.9644,19.4109,18.9530,27.3035,32.6169
32,18000,100,1152,1728,345.00,768.00,2.6891,5.7079,0.9991,882.10,1.1337,794.00,11.3365,22.1826,21.7566,30.2166,35.2932
32,18000,100,1152,2304,345.00,768.00,2.6891,5.7079,0.9992,746.77,1.3391,778.00,13.3911,25.6572,25.2989,32.0670,40.4192
32,18000,200,18,3,350.00,769.00,3.6497,6.8321,0.6520,33361.27,0.0300,630.00,0.2997,0.4618,0.4361,0.8130,1.0509
32,18000,200,18,7,350.00,769.00,3.6497,6.8321,0.7216,34445.99,0.0290,630.00,0.2903,0.4191,0.3945,0.7412,0.9587
32,18000,200,18,14,350.00,769.00,3.6497,6.8321,0.7459,35485.80,0.0282,632.00,0.2818,0.4051,0.3732,0.7330,1.0094
32,18000,200,18,18,350.00,769.00,3.6497,6.8321,0.7490,37205.35,0.0269,630.00,0.2688,0.4033,0.3781,0.7055,0.9309
32,18000,200,18,27,350.00,769.00,3.6497,6.8321,0.7514,35374.39,0.0283,628.00,0.2827,0.3937,0.3626,0.7102,1.0071
32,18000,200,18,36,350.00,769.00,3.6497,6.8321,0.7522,35387.60,0.0283,626.00,0.2826,0.4009,0.3756,0.6993,0.9300
32,18000,200,36,7,350.00,769.00,3.6497,6.8321,0.7889,21861.45,0.0457,630.00,0.4574,0.7369,0.6988,1.2355,1.6161
32,18000,200,36,14,350.00,769.00,3.6497,6.8321,0.8337,21686.23,0.0461,628.00,0.4611,0.7332,0.6895,1.2585,1.6507
32,18000,200,36,28,350.00,769.00,3.6497,6.8321,0.8498,21622.96,0.0462,632.00,0.4625,0.7403,0.7004,1.2432,1.5779
32,18000,200,36,36,350.00,769.00,3.6497,6.8321,0.8520,21769.71,0.0459,631.00,0.4594,0.7512,0.7014,1.2721,1.7175
32,18000,200,36,54,350.00,769.00,3.6497,6.8321,0.8530,21098.00,0.0474,629.00,0.4740,0.7592,0.7126,1.2515,1.6478
32,18000,200,36,72,350.00,769.00,3.6497,6.8321,0.8532,21112.77,0.0474,629.00,0.4736,0.7743,0.7274,1.2670,1.7498
32,18000,200,72,14,350.00,769.00,3.6497,6.8321,0.8857,12447.38,0.0803,623.00,0.8034,1.3663,1.2893,2.1939,3.1094
32,18000,200,72,28,350.00,769.00,3.6497,6.8321,0.9172,12553.55,0.0797,632.00,0.7966,1.3928,1.3295,2.2003,2.8333
32,18000,200,72,57,350.00,769.00,3.6497,6.8321,0.9261,12523.09,0.0799,632.00,0.7985,1.4319,1.3611,2.2289,2.9148
32,18000,200,72,72,350.00,769.00,3.6497,6.8321,0.9268,12194.54,0.0820,631.00,0.8200,1.4403,1.3572,2.2654,3.0515
32,18000,200,72,108,350.00,769.00,3.6497,6.8321,0.9273,12150.09,0.0823,632.00,0.8230,1.4678,1.4055,2.2451,2.7945
32,18000,200,72,144,350.00,769.00,3.6497,6.8321,0.9274,11915.31,0.0839,632.00,0.8393,1.4973,1.4318,2.2992,2.8804
32,18000,200,144,28,350.00,769.00,3.6497,6.8321,0.9492,6861.77,0.1457,626.00,1.4574,2.6343,2.5146,3.9507,5.5800
32,18000,200,144,57,350.00,769.00,3.6497,6.8321,0.9667,6613.56,0.1512,633.00,1.5120,2.6899,2.5505,4.1072,5.8254
32,18000,200,144,115,350.00,769.00,3.6497,6.8321,0.9700,6745.82,0.1482,639.00,1.4824,2.7470,2.6420,4.0378,4.8923
32,18000,200,144,144,350.00,769.00,3.6497,6.8321,0.9702,6610.06,0.1513,636.00,1.5128,2.7871,2.6780,4.0839,5.1585
32,18000,200,144,216,350.00,769.00,3.6497,6.8321,0.9703,6428.50,0.1556,634.00,1.5556,2.8058,2.6771,4.1620,6.1941
32,18000,200,144,288,350.00,769.00,3.6497,6.8321,0.9703,6283.06,0.1592,636.00,1.5916,2.9001,2.7817,4.2168,5.6697
32,18000,200,288,57,350.00,769.00,3.6497,6.8321,0.9831,3574.16,0.2798,645.00,2.7979,5.0659,4.8508,7.4088,10.3308
32,18000,200,288,115,350.00,769.00,3.6497,6.8321,0.9898,3543.94,0.2822,650.00,2.8217,5.1395,4.9995,7.3740,9.2527
32,18000,200,288,230,350.00,769.00,3.6497,6.8321,0.9906,3500.90,0.2856,651.00,2.8564,5.2196,5.0531,7.4446,10.0707
32,18000,200,288,288,350.00,769.00,3.6497,6.8321,0.9907,3501.71,0.2856,650.00,2.8557,5.2355,5.0892,7.4653,9.9998
32,18000,200,288,432,350.00,769.00,3.6497,6.8321,0.9907,3451.81,0.2897,655.00,2.8970,5.4751,5.3459,7.6778,9.6003
32,18000,200,288,576,350.00,769.00,3.6497,6.8321,0.9907,3190.94,0.3134,650.00,3.1339,5.8941,5.7630,8.0624,9.7438
32,18000,200,576,115,350.00,769.00,3.6497,6.8321,0.9956,1928.84,0.5184,690.00,5.1845,9.7987,9.6412,13.2641,15.2955
32,18000,200,576,230,350.00,769.00,3.6497,6.8321,0.9972,1902.30,0.5257,688.00,5.2568,9.7865,9.5504,13.7664,18.3425
32,18000,200,576,460,350.00,769.00,3.6497,6.8321,0.9976,1881.32,0.5315,683.00,5.3154,10.1211,9.9800,13.4530,15.7927
32,18000,200,576,576,350.00,769.00,3.6497,6.8321,0.9976,1872.27,0.5341,694.00,5.3411,10.1320,9.9304,13.7747,17.8323
32,18000,200,576,864,350.00,769.00,3.6497,6.8321,0.9976,1691.24,0.5913,697.00,5.9128,11.0115,10.7843,14.7415,17.5538
32,18000,200,576,1152,350.00,769.00,3.6497,6.8321,0.9976,1596.11,0.6265,713.00,6.2652,11.8468,11.6461,15.6969,19.0906
32,18000,200,1152,230,350.00,769.00,3.6497,6.8321,0.9986,1068.78,0.9356,752.00,9.3565,17.9718,17.6909,23.6119,26.6618
32,18000,200,1152,460,350.00,769.00,3.6497,6.8321,0.9992,998.74,1.0013,776.00,10.0127,18.9802,18.8175,24.8392,27.4554
32,18000,200,1152,921,350.00,769.00,3.6497,6.8321,0.9992,968.24,1.0328,787.00,10.3281,19.5764,19.3160,25.7187,29.9846
32,18000,200,1152,1152,350.00,769.00,3.6497,6.8321,0.9992,926.74,1.0791,790.00,10.7906,20.2504,20.0457,26.1615,30.3127
32,18000,200,1152,1728,350.00,769.00,3.6497,6.8321,0.9993,849.50,1.1772,777.00,11.7716,22.7138,22.4505,28.5692,31.9874
32,18000,200,1152,2304,350.00,769.00,3.6497,6.8321,0.9993,736.10,1.3585,772.00,13.5852,26.3387,26.0922,32.3765,35.6587
32,22000,40,22,4,344.00,771.00,3.6776,7.1743,0.7231,32279.56,0.0310,644.00,0.3098,0.4844,0.4596,0.8217,1.0611
32,22000,40,22,8,344.00,771.00,3.6776,7.1743,0.7531,31496.54,0.0317,648.00,0.3175,0.4381,0.4124,0.7501,0.9809
32,22000,40,22,17,344.00,771.00,3.6776,7.1743,0.7659,32905.23,0.0304,652.00,0.3039,0.4250,0.3986,0.7219,0.9352
32,22000,40,22,22,344.00,771.00,3.6776,7.1743,0.7677,33858.25,0.0295,648.00,0.2953,0.4173,0.3921,0.7099,0.9192
32,22000,40,22,33,344.00,771.00,3.6776,7.1743,0.7691,34575.77,0.0289,646.00,0.2892,0.4279,0.4028,0.7238,0.9354
32,22000,40,22,44,344.00,771.00,3.6776,7.1743,0.7692,33029.86,0.0303,642.00,0.3028,0.4370,0.4146,0.7224,0.9535
32,22000,40,44,8,344.00,771.00,3.6776,7.1743,0.8296,20917.53,0.0478,642.00,0.4781,0.7791,0.7340,1.2920,1.6948
32,22000,40,44,17,344.00,771.00,3.6776,7.1743,0.8554,21297.03,0.0470,659.00,0.4695,0.7814,0.7506,1.2459,1.5881
32,22000,40,44,35,344.00,771.00,3.6776,7.1743,0.8630,20279.87,0.0493,647.00,0.4931,0.7834,0.7413,1.2810,1.7077
32,22000,40,44,44,344.00,771.00,3.6776,7.1743,0.8633,20821.05,0.0480,641.00,0.4803,0.8035,0.7655,1.2858,1.6117
32,22000,40,44,66,344.00,771.00,3.6776,7.1743,0.8638,20158.79,0.0496,647.00,0.4961,0.8116,0.7808,1.2683,1.6149
32,22000,40,44,88,344.00,771.00,3.6776,7.1743,0.8640,19516.48,0.0512,647.00,0.5124,0.8458,0.8126,1.3437,1.7056
32,22000,40,88,17,344.00,771.00,3.6776,7.1743,0.9129,12029.50,0.0831,648.00,0.8313,1.4534,1.4069,2.2112,2.7729
32,22000,40,88,35,344.00,771.00,3.6776,7.1743,0.9287,11866.66,0.0843,645.00,0.8427,1.4678,1.4031,2.3032,2.9541
32,22000,40,88,70,344.00,771.00,3.6776,7.1743,0.9319,11640.42,0.0859,647.00,0.8591,1.4928,1.4366,2.2702,2.8824
32,22000,40,88,88,344.00,771.00,3.6776,7.1743,0.9320,11652.99,0.0858,645.00,0.8581,1.5197,1.4506,2.3204,2.9925
32,22000,40,88,132,344.00,771.00,3.6776,7.1743,0.9322,10916.89,0.0916,648.00,0.9160,1.5715,1.4993,2.4512,3.0526
32,22000,40,88,176,344.00,771.00,3.6776,7.1743,0.9322,10873.50,0.0920,649.00,0.9197,1.5931,1.5310,2.3953,3.0552
32,22000,40,176,35,344.00,771.00,3.6776,7.1743,0.9634,6421.69,0.1557,653.00,1.5572,2.7910,2.6772,4.1977,5.4832
32,22000,40,176,70,344.00,771.00,3.6776,7.1743,0.9713,6176.45,0.1619,647.00,1.6191,2.8683,2.7802,4.1971,5.0790
32,22000,40,176,140,344.00,771.00,3.6776,7.1743,0.9725,6299.31,0.1587,649.00,1.5875,2.8793,2.7926,4.2025,5.0955
32,22000,40,176,176,344.00,771.00,3.6776,7.1743,0.9725,6231.46,0.1605,652.00,1.6048,2.9692,2.8822,4.2789,5.2646
32,22000,40,176,264,344.00,771.00,3.6776,7.1743,0.9726,6020.75,0.1661,656.00,1.6609,3.0292,2.9497,4.2803,5.0442
32,22000,40,176,352,344.00,771.00,3.6776,7.1743,0.9726,5859.96,0.1706,663.00,1.7065,3.1719,3.0784,4.4264,5.4575
32,22000,40,352,70,344.00,771.00,3.6776,7.1743,0.9883,3508.25,0.2850,681.00,2.8504,5.2332,5.0868,7.5011,9.2413
32,22000,40,352,140,344.00,771.00,3.6776,7.1743,0.9911,3465.66,0.2885,670.00,2.8855,5.3568,5.2425,7.3942,8.6666
32,22000,40,352,281,344.00,771.00,3.6776,7.1743,0.9915,3521.30,0.2840,683.00,2.8399,5.4040,5.2925,7.5196,9.1000
32,22000,40,352,352,344.00,771.00,3.6776,7.1743,0.9915,3432.97,0.2913,677.00,2.9129,5.4744,5.3367,7.6667,9.3719
32,22000,40,352,528,344.00,771.00,3.6776,7.1743,0.9916,3208.68,0.3117,683.00,3.1165,5.8963,5.7809,7.9765,9.3667
32,22000,40,352,704,344.00,771.00,3.6776,7.1743,0.9916,3094.32,0.3232,667.00,3.2317,6.2100,6.1064,8.2903,9.8669
32,22000,40,704,140,344.00,771.00,3.6776,7.1743,0.9966,1903.83,0.5253,704.00,5.2526,10.0351,9.8645,13.5152,16.0692
32,22000,40,704,281,344.00,771.00,3.6776,7.1743,0.9977,1850.16,0.5405,719.00,5.4049,10.2921,10.1539,13.6153,15.7236
32,22000,40,704,563,344.00,771.00,3.6776,7.1743,0.9978,1780.18,0.5617,711.00,5.6174,10.7810,10.6471,14.0870,15.8903
32,22000,40,704,704,344.00,771.00,3.6776,7.1743,0.9979,1755.80,0.5695,707.00,5.6954,10.7633,10.5117,14.1792,20.6558
32,22000,40,704,1056,344.00,771.00,3.6776,7.1743,0.9979,1602.55,0.6240,713.00,6.2401,11.9551,11.7985,15.3350,17.3377
32,22000,40,704,1408,344.00,771.00,3.6776,7.1743,0.9979,1433.99,0.6974,720.00,6.9736,13.4745,13.3157,16.6697,18.5098
32,22000,40,1408,281,344.00,771.00,3.6776,7.1743,0.9989,994.59,1.0054,795.00,10.0544,18.9762,18.7341,24.7367,27.7088
32,22000,40,1408,563,344.00,771.00,3.6776,7.1743,0.9991,969.40,1.0316,811.00,10.3157,19.8775,19.6808,25.2626,28.1051
32,22000,40,1408,1126,344.00,771.00,3.6776,7.1743,0.9992,899.79,1.1114,810.00,11.1137,21.3645,21.1497,26.7524,29.8082
32,22000,40,1408,1408,344.00,771.00,3.6776,7.1743,0.9992,878.72,1.1380,825.00,11.3802,21.7230,21.4969,27.0875,29.7710
32,22000,40,1408,2112,344.00,771.00,3.6776,7.1743,0.9992,769.49,1.2996,832.00,12.9957,25.4256,24.9676,32.3116,36.0783
32,22000,40,1408,2816,344.00,771.00,3.6776,7.1743,0.9992,636.44,1.5712,832.00,15.7124,30.9512,30.6778,36.2287,39.6091
32,22000,100,22,4,384.00,772.00,3.2155,6.3423,0.6813,32353.80,0.0309,654.00,0.3091,0.4966,0.4757,0.8258,1.0696
32,22000,100,22,8,384.00,772.00,3.2155,6.3423,0.7375,33755.88,0.0296,650.00,0.2962,0.4382,0.4120,0.7782,1.0750
32,22000,100,22,17,384.00,772.00,3.2155,6.3423,0.7635,34133.32,0.0293,657.00,0.2930,0.4426,0.4246,0.7475,0.9545
32,22000,100,22,22,384.00,772.00,3.2155,6.3423,0.7666,32991.07,0.0303,660.00,0.3031,0.4389,0.4157,0.7416,0.9782
32,22000,100,22,33,384.00,772.00,3.2155,6.3423,0.7692,33694.01,0.0297,655.00,0.2968,0.4519,0.4303,0.7440,0.9617
32,22000,100,22,44,384.00,772.00,3.2155,6.3423,0.7698,33809.31,0.0296,659.00,0.2958,0.4454,0.4251,0.7271,0.9377
32,22000,100,44,8,384.00,772.00,3.2155,6.3423,0.7981,19489.50,0.0513,660.00,0.5131,0.7874,0.7448,1.3267,1.8923
32,22000,100,44,17,384.00,772.00,3.2155,6.3423,0.8463,20183.20,0.0495,655.00,0.4955,0.8187,0.7824,1.3083,1.6606
32,22000,100,44,35,384.00,772.00,3.2155,6.3423,0.8621,20095.66,0.0498,653.00,0.4976,0.8044,0.7690,1.3105,1.6489
32,22000,100,44,44,384.00,772.00,3.2155,6.3423,0.8634,19561.71,0.0511,657.00,0.5112,0.8049,0.7612,1.3257,1.8222
32,22000,100,44,66,384.00,772.00,3.2155,6.3423,0.8645,19897.30,0.0503,657.00,0.5026,0.8080,0.7705,1.3016,1.6614
32,22000,100,44,88,384.00,772.00,3.2155,6.3423,0.8647,18905.81,0.0529,654.00,0.5289,0.8516,0.8124,1.3620,1.7135
32,22000,100,88,17,384.00,772.00,3.2155,6.3423,0.8925,11119.21,0.0899,655.00,0.8993,1.5085,1.4414,2.3986,2.9505
32,22000,100,88,35,384.00,772.00,3.2155,6.3423,0.9230,11743.73,0.0852,658.00,0.8515,1.4777,1.4053,2.3202,3.1065
32,22000,100,88,70,384.00,772.00,3.2155,6.3423,0.9315,11474.43,0.0872,670.00,0.8715,1.5157,1.4707,2.2812,2.7510
32,22000,100,88,88,384.00,772.00,3.2155,6.3423,0.9325,11418.88,0.0876,668.00,0.8757,1.5511,1.4920,2.3528,2.8737
32,22000,100,88,132,384.00,772.00,3.2155,6.3423,0.9328,11215.23,0.0892,668.00,0.8916,1.5625,1.4881,2.3982,3.1169
32,22000,100,88,176,384.00,772.00,3.2155,6.3423,0.9329,11024.85,0.0907,656.00,0.9070,1.6088,1.5529,2.4026,3.0029
32,22000,100,176,35,384.00,772.00,3.2155,6.3423,0.9532,6511.27,0.1536,659.00,1.5358,2.8289,2.7395,4.1503,5.0666
32,22000,100,176,70,384.00,772.00,3.2155,6.3423,0.9695,6254.99,0.1599,662.00,1.5987,2.8302,2.7295,4.2205,5.3981
32,22000,100,176,140,384.00,772.00,3.2155,6.3423,0.9730,6183.29,0.1617,663.00,1.6173,2.8797,2.7713,4.2818,5.6572
32,22000,100,176,176,384.00,772.00,3.2155,6.3423,0.9732,6287.48,0.1590,665.00,1.5905,2.9276,2.8400,4.2322,5.1119
32,22000,100,176,264,384.00,772.00,3.2155,6.3423,0.9732,6006.26,0.1665,664.00,1.6649,3.0246,2.9211,4.4054,5.3344
32,22000,100,176,352,384.00,772.00,3.2155,6.3423,0.9733,5714.77,0.1750,668.00,1.7499,3.1757,3.0744,4.6431,5.9329
32,22000,100,352,70,384.00,772.00,3.2155,6.3423,0.9839,3406.36,0.2936,676.00,2.9357,5.4662,5.3266,7.6797,9.1152
32,22000,100,352,140,384.00,772.00,3.2155,6.3423,0.9905,3373.05,0.2965,674.00,2.9647,5.5374,5.4016,7.7256,9.2737
32,22000,100,352,281,384.00,772.00,3.2155,6.3423,0.9918,3277.38,0.3051,672.00,3.0512,5.6167,5.4787,7.8686,9.3970
32,22000,100,352,352,384.00,772.00,3.2155,6.3423,0.9918,3219.33,0.3106,676.00,3.1062,5.6714,5.5208,8.0580,9.7354
32,22000,100,352,528,384.00,772.00,3.2155,6.3423,0.9918,3056.24,0.3272,673.00,3.2720,6.0588,5.9448,8.2724,9.4720
32,22000,100,352,704,384.00,772.00,3.2155,6.3423,0.9918,2937.49,0.3404,677.00,3.4043,6.3735,6.2192,8.7311,10.2885
32,22000,100,704,140,384.00,772.00,3.2155,6.3423,0.9955,1882.90,0.5311,706.00,5.3110,9.9876,9.8207,13.3513,15.8347
32,22000,100,704,281,384.00,772.00,3.2155,6.3423,0.9975,1825.35,0.5478,718.00,5.4784,10.3080,10.0885,14.2915,18.3950
32,22000,100,704,563,384.00,772.00,3.2155,6.3423,0.9979,1759.36,0.5684,726.00,5.6839,10.8392,10.6904,14.2957,16.4084
32,22000,100,704,704,384.00,772.00,3.2155,6.3423,0.9979,1782.00,0.5612,726.00,5.6117,10.7967,10.6574,14.4210,17.5723
32,22000,100,704,1056,384.00,772.00,3.2155,6.3423,0.9980,1560.36,0.6409,728.00,6.4088,12.1275,11.9757,15.6965,17.4942
32,22000,100,704,1408,384.00,772.00,3.2155,6.3423,0.9980,1413.68,0.7074,731.00,7.0737,13.3812,13.2635,17.1708,20.2229
32,22000,100,1408,281,384.00,772.00,3.2155,6.3423,0.9986,1022.09,0.9784,791.00,9.7839,18.6915,18.3844,24.5330,28.9017
32,22000,100,1408,563,384.00,772.00,3.2155,6.3423,0.9992,967.96,1.0331,805.00,10.3310,19.8178,19.5271,25.5568,28.6578
32,22000,100,1408,1126,384.00,772.00,3.2155,6.3423,0.9993,911.77,1.0968,812.00,10.9677,21.2549,20.9677,26.9026,29.8348
32,22000,100,1408,1408,384.00,772.00,3.2155,6.3423,0.9993,881.37,1.1346,816.00,11.3459,21.7734,21.5159,27.3844,30.9698
32,22000,100,1408,2112,384.00,772.00,3.2155,6.3423,0.9993,762.00,1.3123,822.00,13.1233,25.3332,24.8828,32.0427,41.7072
32,22000,100,1408,2816,384.00,772.00,3.2155,6.3423,0.9993,632.50,1.5810,827.00,15.8102,30.7325,30.4682,36.4746,40.6973
32,22000,200,22,4,379.00,773.00,4.4475,7.6663,0.6887,32768.15,0.0305,688.00,0.3052,0.4697,0.4449,0.8104,1.0628
32,22000,200,22,8,379.00,773.00,4.4475,7.6663,0.7405,35047.22,0.0285,685.00,0.2853,0.4244,0.3994,0.7379,0.9699
32,22000,200,22,17,379.00,773.00,4.4475,7.6663,0.7642,33365.51,0.0300,685.00,0.2997,0.4192,0.3940,0.7294,0.9513
32,22000,200,22,22,379.00,773.00,4.4475,7.6663,0.7680,34241.69,0.0292,687.00,0.2920,0.4309,0.4074,0.7307,0.9565
32,22000,200,22,33,379.00,773.00,4.4475,7.6663,0.7700,32393.60,0.0309,684.00,0.3087,0.4380,0.4121,0.7474,0.9660
32,22000,200,22,44,379.00,773.00,4.4475,7.6663,0.7707,33340.76,0.0300,685.00,0.2999,0.4455,0.4188,0.7361,0.9466
32,22000,200,44,8,379.00,773.00,4.4475,7.6663,0.8039,21102.44,0.0474,682.00,0.4739,0.7691,0.7375,1.2605,1.6104
32,22000,200,44,17,379.00,773.00,4.4475,7.6663,0.8490,20748.24,0.0482,687.00,0.4820,0.7893,0.7550,1.2789,1.6419
32,22000,200,44,35,379.00,773.00,4.4475,7.6663,0.8629,20998.71,0.0476,687.00,0.4762,0.7957,0.7603,1.2693,1.5839
32,22000,200,44,44,379.00,773.00,4.4475,7.6663,0.8642,19764.33,0.0506,686.00,0.5060,0.7920,0.7383,1.3431,1.7776
32,22000,200,44,66,379.00,773.00,4.4475,7.6663,0.8653,20234.53,0.0494,686.00,0.4942,0.8108,0.7788,1.2700,1.5870
32,22000,200,44,88,379.00,773.00,4.4475,7.6663,0.8655,19863.05,0.0503,685.00,0.5034,0.8384,0.8072,1.2906,1.5964
32,22000,200,88,17,379.00,773.00,4.4475,7.6663,0.8966,11578.82,0.0864,688.00,0.8636,1.4447,1.3693,2.3054,3.2965
32,22000,200,88,35,379.00,773.00,4.4475,7.6663,0.9250,11677.97,0.0856,683.00,0.8563,1.4703,1.3962,2.3090,3.1883
32,22000,200,88,70,379.00,773.00,4.4475,7.6663,0.9323,11722.07,0.0853,687.00,0.8531,1.4969,1.4421,2.2756,2.8456
32,22000,200,88,88,379.00,773.00,4.4475,7.6663,0.9328,11518.06,0.0868,688.00,0.8682,1.5296,1.4737,2.3346,2.8747
32,22000,200,88,132,379.00,773.00,4.4475,7.6663,0.9331,11040.51,0.0906,688.00,0.9058,1.5642,1.4987,2.4087,3.1495
32,22000,200,88,176,379.00,773.00,4.4475,7.6663,0.9330,11016.20,0.0908,686.00,0.9078,1.6250,1.5674,2.4337,2.9537
32,22000,200,176,35,379.00,773.00,4.4475,7.6663,0.9561,6609.25,0.1513,691.00,1.5130,2.7853,2.7043,4.1019,4.9609
32,22000,200,176,70,379.00,773.00,4.4475,7.6663,0.9699,6623.16,0.1510,690.00,1.5099,2.8121,2.7197,4.1367,5.1758
32,22000,200,176,140,379.00,773.00,4.4475,7.6663,0.9726,6453.23,0.1550,688.00,1.5496,2.8605,2.7478,4.2099,5.7113
32,22000,200,176,176,379.00,773.00,4.4475,7.6663,0.9727,6393.98,0.1564,687.00,1.5640,2.8952,2.7940,4.2137,5.2554
32,22000,200,176,264,379.00,773.00,4.4475,7.6663,0.9726,6027.72,0.1659,686.00,1.6590,3.0265,2.9027,4.4250,5.9597
32,22000,200,176,352,379.00,773.00,4.4475,7.6663,0.9727,5802.23,0.1723,688.00,1.7235,3.1897,3.0954,4.5166,5.4232
32,22000,200,352,70,379.00,773.00,4.4475,7.6663,0.9854,3519.62,0.2841,698.00,2.8412,5.2822,5.1669,7.4505,8.6433
32,22000,200,352,140,379.00,773.00,4.4475,7.6663,0.9911,3408.81,0.2934,703.00,2.9336,5.3670,5.1689,7.6595,11.3623
32,22000,200,352,281,379.00,773.00,4.4475,7.6663,0.9917,3430.72,0.2915,720.00,2.9148,5.4358,5.2992,7.5861,10.8523
32,22000,200,352,352,379.00,773.00,4.4475,7.6663,0.9918,3471.02,0.2881,718.00,2.8810,5.5399,5.4423,7.5724,8.7597
32,22000,200,352,528,379.00,773.00,4.4475,7.6663,0.9918,3302.64,0.3028,703.00,3.0279,5.7986,5.6468,8.0393,10.1136
32,22000,200,352,704,379.00,773.00,4.4475,7.6663,0.9919,3077.89,0.3249,707.00,3.2490,6.2188,6.1004,8.4007,10.1451
32,22000,200,704,140,379.00,773.00,4.4475,7.6663,0.9961,1889.21,0.5293,743.00,5.2932,10.0201,9.8301,13.4894,16.0496
32,22000,200,704,281,379.00,773.00,4.4475,7.6663,0.9976,1790.34,0.5586,747.00,5.5855,10.4360,10.2785,14.0314,16.1283
32,22000,200,704,563,379.00,773.00,4.4475,7.6663,0.9978,1728.59,0.5785,733.00,5.7851,10.7964,10.6496,14.3968,16.6748
32,22000,200,704,704,379.00,773.00,4.4475,7.6663,0.9978,1705.83,0.5862,747.00,5.8623,10.8931,10.6695,14.6743,18.5248
32,22000,200,704,1056,379.00,773.00,4.4475,7.6663,0.9978,1546.31,0.6467,750.00,6.4670,12.0463,11.8466,15.7526,19.0511
32,22000,200,704,1408,379.00,773.00,4.4475,7.6663,0.9978,1424.80,0.7019,747.00,7.0185,13.2577,13.0687,17.0697,19.7517
32,22000,200,1408,281,379.00,773.00,4.4475,7.6663,0.9989,981.56,1.0188,827.00,10.1879,18.9400,18.8217,25.0540,27.7947
32,22000,200,1408,563,379.00,773.00,4.4475,7.6663,0.9992,943.19,1.0602,815.00,10.6023,19.9297,19.7890,25.2836,28.2601
32,22000,200,1408,1126,379.00,773.00,4.4475,7.6663,0.9992,917.87,1.0895,841.00,10.8948,20.9681,20.6884,26.8644,29.9316
32,22000,200,1408,1408,379.00,773.00,4.4475,7.6663,0.9992,876.48,1.1409,824.00,11.4093,21.6988,21.6029,27.0400,29.2723
32,22000,200,1408,2112,379.00,773.00,4.4475,7.6663,0.9992,745.92,1.3406,841.00,13.4062,25.5417,25.3898,31.1027,34.1772
32,22000,200,1408,2816,379.00,773.00,4.4475,7.6663,0.9992,605.88,1.6505,828.00,16.5049,31.6061,31.6541,36.9444,39.5696
32,26000,40,26,5,394.00,776.00,4.4117,7.9804,0.7418,30807.78,0.0325,659.00,0.3246,0.5027,0.4806,0.8560,1.0989
32,26000,40,26,10,394.00,776.00,4.4117,7.9804,0.7695,32559.53,0.0307,671.00,0.3071,0.4586,0.4352,0.7850,1.0404
32,26000,40,26,20,394.00,776.00,4.4117,7.9804,0.7794,32145.15,0.0311,660.00,0.3111,0.4473,0.4225,0.7624,0.9697
32,26000,40,26,26,394.00,776.00,4.4117,7.9804,0.7811,33063.81,0.0302,663.00,0.3024,0.4390,0.4166,0.7303,0.9692
32,26000,40,26,39,394.00,776.00,4.4117,7.9804,0.7823,32790.53,0.0305,660.00,0.3050,0.4587,0.4355,0.7402,0.9159
32,26000,40,26,52,394.00,776.00,4.4117,7.9804,0.7824,31016.97,0.0322,662.00,0.3224,0.4685,0.4461,0.7554,0.9538
32,26000,40,52,10,394.00,776.00,4.4117,7.9804,0.8450,20286.45,0.0493,662.00,0.4929,0.8137,0.7877,1.2821,1.6196
32,26000,40,52,20,394.00,776.00,4.4117,7.9804,0.8668,19799.73,0.0505,656.00,0.5051,0.8414,0.8094,1.3157,1.6067
32,26000,40,52,41,394.00,776.00,4.4117,7.9804,0.8735,18414.11,0.0543,658.00,0.5431,0.8568,0.8244,1.3693,1.7322
32,26000,40,52,52,394.00,776.00,4.4117,7.9804,0.8739,19678.42,0.0508,662.00,0.5082,0.8501,0.8250,1.3229,1.6571
32,26000,40,52,78,394.00,776.00,4.4117,7.9804,0.8741,18584.67,0.0538,661.00,0.5381,0.8763,0.8301,1.4206,1.8299
32,26000,40,52,104,394.00,776.00,4.4117,7.9804,0.8740,18343.73,0.0545,661.00,0.5451,0.9265,0.8891,1.4412,1.8161
32,26000,40,104,20,394.00,776.00,4.4117,7.9804,0.9212,11391.44,0.0878,656.00,0.8779,1.5412,1.5003,2.2979,2.8207
32,26000,40,104,41,394.00,776.00,4.4117,7.9804,0.9363,11474.94,0.0871,661.00,0.8715,1.5601,1.5105,2.3306,2.8936
32,26000,40,104,83,394.00,776.00,4.4117,7.9804,0.9388,11086.80,0.0902,668.00,0.9020,1.6036,1.5575,2.3572,2.8822
32,26000,40,104,104,394.00,776.00,4.4117,7.9804,0.9390,11055.39,0.0905,663.00,0.9045,1.5703,1.5159,2.3742,2.9082
32,26000,40,104,156,394.00,776.00,4.4117,7.9804,0.9392,10343.56,0.0967,667.00,0.9668,1.6602,1.5992,2.4992,3.0939
32,26000,40,104,208,394.00,776.00,4.4117,7.9804,0.9392,10260.76,0.0975,664.00,0.9746,1.7286,1.6915,2.4658,2.9499
32,26000,40,208,41,394.00,776.00,4.4117,7.9804,0.9683,6161.58,0.1623,678.00,1.6230,2.9469,2.8958,4.1621,5.0030
32,26000,40,208,83,394.00,776.00,4.4117,7.9804,0.9748,6103.48,0.1638,664.00,1.6384,2.9710,2.9037,4.2504,4.9756
32,26000,40,208,166,394.00,776.00,4.4117,7.9804,0.9761,6018.05,0.1662,672.00,1.6617,3.0825,3.0204,4.3410,5.2619
32,26000,40,208,208,394.00,776.00,4.4117,7.9804,0.9762,5957.18,0.1679,676.00,1.6786,3.1174,3.0424,4.3867,5.2798
32,26000,40,208,312,394.00,776.00,4.4117,7.9804,0.9762,5597.01,0.1787,672.00,1.7867,3.3255,3.2555,4.5674,5.4610
32,26000,40,208,416,394.00,776.00,4.4117,7.9804,0.9763,5502.56,0.1817,672.00,1.8173,3.4221,3.3667,4.5920,5.3069
32,26000,40,416,83,394.00,776.00,4.4117,7.9804,0.9895,3420.63,0.2923,690.00,2.9234,5.4965,5.3809,7.6836,9.1732
32,26000,40,416,166,394.00,776.00,4.4117,7.9804,0.9921,3315.08,0.3017,683.00,3.0165,5.5559,5.4496,7.7100,9.3341
32,26000,40,416,332,394.00,776.00,4.4117,7.9804,0.9925,3264.59,0.3063,691.00,3.0632,5.7913,5.7114,7.8892,9.1682
32,26000,40,416,416,394.00,776.00,4.4117,7.9804,0.9925,3270.55,0.3058,698.00,3.0576,5.8338,5.7185,7.9344,9.5927
32,26000,40,416,624,394.00,776.00,4.4117,7.9804,0.9925,3041.62,0.3288,695.00,3.2877,6.3062,6.2274,8.3243,9.5040
32,26000,40,416,832,394.00,776.00,4.4117,7.9804,0.9925,2795.91,0.3577,688.00,3.5767,6.8945,6.8129,8.8273,9.9520
32,26000,40,832,166,394.00,776.00,4.4117,7.9804,0.9969,1814.38,0.5512,719.00,5.5115,10.4715,10.3328,13.7434,15.7974
32,26000,40,832,332,394.00,776.00,4.4117,7.9804,0.9977,1754.38,0.5700,721.00,5.7000,10.7984,10.6538,14.0790,16.1203
32,26000,40,832,665,394.00,776.00,4.4117,7.9804,0.9978,1680.98,0.5949,718.00,5.9489,11.2484,11.0675,14.7850,17.9944
32,26000,40,832,832,394.00,776.00,4.4117,7.9804,0.9978,1624.94,0.6154,739.00,6.1541,11.6508,11.5050,14.9813,17.2587
32,26000,40,832,1248,394.00,776.00,4.4117,7.9804,0.9978,1436.19,0.6963,741.00,6.9629,13.0124,12.8151,16.9050,19.8133
32,26000,40,832,1664,394.00,776.00,4.4117,7.9804,0.9980,1292.88,0.7735,737.00,7.7347,14.9675,14.8177,18.3467,20.2414
32,26000,40,1664,332,394.00,776.00,4.4117,7.9804,0.9987,984.52,1.0157,841.00,10.1572,19.5670,19.2994,25.4277,28.7776
32,26000,40,1664,665,394.00,776.00,4.4117,7.9804,0.9989,913.20,1.0951,848.00,10.9506,20.7822,20.6607,26.0111,28.7853
32,26000,40,1664,1331,394.00,776.00,4.4117,7.9804,0.9991,836.42,1.1956,853.00,11.9557,22.8097,22.6839,28.0357,30.5947
32,26000,40,1664,1664,394.00,776.00,4.4117,7.9804,0.9991,823.35,1.2145,852.00,12.1455,23.5004,23.2571,28.7418,33.0664
32,26000,40,1664,2496,394.00,776.00,4.4117,7.9804,0.9991,670.24,1.4920,864.00,14.9200,28.8295,28.4944,35.1393,44.7923
32,26000,40,1664,3328,394.00,776.00,4.4117,7.9804,0.9992,529.87,1.8872,864.00,18.8724,36.7594,36.6090,42.0296,44.7795
32,26000,100,26,5,425.00,776.00,3.6838,6.9337,0.7110,30872.58,0.0324,645.00,0.3239,0.5113,0.4932,0.8565,1.0695
32,26000,100,26,10,425.00,776.00,3.6838,6.9337,0.7576,32774.10,0.0305,647.00,0.3051,0.4621,0.4412,0.7796,0.9824
32,26000,100,26,20,425.00,776.00,3.6838,6.9337,0.7804,33053.75,0.0303,644.00,0.3025,0.4500,0.4293,0.7608,0.9471
32,26000,100,26,26,425.00,776.00,3.6838,6.9337,0.7830,32683.54,0.0306,644.00,0.3060,0.4424,0.4189,0.7401,0.9858
32,26000,100,26,39,425.00,776.00,3.6838,6.9337,0.7854,33299.14,0.0300,649.00,0.3003,0.4455,0.4214,0.7478,0.9822
32,26000,100,26,52,425.00,776.00,3.6838,6.9337,0.7861,32579.71,0.0307,644.00,0.3069,0.4657,0.4443,0.7588,0.9521
32,26000,100,52,10,425.00,776.00,3.6838,6.9337,0.8174,19569.70,0.0511,643.00,0.5110,0.8290,0.8016,1.3097,1.6166
32,26000,100,52,20,425.00,776.00,3.6838,6.9337,0.8596,19908.35,0.0502,641.00,0.5023,0.8359,0.8062,1.3266,1.6332
32,26000,100,52,41,425.00,776.00,3.6838,6.9337,0.8738,20111.94,0.0497,646.00,0.4972,0.8238,0.7971,1.3178,1.6473
32,26000,100,52,52,425.00,776.00,3.6838,6.9337,0.8754,20025.03,0.0499,646.00,0.4994,0.8332,0.7986,1.3343,1.7104
32,26000,100,52,78,425.00,776.00,3.6838,6.9337,0.8764,19291.97,0.0518,644.00,0.5184,0.8443,0.8110,1.3620,1.7851
32,26000,100,52,104,425.00,776.00,3.6838,6.9337,0.8767,18961.16,0.0527,657.00,0.5274,0.8756,0.8426,1.3534,1.7509
32,26000,100,104,20,425.00,776.00,3.6838,6.9337,0.9038,11724.68,0.0853,652.00,0.8529,1.5162,1.4693,2.3191,2.9291
32,26000,100,104,41,425.00,776.00,3.6838,6.9337,0.9323,11415.90,0.0876,654.00,0.8760,1.5437,1.4886,2.3433,2.8877
32,26000,100,104,83,425.00,776.00,3.6838,6.9337,0.9403,11245.52,0.0889,643.00,0.8892,1.5735,1.5357,2.3431,2.8182
32,26000,100,104,104,425.00,776.00,3.6838,6.9337,0.9411,11291.31,0.0886,648.00,0.8856,1.5865,1.5426,2.3834,2.9213
32,26000,100,104,156,425.00,776.00,3.6838,6.9337,0.9414,10532.41,0.0949,647.00,0.9495,1.6390,1.5751,2.4817,3.3072
32,26000,100,104,208,425.00,776.00,3.6838,6.9337,0.9414,10468.47,0.0955,645.00,0.9552,1.7231,1.6803,2.4810,2.9432
32,26000,100,208,41,425.00,776.00,3.6838,6.9337,0.9589,6238.79,0.1603,657.00,1.6029,2.8729,2.7976,4.1567,5.5714
32,26000,100,208,83,425.00,776.00,3.6838,6.9337,0.9736,6127.55,0.1632,655.00,1.6320,2.9784,2.9140,4.2671,5.0251
32,26000,100,208,166,425.00,776.00,3.6838,6.9337,0.9768,5980.27,0.1672,649.00,1.6722,3.0614,3.0091,4.3023,5.0507
32,26000,100,208,208,425.00,776.00,3.6838,6.9337,0.9769,5903.53,0.1694,656.00,1.6939,3.1191,3.0570,4.4005,5.1818
32,26000,100,208,312,425.00,776.00,3.6838,6.9337,0.9770,5618.98,0.1780,657.00,1.7797,3.2614,3.1946,4.5692,5.4145
32,26000,100,208,416,425.00,776.00,3.6838,6.9337,0.9769,5420.80,0.1845,657.00,1.8447,3.3710,3.2689,4.8336,6.0416
32,26000,100,416,83,425.00,776.00,3.6838,6.9337,0.9863,3393.13,0.2947,667.00,2.9471,5.5303,5.4332,7.6190,8.7720
32,26000,100,416,166,425.00,776.00,3.6838,6.9337,0.9921,3212.62,0.3113,671.00,3.1127,5.7157,5.5538,8.1712,10.9327
32,26000,100,416,332,425.00,776.00,3.6838,6.9337,0.9929,3128.71,0.3196,671.00,3.1962,5.9563,5.8496,8.0487,9.2139
32,26000,100,416,416,425.00,776.00,3.6838,6.9337,0.9929,3162.83,0.3162,674.00,3.1617,5.9377,5.8232,8.1126,9.5664
32,26000,100,416,624,425.00,776.00,3.6838,6.9337,0.9929,2973.02,0.3364,675.00,3.3636,6.3922,6.2754,8.5148,10.0623
32,26000,100,416,832,425.00,776.00,3.6838,6.9337,0.9929,2695.05,0.3711,674.00,3.7105,6.8931,6.7177,9.3568,12.0130
32,26000,100,832,166,425.00,776.00,3.6838,6.9337,0.9964,1755.40,0.5697,734.00,5.6967,10.4948,10.3486,14.0214,16.2928
32,26000,100,832,332,425.00,776.00,3.6838,6.9337,0.9980,1757.20,0.5691,738.00,5.6909,10.7130,10.5183,14.4520,17.5572
32,26000,100,832,665,425.00,776.00,3.6838,6.9337,0.9982,1683.83,0.5939,732.00,5.9389,11.3439,11.2125,14.7457,17.1467
32,26000,100,832,832,425.00,776.00,3.6838,6.9337,0.9982,1650.18,0.6060,726.00,6.0599,11.6169,11.4816,15.0088,17.4754
32,26000,100,832,1248,425.00,776.00,3.6838,6.9337,0.9982,1455.52,0.6870,733.00,6.8704,13.1552,13.0385,16.4448,18.3244
32,26000,100,832,1664,425.00,776.00,3.6838,6.9337,0.9983,1280.86,0.7807,744.00,7.8073,14.9510,14.8044,18.4592,20.5376
32,26000,100,1664,332,425.00,776.00,3.6838,6.9337,0.9988,947.00,1.0560,827.00,10.5597,19.8214,19.6880,26.1383,29.0451
32,26000,100,1664,665,425.00,776.00,3.6838,6.9337,0.9993,907.68,1.1017,842.00,11.0171,20.8320,20.6852,26.3269,29.5823
32,26000,100,1664,1331,425.00,776.00,3.6838,6.9337,0.9993,838.48,1.1926,838.00,11.9264,22.8118,22.6390,28.0750,30.6100
32,26000,100,1664,1664,425.00,776.00,3.6838,6.9337,0.9993,802.88,1.2455,864.00,12.4551,23.5679,23.4320,29.0531,32.4638
32,26000,100,1664,2496,425.00,776.00,3.6838,6.9337,0.9993,661.70,1.5113,853.00,15.1126,29.0458,28.9571,34.2679,36.6643
32,26000,100,1664,3328,425.00,776.00,3.6838,6.9337,0.9993,533.35,1.8749,866.00,18.7495,36.3076,36.2188,41.8606,44.6761
32,26000,200,26,5,420.00,781.00,5.0855,8.3824,0.7175,30695.06,0.0326,656.00,0.3258,0.5244,0.4961,0.8821,1.1224
32,26000,200,26,10,420.00,781.00,5.0855,8.3824,0.7629,31516.05,0.0317,660.00,0.3173,0.4656,0.4434,0.7771,0.9673
32,26000,200,26,20,420.00,781.00,5.0855,8.3824,0.7836,31124.42,0.0321,658.00,0.3213,0.4564,0.4306,0.7864,1.0185
32,26000,200,26,26,420.00,781.00,5.0855,8.3824,0.7863,31333.96,0.0319,657.00,0.3191,0.4590,0.4350,0.7687,0.9692
32,26000,200,26,39,420.00,781.00,5.0855,8.3824,0.7884,31727.51,0.0315,657.00,0.3152,0.4766,0.4493,0.7928,1.0258
32,26000,200,26,52,420.00,781.00,5.0855,8.3824,0.7889,31876.80,0.0314,655.00,0.3137,0.4719,0.4504,0.7529,0.9629
32,26000,200,52,10,420.00,781.00,5.0855,8.3824,0.8240,19259.97,0.0519,659.00,0.5192,0.8279,0.7899,1.3731,1.8584
32,26000,200,52,20,420.00,781.00,5.0855,8.3824,0.8623,19566.97,0.0511,656.00,0.5111,0.8404,0.8120,1.3334,1.6615
32,26000,200,52,41,420.00,781.00,5.0855,8.3824,0.8757,19108.00,0.0523,656.00,0.5233,0.8367,0.8132,1.3053,1.6268
32,26000,200,52,52,420.00,781.00,5.0855,8.3824,0.8766,20013.48,0.0500,663.00,0.4997,0.8369,0.8070,1.3141,1.6579
32,26000,200,52,78,420.00,781.00,5.0855,8.3824,0.8775,19503.85,0.0513,654.00,0.5127,0.8578,0.8312,1.3290,1.6465
32,26000,200,52,104,420.00,781.00,5.0855,8.3824,0.8778,18718.29,0.0534,654.00,0.5342,0.8850,0.8535,1.3679,1.7231
32,26000,200,104,20,420.00,781.00,5.0855,8.3824,0.9085,11476.45,0.0871,659.00,0.8713,1.5429,1.4870,2.3679,3.0403
32,26000,200,104,41,420.00,781.00,5.0855,8.3824,0.9338,11175.14,0.0895,650.00,0.8948,1.5933,1.5443,2.3770,2.8960
32,26000,200,104,83,420.00,781.00,5.0855,8.3824,0.9403,11177.89,0.0895,656.00,0.8946,1.5921,1.5423,2.3782,2.8966
32,26000,200,104,104,420.00,781.00,5.0855,8.3824,0.9407,11127.45,0.0899,655.00,0.8987,1.5987,1.5483,2.3928,3.0125
32,26000,200,104,156,420.00,781.00,5.0855,8.3824,0.9409,10604.52,0.0943,661.00,0.9430,1.6821,1.6346,2.4986,3.0286
32,26000,200,104,208,420.00,781.00,5.0855,8.3824,0.9409,10327.52,0.0968,659.00,0.9683,1.7378,1.6802,2.5849,3.2119
32,26000,200,208,41,420.00,781.00,5.0855,8.3824,0.9617,6203.94,0.1612,656.00,1.6119,2.9760,2.9206,4.2241,4.9365
32,26000,200,208,83,420.00,781.00,5.0855,8.3824,0.9745,5927.67,0.1687,660.00,1.6870,3.0248,2.9108,4.5338,6.0257
32,26000,200,208,166,420.00,781.00,5.0855,8.3824,0.9770,6085.71,0.1643,660.00,1.6432,3.0761,3.0050,4.3761,5.1769
32,26000,200,208,208,420.00,781.00,5.0855,8.3824,0.9770,5933.46,0.1685,659.00,1.6854,3.0483,2.9437,4.4792,5.9052
32,26000,200,208,312,420.00,781.00,5.0855,8.3824,0.9771,5613.17,0.1782,671.00,1.7815,3.1980,3.1086,4.6348,5.8270
32,26000,200,208,416,420.00,781.00,5.0855,8.3824,0.9771,5368.09,0.1863,673.00,1.8629,3.3908,3.3219,4.6963,5.6404
32,26000,200,416,83,420.00,781.00,5.0855,8.3824,0.9877,3258.58,0.3069,690.00,3.0688,5.6200,5.5229,7.8268,9.1412
32,26000,200,416,166,420.00,781.00,5.0855,8.3824,0.9927,3199.18,0.3126,687.00,3.1258,5.8303,5.7393,7.9463,9.0836
32,26000,200,416,332,420.00,781.00,5.0855,8.3824,0.9932,3149.08,0.3176,680.00,3.1755,5.8665,5.7718,8.0358,9.4056
32,26000,200,416,416,420.00,781.00,5.0855,8.3824,0.9932,3055.20,0.3273,679.00,3.2731,6.0824,5.9961,8.1660,9.4666
32,26000,200,416,624,420.00,781.00,5.0855,8.3824,0.9932,2917.15,0.3428,696.00,3.4280,6.3536,6.2129,8.7580,10.4827
32,26000,200,416,832,420.00,781.00,5.0855,8.3824,0.9932,2684.49,0.3725,683.00,3.7251,7.0380,6.9389,9.1817,10.5764
32,26000,200,832,166,420.00,781.00,5.0855,8.3824,0.9970,1809.65,0.5526,723.00,5.5259,10.5077,10.3372,13.9478,16.4453
32,26000,200,832,332,420.00,781.00,5.0855,8.3824,0.9981,1717.83,0.5821,730.00,5.8213,10.8311,10.6816,14.4714,17.2428
32,26000,200,832,665,420.00,781.00,5.0855,8.3824,0.9982,1613.07,0.6199,728.00,6.1994,11.6610,11.5610,14.9991,16.5474
32,26000,200,832,832,420.00,781.00,5.0855,8.3824,0.9982,1603.53,0.6236,750.00,6.2362,11.8638,11.7623,15.1818,17.2156
32,26000,200,832,1248,420.00,781.00,5.0855,8.3824,0.9982,1465.04,0.6826,751.00,6.8258,13.1671,13.0237,16.4567,18.5812
32,26000,200,832,1664,420.00,781.00,5.0855,8.3824,0.9982,1270.87,0.7869,750.00,7.8686,14.9299,14.7575,18.6503,21.5427
32,26000,200,1664,332,420.00,781.00,5.0855,8.3824,0.9990,943.79,1.0596,847.00,10.5956,19.8784,19.7851,25.5107,28.1429
32,26000,200,1664,665,420.00,781.00,5.0855,8.3824,0.9992,915.98,1.0917,847.00,10.9172,20.8929,20.6842,26.3197,29.6733
32,26000,200,1664,1331,420.00,781.00,5.0855,8.3824,0.9993,842.99,1.1863,848.00,11.8626,22.8413,22.6516,28.1983,31.0282
32,26000,200,1664,1664,420.00,781.00,5.0855,8.3824,0.9993,816.64,1.2245,855.00,12.2453,23.5758,23.2714,29.5718,37.0233
32,26000,200,1664,2496,420.00,781.00,5.0855,8.3824,0.9993,670.98,1.4903,871.00,14.9035,28.9804,28.5731,35.4840,41.0189
32,26000,200,1664,3328,420.00,781.00,5.0855,8.3824,0.9993,532.96,1.8763,867.00,18.7633,36.5863,36.4713,41.9640,44.5655
32,30000,40,30,6,443.00,781.00,5.2267,8.9324,0.7592,29845.15,0.0335,659.00,0.3351,0.5106,0.4879,0.8726,1.1950
32,30000,40,30,12,443.00,781.00,5.2267,8.9324,0.7839,31614.46,0.0316,662.00,0.3163,0.4656,0.4426,0.7845,1.0742
32,30000,40,30,24,443.00,781.00,5.2267,8.9324,0.7926,31977.35,0.0313,656.00,0.3127,0.4740,0.4564,0.7746,0.9544
32,30000,40,30,30,443.00,781.00,5.2267,8.9324,0.7934,32835.69,0.0305,658.00,0.3045,0.4600,0.4421,0.7481,0.9284
32,30000,40,30,45,443.00,781.00,5.2267,8.9324,0.7944,30263.59,0.0330,653.00,0.3304,0.4686,0.4461,0.7649,1.0214
32,30000,40,30,60,443.00,781.00,5.2267,8.9324,0.7945,30347.22,0.0330,663.00,0.3295,0.4906,0.4703,0.7842,0.9843
32,30000,40,60,12,443.00,781.00,5.2267,8.9324,0.8574,19849.99,0.0504,660.00,0.5038,0.8192,0.7917,1.3070,1.5974
32,30000,40,60,24,443.00,781.00,5.2267,8.9324,0.8765,19582.08,0.0511,659.00,0.5107,0.8193,0.7848,1.3182,1.7094
32,30000,40,60,48,443.00,781.00,5.2267,8.9324,0.8817,19301.08,0.0518,664.00,0.5181,0.8515,0.8194,1.3597,1.7366
32,30000,40,60,60,443.00,781.00,5.2267,8.9324,0.8822,19233.42,0.0520,662.00,0.5199,0.8632,0.8400,1.3109,1.6167
32,30000,40,60,90,443.00,781.00,5.2267,8.9324,0.8822,18682.00,0.0535,655.00,0.5353,0.8865,0.8603,1.3561,1.7222
32,30000,40,60,120,443.00,781.00,5.2267,8.9324,0.8822,18336.99,0.0545,654.00,0.5453,0.9159,0.8888,1.3964,1.7843
32,30000,40,120,24,443.00,781.00,5.2267,8.9324,0.9294,11269.34,0.0887,663.00,0.8874,1.5576,1.5107,2.3399,2.9768
32,30000,40,120,48,443.00,781.00,5.2267,8.9324,0.9420,11258.88,0.0888,664.00,0.8882,1.5715,1.5286,2.3686,2.8775
32,30000,40,120,96,443.00,781.00,5.2267,8.9324,0.9447,10757.33,0.0930,658.00,0.9296,1.6371,1.6213,2.3359,2.7022
32,30000,40,120,120,443.00,781.00,5.2267,8.9324,0.9447,10822.33,0.0924,661.00,0.9240,1.6015,1.5762,2.3822,2.8967
32,30000,40,120,180,443.00,781.00,5.2267,8.9324,0.9448,10276.21,0.0973,666.00,0.9731,1.6958,1.6497,2.5136,3.0976
32,30000,40,120,240,443.00,781.00,5.2267,8.9324,0.9449,9854.53,0.1015,668.00,1.0148,1.7808,1.7328,2.6023,3.2637
32,30000,40,240,48,443.00,781.00,5.2267,8.9324,0.9715,6202.66,0.1612,665.00,1.6122,2.9755,2.9150,4.3049,5.0624
32,30000,40,240,96,443.00,781.00,5.2267,8.9324,0.9770,6088.91,0.1642,670.00,1.6423,3.0420,2.9998,4.2768,5.0574
32,30000,40,240,192,443.00,781.00,5.2267,8.9324,0.9781,5881.39,0.1700,673.00,1.7003,3.1302,3.0908,4.3382,5.0415
32,30000,40,240,240,443.00,781.00,5.2267,8.9324,0.9782,5872.24,0.1703,671.00,1.7029,3.1774,3.1308,4.3986,5.0690
32,30000,40,240,360,443.00,781.00,5.2267,8.9324,0.9783,5441.07,0.1838,670.00,1.8379,3.3604,3.2750,4.7061,6.0958
32,30000,40,240,480,443.00,781.00,5.2267,8.9324,0.9783,5137.73,0.1946,679.00,1.9464,3.5518,3.4844,4.8579,5.8954
32,30000,40,480,96,443.00,781.00,5.2267,8.9324,0.9907,3353.31,0.2982,690.00,2.9821,5.6649,5.5887,7.6690,8.9866
32,30000,40,480,192,443.00,781.00,5.2267,8.9324,0.9933,3197.11,0.3128,698.00,3.1278,5.7646,5.6614,8.0267,9.9154
32,30000,40,480,384,443.00,781.00,5.2267,8.9324,0.9937,3049.55,0.3279,698.00,3.2792,6.1192,6.0375,8.2373,9.4857
32,30000,40,480,480,443.00,781.00,5.2267,8.9324,0.9937,3109.14,0.3216,712.00,3.2163,6.0762,5.9667,8.2780,9.9141
32,30000,40,480,720,443.00,781.00,5.2267,8.9324,0.9937,2851.03,0.3508,698.00,3.5075,6.6749,6.5878,8.9169,10.2922
32,30000,40,480,960,443.00,781.00,5.2267,8.9324,0.9937,2591.52,0.3859,702.00,3.8587,7.4000,7.3168,9.4580,10.6230
32,30000,40,960,192,443.00,781.00,5.2267,8.9324,0.9970,1772.64,0.5641,757.00,5.6413,10.7250,10.6164,14.0428,15.9173
32,30000,40,960,384,443.00,781.00,5.2267,8.9324,0.9980,1719.28,0.5816,747.00,5.8164,11.1547,11.0532,14.3505,16.4137
32,30000,40,960,768,443.00,781.00,5.2267,8.9324,0.9981,1589.92,0.6290,749.00,6.2896,11.9872,11.9316,15.0498,16.6781
32,30000,40,960,960,443.00,781.00,5.2267,8.9324,0.9981,1567.11,0.6381,750.00,6.3812,12.2802,12.1598,15.5702,17.3959
32,30000,40,960,1440,443.00,781.00,5.2267,8.9324,0.9981,1338.79,0.7469,759.00,7.4694,14.2056,14.1682,17.4144,19.0810
32,30000,40,960,1920,443.00,781.00,5.2267,8.9324,0.9982,1144.05,0.8741,752.00,8.7409,16.6932,16.5617,20.1947,22.9049
32,30000,40,1920,384,443.00,781.00,5.2267,8.9324,0.9988,929.63,1.0757,881.00,10.7569,20.4988,20.5218,25.5998,27.5238
32,30000,40,1920,768,443.00,781.00,5.2267,8.9324,0.9990,888.18,1.1259,894.00,11.2590,21.7595,21.5414,27.1537,30.5044
32,30000,40,1920,1536,443.00,781.00,5.2267,8.9324,0.9990,784.50,1.2747,881.00,12.7470,24.2817,24.0979,29.9762,33.8891
32,30000,40,1920,1920,443.00,781.00,5.2267,8.9324,0.9990,743.29,1.3454,894.00,13.4537,25.6327,25.6144,30.9880,33.4538
32,30000,40,1920,2880,443.00,781.00,5.2267,8.9324,0.9991,582.94,1.7154,882.00,17.1545,32.9562,32.8435,38.8906,42.0210
32,30000,40,1920,3840,443.00,781.00,5.2267,8.9324,0.9991,448.64,2.2290,894.00,22.2896,43.2958,43.2651,48.6823,51.3954
32,30000,100,30,6,465.00,783.00,4.2598,7.6288,0.7288,29885.99,0.0335,664.00,0.3346,0.5268,0.5049,0.8822,1.0981
32,30000,100,30,12,465.00,783.00,4.2598,7.6288,0.7726,30439.30,0.0329,665.00,0.3285,0.4824,0.4597,0.8189,1.0274
32,30000,100,30,24,465.00,783.00,4.2598,7.6288,0.7931,31205.14,0.0320,663.00,0.3205,0.4755,0.4545,0.7779,0.9814
32,30000,100,30,30,465.00,783.00,4.2598,7.6288,0.7957,31161.62,0.0321,660.00,0.3209,0.4685,0.4428,0.7770,1.0137
32,30000,100,30,45,465.00,783.00,4.2598,7.6288,0.7977,31669.47,0.0316,666.00,0.3158,0.4731,0.4513,0.7690,0.9609
32,30000,100,30,60,465.00,783.00,4.2598,7.6288,0.7982,30204.07,0.0331,666.00,0.3311,0.4885,0.4649,0.8013,1.0179
32,30000,100,60,12,465.00,783.00,4.2598,7.6288,0.8315,18721.54,0.0534,666.00,0.5341,0.8935,0.8595,1.4217,1.9020
32,30000,100,60,24,465.00,783.00,4.2598,7.6288,0.8699,18647.87,0.0536,666.00,0.5363,0.8751,0.8502,1.3763,1.7008
32,30000,100,60,48,465.00,783.00,4.2598,7.6288,0.8828,18352.98,0.0545,668.00,0.5449,0.8870,0.8567,1.4058,1.7525
32,30000,100,60,60,465.00,783.00,4.2598,7.6288,0.8839,18701.13,0.0535,666.00,0.5347,0.8868,0.8592,1.3668,1.6739
32,30000,100,60,90,465.00,783.00,4.2598,7.6288,0.8849,18158.53,0.0551,668.00,0.5507,0.9191,0.8915,1.4045,1.6853
32,30000,100,60,120,465.00,783.00,4.2598,7.6288,0.8851,17527.42,0.0571,664.00,0.5705,0.9642,0.9434,1.4421,1.7375
32,30000,100,120,24,465.00,783.00,4.2598,7.6288,0.9126,10897.54,0.0918,669.00,0.9176,1.5892,1.5408,2.4051,2.9722
32,30000,100,120,48,465.00,783.00,4.2598,7.6288,0.9381,10669.29,0.0937,669.00,0.9373,1.6098,1.5596,2.4708,3.0889
32,30000,100,120,96,465.00,783.00,4.2598,7.6288,0.9447,11258.49,0.0888,661.00,0.8882,1.6076,1.5520,2.4182,3.1703
32,30000,100,120,120,465.00,783.00,4.2598,7.6288,0.9452,10968.85,0.0912,664.00,0.9117,1.6389,1.6142,2.3977,2.8977
32,30000,100,120,180,465.00,783.00,4.2598,7.6288,0.9458,10313.08,0.0970,668.00,0.9696,1.7070,1.6625,2.4835,3.1973
32,30000,100,120,240,465.00,783.00,4.2598,7.6288,0.9459,10073.40,0.0993,673.00,0.9927,1.7917,1.7386,2.6436,3.4047
32,30000,100,240,48,465.00,783.00,4.2598,7.6288,0.9630,6028.46,0.1659,675.00,1.6588,2.9823,2.8965,4.4095,5.9653
32,30000,100,240,96,465.00,783.00,4.2598,7.6288,0.9755,6083.97,0.1644,667.00,1.6437,3.0612,3.0078,4.2903,5.1097
32,30000,100,240,192,465.00,783.00,4.2598,7.6288,0.9782,5966.43,0.1676,686.00,1.6760,3.1513,3.0949,4.4380,5.2031
32,30000,100,240,240,465.00,783.00,4.2598,7.6288,0.9785,5930.59,0.1686,683.00,1.6862,3.1551,3.0746,4.5182,5.6010
32,30000,100,240,360,465.00,783.00,4.2598,7.6288,0.9786,5602.58,0.1785,675.00,1.7849,3.3422,3.2863,4.6669,5.3656
32,30000,100,240,480,465.00,783.00,4.2598,7.6288,0.9786,5265.40,0.1899,674.00,1.8992,3.5486,3.4723,4.9368,6.2198
32,30000,100,480,96,465.00,783.00,4.2598,7.6288,0.9877,3347.87,0.2987,703.00,2.9870,5.6845,5.6043,7.8208,9.0852
32,30000,100,480,192,465.00,783.00,4.2598,7.6288,0.9929,3253.96,0.3073,689.00,3.0732,5.7895,5.6640,8.1841,10.2188
32,30000,100,480,384,465.00,783.00,4.2598,7.6288,0.9939,3148.91,0.3176,694.00,3.1757,6.0398,5.9283,8.2418,10.0211
32,30000,100,480,480,465.00,783.00,4.2598,7.6288,0.9939,3067.80,0.3260,691.00,3.2597,6.1752,6.0897,8.3242,9.5986
32,30000,100,480,720,465.00,783.00,4.2598,7.6288,0.9939,2827.25,0.3537,694.00,3.5370,6.6761,6.6060,8.8838,10.3781
32,30000,100,480,960,465.00,783.00,4.2598,7.6288,0.9940,2565.03,0.3899,696.00,3.8986,7.4214,7.3666,9.4777,10.7840
32,30000,100,960,192,465.00,783.00,4.2598,7.6288,0.9964,1763.09,0.5672,743.00,5.6719,10.7466,10.5701,14.2446,17.6796
32,30000,100,960,384,465.00,783.00,4.2598,7.6288,0.9979,1635.45,0.6115,749.00,6.1145,11.4422,11.4016,14.8698,16.7156
32,30000,100,960,768,465.00,783.00,4.2598,7.6288,0.9982,1566.75,0.6383,764.00,6.3826,11.9878,11.8623,15.4428,19.1118
32,30000,100,960,960,465.00,783.00,4.2598,7.6288,0.9982,1551.36,0.6446,763.00,6.4460,12.3347,12.2700,15.5114,17.2059
32,30000,100,960,1440,465.00,783.00,4.2598,7.6288,0.9982,1354.16,0.7385,759.00,7.3847,14.0700,13.9547,17.4111,20.1889
32,30000,100,960,1920,465.00,783.00,4.2598,7.6288,0.9982,1170.48,0.8544,761.00,8.5435,16.6190,16.5218,19.9896,21.9732
32,30000,100,1920,384,465.00,783.00,4.2598,7.6288,0.9988,955.24,1.0469,886.00,10.4686,19.9889,19.9701,25.3201,28.6139
32,30000,100,1920,768,465.00,783.00,4.2598,7.6288,0.9992,881.28,1.1347,872.00,11.3471,21.7951,21.6443,26.9574,29.5048
32,30000,100,1920,1536,465.00,783.00,4.2598,7.6288,0.9993,792.91,1.2612,901.00,12.6118,24.3790,24.2227,29.5597,31.8968
32,30000,100,1920,1920,465.00,783.00,4.2598,7.6288,0.9993,771.89,1.2955,900.00,12.9552,25.2105,25.0046,30.7924,33.8711
32,30000,100,1920,2880,465.00,783.00,4.2598,7.6288,0.9993,595.87,1.6782,915.00,16.7821,32.4601,32.3711,37.8076,41.1705
32,30000,100,1920,3840,465.00,783.00,4.2598,7.6288,0.9993,463.50,2.1575,915.00,21.5748,42.4605,42.4587,47.5242,49.9140
32,30000,200,30,6,486.00,786.00,5.9794,9.3737,0.7363,33584.45,0.0298,681.00,0.2978,0.4577,0.4460,0.7667,0.9546
32,30000,200,30,12,486.00,786.00,5.9794,9.3737,0.7775,34225.11,0.0292,682.00,0.2922,0.4375,0.4176,0.7260,0.8995
32,30000,200,30,24,486.00,786.00,5.9794,9.3737,0.7952,32491.83,0.0308,681.00,0.3078,0.4501,0.4291,0.7519,0.9342
32,30000,200,30,30,486.00,786.00,5.9794,9.3737,0.7969,33491.00,0.0299,683.00,0.2986,0.4333,0.4130,0.7271,0.8861
32,30000,200,30,45,486.00,786.00,5.9794,9.3737,0.7985,33065.06,0.0302,682.00,0.3024,0.4721,0.4579,0.7503,0.9115
32,30000,200,30,60,486.00,786.00,5.9794,9.3737,0.7989,32090.84,0.0312,681.00,0.3116,0.4886,0.4702,0.7790,0.9562
32,30000,200,60,12,486.00,786.00,5.9794,9.3737,0.8389,20318.18,0.0492,680.00,0.4922,0.8213,0.7975,1.3121,1.5991
32,30000,200,60,24,486.00,786.00,5.9794,9.3737,0.8736,20140.21,0.0497,680.00,0.4965,0.8420,0.8167,1.3318,1.6102
32,30000,200,60,48,486.00,786.00,5.9794,9.3737,0.8839,19740.71,0.0507,677.00,0.5066,0.8505,0.8284,1.3165,1.6068
32,30000,200,60,60,486.00,786.00,5.9794,9.3737,0.8847,19555.07,0.0511,678.00,0.5114,0.8429,0.8196,1.3301,1.6287
32,30000,200,60,90,486.00,786.00,5.9794,9.3737,0.8851,19138.56,0.0523,679.00,0.5225,0.8947,0.8705,1.3691,1.6671
32,30000,200,60,120,486.00,786.00,5.9794,9.3737,0.8852,17757.50,0.0563,678.00,0.5631,0.9538,0.9151,1.5053,1.7989
32,30000,200,120,24,486.00,786.00,5.9794,9.3737,0.9187,11244.69,0.0889,676.00,0.8893,1.5747,1.5488,2.3676,2.8625
32,30000,200,120,48,486.00,786.00,5.9794,9.3737,0.9407,11236.83,0.0890,682.00,0.8899,1.5963,1.5520,2.3802,2.8296
32,30000,200,120,96,486.00,786.00,5.9794,9.3737,0.9458,11024.11,0.0907,680.00,0.9071,1.5827,1.5205,2.5084,3.3134
32,30000,200,120,120,486.00,786.00,5.9794,9.3737,0.9461,10947.95,0.0913,680.00,0.9134,1.6221,1.5947,2.3981,2.8637
32,30000,200,120,180,486.00,786.00,5.9794,9.3737,0.9463,10415.41,0.0960,683.00,0.9601,1.7059,1.6627,2.5405,3.0117
32,30000,200,120,240,486.00,786.00,5.9794,9.3737,0.9464,10048.81,0.0995,677.00,0.9951,1.8160,1.7724,2.6157,3.0440
32,30000,200,240,48,486.00,786.00,5.9794,9.3737,0.9666,6185.79,0.1617,681.00,1.6166,3.0029,2.9533,4.2925,5.0539
32,30000,200,240,96,486.00,786.00,5.9794,9.3737,0.9770,5956.73,0.1679,683.00,1.6788,3.0490,2.9584,4.4630,5.6661
32,30000,200,240,192,486.00,786.00,5.9794,9.3737,0.9787,5916.05,0.1690,689.00,1.6903,3.1339,3.0810,4.4353,5.1589
32,30000,200,240,240,486.00,786.00,5.9794,9.3737,0.9789,5917.29,0.1690,682.00,1.6900,3.1814,3.1395,4.3814,5.1393
32,30000,200,240,360,486.00,786.00,5.9794,9.3737,0.9789,5613.00,0.1782,687.00,1.7816,3.3671,3.3029,4.6578,5.4864
32,30000,200,240,480,486.00,786.00,5.9794,9.3737,0.9789,5277.55,0.1895,685.00,1.8948,3.5922,3.5302,4.8813,5.7319
32,30000,200,480,96,486.00,786.00,5.9794,9.3737,0.9896,3319.48,0.3013,712.00,3.0125,5.6677,5.6127,7.6531,8.7835
32,30000,200,480,192,486.00,786.00,5.9794,9.3737,0.9937,3228.06,0.3098,702.00,3.0978,5.7751,5.6669,7.9250,9.9449
32,30000,200,480,384,486.00,786.00,5.9794,9.3737,0.9941,3105.98,0.3220,706.00,3.2196,6.0667,6.0047,8.1455,9.4548
32,30000,200,480,480,486.00,786.00,5.9794,9.3737,0.9941,3005.02,0.3328,705.00,3.3278,6.1451,6.0178,8.4420,10.6783
32,30000,200,480,720,486.00,786.00,5.9794,9.3737,0.9941,2855.05,0.3503,707.00,3.5026,6.7041,6.6184,8.7284,9.8799
32,30000,200,480,960,486.00,786.00,5.9794,9.3737,0.9942,2600.02,0.3846,707.00,3.8461,7.4179,7.3402,9.6027,10.7313
32,30000,200,960,192,486.00,786.00,5.9794,9.3737,0.9973,1758.30,0.5687,767.00,5.6873,10.7202,10.6052,14.2069,16.2768
32,30000,200,960,384,486.00,786.00,5.9794,9.3737,0.9983,1701.36,0.5878,773.00,5.8776,11.0997,10.9786,14.5357,17.0257
32,30000,200,960,768,486.00,786.00,5.9794,9.3737,0.9984,1607.02,0.6223,780.00,6.2227,11.9725,11.8802,15.2238,17.0938
32,30000,200,960,960,486.00,786.00,5.9794,9.3737,0.9984,1563.54,0.6396,768.00,6.3957,12.1993,12.0717,15.6535,17.9154
32,30000,200,960,1440,486.00,786.00,5.9794,9.3737,0.9984,1347.52,0.7421,780.00,7.4210,14.1329,14.0408,17.4279,19.4342
32,30000,200,960,1920,486.00,786.00,5.9794,9.3737,0.9984,1153.65,0.8668,770.00,8.6681,16.6281,16.5769,19.9350,21.7157
32,30000,200,1920,384,486.00,786.00,5.9794,9.3737,0.9991,947.02,1.0559,872.00,10.5594,20.0635,20.0741,25.3655,27.6489
32,30000,200,1920,768,486.00,786.00,5.9794,9.3737,0.9993,864.75,1.1564,876.00,11.5640,21.9817,21.9967,27.0762,29.0522
32,30000,200,1920,1536,486.00,786.00,5.9794,9.3737,0.9993,783.57,1.2762,885.00,12.7621,24.5096,24.5204,29.4498,31.5250
32,30000,200,1920,1920,486.00,786.00,5.9794,9.3737,0.9993,750.99,1.3316,888.00,13.3158,25.3256,25.3438,30.4465,33.3366
32,30000,200,1920,2880,486.00,786.00,5.9794,9.3737,0.9993,582.96,1.7154,888.00,17.1539,33.0114,33.1116,38.1104,39.9707
32,30000,200,1920,3840,486.00,786.00,5.9794,9.3737,0.9993,456.16,2.1922,901.00,21.9221,42.6728,42.6743,47.8707,50.5570
64,1000,40,1,1,414.00,820.00,0.9599,3.5160,0.3921,43212.93,0.0231,652.00,0.2314,0.2877,0.2430,0.6371,1.0014
64,1000,40,1,1,414.00,820.00,0.9599,3.5160,0.3921,44023.94,0.0227,655.00,0.2271,0.2722,0.2337,0.5855,0.9195
64,1000,40,1,1,414.00,820.00,0.9599,3.5160,0.3921,46491.36,0.0215,651.00,0.2151,0.2597,0.2212,0.5704,0.9004
64,1000,40,1,1,414.00,820.00,0.9599,3.5160,0.3921,47930.96,0.0209,653.00,0.2086,0.2572,0.2168,0.5700,0.9115
64,1000,40,1,1,414.00,820.00,0.9599,3.5160,0.3921,48256.05,0.0207,650.00,0.2072,0.2443,0.2035,0.5363,0.8382
64,1000,40,1,2,414.00,820.00,0.9599,3.5160,0.3976,48345.42,0.0207,655.00,0.2068,0.2444,0.2069,0.5423,0.8612
64,1000,40,2,1,414.00,820.00,0.9599,3.5160,0.5463,30153.11,0.0332,656.00,0.3316,0.4960,0.4482,0.9485,1.5303
64,1000,40,2,1,414.00,820.00,0.9599,3.5160,0.5463,30644.75,0.0326,656.00,0.3263,0.4822,0.4271,0.9627,1.5215
64,1000,40,2,1,414.00,820.00,0.9599,3.5160,0.5463,32667.94,0.0306,656.00,0.3061,0.4504,0.3991,0.9148,1.5103
64,1000,40,2,2,414.00,820.00,0.9599,3.5160,0.5544,32957.05,0.0303,657.00,0.3034,0.4510,0.4008,0.8836,1.4508
64,1000,40,2,3,414.00,820.00,0.9599,3.5160,0.5558,31635.03,0.0316,657.00,0.3161,0.4367,0.3854,0.9068,1.4927
64,1000,40,2,4,414.00,820.00,0.9599,3.5160,0.5562,32187.82,0.0311,658.00,0.3107,0.4356,0.3820,0.9114,1.4372
64,1000,40,4,1,414.00,820.00,0.9599,3.5160,0.6947,19103.36,0.0523,658.00,0.5235,0.8718,0.7775,1.6569,2.5706
64,1000,40,4,1,414.00,820.00,0.9599,3.5160,0.6947,19022.51,0.0526,658.00,0.5257,0.8569,0.7725,1.5823,2.3120
64,1000,40,4,3,414.00,820.00,0.9599,3.5160,0.7094,19092.89,0.0524,655.00,0.5238,0.8832,0.7922,1.6558,2.5616
64,1000,40,4,4,414.00,820.00,0.9599,3.5160,0.7101,19158.13,0.0522,663.00,0.5220,0.8872,0.7922,1.6055,2.5534
64,1000,40,4,6,414.00,820.00,0.9599,3.5160,0.7105,18869.13,0.0530,653.00,0.5300,0.8750,0.7851,1.5929,2.6082
64,1000,40,4,8,414.00,820.00,0.9599,3.5160,0.7106,18190.19,0.0550,657.00,0.5497,0.8621,0.7668,1.5862,2.7729
64,1000,40,8,1,414.00,820.00,0.9599,3.5160,0.8133,10263.03,0.0974,659.00,0.9744,1.7035,1.5463,2.9113,4.8534
64,1000,40,8,3,414.00,820.00,0.9599,3.5160,0.8375,10523.18,0.0950,655.00,0.9503,1.6958,1.5393,2.8680,4.4270
64,1000,40,8,6,414.00,820.00,0.9599,3.5160,0.8397,10579.15,0.0945,653.00,0.9453,1.6927,1.5364,2.8630,4.6276
64,1000,40,8,8,414.00,820.00,0.9599,3.5160,0.8400,10335.83,0.0968,661.00,0.9675,1.6549,1.5160,2.8065,4.8762
64,1000,40,8,12,414.00,820.00,0.9599,3.5160,0.8401,10556.44,0.0947,657.00,0.9473,1.6858,1.5288,2.8916,4.7828
64,1000,40,8,16,414.00,820.00,0.9599,3.5160,0.8401,10275.23,0.0973,659.00,0.9732,1.6776,1.5198,2.8493,4.7454
64,1000,40,16,3,414.00,820.00,0.9599,3.5160,0.9241,5627.71,0.1777,655.00,1.7769,3.3331,3.0638,5.0869,9.7291
64,1000,40,16,6,414.00,820.00,0.9599,3.5160,0.9285,5489.60,0.1822,662.00,1.8216,3.2872,3.0285,4.9898,10.1166
64,1000,40,16,12,414.00,820.00,0.9599,3.5160,0.9293,5426.51,0.1843,659.00,1.8428,3.2837,3.0375,5.0426,9.1811
64,1000,40,16,16,414.00,820.00,0.9599,3.5160,0.9294,5630.40,0.1776,654.00,1.7761,3.3115,3.0507,5.0584,9.0354
64,1000,40,16,24,414.00,820.00,0.9599,3.5160,0.9294,5400.11,0.1852,657.00,1.8518,3.3017,3.0475,5.0576,9.3294
64,1000,40,16,32,414.00,820.00,0.9599,3.5160,0.9294,5390.71,0.1855,662.00,1.8550,3.3272,3.0847,5.0649,10.2733
64,1000,40,32,6,414.00,820.00,0.9599,3.5160,0.9750,2813.25,0.3555,657.00,3.5546,6.4725,6.1012,9.1161,18.7184
64,1000,40,32,12,414.00,820.00,0.9599,3.5160,0.9767,2775.90,0.3602,656.00,3.6024,6.5549,6.1660,9.2115,21.2430
64,1000,40,32,25,414.00,820.00,0.9599,3.5160,0.9769,3011.56,0.3321,663.00,3.3205,6.3732,5.9903,8.9275,14.8120
64,1000,40,32,32,414.00,820.00,0.9599,3.5160,0.9769,3025.58,0.3305,654.00,3.3051,6.4128,6.0023,8.6010,20.5251
64,1000,40,32,48,414.00,820.00,0.9599,3.5160,0.9770,3009.86,0.3322,655.00,3.3224,6.4091,5.9872,8.6505,20.2975
64,1000,40,32,64,414.00,820.00,0.9599,3.5160,0.9770,3012.05,0.3320,655.00,3.3200,6.4330,5.9963,8.7247,20.4839
64,1000,40,64,12,414.00,820.00,0.9599,3.5160,0.9950,1576.68,0.6342,659.00,6.3425,12.4135,11.8078,15.2018,41.1175
64,1000,40,64,25,414.00,820.00,0.9599,3.5160,0.9955,1575.68,0.6346,663.00,6.3465,12.4254,11.7911,15.0876,42.4143
64,1000,40,64,51,414.00,820.00,0.9599,3.5160,0.9956,1570.11,0.6369,661.00,6.3690,12.4629,11.8457,15.1448,43.1232
64,1000,40,64,64,414.00,820.00,0.9599,3.5160,0.9956,1568.61,0.6375,658.00,6.3751,12.5084,11.8932,15.2543,42.2637
64,1000,40,64,96,414.00,820.00,0.9599,3.5160,0.9956,1565.71,0.6387,664.00,6.3869,12.5128,11.9052,15.2922,41.3037
64,1000,40,64,128,414.00,820.00,0.9599,3.5160,0.9956,1529.47,0.6538,657.00,6.5382,12.5061,12.0439,17.0255,23.4903
64,1000,100,1,1,209.00,820.00,1.0736,3.6857,0.3763,51529.17,0.0194,644.00,0.1941,0.2470,0.2089,0.5344,0.8130
64,1000,100,1,1,209.00,820.00,1.0736,3.6857,0.3763,49776.65,0.0201,646.00,0.2009,0.2447,0.2065,0.5444,0.8303
64,1000,100,1,1,209.00,820.00,1.0736,3.6857,0.3763,49126.08,0.0204,647.00,0.2036,0.2322,0.1925,0.5239,0.7835
64,1000,100,1,1,209.00,820.00,1.0736,3.6857,0.3763,51670.46,0.0194,649.00,0.1935,0.2344,0.1971,0.5242,0.8130
64,1000,100,1,1,209.00,820.00,1.0736,3.6857,0.3763,51956.67,0.0192,647.00,0.1925,0.2288,0.1940,0.5044,0.7718
64,1000,100,1,2,209.00,820.00,1.0736,3.6857,0.3912,51212.01,0.0195,648.00,0.1953,0.2251,0.1874,0.5060,0.7834
64,1000,100,2,1,209.00,820.00,1.0736,3.6857,0.5196,31501.59,0.0317,648.00,0.3174,0.4471,0.3856,0.9411,1.5364
64,1000,100,2,1,209.00,820.00,1.0736,3.6857,0.5196,32432.27,0.0308,650.00,0.3083,0.4586,0.4011,0.9426,1.4706
64,1000,100,2,1,209.00,820.00,1.0736,3.6857,0.5196,31726.12,0.0315,648.00,0.3152,0.4413,0.3857,0.8977,1.4650
64,1000,100,2,2,209.00,820.00,1.0736,3.6857,0.5449,31234.04,0.0320,648.00,0.3202,0.4412,0.3874,0.8896,1.3010
64,1000,100,2,3,209.00,820.00,1.0736,3.6857,0.5522,31948.13,0.0313,648.00,0.3130,0.4647,0.4072,0.9233,1.4916
64,1000,100,2,4,209.00,820.00,1.0736,3.6857,0.5544,31890.41,0.0314,649.00,0.3136,0.4602,0.4066,0.9185,1.4341
64,1000,100,4,1,209.00,820.00,1.0736,3.6857,0.6528,18798.19,0.0532,648.00,0.5320,0.8859,0.7906,1.6551,2.6157
64,1000,100,4,1,209.00,820.00,1.0736,3.6857,0.6528,18582.35,0.0538,648.00,0.5381,0.8643,0.7682,1.5855,2.5929
64,1000,100,4,3,209.00,820.00,1.0736,3.6857,0.7016,19616.52,0.0510,648.00,0.5098,0.8450,0.7486,1.6225,2.6057
64,1000,100,4,4,209.00,820.00,1.0736,3.6857,0.7060,19382.86,0.0516,649.00,0.5159,0.8574,0.7622,1.6094,2.6216
64,1000,100,4,6,209.00,820.00,1.0736,3.6857,0.7091,19272.82,0.0519,647.00,0.5189,0.8555,0.7639,1.6135,2.4597
64,1000,100,4,8,209.00,820.00,1.0736,3.6857,0.7101,19587.30,0.0511,647.00,0.5105,0.8533,0.7560,1.6007,2.4964
64,1000,100,8,1,209.00,820.00,1.0736,3.6857,0.7547,10787.22,0.0927,647.00,0.9270,1.6360,1.4923,2.7477,4.0802
64,1000,100,8,3,209.00,820.00,1.0736,3.6857,0.8245,10521.65,0.0950,653.00,0.9504,1.6671,1.5030,2.8083,4.9537
64,1000,100,8,6,209.00,820.00,1.0736,3.6857,0.8368,10258.92,0.0975,651.00,0.9748,1.6530,1.4982,2.7941,5.0043
64,1000,100,8,8,209.00,820.00,1.0736,3.6857,0.8385,10511.23,0.0951,644.00,0.9514,1.6603,1.5101,2.8565,4.5675
64,1000,100,8,12,209.00,820.00,1.0736,3.6857,0.8394,10656.64,0.0938,649.00,0.9384,1.6685,1.5135,2.8512,4.5400
64,1000,100,8,16,209.00,820.00,1.0736,3.6857,0.8395,9884.36,0.1012,653.00,1.0117,1.6859,1.5271,2.8714,5.0581
64,1000,100,16,3,209.00,820.00,1.0736,3.6857,0.9056,5495.92,0.1820,652.00,1.8195,3.3321,3.0720,5.1705,9.1125
64,1000,100,16,6,209.00,820.00,1.0736,3.6857,0.9244,5568.55,0.1796,647.00,1.7958,3.2341,2.9735,4.9957,9.8780
64,1000,100,16,12,209.00,820.00,1.0736,3.6857,0.9291,5502.77,0.1817,644.00,1.8173,3.3295,3.0750,5.1646,8.8432
64,1000,100,16,16,209.00,820.00,1.0736,3.6857,0.9293,5472.62,0.1827,655.00,1.8273,3.3456,3.1119,5.1592,8.8692
64,1000,100,16,24,209.00,820.00,1.0736,3.6857,0.9293,5537.46,0.1806,650.00,1.8059,3.2430,2.9820,4.9233,9.9207
64,1000,100,16,32,209.00,820.00,1.0736,3.6857,0.9294,5450.24,0.1835,655.00,1.8348,3.2460,2.9913,4.9357,10.2558
64,1000,100,32,6,209.00,820.00,1.0736,3.6857,0.9694,2911.42,0.3435,647.00,3.4347,6.4734,6.1035,9.1623,17.3931
64,1000,100,32,12,209.00,820.00,1.0736,3.6857,0.9767,2890.74,0.3459,641.00,3.4593,6.3466,5.9742,8.8819,17.7475
64,1000,100,32,25,209.00,820.00,1.0736,3.6857,0.9773,2891.23,0.3459,648.00,3.4587,6.3404,5.9566,8.8294,18.6633
64,1000,100,32,32,209.00,820.00,1.0736,3.6857,0.9774,2905.71,0.3442,647.00,3.4415,6.4542,6.0622,9.0693,18.8048
64,1000,100,32,48,209.00,820.00,1.0736,3.6857,0.9774,2870.68,0.3483,655.00,3.4835,6.5272,6.1134,9.2572,17.7932
64,1000,100,32,64,209.00,820.00,1.0736,3.6857,0.9774,2948.94,0.3391,654.00,3.3911,6.4106,6.0245,8.9999,18.5665
64,1000,100,64,12,209.00,820.00,1.0736,3.6857,0.9938,1497.65,0.6677,653.00,6.6771,12.3405,11.7661,15.9685,40.5635
64,1000,100,64,25,209.00,820.00,1.0736,3.6857,0.9953,1540.50,0.6491,655.00,6.4914,12.3617,11.7719,16.1362,37.3538
64,1000,100,64,51,209.00,820.00,1.0736,3.6857,0.9954,1527.08,0.6548,648.00,6.5485,12.4482,11.8695,16.3243,37.6781
64,1000,100,64,64,209.00,820.00,1.0736,3.6857,0.9954,1502.84,0.6654,649.00,6.6541,12.3313,11.8043,16.1047,38.0685
64,1000,100,64,96,209.00,820.00,1.0736,3.6857,0.9955,1488.17,0.6720,647.00,6.7197,12.6154,12.0250,16.4745,37.5891
64,1000,100,64,128,209.00,820.00,1.0736,3.6857,0.9955,1507.19,0.6635,649.00,6.6349,12.5776,11.9898,16.5690,36.3826
64,1000,200,1,1,203.00,818.00,0.6665,2.9501,0.3221,45056.41,0.0222,669.00,0.2219,0.2855,0.2458,0.6296,0.9770
64,1000,200,1,1,203.00,818.00,0.6665,2.9501,0.3221,46739.19,0.0214,673.00,0.2140,0.2507,0.2122,0.5493,0.9012
64,1000,200,1,1,203.00,818.00,0.6665,2.9501,0.3221,47199.96,0.0212,673.00,0.2119,0.2349,0.1947,0.5328,0.8231
64,1000,200,1,1,203.00,818.00,0.6665,2.9501,0.3221,49573.92,0.0202,671.00,0.2017,0.2403,0.1985,0.5436,0.8398
64,1000,200,1,1,203.00,818.00,0.6665,2.9501,0.3221,45647.17,0.0219,675.00,0.2191,0.2223,0.1838,0.5167,0.8291
64,1000,200,1,2,203.00,818.00,0.6665,2.9501,0.3643,46726.69,0.0214,677.00,0.2140,0.2380,0.1979,0.5295,0.8648
64,1000,200,2,1,203.00,818.00,0.6665,2.9501,0.4395,30510.85,0.0328,676.00,0.3278,0.4715,0.4165,0.9640,1.4947
64,1000,200,2,1,203.00,818.00,0.6665,2.9501,0.4395,30663.42,0.0326,676.00,0.3261,0.4680,0.4102,0.9382,1.4916
64,1000,200,2,1,203.00,818.00,0.6665,2.9501,0.4395,29699.57,0.0337,675.00,0.3367,0.4431,0.3824,0.9186,1.5631
64,1000,200,2,2,203.00,818.00,0.6665,2.9501,0.5020,29798.69,0.0336,675.00,0.3356,0.4575,0.4000,0.9474,1.5326
64,1000,200,2,3,203.00,818.00,0.6665,2.9501,0.5272,29366.17,0.0341,681.00,0.3405,0.4515,0.3945,0.9599,1.4997
64,1000,200,2,4,203.00,818.00,0.6665,2.9501,0.5394,29966.29,0.0334,679.00,0.3337,0.4569,0.4035,0.9266,1.4805
64,1000,200,4,1,203.00,818.00,0.6665,2.9501,0.5351,17143.68,0.0583,673.00,0.5833,0.9066,0.8051,1.6954,2.7477
64,1000,200,4,1,203.00,818.00,0.6665,2.9501,0.5351,17352.88,0.0576,677.00,0.5763,0.8964,0.8063,1.6851,2.5099
64,1000,200,4,3,203.00,818.00,0.6665,2.9501,0.6636,17873.32,0.0559,686.00,0.5595,0.8982,0.7972,1.6742,2.6936
64,1000,200,4,4,203.00,818.00,0.6665,2.9501,0.6827,18117.53,0.0552,679.00,0.5520,0.8921,0.7947,1.7154,2.5888
64,1000,200,4,6,203.00,818.00,0.6665,2.9501,0.6994,18063.69,0.0554,677.00,0.5536,0.8930,0.8002,1.6836,2.5464
64,1000,200,4,8,203.00,818.00,0.6665,2.9501,0.7060,17854.39,0.0560,677.00,0.5601,0.8897,0.7870,1.6969,2.7894
64,1000,200,8,1,203.00,818.00,0.6665,2.9501,0.5920,10082.19,0.0992,675.00,0.9918,1.6853,1.5348,2.8091,4.9015
64,1000,200,8,3,203.00,818.00,0.6665,2.9501,0.7602,10129.38,0.0987,677.00,0.9872,1.7413,1.5818,2.9586,4.5594
64,1000,200,8,6,203.00,818.00,0.6665,2.9501,0.8156,10251.01,0.0976,678.00,0.9755,1.7171,1.5527,2.9607,4.6595
64,1000,200,8,8,203.00,818.00,0.6665,2.9501,0.8274,10015.48,0.0998,680.00,0.9985,1.6967,1.5349,2.9487,5.0481
64,1000,200,8,12,203.00,818.00,0.6665,2.9501,0.8351,9811.46,0.1019,679.00,1.0192,1.7509,1.5758,2.9708,5.0897
64,1000,200,8,16,203.00,818.00,0.6665,2.9501,0.8379,10736.76,0.0931,676.00,0.9314,1.6707,1.5157,2.8427,4.9580
64,1000,200,16,3,203.00,818.00,0.6665,2.9501,0.8118,5723.36,0.1747,684.00,1.7472,3.2937,3.0316,4.9558,10.0108
64,1000,200,16,6,203.00,818.00,0.6665,2.9501,0.8870,5626.92,0.1777,678.00,1.7772,3.2867,3.0333,5.0906,7.6750
64,1000,200,16,12,203.00,818.00,0.6665,2.9501,0.9202,5655.51,0.1768,682.00,1.7682,3.3112,3.0398,5.0500,9.7111
64,1000,200,16,16,203.00,818.00,0.6665,2.9501,0.9253,5709.20,0.1752,678.00,1.7516,3.3022,3.0307,5.0313,9.8030
64,1000,200,16,24,203.00,818.00,0.6665,2.9501,0.9284,5634.76,0.1775,676.00,1.7747,3.2961,3.0216,5.1177,9.6146
64,1000,200,16,32,203.00,818.00,0.6665,2.9501,0.9288,5624.71,0.1778,678.00,1.7779,3.2793,3.0295,5.0678,7.6667
64,1000,200,32,6,203.00,818.00,0.6665,2.9501,0.9152,2919.61,0.3425,677.00,3.4251,6.3662,6.0244,8.7084,16.7403
64,1000,200,32,12,203.00,818.00,0.6665,2.9501,0.9607,2964.71,0.3373,677.00,3.3730,6.4598,6.0662,8.9602,18.9579
64,1000,200,32,25,203.00,818.00,0.6665,2.9501,0.9752,2907.15,0.3440,673.00,3.4398,6.4144,6.0533,8.9618,14.5734
64,1000,200,32,32,203.00,818.00,0.6665,2.9501,0.9766,2912.94,0.3433,673.00,3.4330,6.5266,6.1108,9.1332,19.2278
64,1000,200,32,48,203.00,818.00,0.6665,2.9501,0.9771,2888.45,0.3462,681.00,3.4621,6.4167,6.0422,8.9275,19.8568
64,1000,200,32,64,203.00,818.00,0.6665,2.9501,0.9772,2898.12,0.3451,678.00,3.4505,6.3869,6.0219,8.8380,19.9033
64,1000,200,64,12,203.00,818.00,0.6665,2.9501,0.9717,1533.30,0.6522,686.00,6.5219,12.3519,11.8911,15.9664,24.9690
64,1000,200,64,25,203.00,818.00,0.6665,2.9501,0.9920,1529.15,0.6540,677.00,6.5396,12.4808,11.9483,16.8462,23.2245
64,1000,200,64,51,203.00,818.00,0.6665,2.9501,0.9953,1523.89,0.6562,678.00,6.5622,12.4751,11.9733,16.1141,25.5733
64,1000,200,64,64,203.00,818.00,0.6665,2.9501,0.9955,1545.49,0.6470,686.00,6.4704,12.5749,12.0240,15.7840,40.0732
64,1000,200,64,96,203.00,818.00,0.6665,2.9501,0.9955,1528.38,0.6543,677.00,6.5429,12.5896,11.9849,15.8081,40.4018
64,1000,200,64,128,203.00,818.00,0.6665,2.9501,0.9955,1530.42,0.6534,680.00,6.5341,12.5845,11.9866,15.9497,39.2688
64,2000,40,2,1,232.00,814.00,1.2662,4.0314,0.4893,42226.92,0.0237,626.00,0.2368,0.3095,0.2689,0.6523,0.9507
64,2000,40,2,1,232.00,814.00,1.2662,4.0314,0.4893,43828.94,0.0228,629.00,0.2282,0.2813,0.2395,0.6021,0.9407
64,2000,40,2,1,232.00,814.00,1.2662,4.0314,0.4893,47610.62,0.0210,628.00,0.2100,0.2745,0.2399,0.5516,0.8334
64,2000,40,2,2,232.00,814.00,1.2662,4.0314,0.5007,46463.17,0.0215,628.00,0.2152,0.2657,0.2255,0.5759,0.8930
64,2000,40,2,3,232.00,814.00,1.2662,4.0314,0.5030,46540.45,0.0215,629.00,0.2149,0.2584,0.2214,0.5379,0.8675
64,2000,40,2,4,232.00,814.00,1.2662,4.0314,0.5036,47125.94,0.0212,630.00,0.2122,0.2502,0.2157,0.5301,0.7909
64,2000,40,4,1,232.00,814.00,1.2662,4.0314,0.6276,28298.53,0.0353,630.00,0.3534,0.4989,0.4427,0.9787,1.5648
64,2000,40,4,1,232.00,814.00,1.2662,4.0314,0.6276,29825.58,0.0335,630.00,0.3353,0.4909,0.4374,0.9851,1.5178
64,2000,40,4,3,232.00,814.00,1.2662,4.0314,0.6497,30528.96,0.0328,637.00,0.3276,0.4835,0.4295,0.9604,1.4727
64,2000,40,4,4,232.00,814.00,1.2662,4.0314,0.6510,29859.04,0.0335,633.00,0.3349,0.4735,0.4200,0.9254,1.5200
64,2000,40,4,6,232.00,814.00,1.2662,4.0314,0.6520,30383.50,0.0329,630.00,0.3291,0.4781,0.4235,0.9321,1.5102
64,2000,40,4,8,232.00,814.00,1.2662,4.0314,0.6524,29395.47,0.0340,630.00,0.3402,0.4728,0.4174,0.9325,1.4585
64,2000,40,8,1,232.00,814.00,1.2662,4.0314,0.7470,18101.09,0.0552,631.00,0.5525,0.9386,0.8508,1.7289,2.4655
64,2000,40,8,3,232.00,814.00,1.2662,4.0314,0.7809,17224.94,0.0581,629.00,0.5806,0.9116,0.8150,1.6660,2.7362
64,2000,40,8,6,232.00,814.00,1.2662,4.0314,0.7849,17489.69,0.0572,630.00,0.5718,0.9192,0.8203,1.6247,2.7744
64,2000,40,8,8,232.00,814.00,1.2662,4.0314,0.7855,18619.99,0.0537,638.00,0.5371,0.8992,0.8105,1.5957,2.5567
64,2000,40,8,12,232.00,814.00,1.2662,4.0314,0.7857,18392.62,0.0544,630.00,0.5437,0.8845,0.8002,1.6273,2.5702
64,2000,40,8,16,232.00,814.00,1.2662,4.0314,0.7857,18387.29,0.0544,630.00,0.5439,0.8969,0.8098,1.6047,2.4334
64,2000,40,16,3,232.00,814.00,1.2662,4.0314,0.8790,9961.86,0.1004,630.00,1.0038,1.7525,1.5942,2.9398,4.7524
64,2000,40,16,6,232.00,814.00,1.2662,4.0314,0.8861,10361.16,0.0965,627.00,0.9651,1.7470,1.5975,2.8763,4.2143
64,2000,40,16,12,232.00,814.00,1.2662,4.0314,0.8880,10451.27,0.0957,630.00,0.9568,1.7331,1.5769,2.9126,4.7368
64,2000,40,16,16,232.00,814.00,1.2662,4.0314,0.8882,10216.93,0.0979,632.00,0.9788,1.7442,1.5977,2.8338,4.5603
64,2000,40,16,24,232.00,814.00,1.2662,4.0314,0.8883,9893.38,0.1011,628.00,1.0108,1.7633,1.6156,2.8532,5.0426
64,2000,40,16,32,232.00,814.00,1.2662,4.0314,0.8883,10090.95,0.0991,628.00,0.9910,1.7900,1.6347,2.9429,4.7040
64,2000,40,32,6,232.00,814.00,1.2662,4.0314,0.9488,5416.16,0.1846,627.00,1.8463,3.4671,3.2279,5.2046,9.3302
64,2000,40,32,12,232.00,814.00,1.2662,4.0314,0.9526,5426.95,0.1843,626.00,1.8427,3.4028,3.1640,5.0293,9.8511
64,2000,40,32,25,232.00,814.00,1.2662,4.0314,0.9531,5368.99,0.1863,625.00,1.8625,3.4045,3.1694,5.0356,9.4970
64,2000,40,32,32,232.00,814.00,1.2662,4.0314,0.9531,5370.16,0.1862,625.00,1.8621,3.4064,3.1772,5.0473,9.5236
64,2000,40,32,48,232.00,814.00,1.2662,4.0314,0.9534,5355.26,0.1867,627.00,1.8673,3.4148,3.1763,5.0973,7.7839
64,2000,40,32,64,232.00,814.00,1.2662,4.0314,0.9534,5248.05,0.1905,632.00,1.9055,3.4502,3.2085,5.1734,9.8643
64,2000,40,64,12,232.00,814.00,1.2662,4.0314,0.9842,2830.94,0.3532,639.00,3.5324,6.5890,6.2377,8.9952,19.0794
64,2000,40,64,25,232.00,814.00,1.2662,4.0314,0.9854,2752.71,0.3633,632.00,3.6328,6.6337,6.2640,9.1620,20.7737
64,2000,40,64,51,232.00,814.00,1.2662,4.0314,0.9858,2762.14,0.3620,627.00,3.6204,6.6716,6.2973,9.2512,20.0525
64,2000,40,64,64,232.00,814.00,1.2662,4.0314,0.9858,2644.28,0.3782,631.00,3.7817,7.0691,6.7603,10.0561,16.0378
64,2000,40,64,96,232.00,814.00,1.2662,4.0314,0.9858,2748.90,0.3638,629.00,3.6378,6.8617,6.4937,9.6437,18.1763
64,2000,40,64,128,232.00,814.00,1.2662,4.0314,0.9858,2765.07,0.3617,625.00,3.6165,6.8248,6.4526,9.6057,18.2687
64,2000,40,128,25,232.00,814.00,1.2662,4.0314,0.9963,1431.03,0.6988,641.00,6.9880,13.3058,12.7544,17.6434,34.7260
64,2000,40,128,51,232.00,814.00,1.2662,4.0314,0.9969,1504.61,0.6646,643.00,6.6462,12.9006,12.3406,16.2876,38.5906
64,2000,40,128,102,232.00,814.00,1.2662,4.0314,0.9969,1483.96,0.6739,635.00,6.7387,12.7680,12.2971,16.1586,39.3506
64,2000,40,128,128,232.00,814.00,1.2662,4.0314,0.9969,1492.27,0.6701,633.00,6.7012,12.9740,12.4193,16.3509,38.7613
64,2000,40,128,192,232.00,814.00,1.2662,4.0314,0.9969,1441.65,0.6936,643.00,6.9365,13.2562,12.6929,17.0596,37.8532
64,2000,40,128,256,232.00,814.00,1.2662,4.0314,0.9969,1395.92,0.7164,641.00,7.1637,13.2261,12.6445,16.9796,43.2235
64,2000,100,2,1,195.00,810.00,1.4550,4.3030,0.4723,43261.19,0.0231,625.00,0.2312,0.3119,0.2745,0.6411,0.9511
64,2000,100,2,1,195.00,810.00,1.4550,4.3030,0.4723,43938.25,0.0228,634.00,0.2276,0.2816,0.2439,0.5961,0.9675
64,2000,100,2,1,195.00,810.00,1.4550,4.3030,0.4723,46420.78,0.0215,631.00,0.2154,0.2690,0.2316,0.5700,0.9060
64,2000,100,2,2,195.00,810.00,1.4550,4.3030,0.4951,45509.06,0.0220,632.00,0.2197,0.2565,0.2165,0.5564,0.8806
64,2000,100,2,3,195.00,810.00,1.4550,4.3030,0.5001,44282.61,0.0226,633.00,0.2258,0.2634,0.2252,0.5693,0.8924
64,2000,100,2,4,195.00,810.00,1.4550,4.3030,0.5030,49108.03,0.0204,631.00,0.2036,0.2391,0.2017,0.5194,0.8054
64,2000,100,4,1,195.00,810.00,1.4550,4.3030,0.6040,30019.44,0.0333,632.00,0.3331,0.4985,0.4439,0.9539,1.5294
64,2000,100,4,1,195.00,810.00,1.4550,4.3030,0.6040,30579.81,0.0327,632.00,0.3270,0.4886,0.4354,0.9553,1.4208
64,2000,100,4,3,195.00,810.00,1.4550,4.3030,0.6470,30348.73,0.0330,640.00,0.3295,0.4771,0.4240,0.9436,1.3961
64,2000,100,4,4,195.00,810.00,1.4550,4.3030,0.6507,29731.07,0.0336,631.00,0.3363,0.4888,0.4371,0.9300,1.5545
64,2000,100,4,6,195.00,810.00,1.4550,4.3030,0.6536,31080.01,0.0322,630.00,0.3218,0.4902,0.4365,0.9572,1.5722
64,2000,100,4,8,195.00,810.00,1.4550,4.3030,0.6541,29448.11,0.0340,636.00,0.3396,0.4829,0.4275,0.9317,1.5016
64,2000,100,8,1,195.00,810.00,1.4550,4.3030,0.7088,18329.16,0.0546,633.00,0.5456,0.9336,0.8467,1.6734,2.6697
64,2000,100,8,3,195.00,810.00,1.4550,4.3030,0.7725,17599.59,0.0568,633.00,0.5682,0.9293,0.8393,1.6726,2.7162
64,2000,100,8,6,195.00,810.00,1.4550,4.3030,0.7833,18145.48,0.0551,631.00,0.5511,0.9237,0.8428,1.6215,2.5096
64,2000,100,8,8,195.00,810.00,1.4550,4.3030,0.7847,17939.08,0.0557,631.00,0.5574,0.9104,0.8202,1.6473,2.7168
64,2000,100,8,12,195.00,810.00,1.4550,4.3030,0.7854,17896.94,0.0559,633.00,0.5588,0.9195,0.8313,1.6174,2.6827
64,2000,100,8,16,195.00,810.00,1.4550,4.3030,0.7855,17345.49,0.0577,629.00,0.5765,0.9281,0.8410,1.6350,2.7316
64,2000,100,16,3,195.00,810.00,1.4550,4.3030,0.8657,10202.44,0.0980,631.00,0.9802,1.7666,1.6174,2.9659,4.8207
64,2000,100,16,6,195.00,810.00,1.4550,4.3030,0.8843,9987.66,0.1001,630.00,1.0012,1.7912,1.6359,2.9670,4.8033
64,2000,100,16,12,195.00,810.00,1.4550,4.3030,0.8888,9877.84,0.1012,632.00,1.0124,1.7863,1.6423,2.9257,4.5619
64,2000,100,16,16,195.00,810.00,1.4550,4.3030,0.8895,9670.54,0.1034,628.00,1.0341,1.8252,1.6776,3.0351,4.5732
64,2000,100,16,24,195.00,810.00,1.4550,4.3030,0.8897,10000.60,0.1000,631.00,0.9999,1.8282,1.6812,3.0133,4.7217
64,2000,100,16,32,195.00,810.00,1.4550,4.3030,0.8897,9879.96,0.1012,630.00,1.0122,1.8342,1.6892,3.0171,4.7666
64,2000,100,32,6,195.00,810.00,1.4550,4.3030,0.9440,5276.46,0.1895,625.00,1.8952,3.5266,3.2949,5.2482,9.3082
64,2000,100,32,12,195.00,810.00,1.4550,4.3030,0.9522,5345.41,0.1871,636.00,1.8708,3.5038,3.2523,5.2241,9.5374
64,2000,100,32,25,195.00,810.00,1.4550,4.3030,0.9541,5281.10,0.1894,633.00,1.8935,3.5726,3.3355,5.3485,9.0339
64,2000,100,32,32,195.00,810.00,1.4550,4.3030,0.9541,5081.96,0.1968,639.00,1.9677,3.5054,3.2569,5.2610,10.3596
64,2000,100,32,48,195.00,810.00,1.4550,4.3030,0.9541,5148.30,0.1942,628.00,1.9424,3.6071,3.3859,5.3903,9.2577
64,2000,100,32,64,195.00,810.00,1.4550,4.3030,0.9541,5305.99,0.1885,630.00,1.8847,3.4997,3.2544,5.2322,9.4031
64,2000,100,64,12,195.00,810.00,1.4550,4.3030,0.9820,2673.85,0.3740,641.00,3.7399,6.8529,6.4741,9.5021,21.1448
64,2000,100,64,25,195.00,810.00,1.4550,4.3030,0.9852,2748.99,0.3638,638.00,3.6377,6.8407,6.4598,9.6399,18.2532
64,2000,100,64,51,195.00,810.00,1.4550,4.3030,0.9856,2710.10,0.3690,631.00,3.6899,6.7857,6.4082,9.3389,20.8724
64,2000,100,64,64,195.00,810.00,1.4550,4.3030,0.9857,2701.43,0.3702,631.00,3.7017,6.8042,6.4073,9.3958,20.7030
64,2000,100,64,96,195.00,810.00,1.4550,4.3030,0.9857,2732.23,0.3660,642.00,3.6600,6.9011,6.5442,9.6493,18.4103
64,2000,100,64,128,195.00,810.00,1.4550,4.3030,0.9857,2678.13,0.3734,634.00,3.7340,6.8357,6.4556,9.4735,20.6204
64,2000,100,128,25,195.00,810.00,1.4550,4.3030,0.9963,1437.31,0.6957,645.00,6.9574,13.3008,12.7848,17.2292,37.5834
64,2000,100,128,51,195.00,810.00,1.4550,4.3030,0.9970,1442.37,0.6933,646.00,6.9330,13.2791,12.7403,17.2338,38.1781
64,2000,100,128,102,195.00,810.00,1.4550,4.3030,0.9971,1427.64,0.7005,632.00,7.0046,13.0294,12.5234,16.8432,41.7437
64,2000,100,128,128,195.00,810.00,1.4550,4.3030,0.9971,1447.49,0.6909,647.00,6.9085,12.9493,12.4716,16.7203,37.2317
64,2000,100,128,192,195.00,810.00,1.4550,4.3030,0.9971,1431.04,0.6988,640.00,6.9879,13.3166,12.7924,17.2888,36.9634
64,2000,100,128,256,195.00,810.00,1.4550,4.3030,0.9971,1407.98,0.7102,636.00,7.1024,13.2278,12.6751,17.1602,39.0733
64,2000,200,2,1,193.00,812.00,0.9085,3.2576,0.4001,43777.28,0.0228,633.00,0.2284,0.2894,0.2544,0.5978,0.9137
64,2000,200,2,1,193.00,812.00,0.9085,3.2576,0.4001,46097.20,0.0217,637.00,0.2169,0.2645,0.2301,0.5620,0.8705
64,2000,200,2,1,193.00,812.00,0.9085,3.2576,0.4001,47325.77,0.0211,634.00,0.2113,0.2608,0.2235,0.5597,0.8722
64,2000,200,2,2,193.00,812.00,0.9085,3.2576,0.4579,47593.52,0.0210,641.00,0.2101,0.2561,0.2210,0.5456,0.8469
64,2000,200,2,3,193.00,812.00,0.9085,3.2576,0.4800,46724.66,0.0214,639.00,0.2140,0.2513,0.2162,0.5266,0.8530
64,2000,200,2,4,193.00,812.00,0.9085,3.2576,0.4904,43321.44,0.0231,641.00,0.2308,0.2594,0.2221,0.5628,0.8609
64,2000,200,4,1,193.00,812.00,0.9085,3.2576,0.4915,29542.00,0.0339,633.00,0.3385,0.4831,0.4276,0.9507,1.4936
64,2000,200,4,1,193.00,812.00,0.9085,3.2576,0.4915,29616.46,0.0338,637.00,0.3377,0.4669,0.4132,0.9324,1.4708
64,2000,200,4,3,193.00,812.00,0.9085,3.2576,0.6089,29715.38,0.0337,640.00,0.3365,0.4943,0.4394,0.9805,1.5238
64,2000,200,4,4,193.00,812.00,0.9085,3.2576,0.6252,30481.79,0.0328,643.00,0.3281,0.4715,0.4164,0.9136,1.4321
64,2000,200,4,6,193.00,812.00,0.9085,3.2576,0.6414,30271.08,0.0330,639.00,0.3303,0.4641,0.4129,0.9115,1.3689
64,2000,200,4,8,193.00,812.00,0.9085,3.2576,0.6479,29048.63,0.0344,642.00,0.3443,0.4740,0.4109,0.9778,1.5243
64,2000,200,8,1,193.00,812.00,0.9085,3.2576,0.5515,17879.24,0.0559,635.00,0.5593,0.9288,0.8443,1.6734,2.4607
64,2000,200,8,3,193.00,812.00,0.9085,3.2576,0.7078,17702.48,0.0565,640.00,0.5649,0.9101,0.8259,1.6323,2.3672
64,2000,200,8,6,193.00,812.00,0.9085,3.2576,0.7602,17409.76,0.0574,640.00,0.5744,0.9262,0.8386,1.7088,2.4450
64,2000,200,8,8,193.00,812.00,0.9085,3.2576,0.7716,18474.04,0.0541,639.00,0.5413,0.8927,0.8029,1.6216,2.4777
64,2000,200,8,12,193.00,812.00,0.9085,3.2576,0.7819,17544.53,0.0570,638.00,0.5700,0.9466,0.8635,1.7093,2.5087
64,2000,200,8,16,193.00,812.00,0.9085,3.2576,0.7841,17908.36,0.0558,639.00,0.5584,0.9070,0.8208,1.6291,2.5547
64,2000,200,16,3,193.00,812.00,0.9085,3.2576,0.7678,9733.00,0.1027,638.00,1.0274,1.7431,1.5929,2.8864,5.0423
64,2000,200,16,6,193.00,812.00,0.9085,3.2576,0.8429,9609.19,0.1041,642.00,1.0407,1.7769,1.6245,2.9088,5.4394
64,2000,200,16,12,193.00,812.00,0.9085,3.2576,0.8786,9686.46,0.1032,638.00,1.0324,1.7796,1.6233,2.9336,5.1691
64,2000,200,16,16,193.00,812.00,0.9085,3.2576,0.8834,9545.79,0.1048,640.00,1.0476,1.7771,1.6227,2.9251,5.3248
64,2000,200,16,24,193.00,812.00,0.9085,3.2576,0.8868,9805.35,0.1020,641.00,1.0199,1.7623,1.6143,2.8564,4.9939
64,2000,200,16,32,193.00,812.00,0.9085,3.2576,0.8878,9559.49,0.1046,642.00,1.0461,1.8169,1.6685,2.9896,4.9817
64,2000,200,32,6,193.00,812.00,0.9085,3.2576,0.8817,5357.27,0.1867,639.00,1.8666,3.4212,3.2035,5.0673,9.3089
64,2000,200,32,12,193.00,812.00,0.9085,3.2576,0.9339,5063.78,0.1975,639.00,1.9748,3.5103,3.2657,5.2371,10.5407
64,2000,200,32,25,193.00,812.00,0.9085,3.2576,0.9513,5302.74,0.1886,649.00,1.8858,3.4863,3.2483,5.2710,8.8847
64,2000,200,32,32,193.00,812.00,0.9085,3.2576,0.9530,5292.87,0.1889,645.00,1.8893,3.4858,3.2573,5.2715,8.9953
64,2000,200,32,48,193.00,812.00,0.9085,3.2576,0.9537,5131.80,0.1949,648.00,1.9486,3.4904,3.2501,5.1972,10.3110
64,2000,200,32,64,193.00,812.00,0.9085,3.2576,0.9539,5256.33,0.1902,640.00,1.9025,3.5068,3.2737,5.2850,9.1161
64,2000,200,64,12,193.00,812.00,0.9085,3.2576,0.9541,2799.97,0.3571,643.00,3.5715,6.5669,6.2270,8.9822,19.8576
64,2000,200,64,25,193.00,812.00,0.9085,3.2576,0.9804,2774.34,0.3604,648.00,3.6045,6.5621,6.2130,9.1268,20.2197
64,2000,200,64,51,193.00,812.00,0.9085,3.2576,0.9853,2763.38,0.3619,650.00,3.6188,6.6138,6.2667,9.1536,19.9189
64,2000,200,64,64,193.00,812.00,0.9085,3.2576,0.9857,2834.23,0.3528,640.00,3.5283,6.5330,6.2244,8.8668,19.9664
64,2000,200,64,96,193.00,812.00,0.9085,3.2576,0.9857,2843.51,0.3517,650.00,3.5168,6.6036,6.2861,9.0219,16.5610
64,2000,200,64,128,193.00,812.00,0.9085,3.2576,0.9857,2890.33,0.3460,640.00,3.4598,6.6166,6.2164,8.9362,18.7759
64,2000,200,128,25,193.00,812.00,0.9085,3.2576,0.9881,1519.40,0.6582,644.00,6.5815,12.5483,12.1529,16.4538,26.0868
64,2000,200,128,51,193.00,812.00,0.9085,3.2576,0.9959,1458.24,0.6858,656.00,6.8576,12.9666,12.3960,16.7199,38.5964
64,2000,200,128,102,193.00,812.00,0.9085,3.2576,0.9970,1403.11,0.7127,647.00,7.1270,13.4379,12.8519,17.7127,35.4377
64,2000,200,128,128,193.00,812.00,0.9085,3.2576,0.9970,1405.75,0.7114,644.00,7.1137,13.4361,12.9278,17.6612,35.1109
64,2000,200,128,192,193.00,812.00,0.9085,3.2576,0.9970,1432.93,0.6979,656.00,6.9787,13.0024,12.4917,16.9747,37.3388
64,2000,200,128,256,193.00,812.00,0.9085,3.2576,0.9970,1516.82,0.6593,657.00,6.5927,12.8258,12.2864,15.6214,38.3393
64,3000,40,3,1,208.00,800.00,1.5397,4.6144,0.5396,42736.80,0.0234,632.00,0.2340,0.3323,0.2932,0.6673,0.9888
64,3000,40,3,1,208.00,800.00,1.5397,4.6144,0.5396,41042.08,0.0244,637.00,0.2437,0.2986,0.2594,0.6227,0.9448
64,3000,40,3,2,208.00,800.00,1.5397,4.6144,0.5536,41740.69,0.0240,636.00,0.2396,0.2886,0.2493,0.6016,0.9480
64,3000,40,3,3,208.00,800.00,1.5397,4.6144,0.5562,44303.77,0.0226,632.00,0.2257,0.2828,0.2399,0.6019,0.8999
64,3000,40,3,4,208.00,800.00,1.5397,4.6144,0.5568,45258.30,0.0221,634.00,0.2210,0.2763,0.2374,0.5890,0.9147
64,3000,40,3,6,208.00,800.00,1.5397,4.6144,0.5577,45111.21,0.0222,633.00,0.2217,0.2681,0.2294,0.5742,0.8752
64,3000,40,6,1,208.00,800.00,1.5397,4.6144,0.6657,27567.11,0.0363,636.00,0.3628,0.5494,0.4882,1.0606,1.6750
64,3000,40,6,2,208.00,800.00,1.5397,4.6144,0.6890,28604.34,0.0350,636.00,0.3496,0.5276,0.4704,1.0128,1.5757
64,3000,40,6,4,208.00,800.00,1.5397,4.6144,0.6960,29745.42,0.0336,635.00,0.3362,0.5168,0.4590,0.9922,1.4871
64,3000,40,6,6,208.00,800.00,1.5397,4.6144,0.6978,29569.74,0.0338,637.00,0.3382,0.5115,0.4621,0.9887,1.4085
64,3000,40,6,9,208.00,800.00,1.5397,4.6144,0.6981,29097.89,0.0344,638.00,0.3437,0.5071,0.4506,0.9826,1.5069
64,3000,40,6,12,208.00,800.00,1.5397,4.6144,0.6981,29380.11,0.0340,634.00,0.3404,0.5025,0.4473,0.9616,1.4943
64,3000,40,12,2,208.00,800.00,1.5397,4.6144,0.8023,16597.59,0.0602,636.00,0.6025,0.9939,0.8951,1.8072,2.6486
64,3000,40,12,4,208.00,800.00,1.5397,4.6144,0.8152,16694.97,0.0599,634.00,0.5990,1.0315,0.9355,1.8330,2.6029
64,3000,40,12,9,208.00,800.00,1.5397,4.6144,0.8197,16609.83,0.0602,634.00,0.6021,1.0119,0.9163,1.8229,2.5599
64,3000,40,12,12,208.00,800.00,1.5397,4.6144,0.8201,16818.23,0.0595,633.00,0.5946,0.9953,0.9030,1.7846,2.5845
64,3000,40,12,18,208.00,800.00,1.5397,4.6144,0.8203,16774.09,0.0596,635.00,0.5962,1.0006,0.8946,1.7967,2.7406
64,3000,40,12,24,208.00,800.00,1.5397,4.6144,0.8203,16600.15,0.0602,637.00,0.6024,0.9665,0.8746,1.7282,2.6467
64,3000,40,24,4,208.00,800.00,1.5397,4.6144,0.8998,9440.22,0.1059,637.00,1.0593,1.8539,1.6974,3.0280,5.1217
64,3000,40,24,9,208.00,800.00,1.5397,4.6144,0.9083,9394.19,0.1064,633.00,1.0645,1.8599,1.7041,3.0271,5.1695
64,3000,40,24,19,208.00,800.00,1.5397,4.6144,0.9096,9254.86,0.1081,632.00,1.0805,1.8801,1.7111,3.0797,5.3847
64,3000,40,24,24,208.00,800.00,1.5397,4.6144,0.9097,9040.55,0.1106,638.00,1.1061,1.9413,1.7921,3.2088,4.5862
64,3000,40,24,36,208.00,800.00,1.5397,4.6144,0.9097,9158.26,0.1092,637.00,1.0919,1.8953,1.7276,3.1221,5.3546
64,3000,40,24,48,208.00,800.00,1.5397,4.6144,0.9097,8977.92,0.1114,634.00,1.1138,2.0097,1.8630,3.3274,4.7198
64,3000,40,48,9,208.00,800.00,1.5397,4.6144,0.9609,4745.31,0.2107,637.00,2.1073,3.7736,3.5223,5.7232,10.3916
64,3000,40,48,19,208.00,800.00,1.5397,4.6144,0.9641,4950.16,0.2020,636.00,2.0201,3.6578,3.4001,5.4540,10.4632
64,3000,40,48,38,208.00,800.00,1.5397,4.6144,0.9642,4883.62,0.2048,636.00,2.0477,3.6643,3.4137,5.4933,10.6353
64,3000,40,48,48,208.00,800.00,1.5397,4.6144,0.9642,4960.24,0.2016,633.00,2.0160,3.6146,3.3585,5.4003,10.7544
64,3000,40,48,72,208.00,800.00,1.5397,4.6144,0.9643,5034.71,0.1986,635.00,1.9862,3.6183,3.3800,5.4599,9.3839
64,3000,40,48,96,208.00,800.00,1.5397,4.6144,0.9643,4899.96,0.2041,632.00,2.0408,3.7212,3.4556,5.5921,10.5703
64,3000,40,96,19,208.00,800.00,1.5397,4.6144,0.9884,2642.32,0.3785,648.00,3.7846,7.0465,6.6811,9.7905,19.7408
64,3000,40,96,38,208.00,800.00,1.5397,4.6144,0.9893,2603.14,0.3842,633.00,3.8415,7.0644,6.6473,9.8803,20.4155
64,3000,40,96,76,208.00,800.00,1.5397,4.6144,0.9895,2652.82,0.3770,635.00,3.7696,7.0194,6.6232,9.7007,20.6164
64,3000,40,96,96,208.00,800.00,1.5397,4.6144,0.9896,2686.43,0.3722,639.00,3.7224,6.9403,6.5636,9.5844,19.7743
64,3000,40,96,144,208.00,800.00,1.5397,4.6144,0.9896,2595.33,0.3853,649.00,3.8531,7.0514,6.6746,9.7613,20.8389
64,3000,40,96,192,208.00,800.00,1.5397,4.6144,0.9897,2551.74,0.3919,649.00,3.9189,7.1574,6.7685,9.9854,20.7609
64,3000,40,192,38,208.00,800.00,1.5397,4.6144,0.9974,1402.76,0.7129,648.00,7.1288,13.6634,13.1323,17.7185,36.9953
64,3000,40,192,76,208.00,800.00,1.5397,4.6144,0.9977,1390.77,0.7190,647.00,7.1902,13.4212,12.9061,17.3071,39.8973
64,3000,40,192,153,208.00,800.00,1.5397,4.6144,0.9978,1385.59,0.7217,656.00,7.2172,13.4961,12.9582,17.4720,39.1144
64,3000,40,192,192,208.00,800.00,1.5397,4.6144,0.9978,1355.98,0.7375,659.00,7.3747,13.7654,13.1983,18.1794,35.6088
64,3000,40,192,288,208.00,800.00,1.5397,4.6144,0.9979,1338.56,0.7471,648.00,7.4707,13.8907,13.2752,17.8665,42.8954
64,3000,40,192,384,208.00,800.00,1.5397,4.6144,0.9979,1286.44,0.7773,654.00,7.7734,14.3336,13.7713,18.6448,41.6014
64,3000,100,3,1,207.00,800.00,1.7953,4.9905,0.5194,41732.54,0.0240,632.00,0.2396,0.3254,0.2883,0.6423,0.9661
64,3000,100,3,1,207.00,800.00,1.7953,4.9905,0.5194,41973.25,0.0238,637.00,0.2382,0.2918,0.2517,0.6099,0.9666
64,3000,100,3,2,207.00,800.00,1.7953,4.9905,0.5473,42160.12,0.0237,636.00,0.2372,0.2670,0.2250,0.5755,0.8159
64,3000,100,3,3,207.00,800.00,1.7953,4.9905,0.5538,41656.45,0.0240,636.00,0.2401,0.2883,0.2445,0.6183,0.9511
64,3000,100,3,4,207.00,800.00,1.7953,4.9905,0.5564,44775.53,0.0223,637.00,0.2233,0.2860,0.2471,0.5866,0.8578
64,3000,100,3,6,207.00,800.00,1.7953,4.9905,0.5581,42538.16,0.0235,636.00,0.2351,0.2964,0.2562,0.6164,0.9593
64,3000,100,6,1,207.00,800.00,1.7953,4.9905,0.6357,27305.42,0.0366,631.00,0.3662,0.5383,0.4740,1.0702,1.6181
64,3000,100,6,2,207.00,800.00,1.7953,4.9905,0.6759,27173.07,0.0368,633.00,0.3680,0.5453,0.4824,1.0547,1.5255
64,3000,100,6,4,207.00,800.00,1.7953,4.9905,0.6925,27995.44,0.0357,646.00,0.3572,0.5149,0.4524,1.0279,1.5630
64,3000,100,6,6,207.00,800.00,1.7953,4.9905,0.6958,29418.38,0.0340,640.00,0.3399,0.5091,0.4615,0.9550,1.4741
64,3000,100,6,9,207.00,800.00,1.7953,4.9905,0.6970,29179.12,0.0343,639.00,0.3427,0.5199,0.4664,0.9911,1.4463
64,3000,100,6,12,207.00,800.00,1.7953,4.9905,0.6976,28233.61,0.0354,638.00,0.3542,0.5073,0.4426,1.0222,1.5941
64,3000,100,12,2,207.00,800.00,1.7953,4.9905,0.7825,16892.59,0.0592,638.00,0.5920,0.9638,0.8664,1.7206,2.8836
64,3000,100,12,4,207.00,800.00,1.7953,4.9905,0.8088,17356.00,0.0576,636.00,0.5762,0.9642,0.8680,1.7294,2.6326
64,3000,100,12,9,207.00,800.00,1.7953,4.9905,0.8184,17053.19,0.0586,639.00,0.5864,0.9670,0.8704,1.7047,2.7240
64,3000,100,12,12,207.00,800.00,1.7953,4.9905,0.8195,16581.06,0.0603,639.00,0.6031,0.9882,0.8908,1.7587,2.5944
64,3000,100,12,18,207.00,800.00,1.7953,4.9905,0.8200,16919.90,0.0591,637.00,0.5910,0.9908,0.8991,1.7604,2.6628
64,3000,100,12,24,207.00,800.00,1.7953,4.9905,0.8203,16965.92,0.0589,639.00,0.5894,0.9921,0.8943,1.7542,2.6029
64,3000,100,24,4,207.00,800.00,1.7953,4.9905,0.8901,9525.52,0.1050,645.00,1.0498,1.8938,1.7421,3.1229,4.8257
64,3000,100,24,9,207.00,800.00,1.7953,4.9905,0.9064,9324.86,0.1072,639.00,1.0724,1.8665,1.7003,3.0957,5.2550
64,3000,100,24,19,207.00,800.00,1.7953,4.9905,0.9101,9444.39,0.1059,641.00,1.0588,1.8840,1.7270,3.1393,4.5608
64,3000,100,24,24,207.00,800.00,1.7953,4.9905,0.9103,9723.73,0.1028,641.00,1.0284,1.8213,1.6541,3.0849,5.2037
64,3000,100,24,36,207.00,800.00,1.7953,4.9905,0.9103,9878.61,0.1012,644.00,1.0123,1.8068,1.6474,3.0992,5.0249
64,3000,100,24,48,207.00,800.00,1.7953,4.9905,0.9103,9884.99,0.1012,638.00,1.0116,1.8112,1.6489,3.0261,4.9490
64,3000,100,48,9,207.00,800.00,1.7953,4.9905,0.9573,5389.55,0.1855,640.00,1.8554,3.5264,3.2617,5.2573,9.5450
64,3000,100,48,19,207.00,800.00,1.7953,4.9905,0.9638,5300.13,0.1887,642.00,1.8867,3.5357,3.2756,5.3619,9.2616
64,3000,100,48,38,207.00,800.00,1.7953,4.9905,0.9645,5301.38,0.1886,646.00,1.8863,3.5764,3.3064,5.3158,9.3365
64,3000,100,48,48,207.00,800.00,1.7953,4.9905,0.9645,5275.38,0.1896,641.00,1.8956,3.5880,3.3239,5.4628,9.1680
64,3000,100,48,72,207.00,800.00,1.7953,4.9905,0.9646,5251.66,0.1904,639.00,1.9042,3.5943,3.3436,5.4220,8.6468
64,3000,100,48,96,207.00,800.00,1.7953,4.9905,0.9646,5136.57,0.1947,640.00,1.9468,3.5705,3.3214,5.3537,9.9366
64,3000,100,96,19,207.00,800.00,1.7953,4.9905,0.9880,2637.50,0.3791,650.00,3.7915,7.0161,6.6091,9.9662,18.2558
64,3000,100,96,38,207.00,800.00,1.7953,4.9905,0.9896,2672.50,0.3742,642.00,3.7418,6.8885,6.5271,9.6233,19.0724
64,3000,100,96,76,207.00,800.00,1.7953,4.9905,0.9899,2613.98,0.3826,644.00,3.8256,6.9668,6.5789,9.8102,19.3602
64,3000,100,96,96,207.00,800.00,1.7953,4.9905,0.9899,2603.64,0.3841,650.00,3.8408,6.9497,6.5649,9.6716,20.6308
64,3000,100,96,144,207.00,800.00,1.7953,4.9905,0.9899,2602.70,0.3842,647.00,3.8422,7.2211,6.8606,10.1763,17.4345
64,3000,100,96,192,207.00,800.00,1.7953,4.9905,0.9899,2587.91,0.3864,649.00,3.8641,7.0752,6.7002,9.8355,19.9292
64,3000,100,192,38,207.00,800.00,1.7953,4.9905,0.9973,1392.24,0.7183,656.00,7.1827,13.5886,13.0543,18.2747,32.7470
64,3000,100,192,76,207.00,800.00,1.7953,4.9905,0.9977,1405.21,0.7116,651.00,7.1164,13.4327,12.8818,18.0836,31.4753
64,3000,100,192,153,207.00,800.00,1.7953,4.9905,0.9977,1377.81,0.7258,649.00,7.2579,13.6934,13.1359,18.4474,32.7132
64,3000,100,192,192,207.00,800.00,1.7953,4.9905,0.9977,1428.57,0.7000,661.00,7.0000,13.4641,12.9594,17.6709,34.7124
64,3000,100,192,288,207.00,800.00,1.7953,4.9905,0.9977,1422.60,0.7029,650.00,7.0294,13.5125,13.0057,17.4019,36.5264
64,3000,100,192,384,207.00,800.00,1.7953,4.9905,0.9977,1403.17,0.7127,653.00,7.1267,13.6424,13.1243,17.5909,36.3568
64,3000,200,3,1,205.00,801.00,1.1696,3.7169,0.4402,42679.61,0.0234,629.00,0.2343,0.3333,0.2967,0.6723,1.0548
64,3000,200,3,1,205.00,801.00,1.1696,3.7169,0.4402,44519.50,0.0225,631.00,0.2246,0.2824,0.2464,0.5816,0.8629
64,3000,200,3,2,205.00,801.00,1.1696,3.7169,0.5012,42381.04,0.0236,634.00,0.2360,0.2803,0.2418,0.5876,0.9149
64,3000,200,3,3,205.00,801.00,1.1696,3.7169,0.5270,43553.23,0.0230,636.00,0.2296,0.2809,0.2416,0.5865,0.9269
64,3000,200,3,4,205.00,801.00,1.1696,3.7169,0.5388,45706.07,0.0219,638.00,0.2188,0.2652,0.2269,0.5513,0.8886
64,3000,200,3,6,205.00,801.00,1.1696,3.7169,0.5498,44915.38,0.0223,637.00,0.2226,0.2537,0.2149,0.5594,0.8899
64,3000,200,6,1,205.00,801.00,1.1696,3.7169,0.5184,28929.45,0.0346,633.00,0.3457,0.5217,0.4659,1.0060,1.5280
64,3000,200,6,2,205.00,801.00,1.1696,3.7169,0.6049,29257.29,0.0342,632.00,0.3418,0.5108,0.4578,0.9810,1.4862
64,3000,200,6,4,205.00,801.00,1.1696,3.7169,0.6627,29108.17,0.0344,636.00,0.3435,0.5258,0.4637,1.0097,1.5542
64,3000,200,6,6,205.00,801.00,1.1696,3.7169,0.6819,28527.92,0.0351,637.00,0.3505,0.5140,0.4608,0.9903,1.5480
64,3000,200,6,9,205.00,801.00,1.1696,3.7169,0.6914,28217.29,0.0354,636.00,0.3544,0.5250,0.4670,1.0167,1.6327
64,3000,200,6,12,205.00,801.00,1.1696,3.7169,0.6947,28658.49,0.0349,637.00,0.3489,0.5330,0.4780,1.0024,1.4884
64,3000,200,12,2,205.00,801.00,1.1696,3.7169,0.6741,17319.41,0.0577,634.00,0.5774,1.0024,0.9068,1.7433,2.8224
64,3000,200,12,4,205.00,801.00,1.1696,3.7169,0.7563,17430.37,0.0574,633.00,0.5737,0.9719,0.8788,1.7557,2.5753
64,3000,200,12,9,205.00,801.00,1.1696,3.7169,0.8056,17245.23,0.0580,634.00,0.5799,0.9687,0.8726,1.7385,2.5507
64,3000,200,12,12,205.00,801.00,1.1696,3.7169,0.8119,17235.59,0.0580,636.00,0.5802,0.9646,0.8682,1.7250,2.7421
64,3000,200,12,18,205.00,801.00,1.1696,3.7169,0.8175,17340.79,0.0577,637.00,0.5767,0.9625,0.8704,1.7600,2.5959
64,3000,200,12,24,205.00,801.00,1.1696,3.7169,0.8189,17164.65,0.0583,639.00,0.5826,0.9490,0.8628,1.6888,2.6096
64,3000,200,24,4,205.00,801.00,1.1696,3.7169,0.8075,9619.13,0.1040,638.00,1.0396,1.8382,1.6901,3.0473,4.5951
64,3000,200,24,9,205.00,801.00,1.1696,3.7169,0.8807,9786.19,0.1022,635.00,1.0218,1.8448,1.6968,3.0245,4.7458
64,3000,200,24,19,205.00,801.00,1.1696,3.7169,0.9054,9861.26,0.1014,637.00,1.0141,1.8412,1.6835,3.0525,4.8612
64,3000,200,24,24,205.00,801.00,1.1696,3.7169,0.9074,9475.60,0.1055,635.00,1.0553,1.8319,1.6820,2.9909,4.8243
64,3000,200,24,36,205.00,801.00,1.1696,3.7169,0.9091,9492.79,0.1053,636.00,1.0534,1.8700,1.7254,3.0729,4.7329
64,3000,200,24,48,205.00,801.00,1.1696,3.7169,0.9094,9561.27,0.1046,637.00,1.0459,1.8990,1.7449,3.0897,4.8662
64,3000,200,48,9,205.00,801.00,1.1696,3.7169,0.9153,5112.06,0.1956,643.00,1.9562,3.6331,3.4020,5.4699,9.1298
64,3000,200,48,19,205.00,801.00,1.1696,3.7169,0.9548,5118.60,0.1954,639.00,1.9537,3.6524,3.4117,5.5683,9.1606
64,3000,200,48,38,205.00,801.00,1.1696,3.7169,0.9636,5051.63,0.1980,645.00,1.9796,3.5607,3.3060,5.3292,9.7527
64,3000,200,48,48,205.00,801.00,1.1696,3.7169,0.9644,4980.59,0.2008,643.00,2.0078,3.6035,3.3543,5.5128,9.9356
64,3000,200,48,72,205.00,801.00,1.1696,3.7169,0.9647,5271.10,0.1897,638.00,1.8971,3.5940,3.3361,5.3613,9.3265
64,3000,200,48,96,205.00,801.00,1.1696,3.7169,0.9647,5272.34,0.1897,637.00,1.8967,3.6044,3.3368,5.3887,9.7111
64,3000,200,96,19,205.00,801.00,1.1696,3.7169,0.9720,2803.56,0.3567,647.00,3.5669,6.8679,6.4838,9.3120,18.7699
64,3000,200,96,38,205.00,801.00,1.1696,3.7169,0.9871,2811.35,0.3557,637.00,3.5570,6.8720,6.4782,9.4131,19.0303
64,3000,200,96,76,205.00,801.00,1.1696,3.7169,0.9897,2761.91,0.3621,648.00,3.6207,6.8878,6.5584,9.4736,14.8191
64,3000,200,96,96,205.00,801.00,1.1696,3.7169,0.9897,2760.97,0.3622,640.00,3.6219,6.9180,6.5068,9.4937,18.3729
64,3000,200,96,144,205.00,801.00,1.1696,3.7169,0.9898,2679.82,0.3732,641.00,3.7316,7.0668,6.6676,9.9607,18.5121
64,3000,200,96,192,205.00,801.00,1.1696,3.7169,0.9898,2680.97,0.3730,648.00,3.7300,6.9614,6.6207,9.5871,18.9380
64,3000,200,192,38,205.00,801.00,1.1696,3.7169,0.9931,1441.24,0.6938,657.00,6.9385,13.0572,12.6191,17.2267,31.7916
64,3000,200,192,76,205.00,801.00,1.1696,3.7169,0.9974,1423.96,0.7023,644.00,7.0227,13.2370,12.7550,17.6103,32.3301
64,3000,200,192,153,205.00,801.00,1.1696,3.7169,0.9978,1412.02,0.7082,648.00,7.0821,13.4183,12.9139,17.7676,33.8424
64,3000,200,192,192,205.00,801.00,1.1696,3.7169,0.9978,1385.43,0.7218,659.00,7.2180,13.7171,13.1920,18.0445,35.7114
64,3000,200,192,288,205.00,801.00,1.1696,3.7169,0.9979,1358.39,0.7362,648.00,7.3617,13.9488,13.4189,18.7971,34.0969
64,3000,200,192,384,205.00,801.00,1.1696,3.7169,0.9979,1350.28,0.7406,650.00,7.4059,13.8139,13.2762,18.2422,33.4803
64,4000,40,4,1,203.00,804.00,1.7520,5.0219,0.5655,39380.28,0.0254,645.00,0.2539,0.3496,0.3056,0.7102,1.1300
64,4000,40,4,1,203.00,804.00,1.7520,5.0219,0.5655,40729.97,0.0246,645.00,0.2455,0.3064,0.2634,0.6395,1.0362
64,4000,40,4,3,203.00,804.00,1.7520,5.0219,0.5922,42576.30,0.0235,643.00,0.2349,0.2986,0.2621,0.5963,0.8865
64,4000,40,4,4,203.00,804.00,1.7520,5.0219,0.5935,43984.54,0.0227,643.00,0.2274,0.2860,0.2453,0.5967,0.9431
64,4000,40,4,6,203.00,804.00,1.7520,5.0219,0.5945,43200.42,0.0231,643.00,0.2315,0.2978,0.2607,0.6147,0.9311
64,4000,40,4,8,203.00,804.00,1.7520,5.0219,0.5948,45188.94,0.0221,644.00,0.2213,0.2809,0.2441,0.5604,0.8820
64,4000,40,8,1,203.00,804.00,1.7520,5.0219,0.6810,27775.11,0.0360,642.00,0.3600,0.5375,0.4805,1.0389,1.5577
64,4000,40,8,3,203.00,804.00,1.7520,5.0219,0.7236,27725.41,0.0361,646.00,0.3607,0.5125,0.4598,0.9949,1.4192
64,4000,40,8,6,203.00,804.00,1.7520,5.0219,0.7283,28781.95,0.0347,645.00,0.3474,0.5220,0.4695,0.9554,1.4145
64,4000,40,8,8,203.00,804.00,1.7520,5.0219,0.7286,28777.99,0.0347,645.00,0.3475,0.5313,0.4776,0.9992,1.4220
64,4000,40,8,12,203.00,804.00,1.7520,5.0219,0.7290,28168.83,0.0355,643.00,0.3550,0.5272,0.4719,0.9894,1.5020
64,4000,40,8,16,203.00,804.00,1.7520,5.0219,0.7292,28672.87,0.0349,651.00,0.3488,0.5241,0.4705,0.9879,1.4369
64,4000,40,16,3,203.00,804.00,1.7520,5.0219,0.8283,16231.05,0.0616,642.00,0.6161,1.0126,0.9240,1.8284,2.6251
64,4000,40,16,6,203.00,804.00,1.7520,5.0219,0.8387,15377.60,0.0650,643.00,0.6503,1.0512,0.9441,1.9217,2.9254
64,4000,40,16,12,203.00,804.00,1.7520,5.0219,0.8412,16125.92,0.0620,643.00,0.6201,1.0425,0.9482,1.8490,2.6333
64,4000,40,16,16,203.00,804.00,1.7520,5.0219,0.8415,15975.45,0.0626,645.00,0.6260,1.0558,0.9582,1.8535,2.7102
64,4000,40,16,24,203.00,804.00,1.7520,5.0219,0.8416,15848.73,0.0631,642.00,0.6310,1.0333,0.9397,1.8412,2.6287
64,4000,40,16,32,203.00,804.00,1.7520,5.0219,0.8416,15727.98,0.0636,642.00,0.6358,1.0468,0.9441,1.8461,2.8780
64,4000,40,32,6,203.00,804.00,1.7520,5.0219,0.9159,8896.24,0.1124,649.00,1.1241,2.0224,1.8652,3.3800,4.6785
64,4000,40,32,12,203.00,804.00,1.7520,5.0219,0.9216,8811.51,0.1135,647.00,1.1349,2.0073,1.8561,3.3122,4.5741
64,4000,40,32,25,203.00,804.00,1.7520,5.0219,0.9229,8675.61,0.1153,642.00,1.1527,1.9879,1.8171,3.3393,5.0767
64,4000,40,32,32,203.00,804.00,1.7520,5.0219,0.9230,8603.65,0.1162,648.00,1.1623,2.0072,1.8375,3.3869,5.3056
64,4000,40,32,48,203.00,804.00,1.7520,5.0219,0.9230,8926.85,0.1120,641.00,1.1202,2.0199,1.8716,3.3063,4.8724
64,4000,40,32,64,203.00,804.00,1.7520,5.0219,0.9230,8932.54,0.1120,645.00,1.1195,2.0212,1.8658,3.2804,4.6376
64,4000,40,64,12,203.00,804.00,1.7520,5.0219,0.9668,4809.54,0.2079,652.00,2.0792,3.7737,3.5309,5.6834,9.6261
64,4000,40,64,25,203.00,804.00,1.7520,5.0219,0.9693,4799.22,0.2084,650.00,2.0837,3.7860,3.5214,5.7607,10.1094
64,4000,40,64,51,203.00,804.00,1.7520,5.0219,0.9696,4546.48,0.2200,652.00,2.1995,3.8680,3.6062,6.0728,10.3271
64,4000,40,64,64,203.00,804.00,1.7520,5.0219,0.9696,4409.72,0.2268,643.00,2.2677,3.9406,3.6782,6.1984,10.7969
64,4000,40,64,96,203.00,804.00,1.7520,5.0219,0.9696,4595.53,0.2176,645.00,2.1760,3.9511,3.7319,6.1473,8.5829
64,4000,40,64,128,203.00,804.00,1.7520,5.0219,0.9696,4555.05,0.2195,641.00,2.1954,3.9533,3.6831,5.8944,11.0083
64,4000,40,128,25,203.00,804.00,1.7520,5.0219,0.9904,2559.11,0.3908,645.00,3.9076,7.1856,6.8469,10.1578,19.7199
64,4000,40,128,51,203.00,804.00,1.7520,5.0219,0.9911,2539.34,0.3938,655.00,3.9380,7.2192,6.8367,10.2688,17.9801
64,4000,40,128,102,203.00,804.00,1.7520,5.0219,0.9913,2517.93,0.3972,649.00,3.9715,7.4836,7.1421,10.6728,17.1182
64,4000,40,128,128,203.00,804.00,1.7520,5.0219,0.9913,2452.19,0.4078,641.00,4.0780,7.5711,7.2485,10.8674,16.7896
64,4000,40,128,192,203.00,804.00,1.7520,5.0219,0.9913,2331.93,0.4288,644.00,4.2883,7.5253,7.2978,11.6757,15.3828
64,4000,40,128,256,203.00,804.00,1.7520,5.0219,0.9913,2261.69,0.4421,652.00,4.4215,7.8567,7.4218,11.2113,20.2856
64,4000,40,256,51,203.00,804.00,1.7520,5.0219,0.9976,1242.75,0.8047,665.00,8.0467,14.6239,14.0113,19.3920,40.0526
64,4000,40,256,102,203.00,804.00,1.7520,5.0219,0.9979,1275.50,0.7840,667.00,7.8400,14.4515,13.8865,18.9062,39.1764
64,4000,40,256,204,203.00,804.00,1.7520,5.0219,0.9979,1296.90,0.7711,662.00,7.7107,14.4112,13.9192,19.7393,30.6267
64,4000,40,256,256,203.00,804.00,1.7520,5.0219,0.9979,1257.17,0.7954,667.00,7.9544,14.7448,14.2046,19.1571,37.6689
64,4000,40,256,384,203.00,804.00,1.7520,5.0219,0.9980,1249.93,0.8000,662.00,8.0005,14.7656,14.1887,19.3717,35.8960
64,4000,40,256,512,203.00,804.00,1.7520,5.0219,0.9980,1234.77,0.8099,667.00,8.0987,15.0376,14.4984,20.5020,30.4316
64,4000,100,4,1,218.00,806.00,2.0655,5.3998,0.5394,41650.55,0.0240,625.00,0.2401,0.3493,0.3128,0.6892,1.0399
64,4000,100,4,1,218.00,806.00,2.0655,5.3998,0.5394,43258.50,0.0231,626.00,0.2312,0.3129,0.2781,0.6143,0.8955
64,4000,100,4,3,218.00,806.00,2.0655,5.3998,0.5857,42733.43,0.0234,625.00,0.2340,0.3039,0.2662,0.6085,0.9589
64,4000,100,4,4,218.00,806.00,2.0655,5.3998,0.5899,43584.19,0.0229,624.00,0.2294,0.2968,0.2626,0.5876,0.9226
64,4000,100,4,6,218.00,806.00,2.0655,5.3998,0.5930,43467.36,0.0230,625.00,0.2301,0.2867,0.2480,0.5918,0.8634
64,4000,100,4,8,218.00,806.00,2.0655,5.3998,0.5940,44666.46,0.0224,627.00,0.2239,0.2913,0.2535,0.5840,0.9259
64,4000,100,8,1,218.00,806.00,2.0655,5.3998,0.6443,27515.48,0.0363,626.00,0.3634,0.5655,0.5142,1.0452,1.5033
64,4000,100,8,3,218.00,806.00,2.0655,5.3998,0.7117,26982.69,0.0371,625.00,0.3706,0.5573,0.5007,1.0504,1.4599
64,4000,100,8,6,218.00,806.00,2.0655,5.3998,0.7243,27322.85,0.0366,625.00,0.3660,0.5464,0.4909,1.0310,1.4547
64,4000,100,8,8,218.00,806.00,2.0655,5.3998,0.7264,27309.94,0.0366,626.00,0.3662,0.5483,0.4869,1.0368,1.5799
64,4000,100,8,12,218.00,806.00,2.0655,5.3998,0.7277,27499.20,0.0364,625.00,0.3636,0.5548,0.4963,1.0567,1.5740
64,4000,100,8,16,218.00,806.00,2.0655,5.3998,0.7284,28181.58,0.0355,623.00,0.3548,0.5310,0.4783,0.9968,1.4575
64,4000,100,16,3,218.00,806.00,2.0655,5.3998,0.8106,15221.83,0.0657,624.00,0.6570,1.0630,0.9753,1.9237,2.6244
64,4000,100,16,6,218.00,806.00,2.0655,5.3998,0.8315,15355.67,0.0651,625.00,0.6512,1.0483,0.9394,1.9141,2.8423
64,4000,100,16,12,218.00,806.00,2.0655,5.3998,0.8390,16081.98,0.0622,624.00,0.6218,1.0403,0.9559,1.8257,2.6494
64,4000,100,16,16,218.00,806.00,2.0655,5.3998,0.8401,15838.66,0.0631,623.00,0.6314,1.0381,0.9349,1.8496,2.7825
64,4000,100,16,24,218.00,806.00,2.0655,5.3998,0.8403,15457.54,0.0647,624.00,0.6469,1.0527,0.9618,1.8632,2.4921
64,4000,100,16,32,218.00,806.00,2.0655,5.3998,0.8404,15298.44,0.0654,623.00,0.6537,1.0560,0.9659,1.8708,2.5496
64,4000,100,32,6,218.00,806.00,2.0655,5.3998,0.9064,8555.06,0.1169,621.00,1.1689,2.0404,1.8947,3.3662,4.7223
64,4000,100,32,12,218.00,806.00,2.0655,5.3998,0.9192,8780.86,0.1139,623.00,1.1388,2.0590,1.9043,3.3722,4.8378
64,4000,100,32,25,218.00,806.00,2.0655,5.3998,0.9221,8630.87,0.1159,623.00,1.1586,2.0143,1.8544,3.3642,5.0601
64,4000,100,32,32,218.00,806.00,2.0655,5.3998,0.9222,8692.65,0.1150,622.00,1.1504,2.0593,1.8954,3.3784,5.0428
64,4000,100,32,48,218.00,806.00,2.0655,5.3998,0.9223,8901.71,0.1123,621.00,1.1234,2.0225,1.8703,3.2560,4.8567
64,4000,100,32,64,218.00,806.00,2.0655,5.3998,0.9224,9053.36,0.1105,625.00,1.1046,2.0214,1.8656,3.3247,4.8408
64,4000,100,64,12,218.00,806.00,2.0655,5.3998,0.9638,4904.25,0.2039,625.00,2.0390,3.7756,3.5262,5.7735,9.2816
64,4000,100,64,25,218.00,806.00,2.0655,5.3998,0.9692,4976.29,0.2010,621.00,2.0095,3.7793,3.5355,5.7018,9.1274
64,4000,100,64,51,218.00,806.00,2.0655,5.3998,0.9699,4896.56,0.2042,627.00,2.0422,3.8098,3.5660,5.7842,9.0271
64,4000,100,64,64,218.00,806.00,2.0655,5.3998,0.9700,4911.11,0.2036,624.00,2.0362,3.7206,3.4608,5.5376,9.9247
64,4000,100,64,96,218.00,806.00,2.0655,5.3998,0.9701,4902.34,0.2040,625.00,2.0398,3.8210,3.5710,5.7406,9.3929
64,4000,100,64,128,218.00,806.00,2.0655,5.3998,0.9701,4825.43,0.2072,623.00,2.0724,3.9097,3.6627,5.8743,9.1083
64,4000,100,128,25,218.00,806.00,2.0655,5.3998,0.9899,2615.74,0.3823,626.00,3.8230,7.1126,6.7325,9.7640,20.7558
64,4000,100,128,51,218.00,806.00,2.0655,5.3998,0.9913,2586.62,0.3866,628.00,3.8661,7.1516,6.7767,9.8962,20.6053
64,4000,100,128,102,218.00,806.00,2.0655,5.3998,0.9915,2520.04,0.3968,639.00,3.9682,7.3581,6.9944,10.2761,20.3003
64,4000,100,128,128,218.00,806.00,2.0655,5.3998,0.9916,2514.92,0.3976,634.00,3.9763,7.3367,6.9349,10.2092,19.7155
64,4000,100,128,192,218.00,806.00,2.0655,5.3998,0.9916,2538.13,0.3940,638.00,3.9399,7.3249,6.9476,10.0439,21.2231
64,4000,100,128,256,218.00,806.00,2.0655,5.3998,0.9916,2567.14,0.3895,637.00,3.8954,7.4242,7.0729,10.2997,17.6619
64,4000,100,256,51,218.00,806.00,2.0655,5.3998,0.9976,1369.49,0.7302,650.00,7.3020,13.7476,13.2445,18.0768,35.9688
64,4000,100,256,102,218.00,806.00,2.0655,5.3998,0.9981,1386.08,0.7215,641.00,7.2146,13.8769,13.3874,18.0938,34.6089
64,4000,100,256,204,218.00,806.00,2.0655,5.3998,0.9981,1369.25,0.7303,652.00,7.3033,13.8134,13.3308,17.7460,38.9358
64,4000,100,256,256,218.00,806.00,2.0655,5.3998,0.9981,1386.83,0.7211,640.00,7.2107,13.7924,13.3143,18.0417,33.6166
64,4000,100,256,384,218.00,806.00,2.0655,5.3998,0.9982,1359.69,0.7355,645.00,7.3546,13.9467,13.5149,17.9843,37.4182
64,4000,100,256,512,218.00,806.00,2.0655,5.3998,0.9982,1353.77,0.7387,652.00,7.3868,14.3381,13.8306,18.3232,34.5611
64,4000,200,4,1,203.00,800.00,1.3655,3.9946,0.4575,39779.69,0.0251,640.00,0.2514,0.3346,0.2971,0.6658,0.9989
64,4000,200,4,1,203.00,800.00,1.3655,3.9946,0.4575,43013.22,0.0232,642.00,0.2325,0.2984,0.2619,0.6048,0.9787
64,4000,200,4,3,203.00,800.00,1.3655,3.9946,0.5566,41236.71,0.0243,647.00,0.2425,0.2973,0.2572,0.6277,0.9664
64,4000,200,4,4,203.00,800.00,1.3655,3.9946,0.5713,42564.08,0.0235,646.00,0.2349,0.2848,0.2481,0.5887,0.8599
64,4000,200,4,6,203.00,800.00,1.3655,3.9946,0.5855,41281.01,0.0242,646.00,0.2422,0.2826,0.2416,0.5988,0.9136
64,4000,200,4,8,203.00,800.00,1.3655,3.9946,0.5903,43904.81,0.0228,646.00,0.2278,0.2793,0.2415,0.5774,0.9119
64,4000,200,8,1,203.00,800.00,1.3655,3.9946,0.5222,27368.90,0.0365,645.00,0.3654,0.5463,0.4909,1.0317,1.5033
64,4000,200,8,3,203.00,800.00,1.3655,3.9946,0.6610,28075.66,0.0356,643.00,0.3562,0.5472,0.4821,1.0663,1.6715
64,4000,200,8,6,203.00,800.00,1.3655,3.9946,0.7088,27900.97,0.0358,645.00,0.3584,0.5271,0.4701,1.0145,1.5581
64,4000,200,8,8,203.00,800.00,1.3655,3.9946,0.7184,28019.11,0.0357,647.00,0.3569,0.5272,0.4691,1.0227,1.4765
64,4000,200,8,12,203.00,800.00,1.3655,3.9946,0.7257,28773.12,0.0348,642.00,0.3475,0.5113,0.4546,0.9793,1.4439
64,4000,200,8,16,203.00,800.00,1.3655,3.9946,0.7284,28838.68,0.0347,645.00,0.3468,0.5138,0.4565,0.9820,1.4895
64,4000,200,16,3,203.00,800.00,1.3655,3.9946,0.7303,16342.36,0.0612,644.00,0.6119,1.0197,0.9250,1.8263,2.6672
64,4000,200,16,6,203.00,800.00,1.3655,3.9946,0.8001,16268.31,0.0615,643.00,0.6147,1.0027,0.9036,1.7935,2.8531
64,4000,200,16,12,203.00,800.00,1.3655,3.9946,0.8328,15559.48,0.0643,644.00,0.6427,1.0267,0.9282,1.8787,2.8976
64,4000,200,16,16,203.00,800.00,1.3655,3.9946,0.8384,15534.28,0.0644,647.00,0.6437,1.0858,0.9762,1.9564,3.0663
64,4000,200,16,24,203.00,800.00,1.3655,3.9946,0.8417,15167.46,0.0659,645.00,0.6593,1.0588,0.9740,1.9363,2.6623
64,4000,200,16,32,203.00,800.00,1.3655,3.9946,0.8425,15072.57,0.0663,641.00,0.6635,1.0869,0.9755,1.9950,2.9000
64,4000,200,32,6,203.00,800.00,1.3655,3.9946,0.8515,8576.47,0.1166,642.00,1.1660,2.0455,1.9020,3.3880,4.6466
64,4000,200,32,12,203.00,800.00,1.3655,3.9946,0.9022,8762.02,0.1141,647.00,1.1413,2.0517,1.9003,3.3775,4.5639
64,4000,200,32,25,203.00,800.00,1.3655,3.9946,0.9207,8599.58,0.1163,642.00,1.1628,2.0119,1.8364,3.3295,5.5554
64,4000,200,32,32,203.00,800.00,1.3655,3.9946,0.9224,9412.58,0.1062,643.00,1.0624,1.9413,1.7771,3.2232,4.7420
64,4000,200,32,48,203.00,800.00,1.3655,3.9946,0.9236,9040.56,0.1106,643.00,1.1061,1.9415,1.7688,3.1580,5.0527
64,4000,200,32,64,203.00,800.00,1.3655,3.9946,0.9237,9035.35,0.1107,642.00,1.1068,1.9478,1.7730,3.1808,5.2039
64,4000,200,64,12,203.00,800.00,1.3655,3.9946,0.9332,4819.69,0.2075,649.00,2.0748,3.7459,3.4846,5.6336,10.4888
64,4000,200,64,25,203.00,800.00,1.3655,3.9946,0.9636,4794.57,0.2086,653.00,2.0857,3.7770,3.5270,5.8129,10.1876
64,4000,200,64,51,203.00,800.00,1.3655,3.9946,0.9700,5115.27,0.1955,654.00,1.9549,3.6981,3.4296,5.5624,9.3511
64,4000,200,64,64,203.00,800.00,1.3655,3.9946,0.9703,5086.15,0.1966,647.00,1.9661,3.7260,3.4678,5.5497,9.6025
64,4000,200,64,96,203.00,800.00,1.3655,3.9946,0.9707,4992.07,0.2003,652.00,2.0032,3.7424,3.4964,5.6438,9.2069
64,4000,200,64,128,203.00,800.00,1.3655,3.9946,0.9707,4897.02,0.2042,651.00,2.0421,3.8032,3.5399,5.8469,8.6985
64,4000,200,128,25,203.00,800.00,1.3655,3.9946,0.9792,2652.86,0.3770,650.00,3.7695,7.0579,6.7283,9.9079,16.5161
64,4000,200,128,51,203.00,800.00,1.3655,3.9946,0.9899,2671.00,0.3744,655.00,3.7439,7.1708,6.8162,10.0062,17.5743
64,4000,200,128,102,203.00,800.00,1.3655,3.9946,0.9917,2654.46,0.3767,652.00,3.7672,7.1922,6.8183,10.1197,17.7489
64,4000,200,128,128,203.00,800.00,1.3655,3.9946,0.9918,2654.99,0.3766,657.00,3.7665,7.2129,6.8371,9.9866,17.6886
64,4000,200,128,192,203.00,800.00,1.3655,3.9946,0.9918,2644.08,0.3782,657.00,3.7820,7.2606,6.8918,10.0990,18.1254
64,4000,200,128,256,203.00,800.00,1.3655,3.9946,0.9918,2601.54,0.3844,643.00,3.8439,7.2462,6.9225,10.0275,16.9298
64,4000,200,256,51,203.00,800.00,1.3655,3.9946,0.9950,1378.77,0.7253,665.00,7.2528,13.7645,13.2128,18.5277,33.3206
64,4000,200,256,102,203.00,800.00,1.3655,3.9946,0.9980,1348.01,0.7418,652.00,7.4183,13.7782,13.2867,18.0330,37.4584
64,4000,200,256,204,203.00,800.00,1.3655,3.9946,0.9982,1317.65,0.7589,652.00,7.5893,14.2281,13.6905,19.1879,32.5812
64,4000,200,256,256,203.00,800.00,1.3655,3.9946,0.9982,1331.64,0.7510,667.00,7.5095,13.8414,13.3616,18.2731,37.3576
64,4000,200,256,384,203.00,800.00,1.3655,3.9946,0.9982,1329.94,0.7519,656.00,7.5191,14.0053,13.5177,18.4176,35.1796
64,4000,200,256,512,203.00,800.00,1.3655,3.9946,0.9982,1337.98,0.7474,654.00,7.4739,14.2957,13.7780,18.9774,33.3337
64,6000,40,6,1,210.00,797.00,2.0250,5.3570,0.6023,38587.50,0.0259,650.00,0.2592,0.3579,0.3184,0.7019,1.0363
64,6000,40,6,2,210.00,797.00,2.0250,5.3570,0.6306,40057.28,0.0250,649.00,0.2496,0.3308,0.2889,0.6701,0.9932
64,6000,40,6,4,210.00,797.00,2.0250,5.3570,0.6411,41204.32,0.0243,652.00,0.2427,0.3139,0.2769,0.6250,0.9194
64,6000,40,6,6,210.00,797.00,2.0250,5.3570,0.6433,39887.88,0.0251,649.00,0.2507,0.3045,0.2662,0.6160,0.9484
64,6000,40,6,9,210.00,797.00,2.0250,5.3570,0.6446,41004.70,0.0244,653.00,0.2439,0.3112,0.2768,0.5988,0.8542
64,6000,40,6,12,210.00,797.00,2.0250,5.3570,0.6450,41400.30,0.0242,649.00,0.2415,0.3068,0.2670,0.6127,0.8854
64,6000,40,12,2,210.00,797.00,2.0250,5.3570,0.7429,25865.99,0.0387,650.00,0.3866,0.5982,0.5410,1.0998,1.5840
64,6000,40,12,4,210.00,797.00,2.0250,5.3570,0.7602,25650.81,0.0390,655.00,0.3899,0.6031,0.5451,1.1371,1.6155
64,6000,40,12,9,210.00,797.00,2.0250,5.3570,0.7670,26338.98,0.0380,649.00,0.3797,0.5796,0.5255,1.0761,1.4819
64,6000,40,12,12,210.00,797.00,2.0250,5.3570,0.7676,25653.63,0.0390,650.00,0.3898,0.5708,0.5062,1.1014,1.7135
64,6000,40,12,18,210.00,797.00,2.0250,5.3570,0.7678,26850.02,0.0372,648.00,0.3724,0.5868,0.5294,1.0726,1.6584
64,6000,40,12,24,210.00,797.00,2.0250,5.3570,0.7678,26580.90,0.0376,649.00,0.3762,0.5724,0.5080,1.0746,1.6096
64,6000,40,24,4,210.00,797.00,2.0250,5.3570,0.8519,14686.37,0.0681,646.00,0.6809,1.1278,1.0322,1.9919,2.7003
64,6000,40,24,9,210.00,797.00,2.0250,5.3570,0.8654,14341.68,0.0697,650.00,0.6973,1.1460,1.0465,2.0274,2.7446
64,6000,40,24,19,210.00,797.00,2.0250,5.3570,0.8677,14386.02,0.0695,648.00,0.6951,1.1318,1.0310,2.1043,2.8951
64,6000,40,24,24,210.00,797.00,2.0250,5.3570,0.8679,13957.40,0.0716,652.00,0.7165,1.1661,1.0596,2.1055,2.9411
64,6000,40,24,36,210.00,797.00,2.0250,5.3570,0.8681,14587.30,0.0686,647.00,0.6855,1.1534,1.0532,2.0292,2.8603
64,6000,40,24,48,210.00,797.00,2.0250,5.3570,0.8682,14624.01,0.0684,649.00,0.6838,1.1322,1.0304,1.9739,2.9196
64,6000,40,48,9,210.00,797.00,2.0250,5.3570,0.9321,7994.46,0.1251,651.00,1.2509,2.1749,2.0316,3.6176,4.7265
64,6000,40,48,19,210.00,797.00,2.0250,5.3570,0.9374,8071.98,0.1239,646.00,1.2389,2.1575,1.9876,3.5308,5.1223
64,6000,40,48,38,210.00,797.00,2.0250,5.3570,0.9383,7947.84,0.1258,648.00,1.2582,2.1724,1.9992,3.5953,5.1926
64,6000,40,48,48,210.00,797.00,2.0250,5.3570,0.9383,7788.49,0.1284,650.00,1.2839,2.1925,2.0210,3.6503,5.4469
64,6000,40,48,72,210.00,797.00,2.0250,5.3570,0.9383,7920.07,0.1263,647.00,1.2626,2.2038,2.0306,3.5454,5.7481
64,6000,40,48,96,210.00,797.00,2.0250,5.3570,0.9383,7860.05,0.1272,642.00,1.2723,2.2464,2.0820,3.6701,5.1945
64,6000,40,96,19,210.00,797.00,2.0250,5.3570,0.9754,4369.08,0.2289,650.00,2.2888,4.1296,3.8717,6.3148,9.8308
64,6000,40,96,38,210.00,797.00,2.0250,5.3570,0.9776,4324.69,0.2312,649.00,2.3123,4.1464,3.8657,6.3389,10.2029
64,6000,40,96,76,210.00,797.00,2.0250,5.3570,0.9778,4301.85,0.2325,650.00,2.3246,4.1386,3.8828,6.3962,9.7178
64,6000,40,96,96,210.00,797.00,2.0250,5.3570,0.9778,4395.79,0.2275,646.00,2.2749,4.1172,3.8535,6.2737,9.9477
64,6000,40,96,144,210.00,797.00,2.0250,5.3570,0.9778,4371.07,0.2288,648.00,2.2878,4.1192,3.8690,6.2529,9.7592
64,6000,40,96,192,210.00,797.00,2.0250,5.3570,0.9778,4289.21,0.2331,646.00,2.3314,4.1972,3.9410,6.3209,10.0714
64,6000,40,192,38,210.00,797.00,2.0250,5.3570,0.9931,2424.30,0.4125,659.00,4.1249,7.6352,7.3118,10.7976,16.3968
64,6000,40,192,76,210.00,797.00,2.0250,5.3570,0.9937,2379.25,0.4203,656.00,4.2030,7.6948,7.3374,10.7737,18.0493
64,6000,40,192,153,210.00,797.00,2.0250,5.3570,0.9937,2380.53,0.4201,652.00,4.2007,7.6807,7.3272,10.9035,17.4681
64,6000,40,192,192,210.00,797.00,2.0250,5.3570,0.9938,2357.38,0.4242,667.00,4.2420,7.7394,7.3990,10.9671,17.3600
64,6000,40,192,288,210.00,797.00,2.0250,5.3570,0.9938,2324.40,0.4302,658.00,4.3022,7.8728,7.4908,10.8647,20.4371
64,6000,40,192,384,210.00,797.00,2.0250,5.3570,0.9938,2323.37,0.4304,656.00,4.3041,7.9499,7.6038,10.7996,20.0429
64,6000,40,384,76,210.00,797.00,2.0250,5.3570,0.9984,1272.56,0.7858,677.00,7.8582,14.6194,14.1669,19.0797,36.1785
64,6000,40,384,153,210.00,797.00,2.0250,5.3570,0.9985,1236.95,0.8084,686.00,8.0844,15.2877,14.7926,20.5702,32.2914
64,6000,40,384,307,210.00,797.00,2.0250,5.3570,0.9986,1211.19,0.8256,690.00,8.2564,15.5123,15.0210,21.5861,29.5732
64,6000,40,384,384,210.00,797.00,2.0250,5.3570,0.9986,1238.58,0.8074,680.00,8.0738,14.9363,14.4499,19.5570,35.6706
64,6000,40,384,576,210.00,797.00,2.0250,5.3570,0.9986,1245.84,0.8027,681.00,8.0267,15.0477,14.6166,19.8106,34.7088
64,6000,40,384,768,210.00,797.00,2.0250,5.3570,0.9986,1186.85,0.8426,687.00,8.4256,15.7035,15.2293,20.7676,33.3294
64,6000,100,6,1,241.00,796.00,2.4841,5.9481,0.5741,50167.12,0.0199,645.00,0.1993,0.2168,0.1919,0.4125,0.5665
64,6000,100,6,2,241.00,796.00,2.4841,5.9481,0.6195,55926.79,0.0179,646.00,0.1788,0.2111,0.1841,0.4059,0.5692
64,6000,100,6,4,241.00,796.00,2.4841,5.9481,0.6377,54517.23,0.0183,645.00,0.1834,0.2058,0.1803,0.3921,0.5596
64,6000,100,6,6,241.00,796.00,2.4841,5.9481,0.6426,55917.27,0.0179,646.00,0.1788,0.2008,0.1762,0.3780,0.5461
64,6000,100,6,9,241.00,796.00,2.4841,5.9481,0.6446,51822.50,0.0193,645.00,0.1930,0.2116,0.1885,0.3856,0.5524
64,6000,100,6,12,241.00,796.00,2.4841,5.9481,0.6450,52708.73,0.0190,645.00,0.1897,0.2147,0.1936,0.3799,0.5361
64,6000,100,12,2,241.00,796.00,2.4841,5.9481,0.7226,36454.63,0.0274,648.00,0.2743,0.3772,0.3419,0.6792,0.9559
64,6000,100,12,4,241.00,796.00,2.4841,5.9481,0.7520,37305.69,0.0268,647.00,0.2681,0.3689,0.3349,0.6569,0.8926
64,6000,100,12,9,241.00,796.00,2.4841,5.9481,0.7649,38310.25,0.0261,643.00,0.2610,0.3718,0.3375,0.6509,0.8958
64,6000,100,12,12,241.00,796.00,2.4841,5.9481,0.7661,36339.71,0.0275,654.00,0.2752,0.3740,0.3361,0.6702,0.9295
64,6000,100,12,18,241.00,796.00,2.4841,5.9481,0.7666,35168.64,0.0284,644.00,0.2843,0.3681,0.3324,0.6513,0.8884
64,6000,100,12,24,241.00,796.00,2.4841,5.9481,0.7667,36034.42,0.0278,642.00,0.2775,0.3755,0.3388,0.6725,0.9463
64,6000,100,24,4,241.00,796.00,2.4841,5.9481,0.8404,23905.98,0.0418,646.00,0.4183,0.6838,0.6178,1.1720,1.7559
64,6000,100,24,9,241.00,796.00,2.4841,5.9481,0.8623,22800.03,0.0439,646.00,0.4386,0.6832,0.6226,1.1693,1.6312
64,6000,100,24,19,241.00,796.00,2.4841,5.9481,0.8667,22058.05,0.0453,644.00,0.4533,0.6851,0.6254,1.1882,1.5658
64,6000,100,24,24,241.00,796.00,2.4841,5.9481,0.8672,23028.85,0.0434,638.00,0.4342,0.6947,0.6359,1.1790,1.5791
64,6000,100,24,36,241.00,796.00,2.4841,5.9481,0.8673,23167.79,0.0432,646.00,0.4316,0.7191,0.6604,1.2067,1.5482
64,6000,100,24,48,241.00,796.00,2.4841,5.9481,0.8672,21993.89,0.0455,645.00,0.4547,0.7234,0.6652,1.2204,1.6298
64,6000,100,48,9,241.00,796.00,2.4841,5.9481,0.9265,13156.68,0.0760,654.00,0.7601,1.3306,1.2367,2.1054,2.8902
64,6000,100,48,19,241.00,796.00,2.4841,5.9481,0.9357,13327.66,0.0750,648.00,0.7503,1.2968,1.2027,2.0561,2.9356
64,6000,100,48,38,241.00,796.00,2.4841,5.9481,0.9371,13173.21,0.0759,651.00,0.7591,1.3179,1.2141,2.1083,2.9507
64,6000,100,48,48,241.00,796.00,2.4841,5.9481,0.9371,13312.45,0.0751,644.00,0.7512,1.3294,1.2356,2.0901,2.8730
64,6000,100,48,72,241.00,796.00,2.4841,5.9481,0.9372,12807.56,0.0781,642.00,0.7808,1.3523,1.2584,2.1129,2.8628
64,6000,100,48,96,241.00,796.00,2.4841,5.9481,0.9372,12691.07,0.0788,645.00,0.7880,1.3754,1.2720,2.1661,3.0049
64,6000,100,96,19,241.00,796.00,2.4841,5.9481,0.9738,7354.11,0.1360,655.00,1.3598,2.5033,2.3600,3.6522,5.6316
64,6000,100,96,38,241.00,796.00,2.4841,5.9481,0.9770,7372.86,0.1356,647.00,1.3563,2.5121,2.3788,3.6694,5.1201
64,6000,100,96,76,241.00,796.00,2.4841,5.9481,0.9773,7151.33,0.1398,648.00,1.3983,2.5363,2.3984,3.7320,5.1750
64,6000,100,96,96,241.00,796.00,2.4841,5.9481,0.9773,7290.73,0.1372,646.00,1.3716,2.5445,2.3981,3.6958,5.3280
64,6000,100,96,144,241.00,796.00,2.4841,5.9481,0.9774,7180.92,0.1393,646.00,1.3926,2.5952,2.4586,3.7248,5.4297
64,6000,100,96,192,241.00,796.00,2.4841,5.9481,0.9774,6998.85,0.1429,649.00,1.4288,2.6487,2.5212,3.7911,4.9877
64,6000,100,192,38,241.00,796.00,2.4841,5.9481,0.9930,4018.30,0.2489,649.00,2.4886,4.7544,4.5941,6.4987,9.1967
64,6000,100,192,76,241.00,796.00,2.4841,5.9481,0.9938,3960.04,0.2525,663.00,2.5252,4.8078,4.6339,6.5024,10.0513
64,6000,100,192,153,241.00,796.00,2.4841,5.9481,0.9939,3867.41,0.2586,655.00,2.5857,4.9059,4.7678,6.7545,8.9023
64,6000,100,192,192,241.00,796.00,2.4841,5.9481,0.9939,3871.00,0.2583,662.00,2.5833,4.9252,4.7735,6.7449,9.2914
64,6000,100,192,288,241.00,796.00,2.4841,5.9481,0.9939,3802.23,0.2630,661.00,2.6300,5.0107,4.8262,6.7989,10.2367
64,6000,100,192,384,241.00,796.00,2.4841,5.9481,0.9939,3681.79,0.2716,652.00,2.7161,5.1520,4.9824,6.8747,10.0113
64,6000,100,384,76,241.00,796.00,2.4841,5.9481,0.9982,2130.28,0.4694,671.00,4.6942,9.0835,8.9125,12.1292,17.2940
64,6000,100,384,153,241.00,796.00,2.4841,5.9481,0.9984,2100.81,0.4760,669.00,4.7601,9.1939,9.0299,12.2428,16.4011
64,6000,100,384,307,241.00,796.00,2.4841,5.9481,0.9985,2063.57,0.4846,684.00,4.8460,9.3875,9.2100,12.6294,16.8321
64,6000,100,384,384,241.00,796.00,2.4841,5.9481,0.9985,2059.68,0.4855,676.00,4.8551,9.4059,9.2261,12.7165,16.7494
64,6000,100,384,576,241.00,796.00,2.4841,5.9481,0.9985,1978.82,0.5054,684.00,5.0535,9.6813,9.4466,13.2465,17.6482
64,6000,100,384,768,241.00,796.00,2.4841,5.9481,0.9985,1893.95,0.5280,679.00,5.2800,10.1868,9.9862,13.4954,18.8412
64,6000,200,6,1,238.00,796.00,1.7017,4.4835,0.4790,37103.22,0.0270,635.00,0.2695,0.3593,0.3196,0.7094,1.0298
64,6000,200,6,2,238.00,796.00,1.7017,4.4835,0.5625,38786.78,0.0258,635.00,0.2578,0.3393,0.3050,0.6575,0.9661
64,6000,200,6,4,238.00,796.00,1.7017,4.4835,0.6158,40632.31,0.0246,636.00,0.2461,0.3294,0.2903,0.6551,0.9661
64,6000,200,6,6,238.00,796.00,1.7017,4.4835,0.6312,41697.37,0.0240,634.00,0.2398,0.3163,0.2779,0.6306,0.9905
64,6000,200,6,9,238.00,796.00,1.7017,4.4835,0.6405,41964.41,0.0238,635.00,0.2383,0.3081,0.2712,0.6181,0.9231
64,6000,200,6,12,238.00,796.00,1.7017,4.4835,0.6444,43430.46,0.0230,636.00,0.2303,0.3177,0.2770,0.6416,0.9977
64,6000,200,12,2,238.00,796.00,1.7017,4.4835,0.6331,26104.66,0.0383,633.00,0.3831,0.6028,0.5478,1.1034,1.5464
64,6000,200,12,4,238.00,796.00,1.7017,4.4835,0.7096,25892.38,0.0386,634.00,0.3862,0.6109,0.5584,1.1058,1.5705
64,6000,200,12,9,238.00,796.00,1.7017,4.4835,0.7541,25340.54,0.0395,634.00,0.3946,0.6122,0.5409,1.2076,1.7574
64,6000,200,12,12,238.00,796.00,1.7017,4.4835,0.7624,25768.20,0.0388,636.00,0.3881,0.5931,0.5302,1.1118,1.6365
64,6000,200,12,18,238.00,796.00,1.7017,4.4835,0.7672,25841.91,0.0387,634.00,0.3870,0.5705,0.5133,1.0779,1.6275
64,6000,200,12,24,238.00,796.00,1.7017,4.4835,0.7685,26905.28,0.0372,635.00,0.3717,0.5805,0.5215,1.0884,1.5289
64,6000,200,24,4,238.00,796.00,1.7017,4.4835,0.7695,15452.40,0.0647,633.00,0.6471,1.1099,1.0241,1.9091,2.6688
64,6000,200,24,9,238.00,796.00,1.7017,4.4835,0.8392,15170.17,0.0659,633.00,0.6592,1.1290,1.0382,1.9249,2.7361
64,6000,200,24,19,238.00,796.00,1.7017,4.4835,0.8639,14455.91,0.0692,631.00,0.6918,1.1289,1.0302,1.9827,2.9327
64,6000,200,24,24,238.00,796.00,1.7017,4.4835,0.8662,15542.00,0.0643,632.00,0.6434,1.0987,1.0075,1.9082,2.6638
64,6000,200,24,36,238.00,796.00,1.7017,4.4835,0.8681,15221.10,0.0657,632.00,0.6570,1.1212,1.0357,1.9117,2.6330
64,6000,200,24,48,238.00,796.00,1.7017,4.4835,0.8687,14857.41,0.0673,632.00,0.6731,1.1364,1.0381,1.9543,2.8849
64,6000,200,48,9,238.00,796.00,1.7017,4.4835,0.8857,8665.79,0.1154,632.00,1.1540,2.1248,1.9686,3.3815,5.0377
64,6000,200,48,19,238.00,796.00,1.7017,4.4835,0.9270,8324.69,0.1201,637.00,1.2012,2.1273,1.9686,3.4156,5.0956
64,6000,200,48,38,238.00,796.00,1.7017,4.4835,0.9374,8363.08,0.1196,633.00,1.1957,2.1734,2.0147,3.4933,5.1520
64,6000,200,48,48,238.00,796.00,1.7017,4.4835,0.9383,8293.25,0.1206,634.00,1.2058,2.1241,1.9516,3.4052,5.2886
64,6000,200,48,72,238.00,796.00,1.7017,4.4835,0.9386,8034.61,0.1245,631.00,1.2446,2.1973,2.0355,3.5390,5.1739
64,6000,200,48,96,238.00,796.00,1.7017,4.4835,0.9386,7717.30,0.1296,629.00,1.2958,2.2535,2.0960,3.6960,5.5377
64,6000,200,96,19,238.00,796.00,1.7017,4.4835,0.9549,4414.13,0.2265,633.00,2.2655,4.2693,4.0490,6.3407,8.7110
64,6000,200,96,38,238.00,796.00,1.7017,4.4835,0.9745,4356.03,0.2296,634.00,2.2957,4.1783,3.9688,6.3460,9.0722
64,6000,200,96,76,238.00,796.00,1.7017,4.4835,0.9778,4173.49,0.2396,633.00,2.3961,4.2313,3.9774,6.5336,10.4698
64,6000,200,96,96,238.00,796.00,1.7017,4.4835,0.9780,4365.90,0.2290,637.00,2.2905,4.1321,3.8631,6.2459,10.9410
64,6000,200,96,144,238.00,796.00,1.7017,4.4835,0.9782,4454.78,0.2245,636.00,2.2448,4.1022,3.8653,6.0785,10.2849
64,6000,200,96,192,238.00,796.00,1.7017,4.4835,0.9782,4389.69,0.2278,640.00,2.2781,4.1762,3.9211,6.1011,11.0570
64,6000,200,192,38,238.00,796.00,1.7017,4.4835,0.9863,2409.50,0.4150,642.00,4.1502,7.6888,7.3492,10.5816,19.9782
64,6000,200,192,76,238.00,796.00,1.7017,4.4835,0.9928,2360.83,0.4236,645.00,4.2358,7.7927,7.4377,10.8165,19.8724
64,6000,200,192,153,238.00,796.00,1.7017,4.4835,0.9938,2406.85,0.4155,656.00,4.1548,7.7505,7.4446,10.8585,18.5889
64,6000,200,192,192,238.00,796.00,1.7017,4.4835,0.9939,2332.73,0.4287,658.00,4.2868,7.9212,7.5559,11.0211,19.2762
64,6000,200,192,288,238.00,796.00,1.7017,4.4835,0.9939,2309.61,0.4330,658.00,4.3297,8.1292,7.8022,11.7764,16.1263
64,6000,200,192,384,238.00,796.00,1.7017,4.4835,0.9939,2297.01,0.4353,654.00,4.3535,8.2479,7.9607,11.6425,16.7581
64,6000,200,384,76,238.00,796.00,1.7017,4.4835,0.9967,1266.25,0.7897,673.00,7.8973,15.1195,14.7086,20.8097,31.6456
64,6000,200,384,153,238.00,796.00,1.7017,4.4835,0.9984,1261.97,0.7924,668.00,7.9241,14.9341,14.4873,20.6827,33.8453
64,6000,200,384,307,238.00,796.00,1.7017,4.4835,0.9986,1253.58,0.7977,674.00,7.9772,15.0592,14.6457,20.7306,31.8979
64,6000,200,384,384,238.00,796.00,1.7017,4.4835,0.9986,1243.73,0.8040,673.00,8.0403,15.4642,15.0384,21.0947,30.6960
64,6000,200,384,576,238.00,796.00,1.7017,4.4835,0.9986,1230.92,0.8124,670.00,8.1240,15.5658,15.1425,21.4154,31.2529
64,6000,200,384,768,238.00,796.00,1.7017,4.4835,0.9986,1192.08,0.8389,660.00,8.3887,16.0747,15.6636,22.6137,30.2495
64,8000,40,8,1,221.00,796.00,2.2719,5.8968,0.6072,37432.32,0.0267,653.00,0.2671,0.3854,0.3513,0.7288,1.0616
64,8000,40,8,3,221.00,796.00,2.2719,5.8968,0.6635,39995.69,0.0250,655.00,0.2500,0.3440,0.3108,0.6662,0.9485
64,8000,40,8,6,221.00,796.00,2.2719,5.8968,0.6704,40286.62,0.0248,656.00,0.2482,0.3374,0.3028,0.6456,0.9299
64,8000,40,8,8,221.00,796.00,2.2719,5.8968,0.6717,39371.79,0.0254,656.00,0.2540,0.3464,0.3141,0.6545,0.9281
64,8000,40,8,12,221.00,796.00,2.2719,5.8968,0.6725,38036.53,0.0263,654.00,0.2629,0.3352,0.3015,0.6448,0.9336
64,8000,40,8,16,221.00,796.00,2.2719,5.8968,0.6727,40988.88,0.0244,663.00,0.2440,0.3365,0.3034,0.6331,0.8990
64,8000,40,16,3,221.00,796.00,2.2719,5.8968,0.7729,25433.50,0.0393,653.00,0.3932,0.6170,0.5610,1.1403,1.5897
64,8000,40,16,6,221.00,796.00,2.2719,5.8968,0.7867,26071.81,0.0384,655.00,0.3836,0.6129,0.5582,1.0978,1.5759
64,8000,40,16,12,221.00,796.00,2.2719,5.8968,0.7910,25691.50,0.0389,653.00,0.3892,0.6176,0.5602,1.1242,1.5916
64,8000,40,16,16,221.00,796.00,2.2719,5.8968,0.7916,24746.24,0.0404,653.00,0.4041,0.6303,0.5708,1.1541,1.6620
64,8000,40,16,24,221.00,796.00,2.2719,5.8968,0.7920,24708.17,0.0405,654.00,0.4047,0.6531,0.5963,1.1607,1.5702
64,8000,40,16,32,221.00,796.00,2.2719,5.8968,0.7921,25153.38,0.0398,653.00,0.3976,0.6328,0.5764,1.1477,1.6107
64,8000,40,32,6,221.00,796.00,2.2719,5.8968,0.8716,14128.84,0.0708,651.00,0.7078,1.1916,1.1014,2.0043,2.6861
64,8000,40,32,12,221.00,796.00,2.2719,5.8968,0.8811,14297.57,0.0699,653.00,0.6994,1.2024,1.1109,2.0310,2.6970
64,8000,40,32,25,221.00,796.00,2.2719,5.8968,0.8835,14445.03,0.0692,654.00,0.6923,1.2086,1.1222,2.0259,2.7284
64,8000,40,32,32,221.00,796.00,2.2719,5.8968,0.8838,14249.58,0.0702,654.00,0.7018,1.2035,1.1174,2.0252,2.6433
64,8000,40,32,48,221.00,796.00,2.2719,5.8968,0.8839,14260.60,0.0701,653.00,0.7012,1.1902,1.0913,2.0290,2.8543
64,8000,40,32,64,221.00,796.00,2.2719,5.8968,0.8838,14478.94,0.0691,649.00,0.6907,1.2142,1.1289,2.0296,2.6935
64,8000,40,64,12,221.00,796.00,2.2719,5.8968,0.9413,8347.75,0.1198,653.00,1.1979,2.2037,2.0550,3.5000,4.8799
64,8000,40,64,25,221.00,796.00,2.2719,5.8968,0.9466,8210.19,0.1218,651.00,1.2180,2.2087,2.0668,3.5488,4.6665
64,8000,40,64,51,221.00,796.00,2.2719,5.8968,0.9473,7919.50,0.1263,654.00,1.2627,2.2887,2.1481,3.6097,4.9573
64,8000,40,64,64,221.00,796.00,2.2719,5.8968,0.9473,8076.43,0.1238,654.00,1.2382,2.2787,2.1377,3.5689,4.8582
64,8000,40,64,96,221.00,796.00,2.2719,5.8968,0.9474,8034.35,0.1245,653.00,1.2447,2.2793,2.1403,3.5800,4.7749
64,8000,40,64,128,221.00,796.00,2.2719,5.8968,0.9476,7939.59,0.1260,647.00,1.2595,2.3009,2.1623,3.5845,4.9352
64,8000,40,128,25,221.00,796.00,2.2719,5.8968,0.9789,4471.02,0.2237,653.00,2.2366,4.2100,4.0012,6.3177,8.7932
64,8000,40,128,51,221.00,796.00,2.2719,5.8968,0.9810,4398.33,0.2274,652.00,2.2736,4.2322,4.0152,6.2897,9.0140
64,8000,40,128,102,221.00,796.00,2.2719,5.8968,0.9814,4468.40,0.2238,665.00,2.2379,4.2635,4.0486,6.2547,9.0852
64,8000,40,128,128,221.00,796.00,2.2719,5.8968,0.9814,4450.60,0.2247,668.00,2.2469,4.2838,4.0686,6.3317,8.7696
64,8000,40,128,192,221.00,796.00,2.2719,5.8968,0.9814,4407.73,0.2269,665.00,2.2687,4.3473,4.1403,6.3873,8.9605
64,8000,40,128,256,221.00,796.00,2.2719,5.8968,0.9814,4241.35,0.2358,668.00,2.3577,4.3781,4.1436,6.2969,9.8291
64,8000,40,256,51,221.00,796.00,2.2719,5.8968,0.9943,2379.97,0.4202,670.00,4.2017,7.8994,7.5994,11.0814,17.3915
64,8000,40,256,102,221.00,796.00,2.2719,5.8968,0.9950,2348.77,0.4258,674.00,4.2575,7.9149,7.6008,10.8638,18.8233
64,8000,40,256,204,221.00,796.00,2.2719,5.8968,0.9952,2363.63,0.4231,672.00,4.2308,8.1382,7.9011,11.5716,16.1389
64,8000,40,256,256,221.00,796.00,2.2719,5.8968,0.9952,2362.69,0.4232,656.00,4.2325,8.1924,7.9154,11.5225,16.5079
64,8000,40,256,384,221.00,796.00,2.2719,5.8968,0.9952,2324.74,0.4302,657.00,4.3016,8.3155,8.0446,11.5515,16.5056
64,8000,40,256,512,221.00,796.00,2.2719,5.8968,0.9952,2235.21,0.4474,663.00,4.4738,8.4685,8.1672,11.3391,19.7454
64,8000,40,512,102,221.00,796.00,2.2719,5.8968,0.9984,1260.05,0.7936,682.00,7.9362,15.2669,14.8813,21.7548,28.6525
64,8000,40,512,204,221.00,796.00,2.2719,5.8968,0.9986,1250.27,0.7998,700.00,7.9983,15.3869,15.0408,22.2753,28.3062
64,8000,40,512,409,221.00,796.00,2.2719,5.8968,0.9986,1268.41,0.7884,701.00,7.8839,15.4193,15.0389,22.1833,29.9122
64,8000,40,512,512,221.00,796.00,2.2719,5.8968,0.9986,1240.15,0.8064,689.00,8.0636,15.6130,15.2207,21.2940,31.1914
64,8000,40,512,768,221.00,796.00,2.2719,5.8968,0.9987,1205.75,0.8294,692.00,8.2936,16.2293,15.8630,22.4189,29.5569
64,8000,40,512,1024,221.00,796.00,2.2719,5.8968,0.9987,1157.89,0.8636,704.00,8.6364,16.9198,16.5378,23.3621,30.1991
64,8000,100,8,1,256.00,796.00,2.8667,6.4995,0.5853,38097.01,0.0262,662.00,0.2625,0.3694,0.3295,0.7176,1.0533
64,8000,100,8,3,256.00,796.00,2.8667,6.4995,0.6544,37390.46,0.0267,663.00,0.2674,0.3381,0.3014,0.6650,0.9315
64,8000,100,8,6,256.00,796.00,2.8667,6.4995,0.6690,38733.77,0.0258,665.00,0.2582,0.3340,0.2980,0.6464,0.9255
64,8000,100,8,8,256.00,796.00,2.8667,6.4995,0.6721,40539.65,0.0247,660.00,0.2467,0.3235,0.2901,0.6265,0.8689
64,8000,100,8,12,256.00,796.00,2.8667,6.4995,0.6740,40180.44,0.0249,664.00,0.2489,0.3367,0.3019,0.6429,0.9339
64,8000,100,8,16,256.00,796.00,2.8667,6.4995,0.6745,38232.27,0.0262,663.00,0.2616,0.3355,0.2978,0.6485,0.9483
64,8000,100,16,3,256.00,796.00,2.8667,6.4995,0.7581,25079.71,0.0399,659.00,0.3987,0.6273,0.5755,1.1218,1.6636
64,8000,100,16,6,256.00,796.00,2.8667,6.4995,0.7816,25677.16,0.0389,662.00,0.3895,0.6136,0.5579,1.1153,1.6112
64,8000,100,16,12,256.00,796.00,2.8667,6.4995,0.7907,25780.51,0.0388,656.00,0.3879,0.6179,0.5603,1.1121,1.6626
64,8000,100,16,16,256.00,796.00,2.8667,6.4995,0.7920,25894.23,0.0386,662.00,0.3862,0.6014,0.5432,1.0975,1.6273
64,8000,100,16,24,256.00,796.00,2.8667,6.4995,0.7924,25328.89,0.0395,661.00,0.3948,0.6184,0.5642,1.1168,1.5819
64,8000,100,16,32,256.00,796.00,2.8667,6.4995,0.7925,25896.96,0.0386,661.00,0.3861,0.6170,0.5597,1.1319,1.5371
64,8000,100,32,6,256.00,796.00,2.8667,6.4995,0.8650,15503.11,0.0645,661.00,0.6450,1.1395,1.0494,1.9422,2.6126
64,8000,100,32,12,256.00,796.00,2.8667,6.4995,0.8801,15392.42,0.0650,657.00,0.6497,1.1370,1.0433,1.9515,2.7008
64,8000,100,32,25,256.00,796.00,2.8667,6.4995,0.8836,14742.26,0.0678,660.00,0.6783,1.1275,1.0410,1.9048,2.7949
64,8000,100,32,32,256.00,796.00,2.8667,6.4995,0.8840,15073.01,0.0663,660.00,0.6634,1.1403,1.0473,1.9465,2.6299
64,8000,100,32,48,256.00,796.00,2.8667,6.4995,0.8841,14661.36,0.0682,660.00,0.6821,1.1767,1.0770,1.9989,2.8069
64,8000,100,32,64,256.00,796.00,2.8667,6.4995,0.8842,14765.08,0.0677,659.00,0.6773,1.1951,1.1021,1.9795,2.7515
64,8000,100,64,12,256.00,796.00,2.8667,6.4995,0.9384,8514.27,0.1174,659.00,1.1745,2.1672,2.0146,3.4621,5.1524
64,8000,100,64,25,256.00,796.00,2.8667,6.4995,0.9462,8567.65,0.1167,660.00,1.1672,2.1765,2.0269,3.3901,4.7972
64,8000,100,64,51,256.00,796.00,2.8667,6.4995,0.9472,8485.98,0.1178,660.00,1.1784,2.1857,2.0364,3.4161,5.0980
64,8000,100,64,64,256.00,796.00,2.8667,6.4995,0.9473,8533.81,0.1172,659.00,1.1718,2.1835,2.0353,3.4171,4.7543
64,8000,100,64,96,256.00,796.00,2.8667,6.4995,0.9474,8195.44,0.1220,660.00,1.2202,2.2200,2.0645,3.4422,5.2007
64,8000,100,64,128,256.00,796.00,2.8667,6.4995,0.9474,7963.62,0.1256,660.00,1.2557,2.2758,2.1197,3.5192,5.2722
64,8000,100,128,25,256.00,796.00,2.8667,6.4995,0.9788,4479.31,0.2232,661.00,2.2325,4.1232,3.8829,6.0508,10.0929
64,8000,100,128,51,256.00,796.00,2.8667,6.4995,0.9814,4466.06,0.2239,659.00,2.2391,4.2170,4.0094,6.2838,9.0133
64,8000,100,128,102,256.00,796.00,2.8667,6.4995,0.9818,4458.57,0.2243,663.00,2.2429,4.2376,4.0194,6.3281,9.0166
64,8000,100,128,128,256.00,796.00,2.8667,6.4995,0.9818,4314.10,0.2318,663.00,2.3180,4.2303,3.9799,6.2738,10.2725
64,8000,100,128,192,256.00,796.00,2.8667,6.4995,0.9819,4326.50,0.2311,663.00,2.3113,4.2837,4.0580,6.1974,9.6820
64,8000,100,128,256,256.00,796.00,2.8667,6.4995,0.9819,4315.19,0.2317,662.00,2.3174,4.4232,4.1901,6.4353,9.4419
64,8000,100,256,51,256.00,796.00,2.8667,6.4995,0.9939,2393.84,0.4177,671.00,4.1774,8.0509,7.7718,11.2267,16.7044
64,8000,100,256,102,256.00,796.00,2.8667,6.4995,0.9950,2339.08,0.4275,685.00,4.2752,8.1763,7.8997,11.4900,16.9532
64,8000,100,256,204,256.00,796.00,2.8667,6.4995,0.9951,2422.48,0.4128,686.00,4.1280,8.0276,7.7460,11.2777,16.0165
64,8000,100,256,256,256.00,796.00,2.8667,6.4995,0.9951,2395.06,0.4175,669.00,4.1753,8.1230,7.8470,11.4183,16.2214
64,8000,100,256,384,256.00,796.00,2.8667,6.4995,0.9951,2325.48,0.4300,684.00,4.3002,8.3277,8.0489,11.5244,16.9106
64,8000,100,256,512,256.00,796.00,2.8667,6.4995,0.9950,2255.90,0.4433,684.00,4.4328,8.5417,8.2898,11.8642,16.1055
64,8000,100,512,102,256.00,796.00,2.8667,6.4995,0.9986,1250.52,0.7997,698.00,7.9966,15.3381,15.0162,21.5599,26.5434
64,8000,100,512,204,256.00,796.00,2.8667,6.4995,0.9988,1173.96,0.8518,693.00,8.5182,16.0805,15.7920,22.1352,26.7675
64,8000,100,512,409,256.00,796.00,2.8667,6.4995,0.9988,1254.86,0.7969,706.00,7.9690,15.4751,15.1615,21.6326,28.8836
64,8000,100,512,512,256.00,796.00,2.8667,6.4995,0.9988,1197.43,0.8351,690.00,8.3512,15.8528,15.5378,22.1001,27.5235
64,8000,100,512,768,256.00,796.00,2.8667,6.4995,0.9988,1162.36,0.8603,688.00,8.6032,16.4437,16.1037,22.2740,28.9157
64,8000,100,512,1024,256.00,796.00,2.8667,6.4995,0.9988,1139.00,0.8780,706.00,8.7796,16.9842,16.6618,23.3372,28.1622
64,8000,200,8,1,257.00,794.00,1.9841,4.8462,0.4911,38111.99,0.0262,681.00,0.2624,0.3852,0.3518,0.7262,0.9972
64,8000,200,8,3,257.00,794.00,1.9841,4.8462,0.6193,39304.37,0.0254,685.00,0.2544,0.3599,0.3240,0.6995,0.9987
64,8000,200,8,6,257.00,794.00,1.9841,4.8462,0.6581,40332.32,0.0248,679.00,0.2479,0.3354,0.2979,0.6675,0.9705
64,8000,200,8,8,257.00,794.00,1.9841,4.8462,0.6663,41675.27,0.0240,683.00,0.2400,0.3277,0.2930,0.6399,0.9519
64,8000,200,8,12,257.00,794.00,1.9841,4.8462,0.6732,40793.63,0.0245,683.00,0.2451,0.3237,0.2872,0.6360,0.9246
64,8000,200,8,16,257.00,794.00,1.9841,4.8462,0.6755,39979.62,0.0250,683.00,0.2501,0.3239,0.2847,0.6410,0.9452
64,8000,200,16,3,257.00,794.00,1.9841,4.8462,0.6929,25016.61,0.0400,679.00,0.3997,0.6198,0.5691,1.1165,1.5735
64,8000,200,16,6,257.00,794.00,1.9841,4.8462,0.7542,25225.47,0.0396,684.00,0.3964,0.6181,0.5602,1.1443,1.6582
64,8000,200,16,12,257.00,794.00,1.9841,4.8462,0.7837,24395.38,0.0410,681.00,0.4099,0.6301,0.5705,1.1473,1.7346
64,8000,200,16,16,257.00,794.00,1.9841,4.8462,0.7896,23940.50,0.0418,680.00,0.4177,0.6165,0.5561,1.1478,1.5843
64,8000,200,16,24,257.00,794.00,1.9841,4.8462,0.7930,24917.06,0.0401,681.00,0.4013,0.6407,0.5865,1.1334,1.5705
64,8000,200,16,32,257.00,794.00,1.9841,4.8462,0.7938,23611.10,0.0424,680.00,0.4235,0.6359,0.5669,1.2151,1.8142
64,8000,200,32,6,257.00,794.00,1.9841,4.8462,0.8145,14086.15,0.0710,679.00,0.7099,1.2120,1.1147,2.0553,2.8975
64,8000,200,32,12,257.00,794.00,1.9841,4.8462,0.8637,13942.87,0.0717,679.00,0.7172,1.2180,1.1241,2.0993,2.9185
64,8000,200,32,25,257.00,794.00,1.9841,4.8462,0.8828,14158.79,0.0706,681.00,0.7063,1.2055,1.1015,2.0313,3.2835
64,8000,200,32,32,257.00,794.00,1.9841,4.8462,0.8848,14525.39,0.0688,684.00,0.6884,1.1606,1.0672,1.9797,2.9430
64,8000,200,32,48,257.00,794.00,1.9841,4.8462,0.8860,14804.06,0.0675,688.00,0.6755,1.1771,1.0853,1.9876,2.6933
64,8000,200,32,64,257.00,794.00,1.9841,4.8462,0.8861,14783.83,0.0676,684.00,0.6764,1.1805,1.0940,1.9731,2.6522
64,8000,200,64,12,257.00,794.00,1.9841,4.8462,0.9056,8037.22,0.1244,684.00,1.2442,2.2734,2.1320,3.6155,4.8614
64,8000,200,64,25,257.00,794.00,1.9841,4.8462,0.9392,7965.80,0.1255,688.00,1.2554,2.2405,2.0813,3.5333,5.3844
64,8000,200,64,51,257.00,794.00,1.9841,4.8462,0.9478,8005.37,0.1249,685.00,1.2492,2.2569,2.1009,3.6062,5.0294
64,8000,200,64,64,257.00,794.00,1.9841,4.8462,0.9485,8090.16,0.1236,681.00,1.2361,2.2507,2.1090,3.5283,4.8802
64,8000,200,64,96,257.00,794.00,1.9841,4.8462,0.9488,7927.26,0.1261,688.00,1.2615,2.2758,2.1092,3.5911,5.3784
64,8000,200,64,128,257.00,794.00,1.9841,4.8462,0.9488,7861.76,0.1272,679.00,1.2720,2.2976,2.1398,3.5943,5.2215
64,8000,200,128,25,257.00,794.00,1.9841,4.8462,0.9638,4439.20,0.2253,692.00,2.2527,4.2608,4.0487,6.2912,9.2430
64,8000,200,128,51,257.00,794.00,1.9841,4.8462,0.9793,4403.83,0.2271,691.00,2.2708,4.3052,4.0740,6.3729,9.6660
64,8000,200,128,102,257.00,794.00,1.9841,4.8462,0.9817,4382.33,0.2282,684.00,2.2819,4.2834,4.0754,6.4021,8.6630
64,8000,200,128,128,257.00,794.00,1.9841,4.8462,0.9818,4400.26,0.2273,686.00,2.2726,4.2974,4.0867,6.3455,9.1554
64,8000,200,128,192,257.00,794.00,1.9841,4.8462,0.9819,4357.22,0.2295,686.00,2.2950,4.3919,4.1767,6.4575,9.0681
64,8000,200,128,256,257.00,794.00,1.9841,4.8462,0.9819,4224.82,0.2367,686.00,2.3670,4.4882,4.2647,6.5491,9.7667
64,8000,200,256,51,257.00,794.00,1.9841,4.8462,0.9896,2356.36,0.4244,689.00,4.2438,8.1466,7.9019,11.5974,15.4586
64,8000,200,256,102,257.00,794.00,1.9841,4.8462,0.9945,2285.12,0.4376,686.00,4.3761,8.3252,8.0747,11.8659,16.3947
64,8000,200,256,204,257.00,794.00,1.9841,4.8462,0.9952,2222.00,0.4500,694.00,4.5004,8.3773,8.0833,11.5877,18.8392
64,8000,200,256,256,257.00,794.00,1.9841,4.8462,0.9953,2243.30,0.4458,694.00,4.4577,8.2973,7.9629,11.3017,21.0570
64,8000,200,256,384,257.00,794.00,1.9841,4.8462,0.9953,2160.15,0.4629,697.00,4.6293,8.7199,8.4442,12.3207,16.4625
64,8000,200,256,512,257.00,794.00,1.9841,4.8462,0.9953,2109.30,0.4741,701.00,4.7409,8.9867,8.7324,12.6771,16.4106
64,8000,200,512,102,257.00,794.00,1.9841,4.8462,0.9974,1241.04,0.8058,722.00,8.0578,15.1841,14.7755,21.3020,30.6397
64,8000,200,512,204,257.00,794.00,1.9841,4.8462,0.9986,1207.91,0.8279,723.00,8.2788,15.9111,15.6113,22.4444,27.5928
64,8000,200,512,409,257.00,794.00,1.9841,4.8462,0.9988,1212.81,0.8245,711.00,8.2453,15.7434,15.3878,22.3371,29.4662
64,8000,200,512,512,257.00,794.00,1.9841,4.8462,0.9988,1218.38,0.8208,715.00,8.2076,15.7315,15.4063,21.5866,31.4873
64,8000,200,512,768,257.00,794.00,1.9841,4.8462,0.9988,1164.68,0.8586,726.00,8.5860,16.3025,15.9499,22.2001,33.6711
64,8000,200,512,1024,257.00,794.00,1.9841,4.8462,0.9988,1139.52,0.8776,736.00,8.7756,17.1263,16.7548,23.2762,31.4301
64,10000,40,10,2,289.00,796.00,2.5362,6.1724,0.6694,36129.06,0.0277,671.00,0.2768,0.3927,0.3578,0.7423,1.0534
64,10000,40,10,4,289.00,796.00,2.5362,6.1724,0.6864,39739.26,0.0252,667.00,0.2516,0.3464,0.3106,0.6654,0.9771
64,10000,40,10,8,289.00,796.00,2.5362,6.1724,0.6940,39229.43,0.0255,668.00,0.2549,0.3440,0.3094,0.6676,0.9384
64,10000,40,10,10,289.00,796.00,2.5362,6.1724,0.6945,39637.98,0.0252,665.00,0.2523,0.3485,0.3171,0.6484,0.8932
64,10000,40,10,15,289.00,796.00,2.5362,6.1724,0.6952,39427.03,0.0254,667.00,0.2536,0.3446,0.3174,0.6268,0.8732
64,10000,40,10,20,289.00,796.00,2.5362,6.1724,0.6955,38204.93,0.0262,666.00,0.2617,0.3593,0.3241,0.6614,1.0067
64,10000,40,20,4,289.00,796.00,2.5362,6.1724,0.7899,23809.28,0.0420,669.00,0.4200,0.6468,0.5912,1.1676,1.6588
64,10000,40,20,8,289.00,796.00,2.5362,6.1724,0.8036,25555.34,0.0391,669.00,0.3913,0.6364,0.5930,1.1064,1.5344
64,10000,40,20,16,289.00,796.00,2.5362,6.1724,0.8070,25332.74,0.0395,677.00,0.3947,0.6218,0.5758,1.1067,1.4941
64,10000,40,20,20,289.00,796.00,2.5362,6.1724,0.8074,25648.17,0.0390,663.00,0.3899,0.6347,0.5896,1.1118,1.5307
64,10000,40,20,30,289.00,796.00,2.5362,6.1724,0.8075,24772.73,0.0404,666.00,0.4037,0.6387,0.5898,1.1109,1.6070
64,10000,40,20,40,289.00,796.00,2.5362,6.1724,0.8076,24548.38,0.0407,666.00,0.4074,0.6434,0.5975,1.1270,1.5134
64,10000,40,40,8,289.00,796.00,2.5362,6.1724,0.8860,14583.76,0.0686,668.00,0.6857,1.1887,1.0998,1.9379,2.9134
64,10000,40,40,16,289.00,796.00,2.5362,6.1724,0.8936,14763.55,0.0677,667.00,0.6773,1.1886,1.1044,1.9570,2.7907
64,10000,40,40,32,289.00,796.00,2.5362,6.1724,0.8952,14642.83,0.0683,667.00,0.6829,1.2038,1.1223,1.9474,2.6560
64,10000,40,40,40,289.00,796.00,2.5362,6.1724,0.8953,14305.06,0.0699,665.00,0.6991,1.2124,1.1250,2.0133,2.8256
64,10000,40,40,60,289.00,796.00,2.5362,6.1724,0.8956,14058.27,0.0711,664.00,0.7113,1.2084,1.1304,1.9562,2.8809
64,10000,40,40,80,289.00,796.00,2.5362,6.1724,0.8956,14019.95,0.0713,667.00,0.7133,1.2492,1.1657,2.0544,2.7245
64,10000,40,80,16,289.00,796.00,2.5362,6.1724,0.9486,7974.02,0.1254,667.00,1.2541,2.2528,2.1195,3.4399,5.2259
64,10000,40,80,32,289.00,796.00,2.5362,6.1724,0.9528,7885.55,0.1268,677.00,1.2681,2.2855,2.1588,3.5180,4.7949
64,10000,40,80,64,289.00,796.00,2.5362,6.1724,0.9536,7843.03,0.1275,668.00,1.2750,2.2831,2.1482,3.5240,5.3613
64,10000,40,80,80,289.00,796.00,2.5362,6.1724,0.9536,7984.79,0.1252,664.00,1.2524,2.3009,2.1807,3.5165,4.8537
64,10000,40,80,120,289.00,796.00,2.5362,6.1724,0.9537,7775.74,0.1286,670.00,1.2861,2.3752,2.2486,3.5979,4.8142
64,10000,40,80,160,289.00,796.00,2.5362,6.1724,0.9537,7618.18,0.1313,667.00,1.3126,2.4271,2.2968,3.6975,5.2299
64,10000,40,160,32,289.00,796.00,2.5362,6.1724,0.9819,4351.52,0.2298,668.00,2.2980,4.3872,4.1911,6.3629,8.7810
64,10000,40,160,64,289.00,796.00,2.5362,6.1724,0.9838,4310.34,0.2320,670.00,2.3200,4.3499,4.1515,6.2250,9.3300
64,10000,40,160,128,289.00,796.00,2.5362,6.1724,0.9840,4244.21,0.2356,667.00,2.3562,4.4859,4.3047,6.4529,9.0340
64,10000,40,160,160,289.00,796.00,2.5362,6.1724,0.9840,4134.20,0.2419,666.00,2.4188,4.5516,4.3711,6.6190,8.8576
64,10000,40,160,240,289.00,796.00,2.5362,6.1724,0.9840,4048.97,0.2470,681.00,2.4698,4.6670,4.5035,6.6424,8.5669
64,10000,40,160,320,289.00,796.00,2.5362,6.1724,0.9840,3937.49,0.2540,668.00,2.5397,4.6812,4.4739,6.7051,10.2198
64,10000,40,320,64,289.00,796.00,2.5362,6.1724,0.9947,2270.59,0.4404,674.00,4.4041,8.3882,8.1540,11.7536,15.1682
64,10000,40,320,128,289.00,796.00,2.5362,6.1724,0.9953,2191.59,0.4563,679.00,4.5629,8.5052,8.2113,11.9108,18.2407
64,10000,40,320,256,289.00,796.00,2.5362,6.1724,0.9953,2165.34,0.4618,689.00,4.6182,8.7239,8.5255,12.0499,15.9880
64,10000,40,320,320,289.00,796.00,2.5362,6.1724,0.9953,2169.78,0.4609,688.00,4.6088,8.7918,8.5573,12.3438,15.8380
64,10000,40,320,480,289.00,796.00,2.5362,6.1724,0.9954,2120.47,0.4716,681.00,4.7159,8.9712,8.7583,12.3415,15.4079
64,10000,40,320,640,289.00,796.00,2.5362,6.1724,0.9954,2060.07,0.4854,687.00,4.8542,9.1320,8.8665,12.3698,18.6503
64,10000,40,640,128,289.00,796.00,2.5362,6.1724,0.9985,1177.88,0.8490,704.00,8.4898,16.1426,15.8040,22.5372,27.3132
64,10000,40,640,256,289.00,796.00,2.5362,6.1724,0.9986,1163.52,0.8595,722.00,8.5946,16.2825,15.9237,22.7876,28.0118
64,10000,40,640,512,289.00,796.00,2.5362,6.1724,0.9986,1152.17,0.8679,715.00,8.6793,16.5572,16.2717,22.8232,27.4844
64,10000,40,640,640,289.00,796.00,2.5362,6.1724,0.9987,1133.50,0.8822,726.00,8.8222,16.6799,16.3463,22.2556,32.8347
64,10000,40,640,960,289.00,796.00,2.5362,6.1724,0.9987,1075.59,0.9297,709.00,9.2972,17.4748,17.1101,22.9154,35.5941
64,10000,40,640,1280,289.00,796.00,2.5362,6.1724,0.9987,1021.67,0.9788,715.00,9.7879,18.7562,18.4464,25.2314,29.8925
64,10000,100,10,2,273.00,791.00,3.2190,6.9363,0.6563,36378.68,0.0275,655.00,0.2749,0.4132,0.3742,0.7698,1.0470
64,10000,100,10,4,273.00,791.00,3.2190,6.9363,0.6839,37313.68,0.0268,651.00,0.2680,0.3717,0.3325,0.7080,0.9962
64,10000,100,10,8,273.00,791.00,3.2190,6.9363,0.6938,38231.39,0.0262,655.00,0.2616,0.3757,0.3386,0.6984,0.9692
64,10000,100,10,10,273.00,791.00,3.2190,6.9363,0.6953,38852.61,0.0257,651.00,0.2574,0.3610,0.3303,0.6590,0.8967
64,10000,100,10,15,273.00,791.00,3.2190,6.9363,0.6964,37517.24,0.0267,652.00,0.2665,0.3720,0.3406,0.6773,0.9159
64,10000,100,10,20,273.00,791.00,3.2190,6.9363,0.6969,38540.00,0.0259,654.00,0.2595,0.3784,0.3459,0.6775,0.9254
64,10000,100,20,4,273.00,791.00,3.2190,6.9363,0.7817,23015.44,0.0434,656.00,0.4345,0.6706,0.6122,1.2176,1.7085
64,10000,100,20,8,273.00,791.00,3.2190,6.9363,0.8012,24336.15,0.0411,653.00,0.4109,0.6665,0.6177,1.1618,1.5522
64,10000,100,20,16,273.00,791.00,3.2190,6.9363,0.8073,24387.04,0.0410,656.00,0.4101,0.6404,0.5837,1.1498,1.6814
64,10000,100,20,20,273.00,791.00,3.2190,6.9363,0.8078,24782.75,0.0404,653.00,0.4035,0.6330,0.5800,1.1401,1.6527
64,10000,100,20,30,273.00,791.00,3.2190,6.9363,0.8082,23853.45,0.0419,652.00,0.4192,0.6403,0.5930,1.1218,1.5147
64,10000,100,20,40,273.00,791.00,3.2190,6.9363,0.8084,23180.51,0.0431,654.00,0.4314,0.6751,0.6251,1.1812,1.5760
64,10000,100,40,8,273.00,791.00,3.2190,6.9363,0.8805,13439.90,0.0744,652.00,0.7441,1.2549,1.1579,2.1351,3.1515
64,10000,100,40,16,273.00,791.00,3.2190,6.9363,0.8933,13843.67,0.0722,651.00,0.7224,1.2608,1.1895,2.0587,2.6521
64,10000,100,40,32,273.00,791.00,3.2190,6.9363,0.8964,13540.60,0.0739,653.00,0.7385,1.2846,1.2017,2.1010,2.6724
64,10000,100,40,40,273.00,791.00,3.2190,6.9363,0.8965,14043.97,0.0712,659.00,0.7120,1.2584,1.1736,2.0444,2.6835
64,10000,100,40,60,273.00,791.00,3.2190,6.9363,0.8966,13629.70,0.0734,654.00,0.7337,1.2870,1.2119,2.0601,2.6421
64,10000,100,40,80,273.00,791.00,3.2190,6.9363,0.8967,13528.23,0.0739,658.00,0.7392,1.2853,1.1980,2.0979,2.7783
64,10000,100,80,16,273.00,791.00,3.2190,6.9363,0.9476,7801.29,0.1282,649.00,1.2818,2.2874,2.1475,3.5576,5.2565
64,10000,100,80,32,273.00,791.00,3.2190,6.9363,0.9538,7937.50,0.1260,656.00,1.2598,2.3163,2.1875,3.5543,4.7391
64,10000,100,80,64,273.00,791.00,3.2190,6.9363,0.9545,7744.37,0.1291,654.00,1.2913,2.3162,2.1748,3.5308,5.2987
64,10000,100,80,80,273.00,791.00,3.2190,6.9363,0.9546,7881.61,0.1269,654.00,1.2688,2.3493,2.2134,3.6246,4.8162
64,10000,100,80,120,273.00,791.00,3.2190,6.9363,0.9546,7670.01,0.1304,656.00,1.3038,2.4197,2.2825,3.6927,5.0715
64,10000,100,80,160,273.00,791.00,3.2190,6.9363,0.9547,7604.61,0.1315,656.00,1.3150,2.4230,2.2979,3.6744,4.9111
64,10000,100,160,32,273.00,791.00,3.2190,6.9363,0.9822,4229.39,0.2364,654.00,2.3644,4.4195,4.2333,6.5331,8.6539
64,10000,100,160,64,273.00,791.00,3.2190,6.9363,0.9841,4128.44,0.2422,654.00,2.4222,4.4185,4.2068,6.5208,9.6468
64,10000,100,160,128,273.00,791.00,3.2190,6.9363,0.9843,4280.19,0.2336,669.00,2.3363,4.4135,4.2365,6.4370,8.4765
64,10000,100,160,160,273.00,791.00,3.2190,6.9363,0.9844,4264.37,0.2345,660.00,2.3450,4.4654,4.2642,6.4962,8.9362
64,10000,100,160,240,273.00,791.00,3.2190,6.9363,0.9844,4193.76,0.2384,666.00,2.3845,4.5808,4.3862,6.6462,8.5534
64,10000,100,160,320,273.00,791.00,3.2190,6.9363,0.9844,3991.91,0.2505,670.00,2.5051,4.7051,4.5054,6.5901,10.2357
64,10000,100,320,64,273.00,791.00,3.2190,6.9363,0.9951,2267.33,0.4410,670.00,4.4105,8.4534,8.2326,12.0003,15.1994
64,10000,100,320,128,273.00,791.00,3.2190,6.9363,0.9955,2216.56,0.4511,679.00,4.5115,8.4521,8.1874,11.9127,17.5871
64,10000,100,320,256,273.00,791.00,3.2190,6.9363,0.9956,2247.12,0.4450,665.00,4.4501,8.6014,8.3902,11.9668,15.5306
64,10000,100,320,320,273.00,791.00,3.2190,6.9363,0.9956,2249.64,0.4445,670.00,4.4452,8.5691,8.3262,12.0862,15.7663
64,10000,100,320,480,273.00,791.00,3.2190,6.9363,0.9956,2176.61,0.4594,687.00,4.5943,8.8834,8.6632,12.2905,15.8036
64,10000,100,320,640,273.00,791.00,3.2190,6.9363,0.9956,2071.44,0.4828,676.00,4.8276,9.1618,8.8990,12.5051,18.3207
64,10000,100,640,128,273.00,791.00,3.2190,6.9363,0.9987,1191.48,0.8393,713.00,8.3930,16.0306,15.7420,22.1603,26.0764
64,10000,100,640,256,273.00,791.00,3.2190,6.9363,0.9989,1167.13,0.8568,719.00,8.5681,16.1357,15.8336,22.2993,27.9905
64,10000,100,640,512,273.00,791.00,3.2190,6.9363,0.9990,1135.24,0.8809,704.00,8.8087,16.5289,16.1697,22.5128,30.6396
64,10000,100,640,640,273.00,791.00,3.2190,6.9363,0.9990,1132.35,0.8831,705.00,8.8312,16.8837,16.5879,23.1970,27.7719
64,10000,100,640,960,273.00,791.00,3.2190,6.9363,0.9990,1076.58,0.9289,726.00,9.2887,17.7636,17.5961,24.1641,29.1050
64,10000,100,640,1280,273.00,791.00,3.2190,6.9363,0.9990,1037.09,0.9642,720.00,9.6424,18.6933,18.3668,24.9479,30.8052
64,10000,200,10,2,278.00,791.00,2.3079,5.2074,0.5875,37518.93,0.0267,649.00,0.2665,0.3886,0.3492,0.7473,1.0964
64,10000,200,10,4,278.00,791.00,2.3079,5.2074,0.6531,37743.84,0.0265,651.00,0.2649,0.3701,0.3381,0.6930,0.9889
64,10000,200,10,8,278.00,791.00,2.3079,5.2074,0.6838,39511.61,0.0253,651.00,0.2531,0.3610,0.3292,0.6789,0.9603
64,10000,200,10,10,278.00,791.00,2.3079,5.2074,0.6893,37445.99,0.0267,650.00,0.2671,0.3343,0.2983,0.6477,0.9768
64,10000,200,10,15,278.00,791.00,2.3079,5.2074,0.6948,39737.62,0.0252,650.00,0.2517,0.3307,0.2957,0.6232,0.9398
64,10000,200,10,20,278.00,791.00,2.3079,5.2074,0.6966,41165.62,0.0243,648.00,0.2429,0.3437,0.3117,0.6416,0.9162
64,10000,200,20,4,278.00,791.00,2.3079,5.2074,0.7273,23824.16,0.0420,651.00,0.4197,0.6675,0.6131,1.1850,1.5967
64,10000,200,20,8,278.00,791.00,2.3079,5.2074,0.7801,24844.40,0.0403,652.00,0.4025,0.6545,0.6015,1.1515,1.6887
64,10000,200,20,16,278.00,791.00,2.3079,5.2074,0.8030,24872.28,0.0402,651.00,0.4021,0.6361,0.5859,1.1169,1.5315
64,10000,200,20,20,278.00,791.00,2.3079,5.2074,0.8068,25328.42,0.0395,651.00,0.3948,0.6243,0.5735,1.1002,1.5415
64,10000,200,20,30,278.00,791.00,2.3079,5.2074,0.8094,24144.18,0.0414,646.00,0.4142,0.6401,0.5831,1.1301,1.5565
64,10000,200,20,40,278.00,791.00,2.3079,5.2074,0.8101,23702.24,0.0422,647.00,0.4219,0.6618,0.6133,1.1528,1.5568
64,10000,200,40,8,278.00,791.00,2.3079,5.2074,0.8391,13238.99,0.0755,647.00,0.7553,1.2682,1.1757,2.1791,2.9761
64,10000,200,40,16,278.00,791.00,2.3079,5.2074,0.8802,13756.65,0.0727,646.00,0.7269,1.2514,1.1734,2.0760,2.7098
64,10000,200,40,32,278.00,791.00,2.3079,5.2074,0.8943,13532.44,0.0739,643.00,0.7390,1.2668,1.1934,2.0880,2.6857
64,10000,200,40,40,278.00,791.00,2.3079,5.2074,0.8958,13760.69,0.0727,650.00,0.7267,1.2307,1.1410,2.0645,2.9206
64,10000,200,40,60,278.00,791.00,2.3079,5.2074,0.8969,14061.09,0.0711,648.00,0.7112,1.2228,1.1343,2.0181,2.9078
64,10000,200,40,80,278.00,791.00,2.3079,5.2074,0.8971,13968.50,0.0716,647.00,0.7159,1.2530,1.1647,2.0568,2.9032
64,10000,200,80,16,278.00,791.00,2.3079,5.2074,0.9216,7810.26,0.1280,646.00,1.2804,2.3401,2.2079,3.6194,5.0545
64,10000,200,80,32,278.00,791.00,2.3079,5.2074,0.9475,7817.27,0.1279,649.00,1.2792,2.2805,2.1380,3.5113,5.6755
64,10000,200,80,64,278.00,791.00,2.3079,5.2074,0.9542,7668.17,0.1304,645.00,1.3041,2.3184,2.1697,3.5596,5.3430
64,10000,200,80,80,278.00,791.00,2.3079,5.2074,0.9546,7611.24,0.1314,648.00,1.3138,2.4123,2.2743,3.7106,5.1174
64,10000,200,80,120,278.00,791.00,2.3079,5.2074,0.9547,7584.88,0.1318,648.00,1.3184,2.3703,2.2265,3.6636,5.1732
64,10000,200,80,160,278.00,791.00,2.3079,5.2074,0.9547,7722.99,0.1295,643.00,1.2948,2.4466,2.3107,3.6933,4.9292
64,10000,200,160,32,278.00,791.00,2.3079,5.2074,0.9710,4123.11,0.2425,649.00,2.4254,4.4551,4.2439,6.6046,9.8068
64,10000,200,160,64,278.00,791.00,2.3079,5.2074,0.9831,4147.73,0.2411,650.00,2.4110,4.5256,4.3389,6.5535,8.9905
64,10000,200,160,128,278.00,791.00,2.3079,5.2074,0.9851,4112.38,0.2432,657.00,2.4317,4.5777,4.3921,6.6730,8.8869
64,10000,200,160,160,278.00,791.00,2.3079,5.2074,0.9852,4150.89,0.2409,652.00,2.4091,4.4807,4.2589,6.4720,10.1952
64,10000,200,160,240,278.00,791.00,2.3079,5.2074,0.9853,4132.94,0.2420,660.00,2.4196,4.5476,4.3535,6.5584,9.4588
64,10000,200,160,320,278.00,791.00,2.3079,5.2074,0.9853,4054.68,0.2466,658.00,2.4663,4.7030,4.4998,6.7329,9.7321
64,10000,200,320,64,278.00,791.00,2.3079,5.2074,0.9919,2267.88,0.4409,665.00,4.4094,8.4450,8.1886,11.8304,16.0356
64,10000,200,320,128,278.00,791.00,2.3079,5.2074,0.9956,2230.84,0.4483,673.00,4.4826,8.4794,8.2473,12.0649,15.7790
64,10000,200,320,256,278.00,791.00,2.3079,5.2074,0.9961,2184.92,0.4577,685.00,4.5768,8.6085,8.3777,12.1919,16.5830
64,10000,200,320,320,278.00,791.00,2.3079,5.2074,0.9961,2195.38,0.4555,687.00,4.5550,8.7774,8.5069,12.7702,17.4137
64,10000,200,320,480,278.00,791.00,2.3079,5.2074,0.9962,2152.62,0.4646,675.00,4.6455,8.9402,8.6799,12.3940,16.9021
64,10000,200,320,640,278.00,791.00,2.3079,5.2074,0.9962,2105.79,0.4749,677.00,4.7488,9.2288,8.9742,12.7685,17.6814
64,10000,200,640,128,278.00,791.00,2.3079,5.2074,0.9981,1209.47,0.8268,706.00,8.2681,15.9097,15.5181,22.1089,28.0681
64,10000,200,640,256,278.00,791.00,2.3079,5.2074,0.9989,1174.75,0.8512,720.00,8.5125,16.1034,15.7548,21.0222,38.2353
64,10000,200,640,512,278.00,791.00,2.3079,5.2074,0.9990,1169.48,0.8551,726.00,8.5508,16.5791,16.2465,22.8116,30.3564
64,10000,200,640,640,278.00,791.00,2.3079,5.2074,0.9990,1162.60,0.8601,715.00,8.6014,16.7651,16.4298,23.3773,28.5601
64,10000,200,640,960,278.00,791.00,2.3079,5.2074,0.9990,1083.70,0.9228,713.00,9.2276,17.6166,17.2780,24.1577,29.6306
64,10000,200,640,1280,278.00,791.00,2.3079,5.2074,0.9990,1047.88,0.9543,737.00,9.5431,18.4132,18.0973,25.1151,32.9874
64,14000,40,14,2,305.00,792.00,3.0572,6.8535,0.6843,34490.92,0.0290,671.00,0.2899,0.4538,0.4252,0.8011,1.0570
64,14000,40,14,5,305.00,792.00,3.0572,6.8535,0.7186,36671.93,0.0273,671.00,0.2727,0.3981,0.3725,0.7096,0.9990
64,14000,40,14,11,305.00,792.00,3.0572,6.8535,0.7285,35959.28,0.0278,673.00,0.2781,0.3933,0.3644,0.6999,0.9666
64,14000,40,14,14,305.00,792.00,3.0572,6.8535,0.7299,36505.87,0.0274,669.00,0.2739,0.3918,0.3644,0.6946,0.9756
64,14000,40,14,21,305.00,792.00,3.0572,6.8535,0.7305,36696.94,0.0273,668.00,0.2725,0.3884,0.3562,0.6914,0.9211
64,14000,40,14,28,305.00,792.00,3.0572,6.8535,0.7307,36276.38,0.0276,672.00,0.2757,0.3923,0.3670,0.6746,0.8923
64,14000,40,28,5,305.00,792.00,3.0572,6.8535,0.8122,23409.19,0.0427,670.00,0.4272,0.6920,0.6512,1.1931,1.5771
64,14000,40,28,11,305.00,792.00,3.0572,6.8535,0.8298,23445.38,0.0427,671.00,0.4265,0.6879,0.6467,1.1610,1.5226
64,14000,40,28,22,305.00,792.00,3.0572,6.8535,0.8336,23259.81,0.0430,671.00,0.4299,0.6957,0.6500,1.1865,1.6017
64,14000,40,28,28,305.00,792.00,3.0572,6.8535,0.8340,22782.54,0.0439,667.00,0.4389,0.7008,0.6600,1.1734,1.5440
64,14000,40,28,42,305.00,792.00,3.0572,6.8535,0.8341,22768.24,0.0439,670.00,0.4392,0.7198,0.6786,1.1841,1.5348
64,14000,40,28,56,305.00,792.00,3.0572,6.8535,0.8342,22140.78,0.0452,666.00,0.4517,0.7386,0.6977,1.2234,1.5855
64,14000,40,56,11,305.00,792.00,3.0572,6.8535,0.9044,13445.59,0.0744,669.00,0.7437,1.2732,1.1935,2.0357,2.9032
64,14000,40,56,22,305.00,792.00,3.0572,6.8535,0.9128,13513.78,0.0740,669.00,0.7400,1.2952,1.2126,2.1063,2.9339
64,14000,40,56,44,305.00,792.00,3.0572,6.8535,0.9142,13556.13,0.0738,681.00,0.7377,1.2931,1.2230,2.0623,2.6936
64,14000,40,56,56,305.00,792.00,3.0572,6.8535,0.9143,13700.80,0.0730,676.00,0.7299,1.3078,1.2288,2.1106,2.7266
64,14000,40,56,84,305.00,792.00,3.0572,6.8535,0.9143,13383.48,0.0747,669.00,0.7472,1.2921,1.2208,2.1094,2.6722
64,14000,40,56,112,305.00,792.00,3.0572,6.8535,0.9143,13183.06,0.0759,668.00,0.7585,1.3513,1.2748,2.1419,2.7637
64,14000,40,112,22,305.00,792.00,3.0572,6.8535,0.9591,7770.80,0.1287,666.00,1.2869,2.4121,2.2950,3.6576,4.8050
64,14000,40,112,44,305.00,792.00,3.0572,6.8535,0.9630,7671.76,0.1303,666.00,1.3035,2.4430,2.3117,3.7413,4.8406
64,14000,40,112,89,305.00,792.00,3.0572,6.8535,0.9634,7505.10,0.1332,669.00,1.3324,2.4815,2.3565,3.7686,4.8769
64,14000,40,112,112,305.00,792.00,3.0572,6.8535,0.9634,7433.05,0.1345,666.00,1.3453,2.5548,2.4292,3.8794,5.0725
64,14000,40,112,168,305.00,792.00,3.0572,6.8535,0.9635,7191.62,0.1391,668.00,1.3905,2.5771,2.4565,3.8764,4.9497
64,14000,40,112,224,305.00,792.00,3.0572,6.8535,0.9635,7081.49,0.1412,670.00,1.4121,2.6686,2.5485,3.9356,5.0477
64,14000,40,224,44,305.00,792.00,3.0572,6.8535,0.9859,4132.59,0.2420,674.00,2.4198,4.6254,4.4639,6.7166,8.8559
64,14000,40,224,89,305.00,792.00,3.0572,6.8535,0.9875,4084.85,0.2448,671.00,2.4481,4.6703,4.4894,6.8399,8.7031
64,14000,40,224,179,305.00,792.00,3.0572,6.8535,0.9877,4005.34,0.2497,674.00,2.4967,4.7551,4.5805,6.8873,8.6234
64,14000,40,224,224,305.00,792.00,3.0572,6.8535,0.9877,3987.18,0.2508,687.00,2.5080,4.8154,4.6575,6.8927,8.7138
64,14000,40,224,336,305.00,792.00,3.0572,6.8535,0.9876,3871.98,0.2583,673.00,2.5827,4.9560,4.8006,6.9706,8.9543
64,14000,40,224,448,305.00,792.00,3.0572,6.8535,0.9876,3642.47,0.2745,670.00,2.7454,5.2750,5.1165,7.4906,9.1281
64,14000,40,448,89,305.00,792.00,3.0572,6.8535,0.9959,2163.21,0.4623,689.00,4.6228,8.9047,8.6727,12.4880,15.4395
64,14000,40,448,179,305.00,792.00,3.0572,6.8535,0.9964,2140.82,0.4671,691.00,4.6711,9.0662,8.8345,12.6651,16.9509
64,14000,40,448,358,305.00,792.00,3.0572,6.8535,0.9965,2065.14,0.4842,693.00,4.8423,9.3077,9.1185,12.7795,15.4723
64,14000,40,448,448,305.00,792.00,3.0572,6.8535,0.9965,2086.37,0.4793,704.00,4.7930,9.3328,9.1378,12.7077,15.3987
64,14000,40,448,672,305.00,792.00,3.0572,6.8535,0.9965,1951.19,0.5125,706.00,5.1251,9.7576,9.5395,13.1714,17.7355
64,14000,40,448,896,305.00,792.00,3.0572,6.8535,0.9965,1835.77,0.5447,712.00,5.4473,10.4026,10.2127,13.8333,17.5120
64,14000,40,896,179,305.00,792.00,3.0572,6.8535,0.9987,1158.67,0.8631,745.00,8.6306,16.6015,16.2752,22.6747,33.7769
64,14000,40,896,358,305.00,792.00,3.0572,6.8535,0.9988,1096.37,0.9121,755.00,9.1210,17.4017,17.1428,23.3213,26.5770
64,14000,40,896,716,305.00,792.00,3.0572,6.8535,0.9988,1057.89,0.9453,749.00,9.4528,18.1262,17.8604,24.1341,27.9620
64,14000,40,896,896,305.00,792.00,3.0572,6.8535,0.9988,1049.32,0.9530,748.00,9.5299,18.2201,17.9408,24.5218,29.2632
64,14000,40,896,1344,305.00,792.00,3.0572,6.8535,0.9989,972.23,1.0286,767.00,10.2856,19.9543,19.7607,25.9458,29.1398
64,14000,40,896,1792,305.00,792.00,3.0572,6.8535,0.9989,867.69,1.1525,751.00,11.5249,22.1291,21.9120,28.1234,31.8874
64,14000,100,14,2,325.00,789.00,4.1125,8.1021,0.6745,34017.53,0.0294,677.00,0.2940,0.4305,0.3981,0.7914,1.0542
64,14000,100,14,5,325.00,789.00,4.1125,8.1021,0.7181,34489.77,0.0290,676.00,0.2899,0.3961,0.3653,0.7221,1.0502
64,14000,100,14,11,325.00,789.00,4.1125,8.1021,0.7287,36221.76,0.0276,676.00,0.2761,0.3805,0.3464,0.6932,0.9836
64,14000,100,14,14,325.00,789.00,4.1125,8.1021,0.7298,37631.75,0.0266,671.00,0.2657,0.3742,0.3423,0.6815,0.9753
64,14000,100,14,21,325.00,789.00,4.1125,8.1021,0.7305,37038.08,0.0270,674.00,0.2700,0.3846,0.3549,0.6837,0.9318
64,14000,100,14,28,325.00,789.00,4.1125,8.1021,0.7305,36452.91,0.0274,674.00,0.2743,0.3913,0.3602,0.6907,0.9427
64,14000,100,28,5,325.00,789.00,4.1125,8.1021,0.8100,22696.97,0.0441,673.00,0.4406,0.7047,0.6548,1.2212,1.6716
64,14000,100,28,11,325.00,789.00,4.1125,8.1021,0.8302,23007.29,0.0435,669.00,0.4346,0.7063,0.6559,1.2188,1.6874
64,14000,100,28,22,325.00,789.00,4.1125,8.1021,0.8351,23233.72,0.0430,672.00,0.4304,0.7026,0.6643,1.1684,1.5513
64,14000,100,28,28,325.00,789.00,4.1125,8.1021,0.8352,22520.04,0.0444,676.00,0.4440,0.7023,0.6557,1.2082,1.5746
64,14000,100,28,42,325.00,789.00,4.1125,8.1021,0.8355,22940.65,0.0436,673.00,0.4359,0.7206,0.6761,1.2016,1.5842
64,14000,100,28,56,325.00,789.00,4.1125,8.1021,0.8356,22347.82,0.0447,673.00,0.4475,0.7312,0.6826,1.2234,1.6569
64,14000,100,56,11,325.00,789.00,4.1125,8.1021,0.9025,13470.58,0.0742,675.00,0.7424,1.3254,1.2532,2.1312,2.7914
64,14000,100,56,22,325.00,789.00,4.1125,8.1021,0.9129,13189.60,0.0758,676.00,0.7582,1.3016,1.2259,2.1129,2.8874
64,14000,100,56,44,325.00,789.00,4.1125,8.1021,0.9149,13111.54,0.0763,671.00,0.7627,1.3513,1.2654,2.1697,2.9809
64,14000,100,56,56,325.00,789.00,4.1125,8.1021,0.9151,12888.25,0.0776,670.00,0.7759,1.3230,1.2479,2.1079,2.9443
64,14000,100,56,84,325.00,789.00,4.1125,8.1021,0.9151,13120.29,0.0762,667.00,0.7622,1.3609,1.2836,2.1574,2.9049
64,14000,100,56,112,325.00,789.00,4.1125,8.1021,0.9152,12659.39,0.0790,668.00,0.7899,1.3985,1.3300,2.1858,2.7362
64,14000,100,112,22,325.00,789.00,4.1125,8.1021,0.9595,7438.89,0.1344,685.00,1.3443,2.4494,2.3128,3.7025,5.3778
64,14000,100,112,44,325.00,789.00,4.1125,8.1021,0.9640,7357.31,0.1359,676.00,1.3592,2.5035,2.3796,3.7934,5.1200
64,14000,100,112,89,325.00,789.00,4.1125,8.1021,0.9645,7142.93,0.1400,677.00,1.4000,2.5765,2.4660,3.8425,4.9634
64,14000,100,112,112,325.00,789.00,4.1125,8.1021,0.9645,7165.79,0.1396,670.00,1.3955,2.5703,2.4322,3.8342,5.9165
64,14000,100,112,168,325.00,789.00,4.1125,8.1021,0.9645,7004.41,0.1428,670.00,1.4277,2.6473,2.5365,3.8681,4.9400
64,14000,100,112,224,325.00,789.00,4.1125,8.1021,0.9645,6935.19,0.1442,683.00,1.4419,2.7277,2.6076,4.0097,5.2821
64,14000,100,224,44,325.00,789.00,4.1125,8.1021,0.9869,3999.74,0.2500,679.00,2.5002,4.7219,4.5751,6.8186,8.5194
64,14000,100,224,89,325.00,789.00,4.1125,8.1021,0.9886,3980.50,0.2512,686.00,2.5122,4.7593,4.5966,6.8290,8.7804
64,14000,100,224,179,325.00,789.00,4.1125,8.1021,0.9887,3898.50,0.2565,677.00,2.5651,4.8765,4.7206,6.9101,9.0562
64,14000,100,224,224,325.00,789.00,4.1125,8.1021,0.9887,3880.30,0.2577,681.00,2.5771,4.9073,4.7511,7.0244,9.0235
64,14000,100,224,336,325.00,789.00,4.1125,8.1021,0.9888,3732.87,0.2679,694.00,2.6789,5.1034,4.9449,7.1456,8.9753
64,14000,100,224,448,325.00,789.00,4.1125,8.1021,0.9888,3553.75,0.2814,693.00,2.8139,5.2963,5.1332,7.3476,9.6743
64,14000,100,448,89,325.00,789.00,4.1125,8.1021,0.9965,2167.90,0.4613,701.00,4.6128,8.9026,8.7230,12.2505,15.2179
64,14000,100,448,179,325.00,789.00,4.1125,8.1021,0.9969,2151.47,0.4648,711.00,4.6480,8.9951,8.8021,12.6052,15.6770
64,14000,100,448,358,325.00,789.00,4.1125,8.1021,0.9970,2078.61,0.4811,702.00,4.8109,9.2680,9.1047,12.6837,16.0230
64,14000,100,448,448,325.00,789.00,4.1125,8.1021,0.9970,2071.11,0.4828,704.00,4.8283,9.3514,9.1415,13.0870,16.2353
64,14000,100,448,672,325.00,789.00,4.1125,8.1021,0.9970,1944.13,0.5144,712.00,5.1437,9.9136,9.7190,13.4658,16.8393
64,14000,100,448,896,325.00,789.00,4.1125,8.1021,0.9970,1814.80,0.5510,703.00,5.5103,10.5104,10.2917,14.0690,18.2570
64,14000,100,896,179,325.00,789.00,4.1125,8.1021,0.9990,1135.88,0.8804,756.00,8.8037,16.9107,16.6529,22.8266,27.0093
64,14000,100,896,358,325.00,789.00,4.1125,8.1021,0.9990,1101.74,0.9077,740.00,9.0765,17.2760,17.0268,23.5574,29.0371
64,14000,100,896,716,325.00,789.00,4.1125,8.1021,0.9990,1051.21,0.9513,748.00,9.5129,18.1193,17.8571,23.9716,28.0571
64,14000,100,896,896,325.00,789.00,4.1125,8.1021,0.9990,1044.26,0.9576,767.00,9.5762,18.1388,17.8559,24.3439,32.0516
64,14000,100,896,1344,325.00,789.00,4.1125,8.1021,0.9991,979.06,1.0214,775.00,10.2139,19.9392,19.7034,25.6531,29.4602
64,14000,100,896,1792,325.00,789.00,4.1125,8.1021,0.9991,858.73,1.1645,769.00,11.6451,22.4044,22.1649,28.2311,32.4265
64,14000,200,14,2,336.00,794.00,2.9767,6.0313,0.5968,35303.28,0.0283,663.00,0.2833,0.4325,0.3991,0.7875,1.0713
64,14000,200,14,5,336.00,794.00,2.9767,6.0313,0.6889,35007.93,0.0286,665.00,0.2856,0.3893,0.3566,0.7248,0.9606
64,14000,200,14,11,336.00,794.00,2.9767,6.0313,0.7226,36965.72,0.0271,664.00,0.2705,0.3954,0.3644,0.7133,0.9674
64,14000,200,14,14,336.00,794.00,2.9767,6.0313,0.7272,37119.29,0.0269,664.00,0.2694,0.3742,0.3435,0.6799,0.9560
64,14000,200,14,21,336.00,794.00,2.9767,6.0313,0.7309,35631.06,0.0281,661.00,0.2807,0.3766,0.3437,0.6967,0.9914
64,14000,200,14,28,336.00,794.00,2.9767,6.0313,0.7322,37188.57,0.0269,660.00,0.2689,0.3877,0.3556,0.6929,0.9443
64,14000,200,28,5,336.00,794.00,2.9767,6.0313,0.7546,21920.48,0.0456,661.00,0.4562,0.7216,0.6813,1.2166,1.5935
64,14000,200,28,11,336.00,794.00,2.9767,6.0313,0.8131,20353.08,0.0491,665.00,0.4913,0.7507,0.7026,1.3554,1.7615
64,14000,200,28,22,336.00,794.00,2.9767,6.0313,0.8324,21249.98,0.0471,661.00,0.4706,0.7417,0.6939,1.2631,1.6285
64,14000,200,28,28,336.00,794.00,2.9767,6.0313,0.8349,22421.99,0.0446,663.00,0.4460,0.7119,0.6672,1.2028,1.5859
64,14000,200,28,42,336.00,794.00,2.9767,6.0313,0.8364,22960.50,0.0436,661.00,0.4355,0.7103,0.6658,1.2014,1.5835
64,14000,200,28,56,336.00,794.00,2.9767,6.0313,0.8366,23501.04,0.0426,664.00,0.4255,0.7030,0.6557,1.1695,1.5261
64,14000,200,56,11,336.00,794.00,2.9767,6.0313,0.8681,13354.97,0.0749,664.00,0.7488,1.3084,1.2294,2.1438,2.8394
64,14000,200,56,22,336.00,794.00,2.9767,6.0313,0.9047,13372.95,0.0748,663.00,0.7478,1.3160,1.2372,2.1698,2.7810
64,14000,200,56,44,336.00,794.00,2.9767,6.0313,0.9152,12647.16,0.0791,664.00,0.7907,1.3392,1.2552,2.2036,2.9799
64,14000,200,56,56,336.00,794.00,2.9767,6.0313,0.9160,13281.34,0.0753,662.00,0.7529,1.3446,1.2710,2.1355,2.8650
64,14000,200,56,84,336.00,794.00,2.9767,6.0313,0.9166,12763.44,0.0783,661.00,0.7835,1.3803,1.3026,2.1962,2.8649
64,14000,200,56,112,336.00,794.00,2.9767,6.0313,0.9167,12935.61,0.0773,662.00,0.7731,1.3763,1.3068,2.1632,2.7361
64,14000,200,112,22,336.00,794.00,2.9767,6.0313,0.9397,7203.29,0.1388,667.00,1.3883,2.5096,2.3721,3.7810,5.9088
64,14000,200,112,44,336.00,794.00,2.9767,6.0313,0.9605,7205.78,0.1388,666.00,1.3878,2.5562,2.4407,3.8325,4.9823
64,14000,200,112,89,336.00,794.00,2.9767,6.0313,0.9648,7174.58,0.1394,665.00,1.3938,2.5622,2.4556,3.8239,4.8873
64,14000,200,112,112,336.00,794.00,2.9767,6.0313,0.9652,7026.44,0.1423,663.00,1.4232,2.5516,2.4317,3.8437,5.8960
64,14000,200,112,168,336.00,794.00,2.9767,6.0313,0.9655,6997.53,0.1429,668.00,1.4291,2.6298,2.5182,3.9142,4.9791
64,14000,200,112,224,336.00,794.00,2.9767,6.0313,0.9654,6920.34,0.1445,664.00,1.4450,2.7053,2.5850,3.9966,5.2310
64,14000,200,224,44,336.00,794.00,2.9767,6.0313,0.9786,3909.41,0.2558,662.00,2.5579,4.7704,4.6208,6.8857,8.7192
64,14000,200,224,89,336.00,794.00,2.9767,6.0313,0.9873,3869.69,0.2584,680.00,2.5842,4.8960,4.7243,7.0771,9.0136
64,14000,200,224,179,336.00,794.00,2.9767,6.0313,0.9888,3759.76,0.2660,669.00,2.6597,5.0146,4.8704,7.1107,8.7394
64,14000,200,224,224,336.00,794.00,2.9767,6.0313,0.9888,3716.70,0.2691,683.00,2.6906,4.9613,4.7749,7.2921,10.1000
64,14000,200,224,336,336.00,794.00,2.9767,6.0313,0.9889,3627.51,0.2757,674.00,2.7567,5.0546,4.8716,7.3532,10.1829
64,14000,200,224,448,336.00,794.00,2.9767,6.0313,0.9888,3624.37,0.2759,684.00,2.7591,5.2670,5.1134,7.3573,9.2347
64,14000,200,448,89,336.00,794.00,2.9767,6.0313,0.9937,2087.07,0.4791,692.00,4.7914,8.9512,8.7295,12.2685,18.2972
64,14000,200,448,179,336.00,794.00,2.9767,6.0313,0.9969,2080.24,0.4807,698.00,4.8071,9.2617,9.0366,12.9421,15.4847
64,14000,200,448,358,336.00,794.00,2.9767,6.0313,0.9971,1990.64,0.5024,696.00,5.0235,9.5715,9.4139,13.0763,15.9143
64,14000,200,448,448,336.00,794.00,2.9767,6.0313,0.9971,2064.15,0.4845,700.00,4.8446,9.3725,9.1496,13.1014,16.5815
64,14000,200,448,672,336.00,794.00,2.9767,6.0313,0.9971,1976.27,0.5060,693.00,5.0600,9.8312,9.6053,13.4977,17.5373
64,14000,200,448,896,336.00,794.00,2.9767,6.0313,0.9971,1851.46,0.5401,688.00,5.4012,10.4085,10.1855,13.9243,18.6406
64,14000,200,896,179,336.00,794.00,2.9767,6.0313,0.9985,1127.56,0.8869,753.00,8.8687,17.0718,16.7134,23.2948,27.0273
64,14000,200,896,358,336.00,794.00,2.9767,6.0313,0.9990,1063.39,0.9404,751.00,9.4039,17.8409,17.5753,23.9947,28.0462
64,14000,200,896,716,336.00,794.00,2.9767,6.0313,0.9991,995.62,1.0044,754.00,10.0440,19.1183,18.9895,25.1652,28.7464
64,14000,200,896,896,336.00,794.00,2.9767,6.0313,0.9991,1063.01,0.9407,759.00,9.4072,18.4324,18.1062,24.4465,30.7516
64,14000,200,896,1344,336.00,794.00,2.9767,6.0313,0.9991,976.94,1.0236,753.00,10.2361,19.9874,19.6659,26.4722,32.9085
64,14000,200,896,1792,336.00,794.00,2.9767,6.0313,0.9991,873.18,1.1452,761.00,11.4524,22.2547,21.9943,28.5135,32.2772
64,18000,40,18,3,341.00,794.00,3.4869,7.5748,0.7217,34295.19,0.0292,659.00,0.2916,0.4500,0.4175,0.8191,1.1164
64,18000,40,18,7,341.00,794.00,3.4869,7.5748,0.7422,36822.64,0.0272,656.00,0.2716,0.4023,0.3761,0.7151,0.9426
64,18000,40,18,14,341.00,794.00,3.4869,7.5748,0.7471,35746.76,0.0280,659.00,0.2797,0.4126,0.3845,0.7190,0.9571
64,18000,40,18,18,341.00,794.00,3.4869,7.5748,0.7479,35994.44,0.0278,659.00,0.2778,0.3992,0.3727,0.6904,0.9214
64,18000,40,18,27,341.00,794.00,3.4869,7.5748,0.7483,35845.36,0.0279,657.00,0.2790,0.3977,0.3707,0.6830,0.9040
64,18000,40,18,36,341.00,794.00,3.4869,7.5748,0.7483,33155.83,0.0302,668.00,0.3016,0.4319,0.4033,0.7258,0.9690
64,18000,40,36,7,341.00,794.00,3.4869,7.5748,0.8349,22274.62,0.0449,660.00,0.4489,0.7337,0.6996,1.2211,1.5874
64,18000,40,36,14,341.00,794.00,3.4869,7.5748,0.8460,22379.62,0.0447,657.00,0.4468,0.7323,0.6954,1.1988,1.5190
64,18000,40,36,28,341.00,794.00,3.4869,7.5748,0.8497,21952.45,0.0456,661.00,0.4555,0.7362,0.7071,1.2179,1.5705
64,18000,40,36,36,341.00,794.00,3.4869,7.5748,0.8499,22350.69,0.0447,655.00,0.4474,0.7347,0.6956,1.2184,1.5800
64,18000,40,36,54,341.00,794.00,3.4869,7.5748,0.8499,21768.32,0.0459,657.00,0.4594,0.7528,0.7169,1.2444,1.6227
64,18000,40,36,72,341.00,794.00,3.4869,7.5748,0.8501,21431.75,0.0467,657.00,0.4666,0.7719,0.7367,1.2465,1.5584
64,18000,40,72,14,341.00,794.00,3.4869,7.5748,0.9154,13122.93,0.0762,658.00,0.7620,1.3435,1.2861,2.0979,2.6026
64,18000,40,72,28,341.00,794.00,3.4869,7.5748,0.9235,13066.94,0.0765,669.00,0.7653,1.3438,1.2833,2.1413,2.6967
64,18000,40,72,57,341.00,794.00,3.4869,7.5748,0.9248,12688.51,0.0788,655.00,0.7881,1.3932,1.3331,2.1762,2.6926
64,18000,40,72,72,341.00,794.00,3.4869,7.5748,0.9252,12734.24,0.0785,654.00,0.7853,1.3845,1.3184,2.1606,2.6582
64,18000,40,72,108,341.00,794.00,3.4869,7.5748,0.9253,12216.99,0.0819,657.00,0.8185,1.4433,1.3796,2.2652,2.7740
64,18000,40,72,144,341.00,794.00,3.4869,7.5748,0.9253,11925.42,0.0839,655.00,0.8385,1.4656,1.4083,2.2550,2.7481
64,18000,40,144,28,341.00,794.00,3.4869,7.5748,0.9653,7273.72,0.1375,658.00,1.3748,2.5789,2.4827,3.8702,4.6759
64,18000,40,144,57,341.00,794.00,3.4869,7.5748,0.9687,7201.10,0.1389,662.00,1.3887,2.5973,2.5064,3.8724,4.7712
64,18000,40,144,115,341.00,794.00,3.4869,7.5748,0.9694,6952.85,0.1438,661.00,1.4383,2.6487,2.5588,3.9069,4.7041
64,18000,40,144,144,341.00,794.00,3.4869,7.5748,0.9694,6942.09,0.1440,664.00,1.4405,2.6791,2.5969,3.9653,4.8049
64,18000,40,144,216,341.00,794.00,3.4869,7.5748,0.9694,6697.36,0.1493,660.00,1.4931,2.7637,2.6709,4.0454,4.9830
64,18000,40,144,288,341.00,794.00,3.4869,7.5748,0.9695,6477.62,0.1544,662.00,1.5438,2.8823,2.7993,4.1452,4.9771
64,18000,40,288,57,341.00,794.00,3.4869,7.5748,0.9882,3852.34,0.2596,668.00,2.5958,4.9506,4.8403,6.9570,8.4760
64,18000,40,288,115,341.00,794.00,3.4869,7.5748,0.9899,3730.12,0.2681,678.00,2.6809,5.0288,4.9087,7.0919,8.8101
64,18000,40,288,230,341.00,794.00,3.4869,7.5748,0.9902,3687.73,0.2712,680.00,2.7117,5.1558,5.0381,7.1690,8.8889
64,18000,40,288,288,341.00,794.00,3.4869,7.5748,0.9902,3639.87,0.2747,675.00,2.7473,5.2364,5.1215,7.2798,9.0576
64,18000,40,288,432,341.00,794.00,3.4869,7.5748,0.9902,3464.65,0.2886,679.00,2.8863,5.5005,5.3829,7.4875,9.0526
64,18000,40,288,576,341.00,794.00,3.4869,7.5748,0.9902,3266.43,0.3061,683.00,3.0614,5.8052,5.7028,7.8017,9.0759
64,18000,40,576,115,341.00,794.00,3.4869,7.5748,0.9967,2024.86,0.4939,704.00,4.9386,9.3503,9.1276,12.6538,18.4762
64,18000,40,576,230,341.00,794.00,3.4869,7.5748,0.9972,1990.03,0.5025,712.00,5.0250,9.6292,9.5126,12.7664,14.9881
64,18000,40,576,460,341.00,794.00,3.4869,7.5748,0.9973,1946.46,0.5138,708.00,5.1375,9.9157,9.7790,13.1196,15.2611
64,18000,40,576,576,341.00,794.00,3.4869,7.5748,0.9973,1921.41,0.5205,717.00,5.2045,10.0547,9.8922,13.3694,16.3428
64,18000,40,576,864,341.00,794.00,3.4869,7.5748,0.9973,1796.40,0.5567,715.00,5.5667,10.7923,10.6585,14.0734,16.7738
64,18000,40,576,1152,341.00,794.00,3.4869,7.5748,0.9973,1621.38,0.6168,718.00,6.1676,11.7944,11.6345,15.1942,17.9242
64,18000,40,1152,230,341.00,794.00,3.4869,7.5748,0.9989,1054.68,0.9482,791.00,9.4816,18.0534,17.8364,23.3774,26.5379
64,18000,40,1152,460,341.00,794.00,3.4869,7.5748,0.9990,1034.47,0.9667,801.00,9.6668,18.3530,18.1426,23.8375,28.3481
64,18000,40,1152,921,341.00,794.00,3.4869,7.5748,0.9990,984.59,1.0157,786.00,10.1565,19.3982,19.1655,24.9452,28.1424
64,18000,40,1152,1152,341.00,794.00,3.4869,7.5748,0.9990,951.97,1.0505,810.00,10.5045,20.1290,19.8851,25.9327,28.8104
64,18000,40,1152,1728,341.00,794.00,3.4869,7.5748,0.9991,839.60,1.1910,813.00,11.9105,22.8026,22.5687,28.5777,31.4665
64,18000,40,1152,2304,341.00,794.00,3.4869,7.5748,0.9991,744.88,1.3425,813.00,13.4249,26.1033,25.8686,32.0124,36.9559
64,18000,100,18,3,387.00,791.00,4.8440,8.9998,0.7071,35458.66,0.0282,642.00,0.2820,0.4162,0.3888,0.7412,0.9789
64,18000,100,18,7,387.00,791.00,4.8440,8.9998,0.7405,34853.05,0.0287,658.00,0.2869,0.4215,0.3933,0.7524,0.9934
64,18000,100,18,14,387.00,791.00,4.8440,8.9998,0.7484,34730.92,0.0288,646.00,0.2879,0.4179,0.3902,0.7272,0.9393
64,18000,100,18,18,387.00,791.00,4.8440,8.9998,0.7494,35866.62,0.0279,644.00,0.2788,0.4148,0.3868,0.7185,0.9634
64,18000,100,18,27,387.00,791.00,4.8440,8.9998,0.7498,34510.22,0.0290,645.00,0.2898,0.4282,0.4030,0.7259,0.9324
64,18000,100,18,36,387.00,791.00,4.8440,8.9998,0.7498,32531.08,0.0307,645.00,0.3074,0.4287,0.4013,0.7215,0.9266
64,18000,100,36,7,387.00,791.00,4.8440,8.9998,0.8291,22091.62,0.0453,644.00,0.4527,0.7386,0.6997,1.2358,1.6178
64,18000,100,36,14,387.00,791.00,4.8440,8.9998,0.8461,21991.25,0.0455,651.00,0.4547,0.7340,0.6933,1.2410,1.6835
64,18000,100,36,28,387.00,791.00,4.8440,8.9998,0.8512,22102.03,0.0452,644.00,0.4524,0.7482,0.7049,1.2240,1.6263
64,18000,100,36,36,387.00,791.00,4.8440,8.9998,0.8517,21409.26,0.0467,642.00,0.4671,0.7536,0.7061,1.2599,1.6663
64,18000,100,36,54,387.00,791.00,4.8440,8.9998,0.8517,21171.48,0.0472,645.00,0.4723,0.7720,0.7267,1.2594,1.6715
64,18000,100,36,72,387.00,791.00,4.8440,8.9998,0.8518,20892.40,0.0479,644.00,0.4786,0.8019,0.7605,1.2866,1.6355
64,18000,100,72,14,387.00,791.00,4.8440,8.9998,0.9137,12822.35,0.0780,648.00,0.7799,1.3790,1.3173,2.1665,2.6951
64,18000,100,72,28,387.00,791.00,4.8440,8.9998,0.9241,12685.40,0.0788,648.00,0.7883,1.4019,1.3441,2.1604,2.6676
64,18000,100,72,57,387.00,791.00,4.8440,8.9998,0.9258,12505.88,0.0800,652.00,0.7996,1.4567,1.3895,2.2012,2.8236
64,18000,100,72,72,387.00,791.00,4.8440,8.9998,0.9259,12412.79,0.0806,649.00,0.8056,1.4335,1.3706,2.2173,2.8312
64,18000,100,72,108,387.00,791.00,4.8440,8.9998,0.9259,12047.84,0.0830,646.00,0.8300,1.4748,1.4161,2.2391,2.7597
64,18000,100,72,144,387.00,791.00,4.8440,8.9998,0.9259,11689.84,0.0855,641.00,0.8554,1.5367,1.4816,2.3101,2.8311
64,18000,100,144,28,387.00,791.00,4.8440,8.9998,0.9660,7140.76,0.1400,651.00,1.4004,2.5816,2.4890,3.7935,4.7915
64,18000,100,144,57,387.00,791.00,4.8440,8.9998,0.9698,7060.50,0.1416,649.00,1.4163,2.6475,2.5596,3.8855,4.7664
64,18000,100,144,115,387.00,791.00,4.8440,8.9998,0.9705,6758.12,0.1480,651.00,1.4797,2.6828,2.5639,4.0398,5.4769
64,18000,100,144,144,387.00,791.00,4.8440,8.9998,0.9705,6718.42,0.1488,651.00,1.4884,2.7360,2.6220,3.9842,5.3519
64,18000,100,144,216,387.00,791.00,4.8440,8.9998,0.9705,6420.24,0.1558,650.00,1.5576,2.8393,2.7252,4.1117,5.5209
64,18000,100,144,288,387.00,791.00,4.8440,8.9998,0.9705,6365.86,0.1571,664.00,1.5709,2.9612,2.8665,4.2680,5.3380
64,18000,100,288,57,387.00,791.00,4.8440,8.9998,0.9893,3727.92,0.2682,670.00,2.6825,4.9477,4.7908,7.0762,9.6436
64,18000,100,288,115,387.00,791.00,4.8440,8.9998,0.9904,3803.01,0.2629,676.00,2.6295,5.0126,4.8694,7.1192,9.0847
64,18000,100,288,230,387.00,791.00,4.8440,8.9998,0.9906,3690.21,0.2710,680.00,2.7099,5.1794,5.0729,7.2420,8.9102
64,18000,100,288,288,387.00,791.00,4.8440,8.9998,0.9906,3638.79,0.2748,668.00,2.7482,5.2226,5.1015,7.2976,8.8864
64,18000,100,288,432,387.00,791.00,4.8440,8.9998,0.9906,3429.41,0.2916,664.00,2.9160,5.5307,5.4162,7.5735,8.9942
64,18000,100,288,576,387.00,791.00,4.8440,8.9998,0.9906,3317.22,0.3015,669.00,3.0146,5.8236,5.6862,7.8520,9.6310
64,18000,100,576,115,387.00,791.00,4.8440,8.9998,0.9973,2018.18,0.4955,710.00,4.9550,9.5086,9.3620,12.7264,15.3304
64,18000,100,576,230,387.00,791.00,4.8440,8.9998,0.9975,1950.28,0.5127,698.00,5.1275,9.7026,9.5883,12.9649,14.7782
64,18000,100,576,460,387.00,791.00,4.8440,8.9998,0.9975,1850.82,0.5403,703.00,5.4030,10.2317,10.1016,13.5876,15.6524
64,18000,100,576,576,387.00,791.00,4.8440,8.9998,0.9975,1807.93,0.5531,720.00,5.5312,10.3952,10.2792,13.8296,15.7149
64,18000,100,576,864,387.00,791.00,4.8440,8.9998,0.9975,1698.12,0.5889,716.00,5.8889,11.0878,10.9210,14.6458,17.4261
64,18000,100,576,1152,387.00,791.00,4.8440,8.9998,0.9975,1595.40,0.6268,720.00,6.2680,11.9325,11.7752,15.3264,18.3407
64,18000,100,1152,230,387.00,791.00,4.8440,8.9998,0.9992,1040.57,0.9610,772.00,9.6101,18.1277,17.9635,23.5247,26.3856
64,18000,100,1152,460,387.00,791.00,4.8440,8.9998,0.9992,1015.78,0.9845,782.00,9.8446,18.6356,18.4279,24.1785,27.1591
64,18000,100,1152,921,387.00,791.00,4.8440,8.9998,0.9992,962.84,1.0386,796.00,10.3859,19.7680,19.5353,25.5398,28.5922
64,18000,100,1152,1152,387.00,791.00,4.8440,8.9998,0.9992,945.00,1.0582,794.00,10.5820,20.1545,19.9534,25.8423,28.7050
64,18000,100,1152,1728,387.00,791.00,4.8440,8.9998,0.9992,846.47,1.1814,807.00,11.8138,22.6118,22.4102,28.6462,32.4627
64,18000,100,1152,2304,387.00,791.00,4.8440,8.9998,0.9992,724.24,1.3808,786.00,13.8077,26.6990,26.5147,32.0555,35.6112
64,18000,200,18,3,372.00,792.00,3.7186,6.9581,0.6540,32465.84,0.0308,659.00,0.3080,0.4663,0.4371,0.8167,1.0728
64,18000,200,18,7,372.00,792.00,3.7186,6.9581,0.7204,34068.04,0.0294,660.00,0.2935,0.4241,0.3964,0.7468,0.9682
64,18000,200,18,14,372.00,792.00,3.7186,6.9581,0.7426,34581.17,0.0289,659.00,0.2892,0.4131,0.3823,0.7366,1.0053
64,18000,200,18,18,372.00,792.00,3.7186,6.9581,0.7466,34241.54,0.0292,661.00,0.2920,0.4051,0.3738,0.7393,0.9817
64,18000,200,18,27,372.00,792.00,3.7186,6.9581,0.7492,34697.22,0.0288,659.00,0.2882,0.4082,0.3796,0.7122,0.9771
64,18000,200,18,36,372.00,792.00,3.7186,6.9581,0.7497,35768.52,0.0280,657.00,0.2796,0.3968,0.3679,0.6993,0.9638
64,18000,200,36,7,372.00,792.00,3.7186,6.9581,0.7881,21453.00,0.0466,664.00,0.4661,0.7362,0.6910,1.2471,1.7157
64,18000,200,36,14,372.00,792.00,3.7186,6.9581,0.8308,21730.15,0.0460,662.00,0.4602,0.7463,0.7047,1.2437,1.6007
64,18000,200,36,28,372.00,792.00,3.7186,6.9581,0.8485,21240.06,0.0471,661.00,0.4708,0.7444,0.6991,1.2691,1.6890
64,18000,200,36,36,372.00,792.00,3.7186,6.9581,0.8500,21700.87,0.0461,658.00,0.4608,0.7412,0.7012,1.2445,1.6205
64,18000,200,36,54,372.00,792.00,3.7186,6.9581,0.8512,21452.30,0.0466,658.00,0.4662,0.7736,0.7375,1.2525,1.6452
64,18000,200,36,72,372.00,792.00,3.7186,6.9581,0.8514,21238.52,0.0471,653.00,0.4708,0.7856,0.7468,1.2681,1.6072
64,18000,200,72,14,372.00,792.00,3.7186,6.9581,0.8838,12594.02,0.0794,655.00,0.7940,1.3999,1.3323,2.1763,2.8827
64,18000,200,72,28,372.00,792.00,3.7186,6.9581,0.9162,12407.78,0.0806,661.00,0.8059,1.3929,1.3210,2.2132,3.0035
64,18000,200,72,57,372.00,792.00,3.7186,6.9581,0.9246,12027.48,0.0831,654.00,0.8314,1.4061,1.3338,2.2412,3.0190
64,18000,200,72,72,372.00,792.00,3.7186,6.9581,0.9253,11955.62,0.0836,658.00,0.8364,1.4351,1.3582,2.2486,3.0160
64,18000,200,72,108,372.00,792.00,3.7186,6.9581,0.9257,11512.35,0.0869,662.00,0.8686,1.4872,1.4078,2.3521,3.1918
64,18000,200,72,144,372.00,792.00,3.7186,6.9581,0.9258,11821.40,0.0846,659.00,0.8459,1.4821,1.4066,2.2867,3.2595
64,18000,200,144,28,372.00,792.00,3.7186,6.9581,0.9496,6847.46,0.1460,659.00,1.4604,2.6506,2.5457,3.9278,4.9612
64,18000,200,144,57,372.00,792.00,3.7186,6.9581,0.9664,6858.83,0.1458,662.00,1.4580,2.7076,2.6122,3.9883,4.8900
64,18000,200,144,115,372.00,792.00,3.7186,6.9581,0.9693,6738.95,0.1484,673.00,1.4839,2.7667,2.6800,4.0189,4.8692
64,18000,200,144,144,372.00,792.00,3.7186,6.9581,0.9695,6763.37,0.1479,667.00,1.4786,2.7454,2.6508,3.9932,4.8643
64,18000,200,144,216,372.00,792.00,3.7186,6.9581,0.9697,6547.89,0.1527,665.00,1.5272,2.8546,2.7582,4.1256,5.0770
64,18000,200,144,288,372.00,792.00,3.7186,6.9581,0.9698,6219.36,0.1608,661.00,1.6079,2.9475,2.8646,4.2309,4.9847
64,18000,200,288,57,372.00,792.00,3.7186,6.9581,0.9833,3644.21,0.2744,671.00,2.7441,5.0316,4.8731,7.2229,10.1195
64,18000,200,288,115,372.00,792.00,3.7186,6.9581,0.9895,3534.35,0.2829,677.00,2.8294,5.2948,5.2026,7.4190,8.9527
64,18000,200,288,230,372.00,792.00,3.7186,6.9581,0.9906,3511.22,0.2848,684.00,2.8480,5.2070,5.0470,7.4004,10.3897
64,18000,200,288,288,372.00,792.00,3.7186,6.9581,0.9907,3558.82,0.2810,689.00,2.8099,5.2461,5.1314,7.3031,9.0649
64,18000,200,288,432,372.00,792.00,3.7186,6.9581,0.9907,3448.48,0.2900,676.00,2.8998,5.4808,5.3744,7.5464,8.9203
64,18000,200,288,576,372.00,792.00,3.7186,6.9581,0.9907,3293.37,0.3036,689.00,3.0364,5.7913,5.6755,7.9340,9.3101
64,18000,200,576,115,372.00,792.00,3.7186,6.9581,0.9952,2001.03,0.4997,717.00,4.9974,9.5560,9.3926,12.9154,15.1640
64,18000,200,576,230,372.00,792.00,3.7186,6.9581,0.9972,1907.25,0.5243,704.00,5.2431,9.9384,9.8261,13.3991,15.4992
64,18000,200,576,460,372.00,792.00,3.7186,6.9581,0.9975,1872.32,0.5341,709.00,5.3410,10.1496,10.0379,13.5502,15.5828
64,18000,200,576,576,372.00,792.00,3.7186,6.9581,0.9975,1850.92,0.5403,710.00,5.4027,10.1428,9.9353,13.7073,18.8168
64,18000,200,576,864,372.00,792.00,3.7186,6.9581,0.9975,1753.93,0.5701,727.00,5.7015,10.9192,10.7629,14.4455,17.2494
64,18000,200,576,1152,372.00,792.00,3.7186,6.9581,0.9975,1605.63,0.6228,722.00,6.2281,11.9001,11.7468,15.3980,17.6385
64,18000,200,1152,230,372.00,792.00,3.7186,6.9581,0.9986,1073.26,0.9317,779.00,9.3174,17.7346,17.3582,24.0650,28.7986
64,18000,200,1152,460,372.00,792.00,3.7186,6.9581,0.9992,1035.94,0.9653,783.00,9.6531,18.4837,18.2193,24.4971,29.3867
64,18000,200,1152,921,372.00,792.00,3.7186,6.9581,0.9992,967.42,1.0337,796.00,10.3368,19.7009,19.5214,25.2232,28.4256
64,18000,200,1152,1152,372.00,792.00,3.7186,6.9581,0.9992,956.03,1.0460,799.00,10.4599,19.8947,19.5932,26.0587,32.7063
64,18000,200,1152,1728,372.00,792.00,3.7186,6.9581,0.9992,838.74,1.1923,813.00,11.9226,22.9069,22.7091,28.7774,31.8613
64,18000,200,1152,2304,372.00,792.00,3.7186,6.9581,0.9992,728.55,1.3726,798.00,13.7260,26.2903,26.0211,32.3041,36.8596
64,22000,40,22,4,395.00,797.00,4.2157,8.4287,0.7481,31101.80,0.0322,682.00,0.3215,0.4845,0.4589,0.8346,1.0744
64,22000,40,22,8,395.00,797.00,4.2157,8.4287,0.7650,32334.29,0.0309,677.00,0.3093,0.4407,0.4181,0.7549,0.9618
64,22000,40,22,17,395.00,797.00,4.2157,8.4287,0.7710,31516.13,0.0317,680.00,0.3173,0.4479,0.4235,0.7538,0.9426
64,22000,40,22,22,395.00,797.00,4.2157,8.4287,0.7716,32153.08,0.0311,674.00,0.3110,0.4446,0.4205,0.7445,0.9454
64,22000,40,22,33,395.00,797.00,4.2157,8.4287,0.7718,33313.32,0.0300,671.00,0.3002,0.4649,0.4397,0.7632,0.9643
64,22000,40,22,44,395.00,797.00,4.2157,8.4287,0.7718,32221.56,0.0310,675.00,0.3104,0.4767,0.4517,0.7622,0.9655
64,22000,40,44,8,395.00,797.00,4.2157,8.4287,0.8496,21079.59,0.0474,684.00,0.4744,0.7958,0.7648,1.2682,1.6125
64,22000,40,44,17,395.00,797.00,4.2157,8.4287,0.8622,21044.01,0.0475,684.00,0.4752,0.7930,0.7538,1.2882,1.6831
64,22000,40,44,35,395.00,797.00,4.2157,8.4287,0.8642,20359.43,0.0491,679.00,0.4912,0.7952,0.7532,1.3096,1.7342
64,22000,40,44,44,395.00,797.00,4.2157,8.4287,0.8644,20446.48,0.0489,674.00,0.4891,0.7901,0.7556,1.2609,1.5165
64,22000,40,44,66,395.00,797.00,4.2157,8.4287,0.8646,19735.49,0.0507,677.00,0.5067,0.8238,0.7941,1.3006,1.6292
64,22000,40,44,88,395.00,797.00,4.2157,8.4287,0.8646,19827.51,0.0504,679.00,0.5043,0.8648,0.8373,1.3027,1.6057
64,22000,40,88,17,395.00,797.00,4.2157,8.4287,0.9251,12262.91,0.0815,677.00,0.8155,1.4474,1.3983,2.1901,2.6875
64,22000,40,88,35,395.00,797.00,4.2157,8.4287,0.9318,11629.19,0.0860,682.00,0.8599,1.4536,1.3897,2.2636,2.9202
64,22000,40,88,70,395.00,797.00,4.2157,8.4287,0.9329,11685.54,0.0856,675.00,0.8558,1.5010,1.4432,2.2687,2.8962
64,22000,40,88,88,395.00,797.00,4.2157,8.4287,0.9329,11613.29,0.0861,675.00,0.8611,1.5150,1.4566,2.2718,2.8122
64,22000,40,88,132,395.00,797.00,4.2157,8.4287,0.9330,11296.17,0.0885,675.00,0.8853,1.5717,1.5101,2.3332,3.1963
64,22000,40,88,176,395.00,797.00,4.2157,8.4287,0.9330,11173.28,0.0895,672.00,0.8950,1.6281,1.5805,2.3588,2.8282
64,22000,40,176,35,395.00,797.00,4.2157,8.4287,0.9695,6480.89,0.1543,681.00,1.5430,2.7625,2.6661,4.1517,5.3153
64,22000,40,176,70,395.00,797.00,4.2157,8.4287,0.9726,6384.78,0.1566,674.00,1.5662,2.7881,2.6785,4.1572,5.6497
64,22000,40,176,140,395.00,797.00,4.2157,8.4287,0.9732,6248.50,0.1600,681.00,1.6004,2.9417,2.8675,4.1864,4.8846
64,22000,40,176,176,395.00,797.00,4.2157,8.4287,0.9731,6134.91,0.1630,680.00,1.6300,2.9560,2.8502,4.3008,5.5457
64,22000,40,176,264,395.00,797.00,4.2157,8.4287,0.9731,5956.06,0.1679,684.00,1.6790,3.0926,3.0110,4.3427,5.1082
64,22000,40,176,352,395.00,797.00,4.2157,8.4287,0.9731,5838.60,0.1713,687.00,1.7127,3.1944,3.1110,4.4542,5.3634
64,22000,40,352,70,395.00,797.00,4.2157,8.4287,0.9909,3547.34,0.2819,689.00,2.8190,5.2720,5.1227,7.4682,9.4798
64,22000,40,352,140,395.00,797.00,4.2157,8.4287,0.9920,3490.54,0.2865,692.00,2.8649,5.3054,5.1864,7.4420,9.6236
64,22000,40,352,281,395.00,797.00,4.2157,8.4287,0.9922,3343.27,0.2991,695.00,2.9911,5.5860,5.5180,7.6474,8.8167
64,22000,40,352,352,395.00,797.00,4.2157,8.4287,0.9922,3292.06,0.3038,704.00,3.0376,5.5671,5.4341,7.8101,9.7382
64,22000,40,352,528,395.00,797.00,4.2157,8.4287,0.9922,3137.19,0.3188,691.00,3.1876,5.9690,5.8897,7.9110,8.9944
64,22000,40,352,704,395.00,797.00,4.2157,8.4287,0.9922,2963.12,0.3375,695.00,3.3748,6.3826,6.2873,8.3437,9.5848
64,22000,40,704,140,395.00,797.00,4.2157,8.4287,0.9976,1875.02,0.5333,722.00,5.3333,10.0417,9.9406,13.3376,15.1748
64,22000,40,704,281,395.00,797.00,4.2157,8.4287,0.9978,1813.69,0.5514,729.00,5.5136,10.3757,10.2727,13.5974,15.6296
64,22000,40,704,563,395.00,797.00,4.2157,8.4287,0.9979,1773.57,0.5638,738.00,5.6383,10.7463,10.6429,13.9183,15.8712
64,22000,40,704,704,395.00,797.00,4.2157,8.4287,0.9979,1716.52,0.5826,735.00,5.8257,10.9483,10.8441,14.2685,15.9263
64,22000,40,704,1056,395.00,797.00,4.2157,8.4287,0.9979,1571.62,0.6363,741.00,6.3629,12.0782,12.0176,15.4067,17.1497
64,22000,40,704,1408,395.00,797.00,4.2157,8.4287,0.9979,1432.67,0.6980,737.00,6.9800,13.3684,13.2379,16.8485,19.6210
64,22000,40,1408,281,395.00,797.00,4.2157,8.4287,0.9991,1031.76,0.9692,818.00,9.6922,18.6273,18.4170,23.9142,27.6840
64,22000,40,1408,563,395.00,797.00,4.2157,8.4287,0.9992,971.91,1.0289,822.00,10.2890,19.6253,19.4611,25.0183,27.8019
64,22000,40,1408,1126,395.00,797.00,4.2157,8.4287,0.9992,900.01,1.1111,826.00,11.1110,21.2214,21.0964,26.4254,28.9003
64,22000,40,1408,1408,395.00,797.00,4.2157,8.4287,0.9992,863.08,1.1586,844.00,11.5864,21.9765,21.8598,27.3051,29.8129
64,22000,40,1408,2112,395.00,797.00,4.2157,8.4287,0.9992,754.71,1.3250,842.00,13.2501,25.6089,25.4352,30.9310,34.1112
64,22000,40,1408,2816,395.00,797.00,4.2157,8.4287,0.9992,614.97,1.6261,855.00,16.2609,31.5670,31.4941,36.6472,38.8695
64,22000,100,22,4,430.00,796.00,5.5951,9.7924,0.7392,31065.40,0.0322,688.00,0.3219,0.4967,0.4705,0.8441,1.0707
64,22000,100,22,8,430.00,796.00,5.5951,9.7924,0.7642,33354.30,0.0300,686.00,0.2998,0.4493,0.4250,0.7519,0.9511
64,22000,100,22,17,430.00,796.00,5.5951,9.7924,0.7716,33334.13,0.0300,686.00,0.3000,0.4475,0.4262,0.7395,0.9526
64,22000,100,22,22,430.00,796.00,5.5951,9.7924,0.7725,33565.20,0.0298,690.00,0.2979,0.4492,0.4260,0.7444,0.9544
64,22000,100,22,33,430.00,796.00,5.5951,9.7924,0.7729,32293.14,0.0310,687.00,0.3097,0.4640,0.4398,0.7738,0.9954
64,22000,100,22,44,430.00,796.00,5.5951,9.7924,0.7730,31216.30,0.0320,687.00,0.3203,0.4751,0.4472,0.7659,1.0117
64,22000,100,44,8,430.00,796.00,5.5951,9.7924,0.8458,20925.08,0.0478,699.00,0.4779,0.7760,0.7376,1.2785,1.6910
64,22000,100,44,17,430.00,796.00,5.5951,9.7924,0.8617,20584.96,0.0486,688.00,0.4858,0.7803,0.7372,1.2725,1.7614
64,22000,100,44,35,430.00,796.00,5.5951,9.7924,0.8653,20214.46,0.0495,685.00,0.4947,0.7940,0.7606,1.2710,1.6060
64,22000,100,44,44,430.00,796.00,5.5951,9.7924,0.8655,20311.30,0.0492,688.00,0.4923,0.8165,0.7840,1.2944,1.5868
64,22000,100,44,66,430.00,796.00,5.5951,9.7924,0.8657,19520.93,0.0512,687.00,0.5123,0.8358,0.7957,1.3310,1.8040
64,22000,100,44,88,430.00,796.00,5.5951,9.7924,0.8656,19110.83,0.0523,684.00,0.5233,0.8637,0.8305,1.3374,1.7333
64,22000,100,88,17,430.00,796.00,5.5951,9.7924,0.9230,12157.47,0.0823,686.00,0.8225,1.4528,1.4042,2.2349,2.7955
64,22000,100,88,35,430.00,796.00,5.5951,9.7924,0.9318,11885.77,0.0841,684.00,0.8413,1.4739,1.4116,2.2724,3.0156
64,22000,100,88,70,430.00,796.00,5.5951,9.7924,0.9330,11763.26,0.0850,686.00,0.8501,1.5264,1.4691,2.3150,2.8554
64,22000,100,88,88,430.00,796.00,5.5951,9.7924,0.9330,11729.86,0.0853,686.00,0.8525,1.5385,1.4946,2.2822,2.7811
64,22000,100,88,132,430.00,796.00,5.5951,9.7924,0.9330,11141.93,0.0898,684.00,0.8975,1.5851,1.5127,2.3757,3.1758
64,22000,100,88,176,430.00,796.00,5.5951,9.7924,0.9330,11037.75,0.0906,680.00,0.9060,1.6491,1.5979,2.3849,2.8650
64,22000,100,176,35,430.00,796.00,5.5951,9.7924,0.9693,6669.36,0.1499,685.00,1.4994,2.7382,2.6380,4.0645,5.4043
64,22000,100,176,70,430.00,796.00,5.5951,9.7924,0.9724,6654.86,0.1503,690.00,1.5027,2.7884,2.7082,4.0581,4.9599
64,22000,100,176,140,430.00,796.00,5.5951,9.7924,0.9728,6442.81,0.1552,684.00,1.5521,2.8982,2.8126,4.1490,5.1678
64,22000,100,176,176,430.00,796.00,5.5951,9.7924,0.9728,6227.40,0.1606,691.00,1.6058,2.9729,2.8946,4.2282,5.0109
64,22000,100,176,264,430.00,796.00,5.5951,9.7924,0.9728,5909.50,0.1692,691.00,1.6922,3.0775,2.9620,4.5066,6.0265
64,22000,100,176,352,430.00,796.00,5.5951,9.7924,0.9728,5806.28,0.1722,688.00,1.7223,3.2189,3.1430,4.4660,5.3180
64,22000,100,352,70,430.00,796.00,5.5951,9.7924,0.9910,3509.04,0.2850,703.00,2.8498,5.3386,5.2240,7.4420,9.0230
64,22000,100,352,140,430.00,796.00,5.5951,9.7924,0.9920,3408.09,0.2934,699.00,2.9342,5.4589,5.3811,7.5672,8.9784
64,22000,100,352,281,430.00,796.00,5.5951,9.7924,0.9919,3227.47,0.3098,693.00,3.0984,5.7546,5.6982,7.8237,9.0549
64,22000,100,352,352,430.00,796.00,5.5951,9.7924,0.9919,3223.61,0.3102,696.00,3.1021,5.7543,5.6540,7.8875,9.0920
64,22000,100,352,528,430.00,796.00,5.5951,9.7924,0.9919,3074.59,0.3252,701.00,3.2525,6.0115,5.8509,8.4212,10.8522
64,22000,100,352,704,430.00,796.00,5.5951,9.7924,0.9919,2876.29,0.3477,704.00,3.4767,6.5296,6.4385,8.5859,9.8536
64,22000,100,704,140,430.00,796.00,5.5951,9.7924,0.9976,1856.85,0.5385,729.00,5.3855,10.1325,9.9804,13.5472,15.7514
64,22000,100,704,281,430.00,796.00,5.5951,9.7924,0.9978,1804.40,0.5542,732.00,5.5420,10.4504,10.3381,13.8955,16.0388
64,22000,100,704,563,430.00,796.00,5.5951,9.7924,0.9978,1717.92,0.5821,730.00,5.8210,11.0597,10.9060,14.6761,16.7267
64,22000,100,704,704,430.00,796.00,5.5951,9.7924,0.9978,1703.48,0.5870,748.00,5.8703,10.9325,10.7250,14.9346,19.0976
64,22000,100,704,1056,430.00,796.00,5.5951,9.7924,0.9978,1569.47,0.6372,732.00,6.3716,11.9940,11.7923,15.8741,20.4598
64,22000,100,704,1408,430.00,796.00,5.5951,9.7924,0.9979,1399.44,0.7146,733.00,7.1457,13.6588,13.5391,17.1538,19.2230
64,22000,100,1408,281,430.00,796.00,5.5951,9.7924,0.9991,986.06,1.0141,827.00,10.1414,18.8425,18.4738,26.2225,33.3495
64,22000,100,1408,563,430.00,796.00,5.5951,9.7924,0.9991,959.25,1.0425,819.00,10.4248,19.8764,19.6595,25.6663,29.0809
64,22000,100,1408,1126,430.00,796.00,5.5951,9.7924,0.9992,893.15,1.1196,827.00,11.1963,21.3783,21.2039,26.8211,29.7187
64,22000,100,1408,1408,430.00,796.00,5.5951,9.7924,0.9992,868.09,1.1520,823.00,11.5196,21.9363,21.7878,27.5237,30.1978
64,22000,100,1408,2112,430.00,796.00,5.5951,9.7924,0.9992,748.68,1.3357,839.00,13.3568,25.8465,25.4244,33.1682,38.7770
64,22000,100,1408,2816,430.00,796.00,5.5951,9.7924,0.9992,619.53,1.6141,850.00,16.1412,31.4971,31.2968,37.0013,40.3374
64,22000,200,22,4,423.00,798.00,4.4025,7.6285,0.6906,31338.19,0.0319,670.00,0.3191,0.4740,0.4427,0.8528,1.1589
64,22000,200,22,8,423.00,798.00,4.4025,7.6285,0.7416,33276.09,0.0301,668.00,0.3005,0.4409,0.4157,0.7698,1.0157
64,22000,200,22,17,423.00,798.00,4.4025,7.6285,0.7652,34440.32,0.0290,662.00,0.2904,0.4383,0.4170,0.7374,0.9427
64,22000,200,22,22,423.00,798.00,4.4025,7.6285,0.7684,34236.43,0.0292,665.00,0.2921,0.4236,0.3984,0.7348,0.9844
64,22000,200,22,33,423.00,798.00,4.4025,7.6285,0.7715,32494.79,0.0308,667.00,0.3077,0.4467,0.4210,0.7466,0.9601
64,22000,200,22,44,423.00,798.00,4.4025,7.6285,0.7723,31959.03,0.0313,669.00,0.3129,0.4496,0.4207,0.7646,1.0040
64,22000,200,44,8,423.00,798.00,4.4025,7.6285,0.8051,19160.50,0.0522,672.00,0.5219,0.8384,0.8043,1.4070,1.7403
64,22000,200,44,17,423.00,798.00,4.4025,7.6285,0.8492,19688.06,0.0508,670.00,0.5079,0.8196,0.7788,1.3408,1.6654
64,22000,200,44,35,423.00,798.00,4.4025,7.6285,0.8636,19416.43,0.0515,670.00,0.5150,0.8340,0.7875,1.3946,1.9035
64,22000,200,44,44,423.00,798.00,4.4025,7.6285,0.8652,20613.22,0.0485,666.00,0.4851,0.8044,0.7690,1.2784,1.6392
64,22000,200,44,66,423.00,798.00,4.4025,7.6285,0.8660,20204.97,0.0495,665.00,0.4949,0.7975,0.7626,1.2929,1.5998
64,22000,200,44,88,423.00,798.00,4.4025,7.6285,0.8660,20182.99,0.0495,665.00,0.4955,0.8365,0.8032,1.3170,1.6553
64,22000,200,88,17,423.00,798.00,4.4025,7.6285,0.8976,11885.58,0.0841,669.00,0.8414,1.5079,1.4553,2.2955,2.8124
64,22000,200,88,35,423.00,798.00,4.4025,7.6285,0.9265,11723.03,0.0853,664.00,0.8530,1.5101,1.4581,2.2997,2.8229
64,22000,200,88,70,423.00,798.00,4.4025,7.6285,0.9331,11485.48,0.0871,667.00,0.8707,1.5123,1.4436,2.3362,2.9370
64,22000,200,88,88,423.00,798.00,4.4025,7.6285,0.9335,11485.15,0.0871,670.00,0.8707,1.5109,1.4420,2.3285,3.2070
64,22000,200,88,132,423.00,798.00,4.4025,7.6285,0.9338,11439.82,0.0874,670.00,0.8741,1.5749,1.5166,2.3561,2.9652
64,22000,200,88,176,423.00,798.00,4.4025,7.6285,0.9337,11280.19,0.0887,680.00,0.8865,1.6095,1.5533,2.4070,3.0196
64,22000,200,176,35,423.00,798.00,4.4025,7.6285,0.9586,6591.73,0.1517,672.00,1.5171,2.7821,2.7015,4.0733,4.8993
64,22000,200,176,70,423.00,798.00,4.4025,7.6285,0.9711,6486.06,0.1542,683.00,1.5418,2.8384,2.7685,4.1109,5.0018
64,22000,200,176,140,423.00,798.00,4.4025,7.6285,0.9732,6406.33,0.1561,673.00,1.5610,2.8963,2.8110,4.1631,5.1185
64,22000,200,176,176,423.00,798.00,4.4025,7.6285,0.9733,6394.07,0.1564,672.00,1.5639,2.9352,2.8577,4.1630,4.8512
64,22000,200,176,264,423.00,798.00,4.4025,7.6285,0.9734,6000.97,0.1666,688.00,1.6664,3.0387,2.9361,4.4564,5.8102
64,22000,200,176,352,423.00,798.00,4.4025,7.6285,0.9734,5801.96,0.1724,680.00,1.7236,3.2213,3.1224,4.5318,5.4743
64,22000,200,352,70,423.00,798.00,4.4025,7.6285,0.9863,3474.90,0.2878,689.00,2.8778,5.4032,5.2942,7.4124,8.9845
64,22000,200,352,140,423.00,798.00,4.4025,7.6285,0.9911,3419.92,0.2924,701.00,2.9240,5.4667,5.3545,7.6289,9.0028
64,22000,200,352,281,423.00,798.00,4.4025,7.6285,0.9918,3340.05,0.2994,697.00,2.9940,5.5247,5.4121,7.6502,9.7332
64,22000,200,352,352,423.00,798.00,4.4025,7.6285,0.9918,3307.53,0.3023,694.00,3.0234,5.6436,5.5404,7.7744,8.9985
64,22000,200,352,528,423.00,798.00,4.4025,7.6285,0.9918,3087.70,0.3239,708.00,3.2387,6.0140,5.9240,8.1782,9.4996
64,22000,200,352,704,423.00,798.00,4.4025,7.6285,0.9918,3047.42,0.3281,699.00,3.2815,6.2693,6.1387,8.4639,10.4667
64,22000,200,704,140,423.00,798.00,4.4025,7.6285,0.9963,1829.15,0.5467,736.00,5.4670,10.0654,9.8389,14.1793,17.4933
64,22000,200,704,281,423.00,798.00,4.4025,7.6285,0.9977,1871.81,0.5342,748.00,5.3424,10.1466,9.9235,14.0794,17.5442
64,22000,200,704,563,423.00,798.00,4.4025,7.6285,0.9978,1815.01,0.5510,742.00,5.5096,10.6047,10.4177,14.5851,17.0148
64,22000,200,704,704,423.00,798.00,4.4025,7.6285,0.9978,1759.04,0.5685,753.00,5.6849,10.8411,10.6920,14.3110,16.6357
64,22000,200,704,1056,423.00,798.00,4.4025,7.6285,0.9978,1605.55,0.6228,741.00,6.2284,11.9639,11.8342,15.4379,17.5918
64,22000,200,704,1408,423.00,798.00,4.4025,7.6285,0.9978,1440.99,0.6940,734.00,6.9397,13.3568,13.2128,16.8202,19.2170
64,22000,200,1408,281,423.00,798.00,4.4025,7.6285,0.9989,1022.79,0.9777,815.00,9.7771,18.6300,18.3374,24.7583,28.4914
64,22000,200,1408,563,423.00,798.00,4.4025,7.6285,0.9992,957.35,1.0445,827.00,10.4455,19.9235,19.7313,25.6108,28.8341
64,22000,200,1408,1126,423.00,798.00,4.4025,7.6285,0.9992,908.10,1.1012,843.00,11.0119,21.3333,21.1378,27.4153,30.0446
64,22000,200,1408,1408,423.00,798.00,4.4025,7.6285,0.9992,893.47,1.1192,825.00,11.1923,21.7109,21.4499,27.4824,30.7634
64,22000,200,1408,2112,423.00,798.00,4.4025,7.6285,0.9993,763.30,1.3101,824.00,13.1010,25.6151,25.3495,31.0577,34.4784
64,22000,200,1408,2816,423.00,798.00,4.4025,7.6285,0.9993,631.14,1.5844,856.00,15.8444,30.9982,30.7521,36.4893,40.1901
64,26000,40,26,5,432.00,801.00,4.7718,9.0248,0.7645,32578.08,0.0307,679.00,0.3070,0.4826,0.4665,0.8235,1.0489
64,26000,40,26,10,432.00,801.00,4.7718,9.0248,0.7792,31870.53,0.0314,689.00,0.3138,0.4605,0.4423,0.7682,0.9664
64,26000,40,26,20,432.00,801.00,4.7718,9.0248,0.7842,31389.05,0.0319,687.00,0.3186,0.4665,0.4424,0.7890,1.0486
64,26000,40,26,26,432.00,801.00,4.7718,9.0248,0.7850,31094.89,0.0322,686.00,0.3216,0.4735,0.4527,0.7642,0.9403
64,26000,40,26,39,432.00,801.00,4.7718,9.0248,0.7855,30696.17,0.0326,689.00,0.3258,0.4813,0.4536,0.7921,1.0308
64,26000,40,26,52,432.00,801.00,4.7718,9.0248,0.7854,28411.68,0.0352,685.00,0.3520,0.5166,0.4877,0.8577,1.1259
64,26000,40,52,10,432.00,801.00,4.7718,9.0248,0.8608,19946.31,0.0501,684.00,0.5013,0.8288,0.7942,1.3291,1.7148
64,26000,40,52,20,432.00,801.00,4.7718,9.0248,0.8710,20078.63,0.0498,689.00,0.4980,0.8249,0.7948,1.2865,1.6096
64,26000,40,52,41,432.00,801.00,4.7718,9.0248,0.8741,19596.06,0.0510,695.00,0.5103,0.8450,0.8147,1.2961,1.5875
64,26000,40,52,52,432.00,801.00,4.7718,9.0248,0.8743,19212.73,0.0520,692.00,0.5205,0.8504,0.8276,1.2903,1.5897
64,26000,40,52,78,432.00,801.00,4.7718,9.0248,0.8744,18857.61,0.0530,690.00,0.5303,0.8810,0.8422,1.3834,1.7517
64,26000,40,52,104,432.00,801.00,4.7718,9.0248,0.8744,18551.70,0.0539,689.00,0.5390,0.9137,0.8846,1.3743,1.6465
64,26000,40,104,20,432.00,801.00,4.7718,9.0248,0.9310,11442.72,0.0874,688.00,0.8739,1.5341,1.4691,2.3652,3.2063
64,26000,40,104,41,432.00,801.00,4.7718,9.0248,0.9388,11169.97,0.0895,688.00,0.8953,1.5458,1.4827,2.3639,3.0846
64,26000,40,104,83,432.00,801.00,4.7718,9.0248,0.9396,11184.65,0.0894,689.00,0.8941,1.5849,1.5237,2.3903,3.1223
64,26000,40,104,104,432.00,801.00,4.7718,9.0248,0.9398,10843.91,0.0922,702.00,0.9222,1.6025,1.5631,2.3649,2.8422
64,26000,40,104,156,432.00,801.00,4.7718,9.0248,0.9398,10314.37,0.0970,694.00,0.9695,1.6624,1.6087,2.4686,3.2183
64,26000,40,104,208,432.00,801.00,4.7718,9.0248,0.9398,10192.91,0.0981,685.00,0.9811,1.7606,1.7268,2.4859,2.9209
64,26000,40,208,41,432.00,801.00,4.7718,9.0248,0.9729,6356.59,0.1573,705.00,1.5732,2.9013,2.8383,4.1490,4.9307
64,26000,40,208,83,432.00,801.00,4.7718,9.0248,0.9759,6428.24,0.1556,701.00,1.5556,2.8380,2.7342,4.2029,5.7037
64,26000,40,208,166,432.00,801.00,4.7718,9.0248,0.9765,6141.26,0.1628,692.00,1.6283,2.9771,2.8908,4.2599,5.6471
64,26000,40,208,208,432.00,801.00,4.7718,9.0248,0.9765,5931.86,0.1686,704.00,1.6858,3.0451,2.9769,4.3131,5.1412
64,26000,40,208,312,432.00,801.00,4.7718,9.0248,0.9765,5772.81,0.1732,692.00,1.7323,3.2127,3.1197,4.5106,5.5489
64,26000,40,208,416,432.00,801.00,4.7718,9.0248,0.9765,5501.90,0.1818,694.00,1.8176,3.4011,3.3487,4.6873,5.5232
64,26000,40,416,83,432.00,801.00,4.7718,9.0248,0.9915,3372.52,0.2965,708.00,2.9651,5.5490,5.4742,7.5213,8.6417
64,26000,40,416,166,432.00,801.00,4.7718,9.0248,0.9928,3292.83,0.3037,704.00,3.0369,5.5904,5.4812,7.7891,9.5803
64,26000,40,416,332,432.00,801.00,4.7718,9.0248,0.9928,3278.19,0.3050,725.00,3.0505,5.7451,5.6354,7.9559,9.8242
64,26000,40,416,416,432.00,801.00,4.7718,9.0248,0.9928,3252.45,0.3075,722.00,3.0746,5.8545,5.7679,7.8984,9.3655
64,26000,40,416,624,432.00,801.00,4.7718,9.0248,0.9929,3006.54,0.3326,718.00,3.3261,6.3467,6.2433,8.4187,10.2086
64,26000,40,416,832,432.00,801.00,4.7718,9.0248,0.9929,2716.19,0.3682,714.00,3.6816,6.9144,6.7946,9.1592,11.0861
64,26000,40,832,166,432.00,801.00,4.7718,9.0248,0.9979,1832.59,0.5457,769.00,5.4567,10.3607,10.2323,13.6008,15.6621
64,26000,40,832,332,432.00,801.00,4.7718,9.0248,0.9981,1797.64,0.5563,772.00,5.5628,10.6294,10.5248,13.7549,15.6734
64,26000,40,832,665,432.00,801.00,4.7718,9.0248,0.9982,1675.74,0.5968,780.00,5.9675,11.1998,11.0008,14.9398,19.2547
64,26000,40,832,832,432.00,801.00,4.7718,9.0248,0.9982,1634.39,0.6118,767.00,6.1185,11.4989,11.3817,14.7324,17.7765
64,26000,40,832,1248,432.00,801.00,4.7718,9.0248,0.9982,1471.05,0.6798,782.00,6.7979,13.1138,12.9941,16.4077,18.2015
64,26000,40,832,1664,432.00,801.00,4.7718,9.0248,0.9982,1286.38,0.7774,770.00,7.7737,15.0424,14.9703,18.0849,19.9789
64,26000,40,1664,332,432.00,801.00,4.7718,9.0248,0.9992,973.85,1.0269,872.00,10.2685,19.5105,19.1629,25.3357,29.6977
64,26000,40,1664,665,432.00,801.00,4.7718,9.0248,0.9992,931.65,1.0734,873.00,10.7336,20.7020,20.5772,25.7164,28.4096
64,26000,40,1664,1331,432.00,801.00,4.7718,9.0248,0.9993,842.42,1.1871,867.00,11.8706,22.7790,22.7835,27.6818,29.7160
64,26000,40,1664,1664,432.00,801.00,4.7718,9.0248,0.9993,817.38,1.2234,876.00,12.2342,23.6544,23.5888,28.7113,31.0155
64,26000,40,1664,2496,432.00,801.00,4.7718,9.0248,0.9993,656.15,1.5240,864.00,15.2404,29.3932,29.3576,34.2703,36.2505
64,26000,40,1664,3328,432.00,801.00,4.7718,9.0248,0.9993,526.64,1.8988,879.00,18.9883,37.0233,36.9337,42.1661,44.7460
64,26000,100,26,5,450.00,802.00,6.5534,10.9320,0.7579,30314.80,0.0330,692.00,0.3299,0.5185,0.4929,0.8829,1.1954
64,26000,100,26,10,450.00,802.00,6.5534,10.9320,0.7800,31951.31,0.0313,694.00,0.3130,0.4662,0.4425,0.7842,1.0196
64,26000,100,26,20,450.00,802.00,6.5534,10.9320,0.7864,31776.74,0.0315,700.00,0.3147,0.4757,0.4540,0.7830,1.0040
64,26000,100,26,26,450.00,802.00,6.5534,10.9320,0.7871,31162.37,0.0321,699.00,0.3209,0.4901,0.4713,0.7906,1.0218
64,26000,100,26,39,450.00,802.00,6.5534,10.9320,0.7875,30935.77,0.0323,699.00,0.3233,0.4895,0.4708,0.7743,0.9615
64,26000,100,26,52,450.00,802.00,6.5534,10.9320,0.7875,29856.94,0.0335,699.00,0.3349,0.5072,0.4835,0.7895,1.0220
64,26000,100,52,10,450.00,802.00,6.5534,10.9320,0.8582,18924.28,0.0528,698.00,0.5284,0.8361,0.8006,1.3650,1.7240
64,26000,100,52,20,450.00,802.00,6.5534,10.9320,0.8724,19250.84,0.0519,697.00,0.5195,0.8728,0.8398,1.3643,1.6913
64,26000,100,52,41,450.00,802.00,6.5534,10.9320,0.8755,19062.67,0.0525,694.00,0.5246,0.8660,0.8347,1.3259,1.6369
64,26000,100,52,52,450.00,802.00,6.5534,10.9320,0.8757,18715.52,0.0534,695.00,0.5343,0.8500,0.8176,1.3330,1.8226
64,26000,100,52,78,450.00,802.00,6.5534,10.9320,0.8759,18229.89,0.0549,703.00,0.5485,0.9129,0.8865,1.3777,1.6917
64,26000,100,52,104,450.00,802.00,6.5534,10.9320,0.8759,17842.97,0.0560,698.00,0.5604,0.9233,0.8967,1.3956,1.7098
64,26000,100,104,20,450.00,802.00,6.5534,10.9320,0.9313,11437.94,0.0874,700.00,0.8743,1.5368,1.4756,2.3394,3.0553
64,26000,100,104,41,450.00,802.00,6.5534,10.9320,0.9396,11298.49,0.0885,712.00,0.8851,1.5747,1.5366,2.3247,2.8800
64,26000,100,104,83,450.00,802.00,6.5534,10.9320,0.9407,10798.55,0.0926,702.00,0.9261,1.6081,1.5596,2.3853,2.9938
64,26000,100,104,104,450.00,802.00,6.5534,10.9320,0.9406,10483.82,0.0954,701.00,0.9539,1.6909,1.6498,2.4651,2.9857
64,26000,100,104,156,450.00,802.00,6.5534,10.9320,0.9406,10271.96,0.0974,697.00,0.9735,1.7174,1.6786,2.4830,2.9097
64,26000,100,104,208,450.00,802.00,6.5534,10.9320,0.9406,9882.26,0.1012,696.00,1.0119,1.7865,1.7280,2.6115,3.3942
64,26000,100,208,41,450.00,802.00,6.5534,10.9320,0.9732,6316.93,0.1583,700.00,1.5830,2.9470,2.8874,4.1679,4.8507
64,26000,100,208,83,450.00,802.00,6.5534,10.9320,0.9764,6047.02,0.1654,699.00,1.6537,2.9935,2.9140,4.3540,5.3381
64,26000,100,208,166,450.00,802.00,6.5534,10.9320,0.9767,6002.04,0.1666,699.00,1.6661,3.0520,2.9490,4.4020,5.7850
64,26000,100,208,208,450.00,802.00,6.5534,10.9320,0.9767,5963.14,0.1677,701.00,1.6770,3.0891,3.0058,4.4036,5.5096
64,26000,100,208,312,450.00,802.00,6.5534,10.9320,0.9768,5544.93,0.1803,705.00,1.8035,3.3662,3.3016,4.7139,5.5142
64,26000,100,208,416,450.00,802.00,6.5534,10.9320,0.9768,5331.75,0.1876,698.00,1.8756,3.4604,3.3765,4.7957,5.7855
64,26000,100,416,83,450.00,802.00,6.5534,10.9320,0.9919,3381.90,0.2957,728.00,2.9569,5.5267,5.3779,7.8807,9.7971
64,26000,100,416,166,450.00,802.00,6.5534,10.9320,0.9927,3332.27,0.3001,724.00,3.0010,5.6852,5.6078,7.7867,9.1302
64,26000,100,416,332,450.00,802.00,6.5534,10.9320,0.9928,3184.30,0.3140,727.00,3.1404,5.9003,5.8318,7.9399,9.1076
64,26000,100,416,416,450.00,802.00,6.5534,10.9320,0.9928,3121.21,0.3204,729.00,3.2039,6.0587,5.9578,8.1615,9.4687
64,26000,100,416,624,450.00,802.00,6.5534,10.9320,0.9928,2930.89,0.3412,717.00,3.4119,6.4805,6.3954,8.5454,9.9597
64,26000,100,416,832,450.00,802.00,6.5534,10.9320,0.9928,2692.92,0.3713,733.00,3.7134,7.0561,6.9679,9.0996,10.2974
64,26000,100,832,166,450.00,802.00,6.5534,10.9320,0.9978,1795.18,0.5570,760.00,5.5705,10.5190,10.3847,13.9683,16.1100
64,26000,100,832,332,450.00,802.00,6.5534,10.9320,0.9980,1719.54,0.5816,761.00,5.8155,10.9112,10.7989,14.4211,16.2788
64,26000,100,832,665,450.00,802.00,6.5534,10.9320,0.9980,1614.28,0.6195,752.00,6.1947,11.5847,11.4720,15.3234,17.6390
64,26000,100,832,832,450.00,802.00,6.5534,10.9320,0.9981,1560.00,0.6410,756.00,6.4102,11.8872,11.6892,15.9422,19.6625
64,26000,100,832,1248,450.00,802.00,6.5534,10.9320,0.9981,1435.93,0.6964,767.00,6.9642,13.1686,13.0127,16.8608,19.7603
64,26000,100,832,1664,450.00,802.00,6.5534,10.9320,0.9981,1269.47,0.7877,757.00,7.8773,15.2615,15.1543,18.5630,20.3993
64,26000,100,1664,332,450.00,802.00,6.5534,10.9320,0.9992,936.41,1.0679,851.00,10.6791,20.0810,20.0298,25.7175,28.6780
64,26000,100,1664,665,450.00,802.00,6.5534,10.9320,0.9993,892.21,1.1208,854.00,11.2081,21.1659,21.0538,27.0504,29.9360
64,26000,100,1664,1331,450.00,802.00,6.5534,10.9320,0.9993,826.31,1.2102,855.00,12.1020,23.1110,22.9222,28.8191,31.5670
64,26000,100,1664,1664,450.00,802.00,6.5534,10.9320,0.9993,790.08,1.2657,866.00,12.6569,24.0947,24.0133,29.6174,32.7692
64,26000,100,1664,2496,450.00,802.00,6.5534,10.9320,0.9993,647.53,1.5443,880.00,15.4433,29.7521,29.7336,35.2185,38.4662
64,26000,100,1664,3328,450.00,802.00,6.5534,10.9320,0.9993,514.61,1.9432,870.00,19.4323,37.6930,37.6018,43.2445,45.7682
64,26000,200,26,5,449.00,802.00,5.2994,8.6929,0.7194,30882.20,0.0324,684.00,0.3238,0.5039,0.4814,0.8543,1.1047
64,26000,200,26,10,449.00,802.00,5.2994,8.6929,0.7639,32353.61,0.0309,690.00,0.3091,0.4633,0.4406,0.7786,0.9888
64,26000,200,26,20,449.00,802.00,5.2994,8.6929,0.7828,32289.61,0.0310,688.00,0.3097,0.4648,0.4454,0.7718,1.0264
64,26000,200,26,26,449.00,802.00,5.2994,8.6929,0.7852,32340.15,0.0309,691.00,0.3092,0.4368,0.4106,0.7467,0.9708
64,26000,200,26,39,449.00,802.00,5.2994,8.6929,0.7865,32728.05,0.0306,688.00,0.3055,0.4395,0.4135,0.7339,0.9118
64,26000,200,26,52,449.00,802.00,5.2994,8.6929,0.7871,30766.92,0.0325,687.00,0.3250,0.4475,0.4192,0.7549,0.9635
64,26000,200,52,10,449.00,802.00,5.2994,8.6929,0.8270,19348.58,0.0517,684.00,0.5168,0.8423,0.8083,1.3386,1.6909
64,26000,200,52,20,449.00,802.00,5.2994,8.6929,0.8636,19479.39,0.0513,693.00,0.5134,0.8617,0.8170,1.3786,1.8311
64,26000,200,52,41,449.00,802.00,5.2994,8.6929,0.8750,19925.84,0.0502,693.00,0.5019,0.8480,0.8183,1.3087,1.6230
64,26000,200,52,52,449.00,802.00,5.2994,8.6929,0.8763,19515.54,0.0512,691.00,0.5124,0.8572,0.8287,1.3267,1.6390
64,26000,200,52,78,449.00,802.00,5.2994,8.6929,0.8768,19467.36,0.0514,690.00,0.5137,0.8712,0.8394,1.3539,1.6739
64,26000,200,52,104,449.00,802.00,5.2994,8.6929,0.8770,18925.27,0.0528,688.00,0.5284,0.8858,0.8548,1.3569,1.6609
64,26000,200,104,20,449.00,802.00,5.2994,8.6929,0.9105,11741.29,0.0852,688.00,0.8517,1.5253,1.4799,2.2817,2.7722
64,26000,200,104,41,449.00,802.00,5.2994,8.6929,0.9344,11545.63,0.0866,688.00,0.8661,1.5474,1.4964,2.3270,2.8150
64,26000,200,104,83,449.00,802.00,5.2994,8.6929,0.9405,11278.42,0.0887,690.00,0.8866,1.5953,1.5517,2.3403,2.8096
64,26000,200,104,104,449.00,802.00,5.2994,8.6929,0.9408,11075.45,0.0903,692.00,0.9029,1.6289,1.5884,2.3899,2.9401
64,26000,200,104,156,449.00,802.00,5.2994,8.6929,0.9410,10917.59,0.0916,690.00,0.9160,1.6605,1.6206,2.3981,2.8500
64,26000,200,104,208,449.00,802.00,5.2994,8.6929,0.9409,10308.72,0.0970,687.00,0.9701,1.7464,1.7005,2.5366,3.0866
64,26000,200,208,41,449.00,802.00,5.2994,8.6929,0.9632,6193.51,0.1615,694.00,1.6146,2.9524,2.8933,4.2162,4.9651
64,26000,200,208,83,449.00,802.00,5.2994,8.6929,0.9749,6075.45,0.1646,692.00,1.6460,3.0694,3.0051,4.3049,5.0996
64,26000,200,208,166,449.00,802.00,5.2994,8.6929,0.9768,5850.24,0.1709,696.00,1.7093,3.1411,3.0777,4.4093,5.2018
64,26000,200,208,208,449.00,802.00,5.2994,8.6929,0.9769,5882.96,0.1700,698.00,1.6998,3.1410,3.0670,4.4580,5.2333
64,26000,200,208,312,449.00,802.00,5.2994,8.6929,0.9769,5621.98,0.1779,697.00,1.7787,3.3292,3.2675,4.5842,5.5008
64,26000,200,208,416,449.00,802.00,5.2994,8.6929,0.9769,5376.60,0.1860,709.00,1.8599,3.4523,3.3777,4.7529,5.6724
64,26000,200,416,83,449.00,802.00,5.2994,8.6929,0.9886,3374.09,0.2964,712.00,2.9638,5.6376,5.5553,7.6066,8.8796
64,26000,200,416,166,449.00,802.00,5.2994,8.6929,0.9926,3246.70,0.3080,715.00,3.0801,5.8251,5.7371,7.8736,9.0983
64,26000,200,416,332,449.00,802.00,5.2994,8.6929,0.9928,3102.11,0.3224,729.00,3.2236,5.9633,5.8326,8.3523,9.8526
64,26000,200,416,416,449.00,802.00,5.2994,8.6929,0.9928,3175.85,0.3149,729.00,3.1488,5.9990,5.8933,8.0921,9.5179
64,26000,200,416,624,449.00,802.00,5.2994,8.6929,0.9929,2946.50,0.3394,734.00,3.3939,6.3414,6.1913,8.6321,10.4027
64,26000,200,416,832,449.00,802.00,5.2994,8.6929,0.9929,2810.84,0.3558,730.00,3.5577,6.8241,6.7103,8.9163,10.5497
64,26000,200,832,166,449.00,802.00,5.2994,8.6929,0.9969,1833.19,0.5455,770.00,5.4550,10.2969,10.1247,13.8802,16.3780
64,26000,200,832,332,449.00,802.00,5.2994,8.6929,0.9979,1725.34,0.5796,776.00,5.7960,10.9382,10.7313,14.5522,17.6609
64,26000,200,832,665,449.00,802.00,5.2994,8.6929,0.9980,1646.19,0.6075,765.00,6.0746,11.5519,11.4410,14.8943,16.9059
64,26000,200,832,832,449.00,802.00,5.2994,8.6929,0.9980,1616.73,0.6185,777.00,6.1853,11.7051,11.6219,15.1386,17.1163
64,26000,200,832,1248,449.00,802.00,5.2994,8.6929,0.9980,1488.90,0.6716,762.00,6.7164,13.0580,12.9450,16.3113,18.1890
64,26000,200,832,1664,449.00,802.00,5.2994,8.6929,0.9980,1294.71,0.7724,766.00,7.7237,15.0095,14.8842,18.2635,20.5369
64,26000,200,1664,332,449.00,802.00,5.2994,8.6929,0.9989,966.95,1.0342,854.00,10.3418,19.7288,19.7178,24.9533,27.0712
64,26000,200,1664,665,449.00,802.00,5.2994,8.6929,0.9992,897.74,1.1139,855.00,11.1391,21.3336,21.2544,26.5880,29.4987
64,26000,200,1664,1331,449.00,802.00,5.2994,8.6929,0.9992,863.67,1.1578,871.00,11.5784,22.6071,22.2422,28.3815,35.6331
64,26000,200,1664,1664,449.00,802.00,5.2994,8.6929,0.9992,815.66,1.2260,885.00,12.2600,23.7410,23.6455,28.7753,31.4407
64,26000,200,1664,2496,449.00,802.00,5.2994,8.6929,0.9993,656.95,1.5222,885.00,15.2220,29.2923,29.1864,34.6504,37.5862
64,26000,200,1664,3328,449.00,802.00,5.2994,8.6929,0.9993,525.34,1.9035,885.00,19.0354,36.8479,36.7104,42.6157,46.1605
64,30000,40,30,6,446.00,805.00,5.4302,9.8679,0.7773,29169.80,0.0343,691.00,0.3428,0.5310,0.5057,0.9098,1.1884
64,30000,40,30,12,446.00,805.00,5.4302,9.8679,0.7927,30517.45,0.0328,694.00,0.3277,0.5046,0.4865,0.8246,1.0240
64,30000,40,30,24,446.00,805.00,5.4302,9.8679,0.7970,30573.75,0.0327,697.00,0.3271,0.5128,0.4913,0.8344,1.0697
64,30000,40,30,30,446.00,805.00,5.4302,9.8679,0.7976,30389.53,0.0329,696.00,0.3291,0.5069,0.4866,0.8003,0.9791
64,30000,40,30,45,446.00,805.00,5.4302,9.8679,0.7979,29061.54,0.0344,693.00,0.3441,0.5247,0.5043,0.8242,1.0153
64,30000,40,30,60,446.00,805.00,5.4302,9.8679,0.7980,27786.61,0.0360,708.00,0.3599,0.5191,0.4911,0.8238,1.0810
64,30000,40,60,12,446.00,805.00,5.4302,9.8679,0.8719,19026.15,0.0526,693.00,0.5256,0.8471,0.8206,1.3579,1.7470
64,30000,40,60,24,446.00,805.00,5.4302,9.8679,0.8822,19259.72,0.0519,697.00,0.5192,0.8565,0.8326,1.3223,1.6320
64,30000,40,60,48,446.00,805.00,5.4302,9.8679,0.8843,17883.19,0.0559,697.00,0.5592,0.8996,0.8621,1.4136,1.8498
64,30000,40,60,60,446.00,805.00,5.4302,9.8679,0.8843,18195.06,0.0550,696.00,0.5496,0.9072,0.8798,1.3750,1.6404
64,30000,40,60,90,446.00,805.00,5.4302,9.8679,0.8842,17441.32,0.0573,692.00,0.5734,0.9466,0.9176,1.4468,1.8071
64,30000,40,60,120,446.00,805.00,5.4302,9.8679,0.8843,16626.66,0.0601,693.00,0.6014,1.0072,0.9711,1.5280,1.9533
64,30000,40,120,24,446.00,805.00,5.4302,9.8679,0.9389,10467.14,0.0955,693.00,0.9554,1.6536,1.5921,2.5372,3.2160
64,30000,40,120,48,446.00,805.00,5.4302,9.8679,0.9446,10306.69,0.0970,694.00,0.9702,1.6759,1.6165,2.5673,3.2051
64,30000,40,120,96,446.00,805.00,5.4302,9.8679,0.9455,9986.22,0.1001,697.00,1.0014,1.7029,1.6435,2.5952,3.2582
64,30000,40,120,120,446.00,805.00,5.4302,9.8679,0.9456,10103.15,0.0990,693.00,0.9898,1.7241,1.6525,2.6227,3.3767
64,30000,40,120,180,446.00,805.00,5.4302,9.8679,0.9458,9656.82,0.1036,695.00,1.0355,1.8481,1.8142,2.6088,3.0488
64,30000,40,120,240,446.00,805.00,5.4302,9.8679,0.9458,9237.96,0.1082,694.00,1.0825,1.9401,1.9042,2.7099,3.2026
64,30000,40,240,48,446.00,805.00,5.4302,9.8679,0.9761,5667.03,0.1765,700.00,1.7646,3.1253,3.0136,4.7033,6.3331
64,30000,40,240,96,446.00,805.00,5.4302,9.8679,0.9787,5659.56,0.1767,700.00,1.7669,3.1540,3.0828,4.6486,5.6980
64,30000,40,240,192,446.00,805.00,5.4302,9.8679,0.9792,5560.01,0.1799,697.00,1.7986,3.2366,3.1416,4.7108,5.9272
64,30000,40,240,240,446.00,805.00,5.4302,9.8679,0.9792,5402.09,0.1851,696.00,1.8511,3.3361,3.2878,4.6090,5.4324
64,30000,40,240,360,446.00,805.00,5.4302,9.8679,0.9792,5151.47,0.1941,701.00,1.9412,3.5215,3.4259,4.9403,6.1900
64,30000,40,240,480,446.00,805.00,5.4302,9.8679,0.9792,4835.79,0.2068,698.00,2.0679,3.7698,3.6735,5.2734,6.4144
64,30000,40,480,96,446.00,805.00,5.4302,9.8679,0.9929,3266.50,0.3061,721.00,3.0614,5.6770,5.5536,7.9592,9.8204
64,30000,40,480,192,446.00,805.00,5.4302,9.8679,0.9940,3107.33,0.3218,723.00,3.2182,5.9194,5.8314,8.1203,9.5526
64,30000,40,480,384,446.00,805.00,5.4302,9.8679,0.9942,2918.43,0.3427,719.00,3.4265,6.3130,6.2436,8.3945,9.5005
64,30000,40,480,480,446.00,805.00,5.4302,9.8679,0.9942,2864.83,0.3491,740.00,3.4906,6.3752,6.2393,8.8807,10.7024
64,30000,40,480,720,446.00,805.00,5.4302,9.8679,0.9942,2695.74,0.3710,725.00,3.7096,6.9702,6.8977,8.9640,10.1839
64,30000,40,480,960,446.00,805.00,5.4302,9.8679,0.9943,2444.33,0.4091,728.00,4.0911,7.6837,7.6156,9.8304,11.0956
64,30000,40,960,192,446.00,805.00,5.4302,9.8679,0.9980,1694.28,0.5902,779.00,5.9022,10.8820,10.7617,14.7228,16.8643
64,30000,40,960,384,446.00,805.00,5.4302,9.8679,0.9984,1633.61,0.6121,782.00,6.1214,11.3148,11.2145,15.0404,17.4956
64,30000,40,960,768,446.00,805.00,5.4302,9.8679,0.9984,1468.16,0.6811,784.00,6.8112,12.6428,12.5817,16.1877,17.8614
64,30000,40,960,960,446.00,805.00,5.4302,9.8679,0.9984,1470.19,0.6802,781.00,6.8018,12.6041,12.4739,16.5769,19.0357
64,30000,40,960,1440,446.00,805.00,5.4302,9.8679,0.9984,1302.54,0.7677,792.00,7.6773,14.6189,14.5321,17.9609,20.0770
64,30000,40,960,1920,446.00,805.00,5.4302,9.8679,0.9984,1085.82,0.9210,805.00,9.2096,17.5365,17.5115,21.0745,22.9804
64,30000,40,1920,384,446.00,805.00,5.4302,9.8679,0.9991,898.35,1.1131,909.00,11.1315,20.6347,20.4399,27.6254,32.8304
64,30000,40,1920,768,446.00,805.00,5.4302,9.8679,0.9992,849.14,1.1777,920.00,11.7766,22.1614,22.0713,27.7400,31.1926
64,30000,40,1920,1536,446.00,805.00,5.4302,9.8679,0.9992,731.78,1.3665,920.00,13.6652,25.2046,25.8567,32.4214,35.4169
64,30000,40,1920,1920,446.00,805.00,5.4302,9.8679,0.9993,723.98,1.3813,922.00,13.8126,26.0683,25.9905,32.7264,36.6925
64,30000,40,1920,2880,446.00,805.00,5.4302,9.8679,0.9993,575.19,1.7386,905.00,17.3856,33.6561,33.6998,38.9259,41.1866
64,30000,40,1920,3840,446.00,805.00,5.4302,9.8679,0.9993,444.96,2.2474,922.00,22.4740,43.8609,43.7096,49.7880,53.4197
64,30000,100,30,6,494.00,809.00,7.5264,12.0279,0.7719,29385.95,0.0340,706.00,0.3403,0.5263,0.5097,0.8678,1.0840
64,30000,100,30,12,494.00,809.00,7.5264,12.0279,0.7921,30962.99,0.0323,702.00,0.3230,0.4884,0.4730,0.7960,1.0024
64,30000,100,30,24,494.00,809.00,7.5264,12.0279,0.7980,29427.79,0.0340,709.00,0.3398,0.5104,0.4861,0.8196,1.0496
64,30000,100,30,30,494.00,809.00,7.5264,12.0279,0.7986,30727.86,0.0325,696.00,0.3254,0.5111,0.4894,0.8104,1.0171
64,30000,100,30,45,494.00,809.00,7.5264,12.0279,0.7988,29192.50,0.0343,701.00,0.3426,0.5155,0.4902,0.8242,1.0168
64,30000,100,30,60,494.00,809.00,7.5264,12.0279,0.7988,28373.65,0.0352,697.00,0.3524,0.5404,0.5206,0.8245,1.0195
64,30000,100,60,12,494.00,809.00,7.5264,12.0279,0.8699,19370.57,0.0516,698.00,0.5162,0.8778,0.8560,1.3385,1.6278
64,30000,100,60,24,494.00,809.00,7.5264,12.0279,0.8823,18887.56,0.0529,701.00,0.5294,0.8827,0.8602,1.3388,1.6071
64,30000,100,60,48,494.00,809.00,7.5264,12.0279,0.8847,18032.51,0.0555,703.00,0.5546,0.9206,0.8899,1.4179,1.7384
64,30000,100,60,60,494.00,809.00,7.5264,12.0279,0.8847,18012.38,0.0555,705.00,0.5552,0.9117,0.8846,1.3943,1.6650
64,30000,100,60,90,494.00,809.00,7.5264,12.0279,0.8849,17523.40,0.0571,704.00,0.5707,0.9702,0.9459,1.4470,1.7960
64,30000,100,60,120,494.00,809.00,7.5264,12.0279,0.8849,16554.71,0.0604,705.00,0.6041,1.0124,0.9746,1.5191,1.8263
64,30000,100,120,24,494.00,809.00,7.5264,12.0279,0.9391,10884.04,0.0919,716.00,0.9188,1.6232,1.5916,2.4024,2.8868
64,30000,100,120,48,494.00,809.00,7.5264,12.0279,0.9454,10342.14,0.0967,710.00,0.9669,1.7046,1.6666,2.5139,2.9786
64,30000,100,120,96,494.00,809.00,7.5264,12.0279,0.9460,10318.27,0.0969,710.00,0.9692,1.7352,1.6955,2.4852,2.9534
64,30000,100,120,120,494.00,809.00,7.5264,12.0279,0.9461,10225.42,0.0978,714.00,0.9780,1.7512,1.7175,2.5330,3.0016
64,30000,100,120,180,494.00,809.00,7.5264,12.0279,0.9461,10028.62,0.0997,705.00,0.9971,1.8025,1.7668,2.5523,3.0612
64,30000,100,120,240,494.00,809.00,7.5264,12.0279,0.9460,9501.70,0.1052,714.00,1.0524,1.8859,1.8276,2.6967,3.4982
64,30000,100,240,48,494.00,809.00,7.5264,12.0279,0.9763,6155.97,0.1624,713.00,1.6244,3.0432,2.9896,4.2617,4.9791
64,30000,100,240,96,494.00,809.00,7.5264,12.0279,0.9785,6028.09,0.1659,703.00,1.6589,3.0956,3.0499,4.3243,5.0640
64,30000,100,240,192,494.00,809.00,7.5264,12.0279,0.9788,5866.43,0.1705,701.00,1.7046,3.1789,3.1243,4.4296,5.2322
64,30000,100,240,240,494.00,809.00,7.5264,12.0279,0.9788,5571.25,0.1795,707.00,1.7949,3.3165,3.2735,4.5059,5.2122
64,30000,100,240,360,494.00,809.00,7.5264,12.0279,0.9788,5333.55,0.1875,720.00,1.8749,3.4828,3.4294,4.7197,5.5679
64,30000,100,240,480,494.00,809.00,7.5264,12.0279,0.9788,4835.33,0.2068,711.00,2.0681,3.8750,3.8259,5.2027,6.0560
64,30000,100,480,96,494.00,809.00,7.5264,12.0279,0.9934,3324.38,0.3008,727.00,3.0081,5.7067,5.6362,7.7583,9.0522
64,30000,100,480,192,494.00,809.00,7.5264,12.0279,0.9941,3150.16,0.3174,721.00,3.1744,5.9875,5.9015,8.0222,9.1817
64,30000,100,480,384,494.00,809.00,7.5264,12.0279,0.9942,3023.36,0.3308,722.00,3.3076,6.2373,6.1867,8.1822,9.3139
64,30000,100,480,480,494.00,809.00,7.5264,12.0279,0.9942,3030.75,0.3300,737.00,3.2995,6.2950,6.2228,8.2725,9.6001
64,30000,100,480,720,494.00,809.00,7.5264,12.0279,0.9942,2773.21,0.3606,722.00,3.6059,6.9125,6.8522,8.8737,10.2195
64,30000,100,480,960,494.00,809.00,7.5264,12.0279,0.9942,2501.09,0.3998,719.00,3.9982,7.6871,7.6202,9.6504,10.7451
64,30000,100,960,192,494.00,809.00,7.5264,12.0279,0.9983,1773.95,0.5637,790.00,5.6371,10.7616,10.5787,14.1871,16.9228
64,30000,100,960,384,494.00,809.00,7.5264,12.0279,0.9984,1674.65,0.5971,777.00,5.9714,11.4041,11.3078,14.7126,16.9200
64,30000,100,960,768,494.00,809.00,7.5264,12.0279,0.9985,1560.20,0.6409,779.00,6.4094,12.2074,12.1394,15.4617,16.9985
64,30000,100,960,960,494.00,809.00,7.5264,12.0279,0.9985,1497.67,0.6677,802.00,6.6770,12.6486,12.6521,15.8117,17.3427
64,30000,100,960,1440,494.00,809.00,7.5264,12.0279,0.9985,1325.46,0.7545,789.00,7.5445,14.5264,14.4049,17.8025,19.6907
64,30000,100,960,1920,494.00,809.00,7.5264,12.0279,0.9985,1113.96,0.8977,808.00,8.9770,17.2781,17.2132,20.5800,22.4081
64,30000,100,1920,384,494.00,809.00,7.5264,12.0279,0.9992,916.61,1.0910,909.00,10.9098,20.7791,20.6800,25.8342,28.1026
64,30000,100,1920,768,494.00,809.00,7.5264,12.0279,0.9992,844.29,1.1844,929.00,11.8442,22.3169,22.1961,27.7927,30.4818
64,30000,100,1920,1536,494.00,809.00,7.5264,12.0279,0.9993,761.60,1.3130,943.00,13.1302,24.9890,24.8593,30.4794,33.7917
64,30000,100,1920,1920,494.00,809.00,7.5264,12.0279,0.9993,727.78,1.3740,943.00,13.7404,26.1841,26.1395,31.5198,33.5335
64,30000,100,1920,2880,494.00,809.00,7.5264,12.0279,0.9993,570.44,1.7530,926.00,17.5303,33.8793,33.9135,39.1780,41.2021
64,30000,100,1920,3840,494.00,809.00,7.5264,12.0279,0.9993,442.19,2.2615,957.00,22.6150,44.3610,44.2579,49.6768,51.8138
64,30000,200,30,6,525.00,814.00,6.1243,9.6196,0.7403,29841.37,0.0335,744.00,0.3351,0.5311,0.5041,0.9068,1.2004
64,30000,200,30,12,525.00,814.00,6.1243,9.6196,0.7804,31802.29,0.0314,760.00,0.3144,0.4821,0.4633,0.7888,0.9904
64,30000,200,30,24,525.00,814.00,6.1243,9.6196,0.7962,29558.04,0.0338,749.00,0.3383,0.4816,0.4603,0.8021,1.0673
64,30000,200,30,30,525.00,814.00,6.1243,9.6196,0.7976,31305.08,0.0319,747.00,0.3194,0.4741,0.4548,0.7723,0.9655
64,30000,200,30,45,525.00,814.00,6.1243,9.6196,0.7990,30493.77,0.0328,747.00,0.3279,0.4714,0.4501,0.7616,0.9700
64,30000,200,30,60,525.00,814.00,6.1243,9.6196,0.7993,30525.94,0.0328,747.00,0.3276,0.4867,0.4642,0.7843,0.9654
64,30000,200,60,12,525.00,814.00,6.1243,9.6196,0.8435,19456.34,0.0514,742.00,0.5140,0.8535,0.8273,1.3433,1.6652
64,30000,200,60,24,525.00,814.00,6.1243,9.6196,0.8761,19470.86,0.0514,747.00,0.5136,0.8715,0.8434,1.3367,1.6292
64,30000,200,60,48,525.00,814.00,6.1243,9.6196,0.8841,18975.96,0.0527,750.00,0.5270,0.8792,0.8431,1.3657,1.7032
64,30000,200,60,60,525.00,814.00,6.1243,9.6196,0.8847,18910.20,0.0529,748.00,0.5288,0.8857,0.8628,1.3493,1.6481
64,30000,200,60,90,525.00,814.00,6.1243,9.6196,0.8853,18158.03,0.0551,740.00,0.5507,0.9331,0.9069,1.4210,1.7264
64,30000,200,60,120,525.00,814.00,6.1243,9.6196,0.8853,17802.87,0.0562,742.00,0.5617,0.9602,0.9270,1.4573,1.8181
64,30000,200,120,24,525.00,814.00,6.1243,9.6196,0.9223,10763.67,0.0929,753.00,0.9291,1.6372,1.5856,2.4493,3.0860
64,30000,200,120,48,525.00,814.00,6.1243,9.6196,0.9419,10835.64,0.0923,745.00,0.9229,1.6735,1.6313,2.4464,2.9578
64,30000,200,120,96,525.00,814.00,6.1243,9.6196,0.9464,10455.37,0.0956,747.00,0.9564,1.6935,1.6561,2.4664,2.9279
64,30000,200,120,120,525.00,814.00,6.1243,9.6196,0.9465,10205.45,0.0980,743.00,0.9799,1.7570,1.7127,2.5428,3.0992
64,30000,200,120,180,525.00,814.00,6.1243,9.6196,0.9465,9579.17,0.1044,750.00,1.0439,1.8257,1.7923,2.6361,3.0622
64,30000,200,120,240,525.00,814.00,6.1243,9.6196,0.9465,9362.25,0.1068,743.00,1.0681,1.9020,1.8586,2.7172,3.2180
64,30000,200,240,48,525.00,814.00,6.1243,9.6196,0.9686,5893.90,0.1697,755.00,1.6967,3.1406,3.0674,4.4327,5.2300
64,30000,200,240,96,525.00,814.00,6.1243,9.6196,0.9777,5661.66,0.1766,756.00,1.7663,3.2285,3.1841,4.5483,5.2853
64,30000,200,240,192,525.00,814.00,6.1243,9.6196,0.9791,5695.43,0.1756,766.00,1.7558,3.2439,3.1860,4.5608,5.3637
64,30000,200,240,240,525.00,814.00,6.1243,9.6196,0.9791,5688.68,0.1758,760.00,1.7579,3.2926,3.2402,4.5284,5.2693
64,30000,200,240,360,525.00,814.00,6.1243,9.6196,0.9791,5469.44,0.1828,770.00,1.8283,3.4197,3.3720,4.6563,5.4362
64,30000,200,240,480,525.00,814.00,6.1243,9.6196,0.9791,5135.10,0.1947,758.00,1.9474,3.6466,3.5999,4.9109,5.6804
64,30000,200,480,96,525.00,814.00,6.1243,9.6196,0.9902,3187.01,0.3138,784.00,3.1377,5.8347,5.7364,7.9708,9.3200
64,30000,200,480,192,525.00,814.00,6.1243,9.6196,0.9937,3058.97,0.3269,765.00,3.2691,6.1306,6.0810,8.2437,9.4971
64,30000,200,480,384,525.00,814.00,6.1243,9.6196,0.9940,2977.17,0.3359,769.00,3.3589,6.1583,6.0850,8.2623,9.4851
64,30000,200,480,480,525.00,814.00,6.1243,9.6196,0.9941,2910.73,0.3436,777.00,3.4356,6.3343,6.2931,8.4677,9.5252
64,30000,200,480,720,525.00,814.00,6.1243,9.6196,0.9940,2719.15,0.3678,774.00,3.6776,6.8830,6.8250,8.9062,9.9356
64,30000,200,480,960,525.00,814.00,6.1243,9.6196,0.9940,2465.36,0.4056,784.00,4.0562,7.6478,7.5844,9.7220,10.8283
64,30000,200,960,192,525.00,814.00,6.1243,9.6196,0.9973,1735.87,0.5761,837.00,5.7608,10.9362,10.8618,14.1875,15.7508
64,30000,200,960,384,525.00,814.00,6.1243,9.6196,0.9983,1642.61,0.6088,820.00,6.0879,11.5378,11.4857,14.7046,16.1294
64,30000,200,960,768,525.00,814.00,6.1243,9.6196,0.9983,1540.87,0.6490,830.00,6.4899,12.2079,12.1637,15.4885,17.1732
64,30000,200,960,960,525.00,814.00,6.1243,9.6196,0.9983,1525.47,0.6555,849.00,6.5553,12.5182,12.4181,15.8638,18.0740
64,30000,200,960,1440,525.00,814.00,6.1243,9.6196,0.9983,1323.85,0.7554,840.00,7.5537,14.4579,14.4126,17.8227,19.3507
64,30000,200,960,1920,525.00,814.00,6.1243,9.6196,0.9983,1106.86,0.9035,857.00,9.0346,17.1451,17.1102,20.5810,22.5168
64,30000,200,1920,384,525.00,814.00,6.1243,9.6196,0.9991,973.52,1.0272,948.00,10.2719,19.8801,19.5110,26.2758,31.0833
64,30000,200,1920,768,525.00,814.00,6.1243,9.6196,0.9992,823.89,1.2138,948.00,12.1376,22.6669,22.9018,28.2628,30.6245
64,30000,200,1920,1536,525.00,814.00,6.1243,9.6196,0.9992,743.29,1.3454,959.00,13.4538,25.4444,25.4724,31.0468,33.3722
64,30000,200,1920,1920,525.00,814.00,6.1243,9.6196,0.9992,748.60,1.3358,961.00,13.3582,25.6738,25.4925,31.3944,34.0810
64,30000,200,1920,2880,525.00,814.00,6.1243,9.6196,0.9992,579.34,1.7261,961.00,17.2610,33.0436,32.9017,39.2619,42.7896
64,30000,200,1920,3840,525.00,814.00,6.1243,9.6196,0.9992,448.08,2.2318,975.00,22.3177,43.3880,43.3179,49.7088,53.1540
