build time	recall	latency	build time	recall	latency	build time	recall	latency	build time	recall	latency
2.5312	0.3054	0.2814	7.5731	0.3554	0.0778	9.6507	0.3977	0.8524	13.4644	0.3977	0.3493
2.5312	0.3054	0.2628	7.5731	0.3858	0.0489	15.8576	0.506	1.6435	42.4312	0.506	1.4623
2.5312	0.3054	0.2473	7.5731	0.4371	0.0575	9.6507	0.557	0.4103	13.4644	0.557	0.2996
2.5312	0.3054	0.2402	12.3848	0.4698	0.0632	22.6043	0.5585	1.6698	23.945	0.5585	1.2655
2.5312	0.3054	0.2422	7.5731	0.475	0.0672	30.4446	0.5952	1.7053	31.153	0.5952	1.1732
2.4779	0.3072	0.2704	7.5731	0.5327	0.0857	36.6318	0.6251	1.7249	38.3098	0.6251	1.2335
2.4779	0.3072	0.2491	12.3848	0.5448	0.0788	43.9829	0.6463	1.7393	44.621	0.6463	1.3754
2.4779	0.3072	0.2399	9.7281	0.5491	0.0649	15.8576	0.654	0.3569	42.4312	0.654	0.5122
2.4779	0.3072	0.2355	16.2124	0.5631	0.0841	50.0796	0.6618	1.7728	52.3572	0.6618	1.5208
2.4779	0.3072	0.2181	7.5731	0.572	0.1033	57.9609	0.6759	1.795	58.5044	0.6759	1.323
2.4437	0.31	0.2728	9.7281	0.5884	0.0687	65.4904	0.6885	1.7685	66.2984	0.6885	1.5702
2.4437	0.31	0.2444	7.5731	0.5887	0.1118	22.6043	0.6974	0.4097	23.945	0.6974	0.5346
2.4437	0.31	0.2354	12.3848	0.5962	0.0976	72.7745	0.6986	1.7692	71.9609	0.6986	1.2453
2.4437	0.31	0.235	7.5731	0.6032	0.1202	9.6507	0.7102	0.7721	13.4644	0.7102	0.7954
2.4437	0.31	0.2198	21.633	0.6203	0.1064	85.3097	0.7157	1.7934	86.7116	0.7157	1.5585
2.4762	0.3209	0.2635	7.5731	0.6286	0.1366	30.4446	0.7298	0.4426	31.153	0.7298	0.5419
2.4762	0.3209	0.2502	12.3848	0.633	0.1149	99.5256	0.7315	1.7963	98.2151	0.7315	1.6483
2.4762	0.3209	0.2424	16.2124	0.637	0.1072	116.8217	0.7413	1.7637	115.7571	0.7413	1.6273
2.4762	0.3209	0.2398	12.4577	0.6404	0.0921	36.6318	0.7511	0.4737	38.3098	0.7511	0.6282
2.4762	0.3209	0.2299	9.7281	0.6462	0.0823	124.5	0.7516	1.8087	124.9989	0.7516	1.6431
2.4447	0.3261	0.2743	7.5731	0.649	0.1527	136.0968	0.7637	1.723	137.9041	0.7637	1.8836
2.4447	0.3261	0.2474	26.5093	0.6656	0.1427	43.9829	0.7688	0.4924	44.621	0.7688	0.6499
2.4447	0.3261	0.2407	7.5731	0.6665	0.1686	149.0369	0.7733	1.7032	152.9462	0.7733	1.7322
2.4447	0.3261	0.2328	12.4577	0.6758	0.0999	50.0796	0.78	0.5324	52.3572	0.78	0.6967
2.4447	0.3261	0.2203	16.2124	0.6841	0.133	161.902	0.7802	1.7277	167.1864	0.7802	1.8205
2.6378	0.3267	0.2703	12.3848	0.6856	0.1501	15.8576	0.7872	0.6307	42.4312	0.7872	1.0003
2.6378	0.3267	0.2377	7.5731	0.6886	0.1933	178.6494	0.7887	1.7891	176.9152	0.7887	2.0275
2.6378	0.3267	0.2305	21.633	0.6917	0.1424	9.6507	0.7902	0.9107	13.4644	0.7902	1.2176
2.6378	0.3267	0.2389	9.7281	0.6918	0.0955	57.9609	0.7936	0.5493	58.5044	0.7936	0.7329
2.6378	0.3267	0.2328	18.9386	0.6927	0.0998	190.0264	0.7938	1.7851	193.5411	0.7938	1.748
2.532	0.3308	0.2546	16.2124	0.7183	0.1588	205.4182	0.7995	1.6066	250.2741	0.7995	1.9835
2.532	0.3308	0.2388	12.3848	0.7218	0.1824	65.4904	0.8034	0.6543	66.2984	0.8034	0.6912
2.532	0.3308	0.2255	12.4577	0.7307	0.1199	215.9778	0.804	1.6203	351.4012	0.804	2.0898
2.532	0.3308	0.2108	26.5093	0.7337	0.1712	72.7745	0.8095	0.5918	71.9609	0.8095	0.5338
2.532	0.3308	0.2016	12.3848	0.7371	0.1992	22.6043	0.8199	0.7293	23.945	0.8199	1.08
2.6079	0.331	0.2688	21.633	0.7373	0.1781	85.3097	0.8241	0.6484	86.7116	0.8241	0.855
2.6079	0.331	0.2542	20.9279	0.7397	0.1417	99.5256	0.836	0.768	98.2151	0.836	0.8425
2.6079	0.331	0.2505	9.7281	0.7492	0.1203	9.6507	0.8395	1.2005	13.4644	0.8395	1.6081
2.6079	0.331	0.2442	12.3848	0.7504	0.2152	30.4446	0.8416	0.7625	31.153	0.8416	1.1052
2.6079	0.331	0.2259	16.2124	0.7657	0.2088	116.8217	0.8439	0.8389	115.7571	0.8439	0.9597
2.6827	0.3321	0.2658	18.9386	0.7689	0.1282	15.8576	0.8504	0.8704	42.4312	0.8504	1.3711
2.6827	0.3321	0.2568	21.633	0.7701	0.2123	124.5	0.852	0.9767	124.9989	0.852	1.118
2.6827	0.3321	0.2482	12.3848	0.771	0.2475	36.6318	0.8583	0.783	38.3098	0.8583	1.1187
2.6827	0.3321	0.2304	12.4577	0.7711	0.1388	136.0968	0.8614	0.9482	137.9041	0.8614	1.1148
2.6827	0.3321	0.2258	26.5093	0.774	0.2147	149.0369	0.8665	1.0597	152.9462	0.8665	1.1442
2.5312	0.3554	0.2481	20.9279	0.7748	0.1586	43.9829	0.8684	0.8093	44.621	0.8684	1.2218
2.4437	0.3571	0.2264	25.2852	0.7851	0.122	161.902	0.8723	1.1426	167.1864	0.8723	1.0715
2.4779	0.359	0.2253	24.1458	0.7859	0.1382	22.6043	0.8757	1.0102	23.945	0.8757	1.5116
2.7065	0.359	0.2672	12.3848	0.7884	0.2817	50.0796	0.8766	0.8694	52.3572	0.8766	1.2704
2.7065	0.359	0.2619	9.7281	0.7893	0.1443	178.6494	0.8771	1.2079	176.9152	0.8771	1.2171
2.7065	0.359	0.2284	23.1063	0.7923	0.1707	190.0264	0.8823	1.2204	193.5411	0.8823	1.3941
2.4762	0.3627	0.2313	16.2124	0.796	0.2586	57.9609	0.8852	0.8826	58.5044	0.8852	1.3385
2.5792	0.3638	0.2864	12.3848	0.8019	0.3155	205.4182	0.8854	1.2662	250.2741	0.8854	1.3541
2.5792	0.3638	0.2688	26.5093	0.8035	0.2579	215.9778	0.8891	1.2691	351.4012	0.8891	1.3718
2.5792	0.3638	0.2568	9.7281	0.8049	0.1561	15.8576	0.8893	1.1117	42.4312	0.8893	1.8125
2.6378	0.3658	0.2265	16.2124	0.8092	0.2845	65.4904	0.8932	1.0204	66.2984	0.8932	1.3799
2.4447	0.3664	0.2272	21.633	0.8118	0.282	30.4446	0.8941	1.0479	31.153	0.8941	1.5463
2.6821	0.3673	0.2875	27.0219	0.8121	0.1584	72.7745	0.8966	1.0149	71.9609	0.8966	0.9578
2.6821	0.3673	0.2627	18.9386	0.8167	0.1577	9.6507	0.8974	1.6379	13.4644	0.8974	2.4434
2.6821	0.3673	0.2511	9.7281	0.8182	0.1682	36.6318	0.9054	1.0759	38.3098	0.9054	1.575
2.532	0.3684	0.2205	12.3848	0.8184	0.3677	85.3097	0.9058	1.118	86.7116	0.9058	1.5101
2.6827	0.3695	0.2338	28.877	0.8185	0.1703	22.6043	0.9097	1.299	23.945	0.9097	2.0111
2.6079	0.3701	0.2409	16.2124	0.8193	0.3097	43.9829	0.9135	1.1195	44.621	0.9135	1.6677
3.4225	0.3751	0.2748	23.1063	0.8219	0.1892	99.5256	0.9152	1.2273	98.2151	0.9152	1.5683
3.4225	0.3751	0.2481	20.9279	0.8234	0.1975	50.0796	0.9187	1.228	52.3572	0.9187	1.7817
3.4225	0.3751	0.2387	12.4577	0.8239	0.1748	116.8217	0.9205	1.4326	115.7571	0.9205	1.6839
3.4225	0.3751	0.2384	27.599	0.8311	0.1852	30.4446	0.9231	1.3244	31.153	0.9231	1.9735
3.4225	0.3751	0.2185	34.4478	0.8348	0.1668	124.5	0.9257	1.5095	124.9989	0.9257	1.7518
2.9693	0.376	0.2811	16.2124	0.8371	0.3626	57.9609	0.9264	1.2719	58.5044	0.9264	1.8719
2.9693	0.376	0.258	21.633	0.8399	0.3536	9.6507	0.9295	2.0308	13.4644	0.9295	3.3263
2.9693	0.376	0.2368	9.7281	0.8402	0.1914	65.4904	0.9313	1.3535	66.2984	0.9313	1.8506
2.9693	0.376	0.2371	26.5093	0.8422	0.347	136.0968	0.9314	1.4623	137.9041	0.9314	1.8014
2.9693	0.376	0.2282	18.9386	0.8479	0.1858	15.8576	0.9317	1.5938	42.4312	0.9317	2.6458
3.8893	0.3827	0.3343	25.2852	0.8484	0.1599	36.6318	0.932	1.3684	38.3098	0.932	2.1108
3.6157	0.384	0.3405	21.633	0.8502	0.3891	149.0369	0.9339	1.6722	152.9462	0.9339	1.8801
3.4009	0.3845	0.3463	16.2124	0.8506	0.4153	72.7745	0.9346	1.3154	71.9609	0.9346	1.2752
2.7606	0.3863	0.2988	28.8327	0.8508	0.208	161.902	0.9374	1.7833	167.1864	0.9374	1.8731
2.7606	0.3863	0.2568	24.1458	0.8522	0.1793	43.9829	0.9377	1.406	44.621	0.9377	2.1883
3.3766	0.3892	0.3324	27.599	0.8573	0.1892	178.6494	0.9409	1.9356	176.9152	0.9409	2.0248
3.3452	0.3893	0.3042	9.7281	0.8579	0.2142	85.3097	0.9417	1.4785	86.7116	0.9417	2.0654
3.3452	0.3893	0.2983	12.4577	0.858	0.2097	50.0796	0.9428	1.51	52.3572	0.9428	2.207
2.901	0.3896	0.3179	20.9279	0.858	0.2188	190.0264	0.9435	1.857	193.5411	0.9435	2.1765
2.901	0.3896	0.2861	21.633	0.8592	0.4239	22.6043	0.9456	1.8238	23.945	0.9456	2.8064
2.8771	0.3911	0.2314	16.2124	0.8617	0.4703	205.4182	0.9463	1.7741	250.2741	0.9463	2.2194
2.8771	0.3911	0.2525	23.1063	0.8645	0.2262	99.5256	0.9471	1.55	98.2151	0.9471	2.1548
3.5819	0.3911	0.3267	34.9239	0.8665	0.168	215.9778	0.9472	1.9085	351.4012	0.9472	2.3622
3.4225	0.3913	0.2345	26.5093	0.8671	0.4491	57.9609	0.948	1.5654	58.5044	0.948	2.4263
3.2404	0.3918	0.2799	39.0543	0.869	0.1775	116.8217	0.9506	1.8531	115.7571	0.9506	2.3261
3.2404	0.3918	0.2645	12.4577	0.8717	0.2268	65.4904	0.9528	1.6967	66.2984	0.9528	2.4145
3.2404	0.3918	0.2531	9.7281	0.8722	0.2372	30.4446	0.9537	1.8427	31.153	0.9537	2.9728
3.2404	0.3918	0.2412	27.0219	0.8726	0.2047	15.8576	0.954	2.0542	42.4312	0.954	3.5231
3.2404	0.3918	0.236	21.633	0.8731	0.4972	72.7745	0.9546	1.6861	71.9609	0.9546	1.6121
2.9654	0.3928	0.294	28.8327	0.8738	0.2296	124.5	0.9547	1.921	124.9989	0.9547	2.4038
2.9654	0.3928	0.2855	16.2124	0.8743	0.5536	136.0968	0.9574	1.8846	137.9041	0.9574	2.4586
3.0139	0.3929	0.2802	26.5093	0.8759	0.4847	149.0369	0.9599	2.2508	152.9462	0.9599	2.6204
3.0139	0.3929	0.2628	28.877	0.8767	0.2183	36.6318	0.9604	1.9059	38.3098	0.9604	3.1309
3.0139	0.3929	0.2449	12.4577	0.8823	0.244	85.3097	0.9607	1.7528	86.7116	0.9607	2.6311
3.1887	0.393	0.3206	26.5093	0.8839	0.5285	9.6507	0.9619	2.9169	13.4644	0.9619	5.0283
3.1887	0.393	0.282	21.633	0.884	0.5705	161.902	0.9625	2.3819	167.1864	0.9625	2.6141
2.9693	0.3935	0.2438	25.2852	0.8856	0.1994	22.6043	0.9639	2.3397	23.945	0.9639	3.8433
3.1886	0.3954	0.3379	9.7281	0.8889	0.2722	43.9829	0.9643	2.0579	44.621	0.9643	3.1821
2.8089	0.3957	0.2915	34.4478	0.889	0.2246	178.6494	0.9646	2.4598	176.9152	0.9646	2.7213
2.8089	0.3957	0.2613	24.1458	0.8891	0.2204	99.5256	0.9647	1.9075	98.2151	0.9647	2.7227
2.8089	0.3957	0.2632	38.9931	0.8903	0.1887	190.0264	0.9664	2.3417	193.5411	0.9664	2.9228
3.2404	0.3973	0.2298	18.9386	0.8906	0.2421	116.8217	0.9665	2.3049	115.7571	0.9665	2.9524
2.8721	0.3996	0.2864	23.1063	0.8915	0.2624	205.4182	0.9681	2.1988	250.2741	0.9681	2.9852
2.8721	0.3996	0.2612	27.599	0.8919	0.2257	50.0796	0.9685	2.3235	52.3572	0.9685	3.3019
2.8721	0.3996	0.2654	21.633	0.8923	0.6408	215.9778	0.969	2.3898	351.4012	0.969	3.112
2.703	0.3998	0.2985	26.5093	0.8959	0.6204	124.5	0.9697	2.3437	124.9989	0.9697	3.0731
2.703	0.3998	0.2634	41.6557	0.8977	0.2405	30.4446	0.9702	2.4425	31.153	0.9702	3.8003
2.703	0.3998	0.2586	12.4577	0.9001	0.278	57.9609	0.9708	2.195	58.5044	0.9708	3.5132
2.9241	0.4036	0.2883	20.9279	0.9011	0.2771	136.0968	0.9714	2.3138	137.9041	0.9714	3.0955
2.9241	0.4036	0.271	49.2629	0.9022	0.2815	149.0369	0.9732	2.688	152.9462	0.9732	3.2977
2.9241	0.4036	0.2567	21.633	0.9029	0.7564	65.4904	0.9735	2.3982	66.2984	0.9735	3.4452
2.9977	0.4044	0.2974	26.5093	0.9051	0.716	36.6318	0.9744	2.5322	38.3098	0.9744	3.9966
2.9977	0.4044	0.2577	45.2008	0.9063	0.2744	161.902	0.9747	3.0723	167.1864	0.9747	3.2103
2.9977	0.4044	0.2563	27.0219	0.9067	0.2537	72.7745	0.9754	2.3369	71.9609	0.9754	2.2384
2.5312	0.4113	0.4725	28.8327	0.9084	0.2754	15.8576	0.976	3.0017	42.4312	0.976	5.0453
2.5312	0.4113	0.4623	25.2852	0.9101	0.2372	178.6494	0.9766	3.0015	176.9152	0.9766	3.4093
2.5312	0.4113	0.4371	28.877	0.9104	0.2668	9.6507	0.9774	3.9239	13.4644	0.9774	6.5039
2.4779	0.414	0.4685	46.739	0.9108	0.2358	43.9829	0.9774	2.5648	44.621	0.9774	4.0836
2.4779	0.414	0.4619	26.5093	0.9133	0.8184	190.0264	0.9777	2.814	193.5411	0.9777	3.6137
2.4779	0.414	0.4503	24.1458	0.9142	0.2607	85.3097	0.9786	2.492	86.7116	0.9786	3.9122
2.4437	0.4171	0.4684	12.4577	0.9149	0.3129	205.4182	0.9786	2.726	250.2741	0.9786	3.6619
2.4437	0.4171	0.4937	18.9386	0.9157	0.2973	50.0796	0.9798	2.8191	52.3572	0.9798	4.3254
2.4437	0.4171	0.4529	27.599	0.9161	0.2627	215.9778	0.9799	2.9969	351.4012	0.9799	3.8675
2.9092	0.4222	0.3115	34.9239	0.9165	0.2247	99.5256	0.9809	2.6649	98.2151	0.9809	3.9429
2.9092	0.4222	0.2817	39.0543	0.9169	0.2435	22.6043	0.9819	3.4684	23.945	0.9819	5.5714
3.1154	0.4234	0.3123	34.4478	0.9197	0.2826	57.9609	0.9819	2.8102	58.5044	0.9819	4.4411
3.1154	0.4234	0.275	26.5093	0.9222	0.9855	116.8217	0.9826	3.2497	115.7571	0.9826	4.3697
3.17	0.4257	0.3005	18.9386	0.9245	0.3235	65.4904	0.9837	3.0597	66.2984	0.9837	4.4763
3.17	0.4257	0.2792	12.4577	0.9258	0.3476	124.5	0.9841	3.3303	124.9989	0.9841	4.3287
3.0637	0.4295	0.3241	23.1063	0.9261	0.333	72.7745	0.9848	2.9446	71.9609	0.9848	2.9526
3.0637	0.4295	0.285	20.9279	0.9263	0.3337	136.0968	0.985	3.2173	137.9041	0.985	4.4652
3.3452	0.4305	0.5186	28.8327	0.9291	0.3197	30.4446	0.9852	3.5779	31.153	0.9852	5.6258
2.5792	0.4318	0.2447	52.2209	0.9292	0.2849	15.8576	0.9858	3.9381	42.4312	0.9858	6.918
2.901	0.432	0.5059	27.0219	0.9299	0.2998	149.0369	0.9865	3.8381	152.9462	0.9865	4.661
2.7065	0.4323	0.2289	18.9386	0.9322	0.3498	161.902	0.9869	4.4677	167.1864	0.9869	4.6584
3.3886	0.4326	0.3249	28.877	0.9325	0.3157	85.3097	0.9871	3.1169	86.7116	0.9871	4.8236
3.3886	0.4326	0.2994	58.3344	0.9332	0.3173	36.6318	0.9874	3.6527	38.3098	0.9874	5.8195
3.1883	0.4343	0.309	38.9931	0.9337	0.2475	178.6494	0.9876	4.3496	176.9152	0.9876	4.9835
3.1883	0.4343	0.2833	54.2064	0.9356	0.2637	99.5256	0.9885	3.3625	98.2151	0.9885	4.8587
3.1887	0.4352	0.5307	20.9279	0.9358	0.3607	190.0264	0.9886	3.8675	193.5411	0.9886	5.3036
2.7065	0.4367	0.4961	55.4476	0.9369	0.2657	43.9829	0.9893	3.8206	44.621	0.9893	6.3015
2.7065	0.4367	0.4753	25.2852	0.9382	0.3142	205.4182	0.9894	3.6102	250.2741	0.9894	5.3198
2.4762	0.4379	0.4538	12.4577	0.9382	0.3979	116.8217	0.9897	4.1437	115.7571	0.9897	5.5784
2.4762	0.4379	0.461	34.4478	0.9383	0.3398	22.6043	0.9898	4.4686	23.945	0.9898	7.5417
2.4762	0.4379	0.4509	41.6557	0.9397	0.3208	50.0796	0.99	4.0899	52.3572	0.99	6.1907
2.6821	0.438	0.2447	39.0543	0.9406	0.3081	215.9778	0.9903	3.9104	351.4012	0.9903	5.554
2.5792	0.4397	0.4812	49.2629	0.9417	0.3704	124.5	0.9904	4.2427	124.9989	0.9904	5.6901
2.5792	0.4397	0.4519	34.9239	0.9431	0.2747	9.6507	0.9906	5.9623	13.4644	0.9906	10.0804
3.1941	0.4408	0.311	20.9279	0.9435	0.3891	136.0968	0.9911	3.9868	137.9041	0.9911	5.7655
3.1941	0.4408	0.2789	55.8681	0.9435	0.2935	30.4446	0.9914	4.6728	31.153	0.9914	7.631
2.7606	0.4425	0.5139	24.1458	0.944	0.3405	57.9609	0.9918	4.1054	58.5044	0.9918	6.7114
3.4931	0.4429	0.3058	18.9386	0.9443	0.4029	65.4904	0.992	4.3747	66.2984	0.992	6.7723
3.4931	0.4429	0.2882	45.2008	0.9446	0.3678	149.0369	0.9921	4.8335	152.9462	0.9921	6.036
3.3264	0.4431	0.3097	27.599	0.9448	0.3323	161.902	0.9924	5.5845	167.1864	0.9924	5.9158
3.3264	0.4431	0.2751	62.6944	0.9449	0.3718	72.7745	0.9928	4.2972	71.9609	0.9928	4.3614
3.5159	0.4435	0.3286	23.1063	0.946	0.4022	36.6318	0.993	4.7155	38.3098	0.993	7.525
3.2654	0.4436	0.3395	76.9343	0.9472	0.3935	178.6494	0.993	5.3284	176.9152	0.993	6.2567
2.4447	0.4438	0.4913	46.739	0.948	0.3188	190.0264	0.9931	4.8575	193.5411	0.9931	6.6625
2.4447	0.4438	0.4697	59.8308	0.9523	0.3111	43.9829	0.9938	4.7541	44.621	0.9938	8.1623
2.4447	0.4438	0.4555	18.9386	0.953	0.455	85.3097	0.994	4.5559	86.7116	0.994	7.1272
2.6378	0.4459	0.4635	23.1063	0.9539	0.4375	205.4182	0.994	4.5588	250.2741	0.994	6.8469
2.6378	0.4459	0.4422	25.2852	0.9545	0.3899	15.8576	0.9941	5.7692	42.4312	0.9941	10.2442
2.6378	0.4459	0.4321	28.8327	0.9547	0.4058	215.9778	0.9943	4.7864	351.4012	0.9943	6.874
2.6821	0.4461	0.4668	20.9279	0.9548	0.4423	50.0796	0.9946	5.2797	52.3572	0.9946	8.0887
2.6821	0.4461	0.4688	27.0219	0.9555	0.3898	99.5256	0.9946	4.8757	98.2151	0.9946	7.39
3.3719	0.4482	0.2953	39.0543	0.9557	0.3739	116.8217	0.9953	5.9314	115.7571	0.9953	7.9856
3.3719	0.4482	0.2776	38.9931	0.9566	0.3106	57.9609	0.9954	5.326	58.5044	0.9954	8.4871
3.3719	0.4482	0.2556	28.877	0.9577	0.3968	9.6507	0.9955	8.1392	13.4644	0.9955	12.9847
2.532	0.4486	0.4585	18.9386	0.959	0.5078	65.4904	0.9955	5.5436	66.2984	0.9955	8.4767
2.532	0.4486	0.4492	34.9239	0.9592	0.3261	124.5	0.9957	6.0093	124.9989	0.9957	8.1918
2.532	0.4486	0.4456	23.1063	0.9597	0.4705	22.6043	0.9958	6.7883	23.945	0.9958	10.6352
3.7983	0.4496	0.3653	69.1158	0.9597	0.3265	72.7745	0.9958	5.4177	71.9609	0.9958	5.5896
2.8771	0.4498	0.5209	34.4478	0.9598	0.4514	136.0968	0.9962	5.7739	137.9041	0.9962	8.362
2.6079	0.4501	0.457	25.2852	0.9602	0.428	30.4446	0.9963	6.7995	31.153	0.9963	11.1971
2.6079	0.4501	0.4673	41.6557	0.9605	0.3998	149.0369	0.9965	6.9451	152.9462	0.9965	8.8569
2.6079	0.4501	0.4577	24.1458	0.9608	0.4183	161.902	0.9966	7.9947	167.1864	0.9966	8.6669
2.9654	0.4507	0.5038	27.599	0.9614	0.4007	85.3097	0.9967	5.7299	86.7116	0.9967	9.2832
2.6827	0.4512	0.4542	49.2629	0.9615	0.4569	99.5256	0.9969	6.0576	98.2151	0.9969	9.428
2.6827	0.4512	0.4642	52.2209	0.9617	0.3895	178.6494	0.9969	7.5762	176.9152	0.9969	9.4125
2.6827	0.4512	0.4484	58.3344	0.9623	0.4198	190.0264	0.9969	6.8508	193.5411	0.9969	9.5446
4.1563	0.4521	0.3637	20.9279	0.9636	0.4953	15.8576	0.997	7.6741	42.4312	0.997	13.3489
2.703	0.4527	0.2456	45.2008	0.9639	0.4586	36.6318	0.9972	6.7894	38.3098	0.9972	11.1899
3.3401	0.4534	0.3258	74.32	0.964	0.4204	116.8217	0.9973	7.5526	115.7571	0.9973	10.4202
3.3401	0.4534	0.2931	76.811	0.9644	0.4506	205.4182	0.9973	6.5331	250.2741	0.9973	9.6538
3.5081	0.454	0.3335	25.2852	0.9647	0.466	215.9778	0.9974	6.8761	351.4012	0.9974	10.0266
3.0139	0.4541	0.2501	54.2064	0.9659	0.3637	43.9829	0.9975	7.0187	44.621	0.9975	11.4422
3.8048	0.4547	0.3389	55.4476	0.9664	0.36	124.5	0.9975	7.7229	124.9989	0.9975	10.3943
3.5464	0.4558	0.2625	18.9386	0.9666	0.5851	50.0796	0.9978	7.7738	52.3572	0.9978	11.9683
3.5464	0.4558	0.2341	24.1458	0.9666	0.4575	136.0968	0.9978	7.2863	137.9041	0.9978	10.4174
2.8089	0.4562	0.2537	27.599	0.9667	0.4325	149.0369	0.9979	8.7391	152.9462	0.9979	11.3781
2.8721	0.4565	0.2512	46.739	0.9676	0.403	22.6043	0.998	8.5683	23.945	0.998	14.2062
3.75	0.457	0.3283	23.1063	0.9683	0.5359	161.902	0.998	10.5193	167.1864	0.998	11.3697
3.75	0.457	0.2985	28.8327	0.9683	0.4877	57.9609	0.9981	7.9654	58.5044	0.9981	12.1542
2.9977	0.4575	0.2461	27.0219	0.9697	0.4769	65.4904	0.9981	8.1221	66.2984	0.9981	12.7545
2.9241	0.4592	0.2549	20.9279	0.9698	0.5481	178.6494	0.9981	9.5606	176.9152	0.9981	11.6666
2.5792	0.4601	0.2437	38.9931	0.9698	0.3708	30.4446	0.9982	8.7535	31.153	0.9982	14.0599
2.7065	0.4635	0.245	55.8681	0.9699	0.4012	72.7745	0.9983	7.9559	71.9609	0.9983	8.3081
2.6821	0.4656	0.2501	24.1458	0.9707	0.4942	190.0264	0.9983	8.7782	193.5411	0.9983	12.1245
2.7606	0.4666	0.2499	27.599	0.9708	0.4662	36.6318	0.9984	8.7049	38.3098	0.9984	14.3964
2.8771	0.4721	0.2766	62.6944	0.9709	0.4864	85.3097	0.9985	8.4512	86.7116	0.9985	13.3786
4.1499	0.4728	0.35	34.4478	0.9711	0.5631	205.4182	0.9985	8.1256	250.2741	0.9985	12.4375
3.9873	0.4733	0.2972	25.2852	0.9713	0.5417	215.9778	0.9985	8.7082	351.4012	0.9985	12.3842
3.9873	0.4733	0.2653	28.877	0.9715	0.4834	43.9829	0.9986	9.0306	44.621	0.9986	15.1912
3.9873	0.4733	0.2595	39.0543	0.9717	0.5039	99.5256	0.9987	8.9457	98.2151	0.9987	14.0788
2.703	0.4738	0.2473	28.8327	0.9728	0.525	116.8217	0.9987	11.1412	115.7571	0.9987	15.0418
2.5792	0.4746	0.2314	76.9343	0.9729	0.5285	50.0796	0.9988	9.9255	52.3572	0.9988	15.4291
2.9654	0.4763	0.2903	41.6557	0.9731	0.4784	124.5	0.9988	11.1447	124.9989	0.9988	15.4611
3.658	0.4768	0.3438	49.2629	0.9733	0.5406	57.9609	0.9989	10.1069	58.5044	0.9989	15.697
3.0139	0.4773	0.2467	27.0219	0.9744	0.5202	136.0968	0.9989	10.9762	137.9041	0.9989	15.2025
2.8089	0.4778	0.2434	34.4478	0.9747	0.6174	149.0369	0.9989	12.6724	152.9462	0.9989	16.2272
3.9927	0.4779	0.3398	23.1063	0.9748	0.5993	65.4904	0.999	10.3538	66.2984	0.999	16.4487
2.6821	0.4793	0.2389	45.2008	0.975	0.5476	72.7745	0.999	10.3824	71.9609	0.999	10.4554
2.7065	0.4794	0.2424	28.877	0.976	0.5126	85.3097	0.999	10.7753	86.7116	0.999	17.247
2.7065	0.4795	0.9137	20.9279	0.9763	0.626	161.902	0.999	14.7853	167.1864	0.999	15.9997
2.8721	0.4796	0.2429	59.8308	0.9763	0.4289	178.6494	0.999	13.5575	176.9152	0.999	16.8807
2.9977	0.4797	0.2444	58.3344	0.9764	0.5189	190.0264	0.999	11.9154	193.5411	0.999	16.8275
2.9241	0.4799	0.2558	25.2852	0.9765	0.6167	99.5256	0.9991	11.5236	98.2151	0.9991	18.4246
2.5792	0.4825	0.8985	28.8327	0.9765	0.5641	116.8217	0.9991	14.2887	115.7571	0.9991	19.1775
3.3719	0.4828	0.2531	34.9239	0.9766	0.4334	205.4182	0.9991	11.5113	250.2741	0.9991	18.0758
3.0139	0.4839	0.4884	52.2209	0.9766	0.49	215.9778	0.9991	12.0822	351.4012	0.9991	17.4155
3.0139	0.4839	0.4795	27.599	0.9775	0.5303	124.5	0.9992	14.2841	124.9989	0.9992	19.6204
2.703	0.4843	0.2324	24.1458	0.9776	0.5698	190.0264	0.9992	15.0453	193.5411	0.9992	21.7082
2.5312	0.4863	0.4448	46.739	0.9779	0.4846	136.0968	0.9993	14.687	137.9041	0.9993	20.0262
2.8089	0.487	0.4808	34.4478	0.978	0.6696	149.0369	0.9993	16.1479	152.9462	0.9993	20.5467
2.8089	0.487	0.4669	27.0219	0.9783	0.5615	161.902	0.9993	18.7511	167.1864	0.9993	20.8826
3.0637	0.4873	0.5287	23.1063	0.9794	0.6604	178.6494	0.9993	17.1107	176.9152	0.9993	20.7114
2.8089	0.4886	0.2564	28.877	0.9795	0.523	205.4182	0.9993	14.6154	250.2741	0.9993	21.6779
3.0139	0.4887	0.2507	54.2064	0.9797	0.4627	215.9778	0.9993	15.6602	351.4012	0.9993	22.4046
4.4151	0.4888	0.3708	55.4476	0.98	0.4487						
2.4437	0.4891	0.4706	25.2852	0.9801	0.6926						
2.9977	0.4891	0.2554	39.0543	0.9802	0.6313						
2.9241	0.4893	0.2453	69.1158	0.9802	0.4527						
3.3886	0.4898	0.5306	55.8681	0.9816	0.5042						
2.8721	0.49	0.2484	74.32	0.982	0.5766						
2.6821	0.4903	0.91	28.8327	0.9822	0.6401						
2.9092	0.4907	0.284	27.599	0.9823	0.5915						
3.9854	0.4907	0.3651	24.1458	0.9824	0.6416						
4.6004	0.4908	0.3037	38.9931	0.9825	0.4923						
2.8721	0.4909	0.48	34.4478	0.9827	0.7765						
2.8721	0.4909	0.4831	76.811	0.9827	0.6107						
3.7529	0.4915	0.2999	62.6944	0.9828	0.6097						
3.7529	0.4915	0.2773	39.0543	0.9829	0.6948						
3.7529	0.4915	0.2614	27.0219	0.9833	0.6446						
2.703	0.4918	0.4809	23.1063	0.9838	0.7523						
2.703	0.4918	0.4688	76.9343	0.9841	0.6579						
2.4779	0.4919	0.4503	25.2852	0.9843	0.8062						
4.6997	0.4921	0.377	52.2209	0.9844	0.5887						
3.3719	0.4925	0.2532	58.3344	0.9844	0.614						
2.9092	0.4932	0.5208	28.877	0.9845	0.6009						
3.1883	0.4934	0.5559	34.9239	0.9848	0.5371						
2.5312	0.4937	0.8607	41.6557	0.985	0.6287						
2.5312	0.4937	0.8647	39.0543	0.9852	0.7582						
2.4779	0.4946	0.878	24.1458	0.9856	0.7105						
2.4779	0.4946	0.8681	34.4478	0.9859	0.8815						
3.9873	0.4953	0.2528	49.2629	0.9859	0.6994						
3.1154	0.4959	0.2682	27.599	0.9861	0.651						
2.4437	0.4966	0.8972	28.8327	0.9862	0.7143						
2.4437	0.4966	0.9074	59.8308	0.9864	0.5448						
3.17	0.4967	0.2754	54.2064	0.9867	0.5594						
3.3719	0.4972	0.2468	45.2008	0.9867	0.7186						
3.1154	0.4976	0.5076	55.4476	0.9868	0.5403						
2.9241	0.4981	0.4877	27.0219	0.9871	0.7266						
2.9241	0.4981	0.4702	34.9239	0.9874	0.5868						
3.17	0.4989	0.5111	28.877	0.9878	0.6767						
2.9977	0.5002	0.4872	46.739	0.988	0.6423						
2.9977	0.5002	0.4719	55.8681	0.9881	0.604						
2.4762	0.5004	0.4514	34.4478	0.9883	0.9887						
3.1886	0.501	0.3158	39.0543	0.9885	0.8889						
3.9873	0.502	0.2427	69.1158	0.9887	0.5732						
3.7529	0.5024	0.2539	62.6944	0.9888	0.7312						
2.7606	0.5027	0.2545	28.8327	0.9889	0.7891						
3.4931	0.5035	0.2797	24.1458	0.989	0.8163						
3.1941	0.5036	0.2674	38.9931	0.9891	0.6061						
3.5819	0.5044	0.3085	27.599	0.9893	0.7411						
2.6378	0.5044	0.4352	34.9239	0.9895	0.6364						
2.4447	0.5045	0.4614	27.0219	0.9897	0.8069						
3.6535	0.5046	0.3811	76.9343	0.9898	0.7833						
3.3264	0.5046	0.2741	74.32	0.99	0.7274						
3.7529	0.5046	0.2553	28.877	0.9901	0.7507						
3.9873	0.5046	0.2397	76.811	0.9904	0.7687						
3.7529	0.5052	0.2468	34.4478	0.9906	1.1511						
5.3081	0.5055	0.4151	41.6557	0.9907	0.7707						
4.7883	0.5056	0.3982	39.0543	0.9908	1.0207						
2.8771	0.5061	0.2804	38.9931	0.9912	0.6621						
2.532	0.5074	0.4598	59.8308	0.9912	0.6552						
2.6079	0.5079	0.4545	45.2008	0.9915	0.8798						
2.6827	0.5079	0.4384	49.2629	0.9916	0.8579						
3.6886	0.5085	0.3094	28.8327	0.9916	0.8949						
3.6886	0.5085	0.2779	52.2209	0.9918	0.7783						
3.3766	0.5087	0.3147	58.3344	0.9919	0.7982						
2.9654	0.5088	0.2772	39.0543	0.9923	1.1557						
3.9207	0.5096	0.3781	27.0219	0.9923	0.9225						
4.3063	0.5152	0.3818	34.9239	0.9924	0.735						
2.5312	0.5174	0.4399	41.6557	0.9925	0.843						
3.3401	0.5182	0.5255	28.877	0.9926	0.8644						
2.9092	0.519	0.2697	46.739	0.9927	0.7942						
3.4225	0.519	0.4792	54.2064	0.9928	0.7433						
3.4225	0.519	0.4596	38.9931	0.9928	0.7191						
3.4225	0.519	0.447	69.1158	0.9928	0.6899						
2.4437	0.5196	0.4807	45.2008	0.9931	0.9583						
2.7606	0.5207	0.2694	55.4476	0.9932	0.7127						
2.4779	0.521	0.4588	49.2629	0.9933	0.9316						
3.1941	0.521	0.4997	41.6557	0.9937	0.9216						
3.5464	0.5219	0.4178	74.32	0.9939	0.8769						
4.6727	0.5222	0.3168	76.811	0.9939	0.919						
4.6727	0.5222	0.2839	39.0543	0.994	1.3643						
3.75	0.5228	0.5339	55.8681	0.994	0.798						
3.1154	0.523	0.2631	46.739	0.9941	0.8761						
3.3264	0.5232	0.4974	34.9239	0.9942	0.8338						
3.4931	0.5234	0.5068	45.2008	0.9942	1.0354						
2.9693	0.5237	0.4826	49.2629	0.9944	1.01						
2.9693	0.5237	0.4807	62.6944	0.9945	0.9636						
2.9693	0.5237	0.4372	46.739	0.9949	0.9551						
3.17	0.5239	0.2604	38.9931	0.9949	0.8296						
2.8771	0.5242	0.2676	52.2209	0.9951	0.9603						
2.4762	0.5263	0.4438	76.9343	0.9951	1.029						
2.9654	0.5267	0.2695	58.3344	0.9953	0.9655						
3.4931	0.5269	0.2641	34.9239	0.9954	0.9363						
2.4447	0.5278	0.4499	41.6557	0.9956	1.0585						
2.6378	0.5278	0.4449	45.2008	0.9957	1.1864						
3.1941	0.5282	0.2615	54.2064	0.9958	0.924						
3.3264	0.5282	0.2675	59.8308	0.9958	0.8712						
2.6827	0.5286	0.4354	55.4476	0.9959	0.8799						
2.901	0.5287	0.2853	38.9931	0.9961	0.942						
2.532	0.5297	0.4571	52.2209	0.9961	1.0482						
3.1887	0.5299	0.2956	49.2629	0.9961	1.1504						
3.8436	0.5299	0.3194	69.1158	0.9962	0.9135						
3.8436	0.5299	0.2968	58.3344	0.9962	1.049						
2.6079	0.5317	0.4316	46.739	0.9964	1.0418						
2.5312	0.5326	0.4407	55.8681	0.9964	0.9858						
2.9092	0.5326	0.2727	34.9239	0.9966	1.0832						
3.3452	0.5329	0.2886	54.2064	0.9966	1.0137						
2.4762	0.5336	0.8665	41.6557	0.9966	1.1987						
2.4762	0.5336	0.8403	62.6944	0.9966	1.1744						
2.4437	0.5346	0.4636	55.4476	0.9967	0.9639						
2.4779	0.5346	0.4556	45.2008	0.9967	1.3403						
3.2654	0.5348	0.3176	52.2209	0.9968	1.1346						
2.5312	0.5361	1.6335	74.32	0.9968	1.159						
3.1154	0.5369	0.2636	58.3344	0.9968	1.1286						
3.17	0.5373	0.2608	38.9931	0.9969	1.0518						
2.4779	0.5374	1.6359	76.9343	0.9969	1.2513						
2.7606	0.538	0.2512	76.811	0.997	1.2149						
2.4762	0.539	0.447	49.2629	0.9971	1.2781						
3.4931	0.5392	0.2655	55.8681	0.9971	1.0744						
2.4447	0.5393	0.8765	54.2064	0.9972	1.1014						
2.4447	0.5393	0.8733	55.4476	0.9972	1.0449						
2.4447	0.5394	0.4407	62.6944	0.9972	1.2875						
4.2411	0.5394	0.4168	46.739	0.9973	1.1807						
3.3264	0.5394	0.2563	41.6557	0.9973	1.3437						
4.2933	0.5395	0.3203	76.9343	0.9974	1.35						
4.2933	0.5395	0.2887	59.8308	0.9975	1.0766						
2.6827	0.5397	0.43	55.8681	0.9975	1.1637						
3.1941	0.5397	0.26	52.2209	0.9976	1.3063						
2.6378	0.5398	0.4346	69.1158	0.9976	1.1312						
5.0354	0.5399	0.337	45.2008	0.9976	1.4842						
5.0354	0.5399	0.3059	62.6944	0.9976	1.3849						
2.4437	0.5401	1.7302	49.2629	0.9977	1.4089						
2.8771	0.5406	0.2656	58.3344	0.9977	1.2859						
2.6079	0.5415	0.4379	41.6557	0.9978	1.5248						
2.532	0.5423	0.4558	46.739	0.9979	1.3073						
3.6886	0.5426	0.275	38.9931	0.9979	1.2155						
2.6378	0.5428	0.8569	74.32	0.9979	1.4206						
2.6378	0.5428	0.8575	76.9343	0.9979	1.4429						
2.9654	0.5433	0.2591	54.2064	0.998	1.277						
3.4225	0.5443	0.4409	59.8308	0.998	1.1816						
6.0812	0.5444	0.4197	55.4476	0.998	1.2101						
2.8089	0.5448	0.8777	69.1158	0.9981	1.2398						
2.532	0.5449	0.876	58.3344	0.9981	1.4373						
2.532	0.5449	0.8733	76.811	0.9981	1.4912						
3.0139	0.545	0.8901	45.2008	0.9982	1.7061						
2.9092	0.5457	0.2559	55.8681	0.9982	1.3396						
3.2404	0.546	0.4674	52.2209	0.9983	1.4777						
3.2404	0.546	0.4562	69.1158	0.9983	1.3464						
3.2404	0.546	0.4349	62.6944	0.9983	1.5919						
2.6827	0.5468	0.8821	59.8308	0.9984	1.2771						
2.6827	0.5468	0.8548	55.4476	0.9984	1.3722						
3.0637	0.547	0.2908	49.2629	0.9984	1.6074						
3.5081	0.5474	0.3212	74.32	0.9984	1.5556						
4.6727	0.5476	0.2852	76.9343	0.9984	1.6553						
2.9693	0.5483	0.4383	46.739	0.9985	1.4862						
2.6079	0.5486	0.8461	54.2064	0.9985	1.4529						
2.6079	0.5486	0.8534	52.2209	0.9985	1.6389						
3.1154	0.5487	0.2594	58.3344	0.9985	1.5848						
3.17	0.5488	0.253	76.811	0.9985	1.626						
2.8721	0.5493	0.9272	55.8681	0.9986	1.5134						
3.3264	0.5495	0.2456	74.32	0.9986	1.6948						
3.1883	0.5497	0.2862	62.6944	0.9986	1.788						
3.1886	0.5501	0.5701	54.2064	0.9987	1.6283						
3.1941	0.5507	0.2518	55.4476	0.9987	1.5289						
2.703	0.5508	0.905	69.1158	0.9987	1.5534						
3.4225	0.5509	0.4325	76.811	0.9987	1.761						
3.4931	0.5509	0.2461	59.8308	0.9988	1.4763						
2.901	0.5512	0.2754	55.8681	0.9988	1.6844						
3.1887	0.5512	0.2848	58.3344	0.9988	1.8012						
3.8048	0.5515	0.3071	76.9343	0.9988	1.8292						
3.6886	0.5523	0.2683	62.6944	0.9988	1.993						
4.2212	0.5525	0.3439	52.2209	0.9989	1.882						
3.3452	0.5531	0.287	69.1158	0.9989	1.7576						
3.4225	0.5532	0.4304	74.32	0.9989	1.9431						
3.7467	0.5533	0.3954	54.2064	0.999	1.8973						
3.5819	0.5534	0.5645	59.8308	0.999	1.6715						
2.9693	0.5535	0.4417	55.4476	0.999	1.7704						
3.2404	0.5535	0.4285	69.1158	0.999	1.9732						
4.6727	0.5536	0.2673	55.8681	0.999	1.9575						
2.7606	0.5538	0.5172	74.32	0.999	2.1889						
3.3401	0.5538	0.2909	76.9343	0.999	1.9947						
3.3886	0.5543	0.2917	62.6944	0.999	2.2829						
4.2933	0.5544	0.2739	76.811	0.999	2.0149						
3.6886	0.5549	0.2619	59.8308	0.9991	1.8651						
3.2404	0.5549	0.4283	76.811	0.9991	2.2719						
2.9693	0.5551	0.4298	59.8308	0.9992	2.1582						
3.2404	0.5552	0.4362	69.1158	0.9992	2.3012						
3.75	0.5559	0.2878	74.32	0.9992	2.4245						
4.6727	0.556	0.2649	76.9343	0.9992	2.2726						
4.1499	0.5561	0.3264	76.811	0.9992	2.5236						
4.2933	0.557	0.2573	74.32	0.9993	2.7746						
3.4009	0.5576	0.3272	76.811	0.9993	2.8873						
3.6886	0.5577	0.2549									
4.6727	0.5577	0.2608									
4.2933	0.5579	0.2615									
3.3766	0.5587	0.5575									
4.2933	0.5588	0.2574									
3.5464	0.5589	0.2397									
3.658	0.5592	0.3091									
3.9927	0.5598	0.3347									
2.8771	0.5618	0.5136									
2.9241	0.5621	0.9323									
2.9977	0.5626	0.8839									
4.656	0.5631	0.4088									
3.6157	0.5635	0.3364									
4.04	0.5639	0.3866									
3.0637	0.5641	0.2964									
6.6163	0.5643	0.4204									
4.5168	0.5646	0.3884									
4.4557	0.5649	0.3705									
2.9654	0.5653	0.4979									
6.0123	0.5655	0.4098									
4.7375	0.5662	0.2834									
4.7375	0.5662	0.2505									
3.8893	0.567	0.3386									
3.1883	0.567	0.2749									
5.3885	0.5678	0.399									
3.3401	0.5681	0.2807									
5.6675	0.5685	0.3461									
3.3719	0.5686	0.489									
3.3719	0.5686	0.4895									
3.3886	0.5703	0.2813									
3.75	0.5713	0.2833									
3.1887	0.5718	0.2834									
2.901	0.572	0.2657									
3.5464	0.5722	0.2228									
3.3452	0.5731	0.2722									
3.1886	0.5788	0.3072									
2.5792	0.5808	0.4719									
3.0637	0.5811	0.2891									
3.5819	0.5817	0.3008									
3.1887	0.5818	0.2636									
3.1883	0.582	0.2797									
2.901	0.5823	0.2623									
4.2522	0.5826	0.397									
3.3401	0.5832	0.2705									
3.3452	0.5836	0.2759									
3.5464	0.5837	0.2201									
2.7065	0.5845	0.4958									
3.75	0.5849	0.2692									
3.8436	0.5852	0.2919									
3.3886	0.5861	0.2838									
5.0354	0.5865	0.2891									
3.3766	0.5871	0.311									
6.5895	0.5871	0.3771									
4.8184	0.5872	0.3916									
3.0637	0.5876	0.2734									
2.6821	0.5881	0.4849									
3.1883	0.5887	0.2831									
3.3401	0.589	0.2631									
8.0032	0.5894	0.4309									
3.8436	0.5894	0.2818									
3.5464	0.5894	0.2173									
4.9008	0.5895	0.399									
3.75	0.5898	0.2731									
2.9092	0.5899	0.5051									
5.0354	0.5907	0.2873									
4.7375	0.5915	0.247									
2.4762	0.5916	1.6606									
3.3886	0.5918	0.2798									
4.7375	0.5927	0.233									
3.8436	0.5931	0.2841									
5.0354	0.5937	0.2781									
4.7375	0.594	0.2327									
3.8436	0.5941	0.2806									
4.7375	0.5942	0.2375									
5.0354	0.5947	0.2686									
3.5159	0.5948	0.3209									
4.9209	0.5949	0.42									
2.4447	0.5965	1.6443									
3.2654	0.5965	0.3047									
3.17	0.5972	0.5095									
3.1154	0.5986	0.5432									
3.2654	0.5988	0.5677									
5.6919	0.5999	0.4257									
5.5905	0.6004	0.4136									
3.7983	0.6012	0.3461									
3.6535	0.6014	0.3387									
2.6378	0.6018	1.6843									
3.9873	0.602	0.4784									
3.9873	0.602	0.4736									
2.5792	0.6033	0.4729									
2.703	0.6033	0.4701									
4.9178	0.6035	0.4296									
2.7606	0.6036	0.9982									
2.532	0.6043	1.7685									
3.1886	0.6047	0.2987									
4.1563	0.6051	0.3412									
3.0139	0.6052	0.4931									
7.7279	0.6053	0.4201									
5.0955	0.6054	0.374									
3.9207	0.6064	0.3352									
3.5081	0.6065	0.3025									
2.8089	0.6066	0.4572									
2.8721	0.6079	0.4721									
8.2505	0.608	0.4557									
3.8048	0.608	0.3109									
4.3063	0.6082	0.3288									
3.4931	0.6082	0.5032									
2.7065	0.6083	0.482									
3.1941	0.6089	0.5016									
3.5819	0.6094	0.3025									
3.3264	0.6094	0.5046									
2.6079	0.6095	1.6241									
2.6827	0.6099	1.6572									
3.4009	0.6103	0.5659									
2.9977	0.6103	0.4885									
4.2212	0.6103	0.3191									
2.6821	0.6106	0.4664									
5.5178	0.6106	0.3807									
2.9241	0.611	0.4831									
3.658	0.6122	0.2996									
3.9927	0.6126	0.312									
3.3766	0.6128	0.2877									
2.8771	0.6129	0.9216									
3.5081	0.613	0.5722									
4.1499	0.6135	0.3106									
3.6157	0.6155	0.5784									
2.9654	0.6156	0.9354									
3.9854	0.6156	0.3534									
4.4151	0.6157	0.3391									
5.6675	0.6163	0.3209									
3.8048	0.6165	0.5953									
10.4397	0.6169	0.4481									
3.2654	0.6179	0.2928									
2.901	0.6181	0.512									
3.6886	0.6184	0.4926									
3.1887	0.6191	0.5422									
3.8893	0.6198	0.6182									
4.6004	0.62	0.2862									
2.703	0.6217	0.4545									
3.3452	0.6221	0.548									
5.1721	0.6224	0.4289									
3.0139	0.6232	0.4795									
3.1886	0.6233	0.2843									
2.8089	0.6239	0.4642									
3.5081	0.6243	0.2951									
2.8721	0.6247	0.4713									
3.4009	0.625	0.3077									
3.5819	0.6254	0.2856									
2.9241	0.6254	0.4929									
2.9977	0.6254	0.47									
2.5792	0.6261	0.4865									
4.1499	0.6268	0.5782									
4.6997	0.6271	0.3424									
3.8048	0.6272	0.313									
3.8436	0.6273	0.5569									
3.658	0.6291	0.2958									
3.6157	0.6293	0.3264									
3.3766	0.6299	0.2889									
3.9927	0.6303	0.3016									
6.0275	0.6305	0.4385									
3.7529	0.6305	0.4833									
3.7529	0.6305	0.4945									
3.1886	0.6307	0.2826									
3.658	0.6308	0.5724									
5.0955	0.6308	0.3231									
3.2654	0.6309	0.2941									
2.7065	0.6312	0.4728									
9.683	0.6314	0.4523									
4.1499	0.6315	0.3167									
3.7467	0.6318	0.349									
13.3106	0.6324	0.4717									
3.5819	0.6329	0.2895									
3.9927	0.6329	0.5745									
3.8893	0.6332	0.3194									
2.6821	0.6334	0.4612									
3.3719	0.6337	0.4831									
2.7606	0.6344	0.5135									
4.2212	0.6352	0.2984									
3.5081	0.6354	0.2947									
2.5792	0.6359	0.4755									
3.2654	0.6359	0.2965									
10.2182	0.6361	0.4704									
3.3766	0.6365	0.2888									
5.6675	0.6368	0.3229									
2.703	0.637	0.4599									
4.04	0.637	0.356									
3.8048	0.6372	0.3096									
4.8528	0.6372	0.3828									
3.9927	0.6377	0.302									
5.8733	0.6392	0.4611									
2.8089	0.6395	0.482									
3.658	0.6396	0.3003									
3.0139	0.6397	0.4844									
2.7065	0.6404	0.4804									
2.8771	0.6404	0.4902									
3.5081	0.6404	0.2975									
3.3719	0.6404	0.4707									
2.9977	0.6404	0.4708									
4.6727	0.6404	0.5188									
4.5168	0.6405	0.3467									
2.9241	0.6405	0.4883									
5.0955	0.6406	0.2998									
4.7883	0.6407	0.38									
3.8048	0.6411	0.2958									
4.1499	0.6411	0.2983									
3.4009	0.6412	0.3078									
4.2212	0.6412	0.305									
3.9927	0.6418	0.2901									
5.6675	0.6421	0.3028									
2.8721	0.6424	0.4764									
2.9654	0.6427	0.5075									
5.3081	0.6427	0.3772									
3.658	0.6428	0.3014									
5.0955	0.6428	0.3026									
2.6821	0.6429	0.451									
5.0354	0.6434	0.5142									
5.0955	0.6435	0.2997									
5.6675	0.6437	0.3102									
2.703	0.6439	0.4645									
5.0955	0.644	0.3034									
4.2212	0.6444	0.2918									
5.6675	0.6445	0.3063									
4.2212	0.6449	0.2941									
2.8089	0.6453	0.4673									
3.5159	0.6453	0.3225									
3.0139	0.6453	0.4892									
3.0637	0.6454	0.5138									
4.1499	0.6455	0.2921									
3.6157	0.6458	0.319									
5.4462	0.6463	0.4499									
2.4437	0.6468	0.9144									
2.9977	0.6469	0.4576									
2.5312	0.647	0.8669									
3.3719	0.647	0.4658									
2.9241	0.6473	0.4885									
4.2522	0.6479	0.3563									
2.8721	0.648	0.4755									
3.9873	0.6482	0.4587									
3.8893	0.6483	0.314									
3.3719	0.6496	0.4766									
4.8184	0.6496	0.36									
2.4779	0.65	0.8645									
4.4557	0.6501	0.3401									
3.7983	0.6514	0.3219									
5.4024	0.6515	0.4098									
3.7529	0.6516	0.4604									
12.0604	0.6519	0.4785									
3.9873	0.652	0.4661									
6.4593	0.6521	0.4529									
3.4225	0.6521	0.875									
3.4225	0.6521	0.8678									
2.9092	0.6524	0.9562									
3.1883	0.6524	0.5594									
3.6535	0.6525	0.6185									
3.7529	0.6526	0.4784									
3.3886	0.6531	0.5402									
4.1563	0.6531	0.3276									
4.9008	0.6533	0.3398									
3.7529	0.6534	0.4613									
6.5895	0.6536	0.3448									
3.7529	0.6537	0.4539									
3.9873	0.6541	0.458									
3.9873	0.6545	0.4764									
2.9092	0.6546	0.5045									
4.2411	0.6551	0.3828									
6.6498	0.6553	0.4603									
6.6079	0.6561	0.4067									
3.4009	0.6562	0.2977									
3.6535	0.6564	0.3239									
3.9854	0.6564	0.3356									
3.5159	0.657	0.3147									
4.4151	0.657	0.3308									
12.4561	0.6572	0.3944									
3.3401	0.6582	0.5276									
3.9207	0.6585	0.6103									
4.6004	0.6589	0.2835									
3.5159	0.6592	0.6142									
3.1886	0.6595	0.5618									
6.0812	0.6596	0.3857									
3.17	0.6596	0.4994									
3.5819	0.6602	0.5583									
2.9693	0.6603	0.8813									
2.9693	0.6603	0.8523									
3.17	0.6606	0.9807									
2.4447	0.6609	0.8602									
3.6157	0.661	0.3238									
3.75	0.661	0.5606									
4.3063	0.6612	0.6113									
3.8893	0.6613	0.3108									
2.4762	0.6614	0.8696									
5.5178	0.6614	0.3399									
3.4009	0.6616	0.3017									
3.7983	0.6617	0.2915									
3.9207	0.6618	0.3275									
3.1154	0.6619	0.9941									
2.7606	0.662	0.4969									
3.1154	0.6621	0.5484									
6.0771	0.6623	0.4769									
3.3719	0.6623	0.9121									
4.1563	0.6634	0.3342									
2.6827	0.6635	0.869									
2.6378	0.6635	0.8853									
3.5464	0.6638	0.4267									
2.532	0.6641	0.8902									
4.3063	0.6642	0.3165									
3.4931	0.6649	0.4899									
4.2933	0.6653	0.5132									
4.4151	0.6654	0.321									
3.1941	0.6655	0.5206									
3.3264	0.6659	0.5021									
3.9854	0.6659	0.3254									
3.6535	0.6663	0.3238									
3.8893	0.6666	0.3079									
2.8771	0.6667	0.4873									
3.6157	0.667	0.33									
4.4557	0.667	0.3208									
3.5159	0.6672	0.3045									
2.6079	0.6672	0.8378									
4.6004	0.6675	0.2721									
3.7983	0.6676	0.6453									
6.8106	0.6676	0.4816									
3.3766	0.6677	0.564									
6.5895	0.6683	0.3305									
2.901	0.6685	0.9593									
6.6977	0.6689	0.5042									
3.1887	0.6695	1.0551									
2.9654	0.6698	0.4897									
4.4557	0.67	0.3248									
5.5178	0.6702	0.3249									
3.7983	0.6703	0.3189									
3.6886	0.6703	0.4964									
3.7467	0.6705	0.3448									
2.5312	0.6706	0.8692									
2.4437	0.6706	0.9143									
3.5159	0.6709	0.2965									
2.5792	0.6713	0.8965									
6.5895	0.6713	0.3145									
4.6997	0.6714	0.658									
4.1563	0.6714	0.3174									
2.4779	0.672	0.8498									
4.4151	0.672	0.3111									
5.5178	0.6721	0.325									
5.8714	0.6726	0.3952									
6.0123	0.6727	0.3715									
4.1563	0.6727	0.6191									
4.4557	0.6728	0.3156									
3.9854	0.673	0.3171									
5.5178	0.6732	0.3252									
3.9207	0.6733	0.3204									
4.4557	0.6733	0.3132									
6.5895	0.6733	0.3265									
5.5178	0.6734	0.3278									
4.3063	0.6735	0.3256									
3.7983	0.6736	0.3097									
4.656	0.6736	0.3811									
4.8528	0.6736	0.3421									
6.5895	0.6737	0.3369									
4.1563	0.674	0.3202									
3.3452	0.6741	1.0427									
4.4151	0.6741	0.3054									
4.6004	0.6742	0.2661									
5.3885	0.6746	0.3904									
6.6163	0.6747	0.4008									
3.9854	0.675	0.3142									
8.0032	0.6751	0.3843									
3.1941	0.6754	0.9824									
2.7065	0.6757	0.9247									
2.9092	0.6758	0.4935									
3.4931	0.676	0.9459									
7.7585	0.6763	0.4209									
4.04	0.6765	0.3275									
4.6004	0.6765	0.2658									
3.7467	0.6777	0.3441									
3.3264	0.678	0.9615									
4.6727	0.6783	0.5116									
3.6535	0.6788	0.3175									
2.7606	0.6793	0.5026									
2.4447	0.6793	0.8555									
4.5168	0.6798	0.3395									
2.6821	0.6799	0.9467									
2.4762	0.6805	0.8452									
3.17	0.6807	0.4962									
2.6827	0.6814	0.8552									
4.7375	0.6816	0.4455									
3.1154	0.6819	0.5121									
5.9914	0.6823	0.4554									
2.6378	0.6826	0.8345									
6.6079	0.6827	0.3519									
3.1941	0.6829	0.5063									
4.2522	0.683	0.3511									
4.04	0.6833	0.3253									
3.3264	0.6834	0.4835									
2.6079	0.6835	0.8791									
2.532	0.6838	0.8793									
4.8184	0.6838	0.3455									
3.4931	0.6839	0.494									
3.6535	0.6842	0.3036									
2.9654	0.6843	0.4808									
2.8771	0.6847	0.4822									
3.3452	0.6848	0.5411									
4.9008	0.6852	0.3466									
3.2654	0.6853	0.5528									
2.901	0.6855	0.5047									
3.1887	0.6857	0.5509									
4.3063	0.6857	0.3435									
3.7467	0.6857	0.3243									
4.9209	0.6857	0.3962									
4.5168	0.6859	0.3229									
3.9207	0.6862	0.319									
4.7883	0.6866	0.6674									
5.3081	0.6866	0.6882									
2.7606	0.6867	0.5097									
4.6997	0.6871	0.3343									
7.8284	0.6879	0.5068									
3.9854	0.688	0.6314									
2.9092	0.6883	0.4982									
5.6919	0.6885	0.3787									
7.2917	0.6886	0.4656									
4.2522	0.6887	0.342									
7.7279	0.6889	0.3998									
6.7327	0.689	0.5006									
4.8528	0.6892	0.3415									
3.7467	0.6893	0.3199									
4.2933	0.6895	0.4951									
5.8714	0.6897	0.3558									
4.8184	0.69	0.3352									
4.3063	0.6901	0.3173									
4.04	0.6903	0.3114									
3.9207	0.6905	0.3164									
2.8771	0.6906	0.4826									
2.9654	0.6907	0.4864									
4.4151	0.6907	0.5933									
4.9008	0.6909	0.3405									
5.5905	0.6911	0.3954									
3.6886	0.6914	0.4996									
4.8528	0.6915	0.3334									
6.5704	0.6915	0.4269									
3.17	0.6917	0.4861									
2.4437	0.6918	0.9296									
2.5312	0.6919	0.8549									
8.2505	0.6925	0.4086									
3.3264	0.6925	0.4845									
2.9092	0.6926	0.4952									
3.1154	0.6926	0.4923									
6.0556	0.6926	0.451									
4.6727	0.693	0.5025									
4.04	0.6931	0.3178									
3.1941	0.6931	0.5122									
4.8528	0.6931	0.3276									
6.6079	0.6932	0.3495									
4.5168	0.6933	0.3278									
4.8528	0.6934	0.3287									
2.4779	0.6935	0.878									
7.4126	0.6937	0.4809									
4.9178	0.6938	0.4027									
4.6004	0.6938	0.4938									
3.4931	0.6942	0.4945									
4.5168	0.6948	0.3301									
3.2404	0.6948	0.8639									
3.2404	0.6948	0.8436									
6.6079	0.6948	0.3409									
7.9157	0.6949	0.5031									
3.17	0.6951	0.5071									
5.8714	0.6951	0.3428									
4.2522	0.6953	0.3243									
3.6886	0.6954	0.482									
4.8184	0.6956	0.3368									
2.4447	0.6958	0.8933									
3.7467	0.696	0.6438									
5.8714	0.696	0.3495									
6.6079	0.6961	0.3374									
4.2933	0.6963	0.4992									
3.1154	0.6964	0.4912									
3.3264	0.6964	0.4831									
4.9008	0.6964	0.3351									
6.6079	0.6965	0.3479									
4.6727	0.6968	0.4819									
2.4762	0.6969	0.8833									
3.5081	0.6969	0.5543									
3.1941	0.6969	0.4946									
5.8714	0.6969	0.3409									
5.8714	0.697	0.336									
4.6997	0.6973	0.3196									
3.6886	0.6973	0.4809									
2.6827	0.6974	0.8463									
4.8184	0.6974	0.3353									
4.2522	0.6975	0.3311									
3.4931	0.6975	0.4765									
3.6886	0.6977	0.4659									
4.2933	0.6978	0.4883									
3.0637	0.6981	0.5175									
2.6079	0.6981	0.8651									
4.2933	0.6981	0.4772									
4.2933	0.6981	0.4901									
2.532	0.6983	0.8587									
2.6378	0.6983	0.8476									
4.6727	0.6983	0.484									
4.9008	0.6984	0.3485									
4.6727	0.6986	0.4946									
4.7883	0.6989	0.3637									
10.4397	0.6989	0.4221									
3.1886	0.6998	1.0528									
5.3081	0.7	0.3497									
3.5819	0.7002	1.0675									
2.4437	0.7004	0.9123									
2.5312	0.7008	0.8286									
3.8048	0.7008	0.5807									
3.4225	0.7013	0.8575									
3.3452	0.7016	0.5334									
2.901	0.7018	0.505									
3.1887	0.7021	0.5353									
2.4779	0.7025	0.8373									
3.1883	0.7025	0.5531									
2.703	0.7028	0.922									
4.04	0.7035	0.6276									
2.4447	0.7037	0.8582									
6.0812	0.7041	0.673									
2.4762	0.7041	0.863									
3.3886	0.7041	0.5134									
2.6079	0.7041	0.8725									
2.532	0.7045	0.8499									
2.6827	0.7045	0.8619									
3.3401	0.7047	0.503									
5.1721	0.7048	0.4141									
2.6378	0.7051	0.8448									
4.2411	0.7053	0.3676									
3.4225	0.7056	0.8489									
2.9693	0.7057	0.8642									
3.9873	0.7058	0.9317									
3.4009	0.7063	0.5614									
3.5464	0.7063	0.4204									
4.1499	0.7065	0.5598									
3.658	0.7066	0.5662									
8.4841	0.7066	0.4243									
5.4024	0.7072	0.3742									
3.75	0.7072	0.5403									
3.0139	0.7073	0.9338									
4.2212	0.7074	0.5713									
3.3766	0.7078	1.0615									
4.7883	0.7079	0.3663									
2.8089	0.7082	0.9143									
7.5329	0.7083	0.4982									
2.9693	0.7083	0.838									
4.5168	0.7085	0.6429									
3.8436	0.7086	0.5636									
4.6997	0.7087	0.3393									
3.4225	0.7087	0.8376									
6.0812	0.7088	0.3711									
3.2404	0.7088	0.8565									
5.3081	0.7089	0.3585									
3.9927	0.7091	0.5713									
3.2404	0.7093	0.8666									
3.0637	0.7094	1.0359									
6.0275	0.7096	0.4027									
3.2404	0.7097	0.8441									
3.2404	0.7098	0.8543									
3.4225	0.7098	0.8421									
3.0637	0.7099	0.5316									
2.9693	0.7101	0.8718									
5.8733	0.7103	0.4431									
3.6157	0.7104	0.5931									
2.9693	0.7105	0.8438									
9.683	0.7106	0.4211									
2.8721	0.7107	0.9445									
4.2411	0.7108	0.6783									
5.0354	0.7114	0.5276									
6.5739	0.7117	0.497									
13.3106	0.7119	0.4357									
4.2411	0.7127	0.3584									
8.8177	0.7129	0.5037									
2.9241	0.7135	0.9611									
4.6997	0.7136	0.3406									
2.9977	0.7136	0.8856									
10.2182	0.7141	0.4338									
3.1883	0.7141	0.5122									
8.0032	0.7142	0.71									
3.3886	0.7145	0.5101									
2.7606	0.7146	0.9798									
3.8893	0.7146	0.5983									
4.656	0.7149	0.3645									
3.3401	0.7151	0.5154									
3.1883	0.7157	1.0041									
3.5464	0.7161	0.4171									
5.4462	0.7161	0.4123									
2.901	0.7162	0.4996									
3.1887	0.7164	0.5303									
3.3886	0.7166	1.0087									
4.7883	0.7167	0.3534									
3.75	0.7169	0.5205									
7.7585	0.7172	0.3874									
3.3452	0.7173	0.5322									
5.3885	0.7174	0.378									
6.0812	0.7181	0.3663									
6.0123	0.7181	0.3704									
2.5792	0.7185	1.7384									
6.0123	0.7194	0.6688									
4.2522	0.7194	0.625									
8.1479	0.7194	0.4939									
3.0637	0.7195	0.5184									
5.3081	0.7198	0.3491									
6.5704	0.7199	0.3853									
4.7883	0.72	0.3478									
5.6675	0.7201	0.5841									
6.4593	0.7203	0.4104									
4.9209	0.7205	0.3758									
6.6163	0.7206	0.6819									
4.2411	0.7206	0.3561									
8.3269	0.7206	0.4929									
4.656	0.7208	0.3546									
2.8771	0.7209	0.9375									
7.2348	0.7209	0.4616									
3.1887	0.7211	0.52									
6.837	0.7211	0.4611									
6.6498	0.7214	0.4095									
2.901	0.7215	0.5079									
6.6163	0.7217	0.3774									
4.7375	0.7218	0.4124									
2.7065	0.7222	1.7158									
2.9654	0.7222	0.9508									
3.1883	0.7224	0.5067									
4.2411	0.7224	0.355									
5.6919	0.7224	0.3851									
3.3452	0.7226	0.5339									
3.3401	0.7229	0.5012									
5.5905	0.7229	0.3776									
3.8436	0.723	0.5432									
3.0637	0.7231	0.513									
5.3885	0.7235	0.3545									
4.8184	0.7235	0.6422									
3.3886	0.7236	0.504									
5.3081	0.7238	0.3541									
5.4024	0.724	0.3626									
3.5464	0.7243	0.4224									
4.9209	0.7248	0.3743									
5.0354	0.7248	0.5326									
12.0604	0.7249	0.4443									
3.1883	0.7255	0.5066									
3.8436	0.7255	0.527									
5.4024	0.7255	0.3504									
3.3401	0.7256	0.5069									
4.656	0.7258	0.3522									
3.75	0.7258	0.5365									
6.0771	0.7259	0.4525									
3.3401	0.726	0.9993									
5.6919	0.7265	0.3595									
3.5464	0.7267	0.4215									
5.5905	0.727	0.375									
3.8436	0.7271	0.5186									
5.0354	0.7271	0.537									
3.3886	0.7272	0.5021									
4.7375	0.7272	0.4273									
6.0123	0.7273	0.3535									
4.656	0.7273	0.3625									
5.4024	0.7275	0.3622									
3.8436	0.7276	0.5196									
3.75	0.7276	0.5283									
4.7375	0.7277	0.4156									
4.9008	0.7277	0.6429									
2.6821	0.7278	1.8168									
5.4024	0.7278	0.3629									
4.7375	0.7279	0.416									
6.8106	0.728	0.4348									
4.7375	0.728	0.4335									
6.0812	0.7282	0.3585									
4.9209	0.7284	0.3672									
5.0354	0.7284	0.5302									
5.0354	0.7287	0.537									
7.7585	0.7287	0.3815									
7.1533	0.7289	0.4955									
6.5704	0.7289	0.3769									
8.0032	0.7294	0.3728									
7.7585	0.7294	0.3893									
5.3885	0.7295	0.3694									
4.9209	0.7296	0.3583									
12.4561	0.7297	0.3796									
6.5704	0.7298	0.3776									
5.6919	0.7301	0.3586									
7.7279	0.7302	0.6894									
7.7585	0.7302	0.3762									
7.7585	0.7304	0.3909									
4.9178	0.7305	0.3884									
6.5704	0.7307	0.3825									
3.75	0.7308	1.0064									
5.6919	0.7309	0.3684									
6.6163	0.731	0.3664									
6.5704	0.731	0.3905									
3.1886	0.7311	0.5691									
5.5905	0.7312	0.3588									
5.3885	0.7314	0.3566									
4.656	0.732	0.679									
6.6977	0.7321	0.448									
5.5905	0.7323	0.3579									
6.0556	0.7325	0.3942									
6.0812	0.7326	0.3532									
5.3885	0.7327	0.692									
3.5819	0.7328	0.5558									
3.5464	0.7328	0.7903									
8.2505	0.7339	0.7315									
3.5159	0.7348	0.6188									
8.9003	0.7353	0.521									
2.5312	0.7356	1.7174									
6.0123	0.7359	0.3495									
2.4437	0.7365	1.7263									
3.6535	0.7365	0.6096									
4.9178	0.7369	0.3759									
7.7279	0.7378	0.3779									
10.4397	0.7378	0.7469									
8.0032	0.7379	0.3671									
3.3766	0.738	0.5572									
5.1721	0.7382	0.4035									
5.9914	0.7383	0.4351									
6.0123	0.7386	0.3607									
3.2654	0.7386	1.0823									
2.4779	0.7393	1.6799									
9.3431	0.7396	0.4669									
8.4841	0.7397	0.4161									
6.6163	0.7399	0.3584									
9.2102	0.7403	0.5176									
6.0275	0.7404	0.3889									
7.2917	0.7408	0.4421									
8.2505	0.7413	0.3967									
2.5792	0.7418	0.8911									
3.2654	0.7418	0.5496									
5.4462	0.7418	0.4									
3.9207	0.7421	0.6228									
3.7983	0.7421	0.6229									
10.4397	0.7423	0.4177									
6.6163	0.7424	0.3629									
2.9092	0.7426	0.9656									
7.2348	0.7426	0.4085									
4.9178	0.7427	0.3822									
5.1721	0.7427	0.3806									
5.0955	0.743	0.5556									
7.4126	0.7436	0.4184									
6.4593	0.7437	0.4053									
6.6498	0.7439	0.4086									
3.1886	0.7442	0.5768									
6.7327	0.7447	0.4595									
6.0556	0.7447	0.3921									
7.6778	0.7447	0.4839									
6.0275	0.7448	0.3885									
4.3063	0.745	0.6069									
4.1563	0.745	0.6169									
4.9178	0.7451	0.3769									
5.4462	0.7457	0.3881									
7.7279	0.746	0.379									
3.5819	0.7461	0.5492									
4.4557	0.7463	0.5925									
6.0556	0.7464	0.3771									
8.0032	0.7465	0.3763									
6.4593	0.7469	0.4009									
3.7529	0.7471	0.9077									
3.4009	0.7473	1.0774									
4.2212	0.7474	0.5627									
5.8733	0.7475	0.4266									
2.7065	0.7477	0.9167									
6.6498	0.7477	0.3947									
6.0556	0.7478	0.3787									
5.1721	0.7479	0.3767									
6.0556	0.7479	0.4013									
7.2348	0.7479	0.4274									
7.8284	0.7481	0.4673									
3.5081	0.7483	0.5634									
8.4841	0.7483	0.4196									
7.9146	0.7484	0.4722									
7.2348	0.7486	0.4068									
2.6821	0.7489	0.92									
5.1721	0.7489	0.3907									
7.2348	0.7489	0.4172									
3.17	0.749	0.9677									
7.2348	0.749	0.4273									
8.2505	0.7491	0.386									
6.0275	0.7492	0.3958									
4.9178	0.7493	0.7146									
8.4841	0.7493	0.3986									
5.4462	0.7494	0.393									
3.3766	0.7498	0.53									
7.9157	0.75	0.4522									
8.4841	0.75	0.4012									
6.6498	0.75	0.4033									
13.3106	0.7501	0.7965									
5.4462	0.7501	0.3951									
8.4841	0.7501	0.4197									
6.0275	0.7502	0.3952									
6.4593	0.7502	0.3941									
8.0032	0.7505	0.3761									
2.7606	0.7507	1.7959									
6.6498	0.7507	0.4152									
4.9209	0.7508	0.6779									
6.4593	0.751	0.3923									
3.2654	0.7512	0.5567									
9.683	0.7515	0.7385									
3.1154	0.7516	0.9645									
3.6157	0.7519	1.1199									
10.4397	0.752	0.395									
3.5081	0.7521	1.1062									
3.8048	0.7522	0.6017									
3.9854	0.7524	0.6034									
6.837	0.7524	0.4232									
5.6675	0.7524	0.5628									
9.683	0.7525	0.4299									
4.4151	0.753	0.5812									
7.7279	0.7536	0.3715									
3.658	0.7536	0.5647									
3.4225	0.7537	1.667									
4.1499	0.754	0.5683									
5.8733	0.7545	0.41									
3.9927	0.7546	0.5698									
13.3106	0.7549	0.4274									
6.5895	0.7552	0.6115									
4.6004	0.7552	0.4927									
3.8048	0.7555	1.0719									
3.1941	0.7555	0.9725									
3.1886	0.7556	0.5602									
10.2182	0.7556	0.7631									
2.703	0.7557	0.9077									
5.6919	0.7557	0.6864									
3.3719	0.7558	0.9298									
10.2182	0.7559	0.4169									
8.5234	0.7563	0.4968									
7.7279	0.7565	0.3632									
5.5905	0.7567	0.6918									
3.8893	0.7568	1.123									
8.2505	0.7568	0.3875									
3.4931	0.7572	0.9583									
3.5081	0.7573	0.5741									
3.5819	0.7579	0.5523									
2.9654	0.7581	1.818									
3.2654	0.7581	0.5594									
2.8771	0.7582	1.8132									
6.5739	0.7582	0.4471									
2.4447	0.7583	1.6542									
3.3264	0.7583	0.9536									
10.4843	0.7584	0.4977									
2.5792	0.7589	0.89									
6.0771	0.7592	0.4268									
3.4009	0.7594	0.5772									
8.2505	0.7594	0.3928									
3.1886	0.7596	0.5439									
5.8733	0.7597	0.4011									
10.4397	0.76	0.3916									
2.4762	0.76	1.6981									
3.658	0.7601	0.5685									
5.0955	0.7601	0.5457									
9.683	0.7602	0.3995									
3.8048	0.7602	0.5769									
3.7467	0.7602	0.6428									
3.3766	0.7604	0.5237									
5.8733	0.7605	0.7733									
6.8106	0.7606	0.4168									
3.0139	0.7608	0.9469									
2.8089	0.7609	0.9043									
3.2654	0.7609	0.5434									
2.703	0.7611	1.7547									
2.6378	0.7614	1.7116									
3.5819	0.7616	0.5541									
5.8733	0.7617	0.3947									
7.5329	0.7618	0.4653									
4.1499	0.7619	0.5641									
13.3106	0.7621	0.4075									
2.6827	0.7623	1.6474									
2.9241	0.7624	0.9179									
2.8721	0.7626	0.9004									
2.9693	0.7627	1.6372									
10.4397	0.7628	0.392									
2.532	0.7629	1.7621									
3.9927	0.7629	0.567									
3.6157	0.7631	0.58									
2.9977	0.7631	0.894									
9.3431	0.7631	0.4434									
2.7065	0.7636	0.9358									
10.2182	0.7636	0.4082									
6.0771	0.7636	0.4293									
12.0604	0.7638	0.4408									
8.1479	0.7639	0.4486									
2.901	0.764	0.9685									
3.5081	0.7641	0.5593									
5.1721	0.7642	0.7119									
8.7792	0.7642	0.4855									
3.3766	0.7643	0.5538									
6.8106	0.7644	0.4122									
5.9914	0.7644	0.423									
2.6821	0.7645	0.9317									
4.6997	0.7646	0.6425									
3.3452	0.7648	1.0631									
3.8893	0.7649	0.5944									
4.2212	0.7651	0.5591									
5.6675	0.7652	0.5588									
7.9146	0.7653	0.4278									
8.3269	0.7653	0.4595									
3.1887	0.7654	1.0095									
3.8048	0.7654	0.5903									
3.658	0.7657	1.1335									
2.8089	0.7658	1.708									
6.6977	0.7658	0.4372									
6.837	0.7659	0.4254									
8.8177	0.7661	0.4664									
3.658	0.7661	0.5616									
3.5081	0.7662	0.573									
7.2917	0.7662	0.4325									
5.0955	0.7663	0.5527									
3.8048	0.7664	0.5903									
12.0604	0.7666	0.8012									
4.8528	0.7666	0.6388									
4.1499	0.7668	0.5502									
4.2212	0.7669	0.5554									
5.6675	0.7669	0.5673									
4.04	0.767	0.6319									
6.837	0.767	0.4182									
3.9927	0.7671	0.5763									
5.0955	0.7672	0.5407									
7.4126	0.7672	0.4206									
6.8106	0.7673	0.4117									
3.658	0.7673	0.5834									
3.9927	0.7673	1.0686									
5.0955	0.7674	0.5658									
5.0955	0.7674	0.569									
9.683	0.7675	0.4074									
5.9914	0.7675	0.4269									
5.6675	0.7675	0.5661									
5.6675	0.7677	0.5664									
2.6079	0.7678	1.6529									
4.2212	0.7678	0.5758									
4.1499	0.7679	0.5436									
4.1499	0.7679	1.076									
3.9927	0.768	0.5547									
6.0771	0.7681	0.4033									
4.2212	0.7681	0.5655									
6.837	0.7683	0.4252									
6.8106	0.7684	0.4004									
12.4561	0.7686	0.4009									
6.837	0.7687	0.4175									
2.703	0.7688	0.8943									
3.0139	0.769	1.776									
9.683	0.7693	0.4093									
6.0771	0.7693	0.3969									
5.5178	0.7693	0.5998									
6.0275	0.7694	0.7534									
3.4009	0.7696	0.5784									
7.2917	0.7697	0.4204									
12.0604	0.77	0.4015									
13.3106	0.7702	0.4171									
5.9914	0.7702	0.4156									
7.4126	0.7702	0.4032									
3.6886	0.7703	0.9416									
2.8721	0.7704	1.7474									
12.4561	0.7705	0.8054									
5.9914	0.7706	0.4229									
4.5168	0.7708	0.607									
10.2182	0.7709	0.4159									
6.6977	0.7713	0.4306									
7.9146	0.7714	0.4298									
2.8089	0.7717	0.9321									
9.3431	0.7717	0.4473									
7.6778	0.7718	0.4333									
3.0139	0.7719	0.9326									
7.2917	0.772	0.4146									
7.9146	0.7721	0.4393									
7.2917	0.7722	0.4316									
7.4126	0.7723	0.4198									
7.9146	0.7724	0.4375									
7.9146	0.7724	0.4623									
9.3431	0.7725	0.4344									
9.3431	0.7726	0.4601									
11.6178	0.7726	0.5243									
2.5792	0.7727	0.8805									
9.3431	0.7727	0.4522									
13.3106	0.7728	0.4233									
6.7327	0.7728	0.4553									
7.4126	0.7728	0.4501									
10.2182	0.773	0.4468									
2.8721	0.773	0.9102									
3.9873	0.773	0.8878									
3.5159	0.7732	0.6278									
7.1533	0.7733	0.4668									
3.6157	0.7736	0.5931									
2.9241	0.7737	0.9097									
2.9977	0.7741	0.8985									
12.4561	0.7743	0.425									
4.2522	0.7748	0.6199									
2.9977	0.7757	1.7257									
3.8893	0.7758	0.5734									
12.0604	0.7758	0.4428									
2.9241	0.7758	1.8359									
6.6977	0.7761	0.461									
3.3719	0.7762	0.9294									
7.9157	0.7766	0.4319									
3.6535	0.7767	1.1557									
8.9003	0.7767	0.4738									
4.4557	0.7769	0.6063									
5.3081	0.777	0.6772									
2.7065	0.7771	0.9125									
2.6821	0.7772	0.9361									
2.5312	0.7773	3.2983									
6.7327	0.7774	0.4529									
12.0604	0.7777	0.4525									
4.7883	0.7778	0.6391									
6.6977	0.7779	0.4578									
2.5792	0.7781	0.9223									
7.8284	0.7781	0.4616									
4.8184	0.7781	0.6295									
2.4437	0.7785	3.3013									
8.7792	0.7787	0.4527									
9.2517	0.7787	0.5049									
2.703	0.7788	0.8999									
3.7983	0.7788	0.6165									
6.5895	0.7795	0.6137									
4.9008	0.7796	0.6399									
9.2102	0.7797	0.4686									
6.0771	0.7798	0.7555									
4.1563	0.7799	0.6336									
6.5739	0.78	0.4401									
10.4843	0.7801	0.4687									
3.4009	0.7804	0.5639									
3.3719	0.7805	0.883									
3.0139	0.7805	0.9382									
2.8089	0.7807	0.882									
3.7529	0.7808	0.9013									
2.8721	0.7809	0.9059									
2.9241	0.7809	0.8814									
6.7327	0.781	0.4791									
2.4779	0.7811	3.2913									
6.6977	0.7812	0.8236									
12.4561	0.7813	0.4265									
3.6535	0.7814	0.6152									
3.5159	0.7814	0.5867									
6.6079	0.7816	0.6426									
2.6821	0.7817	0.9321									
7.9157	0.7817	0.4259									
6.0812	0.7819	0.6839									
6.7327	0.782	0.4706									
2.7065	0.7822	0.9322									
2.703	0.7822	0.909									
7.6778	0.7822	0.4322									
6.8106	0.7825	0.744									
7.8284	0.7826	0.445									
3.9854	0.7826	0.5826									
5.4462	0.7826	0.7321									
2.9977	0.7827	0.8998									
4.4151	0.7829	0.5885									
3.6157	0.783	0.5715									
8.5234	0.7831	0.4557									
3.0139	0.7833	0.936									
2.8721	0.7834	0.9164									
3.9207	0.7835	1.2322									
2.8089	0.7836	0.8928									
3.3719	0.7836	0.9034									
7.6778	0.7836	0.4218									
8.1479	0.7837	0.4356									
3.9873	0.7837	0.9154									
3.4009	0.7838	0.544									
12.4561	0.7838	0.4553									
2.9241	0.7838	0.8983									
6.5739	0.7838	0.4292									
8.7792	0.7838	0.4533									
3.8893	0.7839	0.5941									
8.3269	0.7842	0.4577									
3.3719	0.7844	0.8872									
7.6778	0.7844	0.4438									
7.6778	0.7845	0.4363									
3.7529	0.7845	0.9082									
2.9977	0.7847	0.8855									
8.7792	0.7847	0.4622									
7.9157	0.7848	0.4365									
5.5178	0.785	0.5831									
4.6004	0.785	0.51									
4.6727	0.7851	0.9729									
8.7792	0.7851	0.4631									
3.7529	0.7852	0.879									
3.9873	0.7853	0.9108									
3.7529	0.7854	0.9176									
3.7529	0.7854	0.9255									
8.7792	0.7854	0.4888									
7.9157	0.7855	0.4628									
3.6157	0.7856	0.5775									
4.1563	0.7856	0.6221									
3.7983	0.7858	0.6192									
3.5159	0.7864	1.1657									
8.1479	0.7864	0.4347									
10.4843	0.7864	0.4604									
4.3063	0.7865	1.1469									
3.9873	0.7865	0.9068									
6.5739	0.7866	0.4393									
3.9873	0.7867	0.9228									
7.5329	0.7868	0.4353									
8.3269	0.7868	0.4459									
3.8893	0.7869	0.575									
3.5159	0.787	0.5948									
10.4843	0.7872	0.4625									
7.8284	0.7873	0.4591									
6.5739	0.7873	0.4319									
3.0637	0.7874	1.0552									
10.4843	0.7874	0.4694									
10.4843	0.7874	0.5006									
2.7606	0.7875	0.9365									
3.9207	0.7875	0.6061									
4.4151	0.7876	0.5697									
3.9854	0.7877	0.6076									
7.8284	0.7881	0.4651									
4.3063	0.7882	0.6045									
8.1479	0.7882	0.457									
8.3269	0.7882	0.4435									
4.4557	0.7883	0.6057									
3.6535	0.7884	0.612									
8.3269	0.7884	0.4569									
6.5895	0.7886	0.613									
6.4593	0.7887	0.7212									
8.1479	0.7887	0.4658									
3.5159	0.7889	0.6065									
4.2411	0.7892	0.6887									
8.8177	0.7897	0.442									
2.9092	0.7898	1.833									
6.5895	0.7898	0.615									
4.6004	0.7899	0.5101									
7.5329	0.79	0.4445									
6.6498	0.7904	0.7505									
4.1563	0.7906	0.6158									
4.4557	0.7906	0.6042									
3.7983	0.7907	0.6184									
6.5895	0.7907	0.6164									
5.5178	0.7908	0.582									
6.5895	0.7908	0.6222									
3.9854	0.7912	0.6044									
4.4151	0.7913	0.5727									
5.5178	0.7914	0.5953									
11.6178	0.7914	0.4711									
4.4557	0.7915	0.5832									
4.1563	0.7916	0.6216									
4.4557	0.7919	0.5807									
5.5178	0.792	0.6146									
3.7983	0.7921	0.6286									
4.4151	0.7921	0.579									
5.5178	0.7921	0.609									
2.9654	0.7923	0.9568									
3.1883	0.7923	1.0067									
3.7467	0.7925	0.6054									
8.8177	0.7925	0.434									
3.9854	0.7926	0.6067									
8.5234	0.7926	0.4696									
3.3886	0.7927	1.0096									
7.1533	0.7928	0.4702									
9.2517	0.7928	0.4639									
4.6004	0.7931	0.5146									
5.4024	0.7933	0.6642									
7.5329	0.7934	0.4636									
5.8714	0.7935	0.6236									
6.0123	0.7937	0.6687									
3.9207	0.7939	0.6087									
4.6004	0.7939	0.5062									
2.8771	0.794	0.9428									
8.5234	0.794	0.4605									
7.5329	0.7946	0.4758									
8.5234	0.7946	0.4788									
8.8177	0.7948	0.4548									
3.3401	0.7948	0.996									
8.5234	0.7948	0.4996									
4.8528	0.7949	0.613									
8.8177	0.7954	0.4692									
7.1533	0.7954	0.454									
9.2102	0.7954	0.4671									
4.3063	0.7955	0.597									
3.7983	0.7956	1.155									
8.9003	0.7956	0.462									
6.6163	0.7962	0.6965									
3.6535	0.7965	0.5836									
4.04	0.797	0.6216									
11.6178	0.7971	0.4795									
3.17	0.7972	1.8079									
9.2102	0.7972	0.4632									
7.1533	0.7973	0.4654									
8.9003	0.7973	0.4448									
7.1533	0.7974	0.4801									
11.6178	0.7974	0.4708									
9.2517	0.7977	0.4707									
3.7467	0.7978	0.6004									
9.2517	0.7979	0.4855									
11.6178	0.7979	0.5271									
9.2517	0.798	0.5226									
11.6178	0.798	0.514									
3.5464	0.7981	0.8536									
9.2517	0.7982	0.5395									
7.8284	0.7983	0.818									
5.9914	0.7984	0.7682									
4.6997	0.7985	1.1989									
4.5168	0.7987	0.606									
8.9003	0.7988	0.481									
6.7327	0.7989	0.8411									
8.9003	0.7989	0.4881									
9.2102	0.7989	0.4697									
9.2102	0.799	0.4831									
4.1563	0.7995	1.1958									
3.6535	0.7996	0.581									
2.9092	0.7997	0.9903									
8.0032	0.7999	0.7104									
3.75	0.7999	0.9944									
3.1154	0.8001	1.878									
2.901	0.8004	1.9222									
2.7606	0.8007	0.9227									
3.9207	0.8007	0.6308									
4.2522	0.8011	0.6164									
6.6079	0.8013	0.6268									
4.656	0.8014	0.6692									
4.2933	0.8014	0.9436									
4.04	0.8016	0.6269									
3.3452	0.8018	1.9568									
3.1887	0.8018	1.9138									
4.5168	0.8023	0.6127									
4.3063	0.8027	0.5977									
7.2917	0.8027	0.7674									
3.7467	0.8029	0.6259									
3.8436	0.8031	1.0517									
3.9207	0.8032	0.6686									
5.3885	0.8034	0.6668									
2.5312	0.8035	1.7009									
4.8184	0.8035	0.6123									
3.1886	0.8036	1.0439									
3.1154	0.8037	0.9443									
4.9008	0.8037	0.6132									
3.7467	0.804	0.6055									
7.9157	0.8041	0.7842									
2.9654	0.8043	0.9702									
3.6886	0.8043	0.9233									
3.5819	0.8044	1.0898									
3.17	0.8045	0.9608									
4.8528	0.8046	0.6016									
4.2522	0.8048	0.6223									
4.04	0.805	0.6086									
5.8714	0.8052	0.6088									
2.8771	0.8053	0.941									
4.8528	0.8053	0.6071									
2.4437	0.8057	1.7097									
4.04	0.8057	0.6191									
4.3063	0.8059	0.5884									
4.5168	0.8059	0.6242									
3.1941	0.8061	1.8846									
3.1941	0.8063	0.9625									
4.8184	0.8063	0.6012									
4.8528	0.8064	0.6189									
3.3264	0.8065	0.9503									
4.6997	0.8067	0.6409									
4.8528	0.8067	0.6185									
4.5168	0.8069	0.6263									
4.9008	0.807	0.6137									
6.6079	0.8074	0.6315									
2.4779	0.8075	1.6697									
3.4931	0.8076	1.7969									
7.7279	0.8081	0.7012									
7.4126	0.8081	0.7883									
4.2522	0.8082	0.6229									
6.6079	0.8082	0.6281									
2.9092	0.8085	0.9993									
6.6079	0.8086	0.6443									
10.4397	0.8087	0.7544									
4.6727	0.8087	0.9813									
3.4931	0.8087	0.9768									
6.6079	0.8087	0.6517									
4.2522	0.8089	0.6307									
5.8714	0.8089	0.6041									
7.7585	0.8089	0.6682									
4.8184	0.809	0.6123									
2.4447	0.8091	3.2484									
3.3264	0.8091	1.8172									
5.8714	0.8093	0.6303									
4.9178	0.8095	0.716									
5.8714	0.8095	0.6547									
5.8714	0.8096	0.6499									
4.9008	0.8096	0.6141									
3.3766	0.8097	1.0813									
4.8184	0.8097	0.6196									
4.9209	0.8099	0.6641									
3.9854	0.8103	1.1916									
5.0354	0.8103	1.01									
4.9008	0.8105	0.6186									
2.7606	0.8106	0.9368									
3.7467	0.8113	1.1569									
2.4762	0.8117	3.2295									
3.1154	0.8121	0.9561									
2.6378	0.8121	3.1926									
8.2505	0.8122	0.7408									
2.4447	0.8123	1.6833									
3.17	0.8129	0.9454									
2.7606	0.8133	0.9261									
5.3081	0.8133	1.2437									
4.4151	0.8133	1.1193									
5.5905	0.8134	0.6839									
2.9654	0.8135	0.9516									
3.2404	0.8136	1.6286									
3.1941	0.8138	0.9807									
4.7883	0.8139	1.2942									
4.6997	0.814	0.6443									
6.5704	0.814	0.6994									
5.6919	0.814	0.6736									
3.3264	0.8141	0.9419									
4.2933	0.8142	0.947									
6.0812	0.8144	1.2855									
2.532	0.8144	3.2558									
2.6827	0.8144	3.1984									
2.8771	0.8146	0.9398									
7.5329	0.8149	0.8392									
4.6004	0.8149	0.9288									
2.4762	0.815	1.6758									
2.6827	0.8151	1.6731									
2.5792	0.8152	1.7507									
2.9092	0.8155	0.9742									
2.6378	0.8155	1.6711									
6.0556	0.8159	0.7108									
3.4931	0.8159	0.9674									
2.901	0.816	0.9678									
4.7883	0.8164	0.6576									
2.9654	0.8166	0.9508									
2.532	0.8167	1.7433									
2.6079	0.8167	1.6638									
2.8771	0.8173	0.9536									
3.1887	0.8173	0.9987									
3.6886	0.8173	0.9415									
5.3081	0.8175	0.6681									
6.5739	0.8175	0.8192									
2.9092	0.8178	0.9707									
3.1154	0.818	0.9337									
3.3452	0.8181	1.0136									
3.3264	0.8181	0.9432									
3.6886	0.8183	0.9499									
2.5312	0.8186	1.6814									
3.6886	0.8187	0.9637									
3.6886	0.8188	0.9882									
3.1941	0.8188	1.0175									
4.2933	0.8189	0.9447									
4.2933	0.8191	0.9326									
3.17	0.8192	0.962									
4.2933	0.8192	0.9418									
3.3264	0.8193	0.9396									
4.2933	0.8193	0.9411									
4.6727	0.8195	0.9489									
3.1154	0.8196	0.9229									
2.6079	0.8196	3.2226									
3.1941	0.8197	1.0026									
8.8177	0.8199	0.8245									
3.4931	0.8199	0.9556									
2.7065	0.82	1.7473									
4.2411	0.82	0.6661									
5.1721	0.8202	0.7077									
4.04	0.8203	1.1852									
2.4437	0.8204	1.7431									
3.17	0.8208	0.9676									
4.6727	0.8208	0.9701									
9.683	0.821	0.7662									
4.6997	0.8211	0.6757									
4.6727	0.8212	0.9589									
3.4931	0.8212	0.9533									
13.3106	0.8213	0.8073									
4.6727	0.8213	0.9707									
2.4779	0.822	1.6589									
6.0812	0.822	0.661									
3.2654	0.8221	1.0701									
5.4024	0.8225	0.6742									
4.7883	0.8227	0.6522									
6.0275	0.823	0.7659									
2.6821	0.8232	1.7955									
4.6997	0.8239	0.6649									
3.0637	0.8239	1.035									
5.3081	0.8244	0.6414									
5.8733	0.8244	0.7696									
3.4225	0.8244	1.5915									
4.2411	0.8245	0.676									
2.4447	0.8249	1.6701									
8.1479	0.8255	0.7913									
10.2182	0.8258	0.7851									
4.5168	0.8259	1.1783									
3.4009	0.8262	1.0816									
2.4762	0.8267	1.6746									
2.901	0.8268	0.9755									
4.656	0.8269	0.681									
3.1887	0.827	0.9749									
2.6079	0.827	1.6861									
6.0123	0.8271	1.284									
2.6378	0.8271	1.6954									
2.6827	0.8275	1.6657									
8.3269	0.8275	0.818									
5.4462	0.8276	0.7241									
8.4841	0.8278	0.737									
2.532	0.8279	1.7556									
4.7375	0.828	0.8175									
4.7883	0.8286	0.6559									
3.3452	0.8287	1.0553									
6.0812	0.8287	0.6752									
3.1883	0.8287	0.9867									
6.837	0.8289	0.7807									
3.3886	0.8291	0.9858									
4.2411	0.8292	0.6863									
3.3401	0.8292	1.0373									
6.6163	0.8294	1.3188									
2.9693	0.8295	1.6537									
4.2212	0.8296	1.105									
3.8436	0.8297	1.0477									
8.0032	0.8298	1.3843									
5.3885	0.8298	0.7034									
7.7585	0.8299	0.6898									
4.7883	0.8302	0.6846									
2.5312	0.8303	1.6822									
3.5081	0.8303	1.0707									
4.2411	0.8304	0.69									
4.9209	0.8304	0.6697									
6.0123	0.8305	0.6779									
6.5704	0.8306	0.698									
4.656	0.8307	0.6769									
5.3081	0.8312	0.6597									
3.0637	0.8312	1.0628									
5.4024	0.8314	0.659									
3.6157	0.8317	1.1536									
3.5464	0.8317	0.827									
5.4024	0.8322	0.6599									
5.5905	0.8323	0.6965									
5.0354	0.8323	1.0233									
3.0637	0.8326	1.9893									
5.4024	0.8327	0.6655									
6.4593	0.8327	0.7231									
2.4779	0.8328	1.6555									
5.4024	0.8328	0.6645									
5.3081	0.8329	0.6865									
4.2411	0.8329	1.2738									
4.656	0.833	0.6841									
4.9209	0.833	0.6737									
6.6498	0.8331	0.766									
4.2522	0.8332	1.198									
2.4437	0.8333	1.681									
3.8893	0.8333	1.1211									
4.656	0.8333	0.6959									
3.75	0.8333	0.9848									
5.6919	0.8333	0.6758									
5.3885	0.8334	0.6959									
3.8048	0.8335	1.0665									
12.0604	0.8337	0.7882									
7.1533	0.8337	0.8343									
2.4447	0.8339	1.6718									
2.4762	0.8341	1.671									
3.1886	0.8343	1.9877									
6.5704	0.8344	0.6901									
7.2348	0.8344	0.7381									
6.6163	0.8345	0.7235									
2.5312	0.8346	1.6681									
3.3401	0.8346	0.9819									
6.5704	0.8347	0.7037									
6.5704	0.8347	0.7266									
6.5704	0.8347	0.7364									
3.1887	0.8348	0.9831									
2.6827	0.8348	1.6425									
5.5905	0.8348	0.698									
7.7585	0.8348	0.6963									
2.901	0.8349	0.9714									
5.6919	0.835	0.6724									
3.1883	0.8351	1.0011									
4.9209	0.8352	0.6852									
7.7585	0.8353	0.7052									
6.0812	0.8354	0.6909									
7.7585	0.8355	0.7063									
7.7585	0.8355	0.7276									
4.9209	0.8357	0.682									
2.6079	0.8358	1.7275									
3.3886	0.8359	0.987									
2.6378	0.8359	1.6987									
3.5819	0.836	2.1342									
5.3885	0.836	0.7049									
3.2404	0.836	1.5985									
6.0123	0.8363	0.6922									
2.4762	0.8364	1.6688									
5.3885	0.8364	0.7225									
2.4779	0.8365	1.649									
3.3452	0.8365	1.0277									
5.5905	0.8365	0.7072									
2.4447	0.8366	1.6943									
2.532	0.8366	1.7837									
3.0637	0.8366	1.0029									
5.6919	0.8366	0.6845									
5.5905	0.8368	0.7208									
3.4225	0.8368	1.6313									
10.4397	0.8369	1.3665									
5.6919	0.8369	0.7008									
4.9178	0.837	0.7101									
2.4437	0.8371	1.7225									
6.0812	0.8373	0.6813									
3.658	0.8373	1.1555									
3.1887	0.8374	0.9678									
2.703	0.8374	1.7829									
2.6827	0.8374	1.6596									
12.4561	0.8375	0.7576									
2.901	0.8376	0.9707									
3.5464	0.8376	0.8353									
4.8184	0.8377	1.1866									
8.9003	0.8378	0.8515									
3.2404	0.8381	1.6212									
3.0637	0.8382	1.0616									
2.6079	0.8382	1.7308									
3.75	0.8383	0.9785									
2.532	0.8384	1.7201									
6.0771	0.8384	0.7549									
3.2404	0.8384	1.6536									
2.6378	0.8384	1.6827									
3.9927	0.8385	1.0822									
2.9693	0.8386	1.672									
3.8436	0.8386	1.0096									
3.2404	0.8386	1.6541									
3.2404	0.8386	1.6514									
4.7375	0.8386	0.8071									
8.0032	0.8387	0.7339									
3.3886	0.839	1.9155									
3.4225	0.839	1.6136									
3.3452	0.8391	1.0208									
3.1883	0.8391	0.9916									
3.1883	0.8391	1.9327									
3.3401	0.8391	0.9766									
5.0354	0.8393	1.0174									
6.6977	0.8394	0.8303									
4.1499	0.8394	1.0571									
2.9693	0.8397	1.7299									
3.8436	0.8397	0.9862									
4.9008	0.8397	1.1652									
3.3401	0.8398	0.9948									
3.4225	0.8398	1.6272									
6.6163	0.8399	0.6857									
3.3886	0.84	1.0107									
3.8436	0.84	0.9945									
6.0556	0.84	0.7022									
3.4225	0.84	1.5965									
5.0354	0.84	1.0356									
3.8436	0.8401	0.9984									
2.9693	0.8402	1.7188									
2.9693	0.8402	1.6895									
3.1883	0.8403	1.012									
5.6675	0.8405	1.0888									
7.7279	0.8407	1.3117									
6.8106	0.8407	0.7636									
5.0354	0.8407	1.0205									
5.0354	0.8408	1.0088									
3.5464	0.8409	0.7965									
4.7375	0.8409	0.8122									
3.3886	0.841	1.0198									
3.3766	0.8412	2.0162									
4.7375	0.8412	0.8287									
4.7375	0.8414	0.8518									
4.7375	0.8414	0.8561									
6.0123	0.8416	0.6754									
3.5464	0.8417	0.8034									
3.75	0.8418	0.9861									
4.9178	0.842	0.7249									
2.8089	0.8421	1.7375									
3.75	0.8425	0.9786									
6.0123	0.843	0.6996									
8.2505	0.8433	1.3897									
9.2102	0.8433	0.8484									
2.5792	0.8434	3.4013									
3.3719	0.8441	1.7322									
5.1721	0.8443	0.7065									
3.0139	0.8448	1.7781									
9.3431	0.8449	0.7836									
6.6163	0.845	0.6743									
8.0032	0.845	0.7275									
6.0275	0.845	0.7545									
2.8721	0.8452	1.7722									
3.3401	0.8452	1.8736									
7.7279	0.8453	0.7049									
4.9178	0.8454	0.7546									
8.4841	0.8457	0.7209									
7.2348	0.8462	0.7345									
6.6163	0.8463	0.7036									
4.9178	0.8465	0.7707									
5.4462	0.8465	0.7274									
5.9914	0.8465	0.793									
7.6778	0.8465	0.7937									
10.4397	0.8466	0.7247									
2.9241	0.8467	1.7605									
3.6535	0.847	1.1213									
3.5159	0.8471	1.1532									
5.1721	0.8471	0.7014									
2.9977	0.8474	1.7702									
13.3106	0.8481	1.4539									
8.2505	0.8483	0.7401									
6.0556	0.8483	0.7093									
6.0275	0.8487	0.7373									
6.6498	0.8487	0.7432									
5.4462	0.8488	0.7477									
7.2348	0.8489	0.7507									
6.0556	0.8492	0.7058									
6.4593	0.8492	0.7476									
7.2348	0.8492	0.7651									
7.2348	0.8492	0.7825									
7.9146	0.8492	0.7726									
3.1886	0.8493	1.0466									
3.5464	0.8494	1.7392									
7.2348	0.8494	0.7714									
4.656	0.8495	1.2921									
5.1721	0.8495	0.7277									
2.7065	0.8497	3.3524									
6.0556	0.8497	0.7477									
5.1721	0.8498	0.7355									
6.0556	0.8499	0.7562									
8.0032	0.85	0.7356									
7.2917	0.85	0.7641									
7.7279	0.8503	0.6884									
8.4841	0.8503	0.7483									
6.7327	0.8504	0.8177									
5.4462	0.8504	0.7887									
6.6498	0.8505	0.7471									
8.4841	0.8506	0.7344									
3.5819	0.8507	1.0449									
9.683	0.8507	1.3552									
5.3885	0.8509	1.3149									
8.4841	0.8509	0.7685									
8.4841	0.8509	0.8032									
4.9178	0.851	1.3988									
5.4462	0.851	0.7868									
6.0275	0.8511	0.7321									
7.4126	0.8511	0.7842									
6.4593	0.8513	0.7401									
8.0032	0.8514	0.7643									
6.0275	0.8514	0.7357									
6.6498	0.8514	0.7802									
6.6498	0.8516	0.8012									
3.75	0.8517	1.9305									
10.4397	0.8518	0.7241									
5.8733	0.8518	0.777									
7.8284	0.8519	0.829									
2.6821	0.8526	3.3647									
2.7606	0.8526	1.8154									
6.4593	0.8527	0.7468									
3.3766	0.8529	1.0545									
6.4593	0.8529	0.7604									
7.9157	0.8531	0.7984									
5.0955	0.8532	1.06									
8.2505	0.8535	0.7307									
3.4009	0.8541	2.1251									
7.7279	0.8543	0.7164									
3.7983	0.8546	1.1517									
4.4557	0.8549	1.1261									
10.2182	0.855	1.4262									
7.7279	0.8554	0.7208									
4.3063	0.8556	1.1821									
3.9207	0.8558	1.1464									
3.2654	0.8559	1.0553									
5.8733	0.8559	0.7709									
6.837	0.8559	0.7748									
8.5234	0.856	0.8342									
9.683	0.8562	0.7718									
3.1886	0.8563	1.0289									
2.9654	0.8567	1.8733									
4.1563	0.8567	1.121									
13.3106	0.8568	0.7916									
3.5819	0.8569	1.055									
10.4397	0.8569	0.748									
8.2505	0.8582	0.7464									
10.4397	0.8582	0.7672									
3.3766	0.8587	1.0762									
8.2505	0.8589	0.7597									
6.0771	0.859	0.7698									
10.2182	0.8592	0.7894									
4.2212	0.8592	1.0978									
6.5739	0.8592	0.8043									
10.4843	0.8593	0.8048									
5.8733	0.8595	0.7787									
2.8771	0.8597	1.8838									
5.8733	0.8601	0.8254									
3.6157	0.8602	2.0967									
3.2654	0.8603	1.0452									
6.8106	0.8603	0.7585									
3.8893	0.8609	2.1217									
9.683	0.8609	0.7326									
13.3106	0.8609	0.7984									
6.0771	0.861	0.7885									
3.5081	0.8611	1.0854									
8.7792	0.8612	0.7919									
3.8048	0.8614	1.0682									
3.9854	0.8614	1.1685									
7.9146	0.8621	0.767									
9.3431	0.8621	0.7896									
7.5329	0.8623	0.833									
6.837	0.8623	0.7724									
5.9914	0.8623	0.7896									
5.6675	0.8623	1.0333									
3.2654	0.8624	2.0359									
4.4151	0.8624	1.127									
5.8733	0.8627	1.4572									
4.9209	0.8628	1.3046									
6.837	0.8628	0.7763									
6.8106	0.8629	0.8007									
3.658	0.8629	1.1083									
3.1886	0.863	1.029									
6.837	0.8631	0.8211									
6.837	0.8632	0.7906									
8.1479	0.8632	0.8196									
6.0771	0.8634	0.8061									
10.2182	0.8635	0.7631									
12.0604	0.8635	1.5077									
3.5819	0.8637	1.0857									
12.0604	0.8638	0.7794									
5.9914	0.8638	0.8169									
3.9927	0.8639	1.104									
6.0771	0.864	0.8353									
8.3269	0.864	0.8329									
7.2917	0.8641	0.7898									
4.6004	0.8641	0.9249									
6.5895	0.8642	1.209									
3.8048	0.8644	1.0621									
6.8106	0.8644	0.7933									
3.3766	0.8645	1.0709									
3.5081	0.8645	1.0923									
7.4126	0.8646	0.794									
3.1886	0.8647	1.0417									
3.2654	0.8647	1.0496									
5.9914	0.8648	0.8164									
4.1499	0.8648	1.0438									
6.8106	0.865	0.8175									
9.683	0.8651	0.7582									
6.6977	0.8651	0.8218									
7.9146	0.8651	0.797									
13.3106	0.8653	0.8141									
5.9914	0.8653	0.8356									
7.9146	0.8653	0.7874									
9.3431	0.8653	0.8115									
7.2917	0.8654	0.7847									
5.0955	0.8654	1.1063									
9.3431	0.8654	0.8002									
3.5819	0.8656	1.1103									
3.7467	0.8656	1.1512									
5.1721	0.8656	1.3773									
8.8177	0.8656	0.8286									
7.9146	0.8656	0.8285									
7.9146	0.8656	0.8587									
9.3431	0.8656	0.8358									
9.3431	0.8656	0.8762									
9.683	0.8657	0.7678									
3.658	0.8658	1.1394									
2.5792	0.8659	1.7464									
3.3766	0.8659	1.0794									
3.2654	0.8659	1.0761									
7.2917	0.8659	0.8105									
7.2917	0.866	0.8216									
7.4126	0.866	0.8031									
3.4009	0.8662	1.0852									
3.9873	0.8663	1.793									
3.9927	0.8664	1.0839									
3.8048	0.8665	1.0702									
13.3106	0.8666	0.867									
12.4561	0.8666	1.4678									
4.2212	0.8666	1.0905									
10.2182	0.867	0.7978									
3.5081	0.867	1.1062									
7.4126	0.867	0.8268									
3.8048	0.8671	1.081									
5.5905	0.8671	1.3499									
4.1499	0.8671	1.0293									
7.4126	0.8671	0.8292									
12.4561	0.8672	0.7763									
4.2212	0.8673	1.0627									
12.0604	0.8674	0.7751									
3.5081	0.8675	1.0869									
4.6997	0.8676	1.1762									
4.2212	0.8677	1.1123									
4.2212	0.8677	1.0665									
5.0955	0.8677	1.0973									
10.2182	0.8679	0.8235									
7.6778	0.8679	0.7871									
5.0955	0.8679	1.1152									
5.0955	0.8679	1.1416									
5.6675	0.8679	1.0614									
6.6977	0.868	0.8118									
3.658	0.868	1.1076									
5.0955	0.868	1.1651									
5.6675	0.8681	1.0576									
3.9927	0.8683	1.0938									
5.6675	0.8683	1.0475									
5.6675	0.8683	1.0682									
5.6919	0.8683	1.2894									
3.658	0.8684	1.1532									
6.0275	0.8685	1.3499									
3.9927	0.8687	1.1013									
2.7065	0.8688	1.7495									
4.1499	0.8689	1.0386									
4.8528	0.8692	1.1711									
2.5312	0.8693	3.3082									
4.1499	0.8693	1.0634									
5.5178	0.8696	1.1511									
6.7327	0.8701	0.8438									
12.0604	0.8705	0.791									
11.6178	0.8705	0.8601									
3.6157	0.8707	1.1382									
2.4437	0.8709	3.3231									
2.9092	0.8709	1.8714									
6.6977	0.8709	0.8176									
12.0604	0.8712	0.8352									
2.6821	0.8714	1.7743									
7.1533	0.8714	0.8444									
6.6977	0.8717	0.8233									
12.4561	0.8718	0.807									
6.7327	0.8718	0.8665									
3.8893	0.872	1.1364									
4.04	0.872	1.1949									
3.5081	0.8721	2.1004									
8.7792	0.8721	0.8059									
7.9157	0.8723	0.8143									
3.4009	0.8727	1.0767									
2.4779	0.8728	3.3129									
10.4843	0.8728	0.827									
9.2517	0.873	0.8416									
3.6535	0.8733	2.1801									
7.8284	0.8734	0.8195									
8.9003	0.8735	0.8518									
6.7327	0.8737	0.8713									
6.7327	0.874	0.8756									
7.9157	0.874	0.8124									
7.6778	0.874	0.8034									
3.3719	0.8742	1.7503									
8.7792	0.8742	0.8336									
8.7792	0.8744	0.8259									
7.6778	0.8745	0.8245									
8.7792	0.8745	0.8934									
2.703	0.8746	3.5626									
8.7792	0.8746	0.8678									
4.5168	0.8747	1.2344									
6.5739	0.8747	0.8133									
7.6778	0.8748	0.8484									
7.6778	0.875	0.8997									
2.703	0.8751	1.7887									
6.6977	0.8751	1.5402									
7.9157	0.8754	0.8403									
7.9157	0.8755	0.8546									
7.8284	0.8755	0.8297									
8.3269	0.8755	0.8231									
2.901	0.8756	1.918									
9.2102	0.8756	0.845									
2.5792	0.8757	1.7432									
12.4561	0.8757	0.8184									
8.5234	0.8757	0.8199									
6.5739	0.8759	0.8401									
3.17	0.876	1.83									
10.4843	0.876	0.8547									
8.1479	0.8761	0.8324									
3.5159	0.8762	1.1632									
4.4557	0.8762	1.1208									
10.4843	0.8762	0.8252									
10.4843	0.8764	0.8659									
3.6157	0.8765	1.1127									
10.4843	0.8765	0.8981									
8.3269	0.8766	0.8204									
12.4561	0.8767	0.845									
2.8089	0.8768	1.7173									
3.1154	0.877	1.9051									
8.3269	0.877	0.8553									
8.3269	0.877	0.8567									
6.5739	0.8771	0.8736									
3.8048	0.8772	2.0367									
2.7606	0.8773	3.5486									
6.5739	0.8773	0.9004									
3.4009	0.8774	1.0941									
5.3081	0.8776	1.2468									
7.8284	0.8776	0.8671									
8.1479	0.8776	0.8136									
3.1887	0.8777	1.9623									
4.7883	0.8777	1.2694									
3.8893	0.8778	1.1246									
4.2522	0.8783	1.2304									
2.7065	0.8784	1.751									
7.8284	0.8784	0.8881									
8.1479	0.8785	0.8469									
3.3452	0.8786	1.9928									
8.1479	0.8786	0.8683									
3.0139	0.8786	1.7737									
3.4009	0.8789	1.1095									
3.7529	0.8789	1.8221									
2.9241	0.8791	1.7464									
5.4462	0.8791	1.3965									
6.5895	0.8791	1.2074									
2.8721	0.8792	1.7652									
6.0812	0.8794	1.2848									
7.5329	0.8794	0.8505									
3.3264	0.8799	1.8429									
3.7983	0.88	1.126									
6.0771	0.88	1.4657									
3.5159	0.8801	1.1033									
5.5178	0.8801	1.1584									
4.1563	0.8802	1.1113									
2.6821	0.8803	1.7438									
2.8089	0.8803	3.3802									
4.8184	0.8803	1.189									
3.1941	0.8805	1.9171									
2.9654	0.8806	3.541									
3.6157	0.8807	1.1382									
8.8177	0.8807	0.8252									
6.6079	0.8807	1.1903									
2.9977	0.8808	1.7644									
3.6535	0.881	1.1565									
8.5234	0.881	0.839									
2.703	0.8813	1.7562									
7.5329	0.8815	0.8469									
3.6886	0.8815	1.9359									
8.5234	0.8815	0.8444									
3.8893	0.8816	1.1213									
4.9008	0.8818	1.1775									
3.6157	0.8819	1.1258									
2.5792	0.882	1.722									
8.5234	0.882	0.884									
8.5234	0.882	0.9266									
8.8177	0.8822	0.8237									
3.5159	0.8823	2.1535									
3.4931	0.8823	1.8357									
3.9207	0.8824	2.1766									
3.7983	0.8825	1.1362									
3.9854	0.8825	1.1719									
11.6178	0.8825	0.8397									
2.8089	0.8826	1.7339									
5.5178	0.8826	1.1711									
4.3063	0.8827	2.2011									
4.1563	0.8827	1.1077									
9.2517	0.8827	0.8331									
3.5159	0.8828	1.1231									
5.5178	0.8828	1.1904									
3.8893	0.8829	1.1564									
5.5178	0.8829	1.1817									
6.8106	0.883	1.4216									
7.5329	0.883	0.8857									
4.4557	0.883	1.1291									
4.4151	0.883	1.1587									
5.5178	0.883	1.2311									
6.5895	0.883	1.2324									
3.658	0.8831	2.0333									
7.1533	0.8831	0.8548									
2.4447	0.8832	3.2453									
7.5329	0.8833	0.9021									
8.8177	0.8833	0.8703									
6.5895	0.8833	1.2366									
4.6004	0.8833	0.9351									
8.8177	0.8834	0.8981									
8.9003	0.8834	0.8653									
3.9873	0.8834	1.8568									
3.5159	0.8835	1.1385									
4.4557	0.8835	1.1403									
6.5895	0.8835	1.2471									
6.5895	0.8836	1.2421									
3.9927	0.8837	2.1325									
3.0139	0.8837	1.7026									
4.4557	0.8838	1.1174									
4.4557	0.8838	1.152									
3.0139	0.8838	3.3191									
2.5792	0.884	1.7372									
2.8721	0.884	3.5069									
7.1533	0.8841	0.8355									
9.2102	0.8842	0.8676									
8.9003	0.8843	0.8557									
9.2517	0.8843	0.8709									
2.8771	0.8844	3.5224									
3.7983	0.8844	1.1524									
4.1563	0.8844	1.1416									
3.9854	0.8845	1.1498									
2.8721	0.8846	1.7471									
4.1563	0.8846	1.1429									
7.1533	0.8847	0.875									
7.1533	0.8847	0.9141									
9.2517	0.8847	0.882									
11.6178	0.8847	0.8889									
11.6178	0.8847	0.9031									
11.6178	0.8847	0.9791									
2.7065	0.8848	1.7604									
3.7983	0.8848	1.1603									
11.6178	0.8848	1.0025									
9.2102	0.8848	0.8913									
2.9241	0.8849	1.7315									
9.2517	0.8849	0.9343									
9.2517	0.8849	0.965									
3.3719	0.885	1.7398									
4.4151	0.885	1.145									
8.9003	0.885	0.9391									
8.9003	0.885	0.9051									
6.4593	0.8852	1.3833									
4.6004	0.8852	0.9407									
9.2102	0.8854	0.9053									
9.2102	0.8855	0.9461									
2.9241	0.8857	3.388									
2.9977	0.8857	1.7853									
4.1499	0.8857	2.0466									
3.9207	0.8858	1.1763									
4.2411	0.8858	1.2934									
2.9977	0.8858	3.4411									
2.703	0.886	1.7403									
3.3719	0.886	1.7455									
3.9854	0.8861	1.1675									
2.6821	0.8862	1.7388									
6.6498	0.8862	1.4487									
3.6535	0.8864	1.1748									
2.8089	0.8864	1.7354									
3.9854	0.8864	1.1577									
4.6004	0.8864	0.9552									
4.6004	0.8864	0.9973									
7.8284	0.8865	1.547									
4.4151	0.8865	1.1819									
4.4151	0.8866	1.1677									
3.0139	0.8867	1.7069									
2.7065	0.8868	1.7697									
3.7529	0.8868	1.766									
2.703	0.887	1.7255									
3.3719	0.887	1.7434									
5.8714	0.8871	1.1845									
4.3063	0.8872	1.1536									
3.3719	0.8872	1.8288									
2.8089	0.8873	1.7376									
2.4762	0.8874	3.2733									
2.6827	0.8874	3.2692									
3.7467	0.8876	1.1746									
2.6378	0.8876	3.2974									
3.0139	0.8876	1.7088									
2.8721	0.8878	1.775									
2.9241	0.8879	1.7598									
2.6821	0.888	1.7305									
2.532	0.8881	3.2602									
3.7529	0.8882	1.7231									
2.6079	0.8884	3.245									
2.9241	0.8884	1.7592									
2.9977	0.8885	1.7332									
3.7529	0.8885	1.7788									
3.7529	0.8885	1.771									
3.7529	0.8886	1.7626									
6.0123	0.8887	1.3203									
2.8721	0.8887	1.8194									
3.9873	0.8887	1.7752									
2.9977	0.8891	1.7469									
3.9873	0.8891	1.7496									
4.8528	0.8892	1.1817									
6.7327	0.8893	1.5236									
3.9873	0.8893	1.7422									
4.6997	0.8894	2.3023									
3.9873	0.8894	1.7487									
3.7467	0.8898	1.162									
5.4024	0.8899	1.2454									
4.6727	0.8899	1.9346									
3.9207	0.8903	1.14									
3.6535	0.8906	1.1815									
4.04	0.8907	1.1796									
2.5312	0.8913	6.6641									
3.0637	0.8913	1.9633									
5.9914	0.8916	1.4797									
3.7467	0.8917	1.1803									
3.6535	0.8919	1.1481									
4.3063	0.8919	1.1878									
6.6163	0.8919	1.3415									
3.7983	0.8919	2.1896									
3.7467	0.8922	1.1844									
4.04	0.8928	1.2114									
4.5168	0.893	1.2217									
3.9207	0.8931	1.1459									
6.6079	0.8932	1.2253									
8.0032	0.8933	1.4016									
2.4437	0.8934	6.2579									
7.9157	0.8938	1.54									
4.8528	0.8939	1.1651									
3.9207	0.8941	1.1658									
4.04	0.8941	1.2312									
4.8528	0.8942	1.1693									
2.4779	0.8943	6.2767									
4.04	0.8943	1.2088									
4.8184	0.8944	1.1968									
4.5168	0.8946	1.2159									
4.2522	0.8946	1.2556									
4.8528	0.8947	1.1944									
4.8528	0.8947	1.1947									
4.3063	0.8948	1.1856									
2.7606	0.8951	1.8391									
4.1563	0.8953	2.1509									
5.8714	0.8953	1.1746									
4.9008	0.8953	1.1969									
4.3063	0.8954	1.1662									
4.656	0.8956	1.2561									
6.6079	0.8957	1.199									
4.8184	0.8958	1.2249									
3.3886	0.896	1.9									
4.5168	0.896	1.2492									
6.6079	0.896	1.2084									
6.6079	0.896	1.231									
4.2522	0.8961	1.2193									
6.6079	0.8962	1.2459									
4.5168	0.8963	1.2547									
4.9008	0.8967	1.1866									
4.8184	0.8968	1.1922									
7.2917	0.897	1.4552									
2.901	0.8971	3.6228									
3.1883	0.8971	1.9594									
4.8184	0.8971	1.1943									
5.8714	0.8971	1.1758									
5.8714	0.8971	1.1839									
5.8714	0.8971	1.225									
5.8714	0.8971	1.2588									
2.9654	0.8972	1.8432									
4.2522	0.8973	1.2368									
5.3885	0.8974	1.3034									
4.2522	0.8974	1.256									
4.9008	0.8974	1.2165									
4.9008	0.8976	1.2081									
4.6997	0.8981	1.2022									
2.8771	0.8988	1.8619									
6.0812	0.8989	2.5602									
7.4126	0.8992	1.4222									
3.3401	0.8993	1.8912									
3.1887	0.8994	3.6874									
4.9178	0.8994	1.3589									
10.4397	0.8995	1.4295									
7.5329	0.8996	1.5678									
4.2933	0.8997	1.8385									
2.7606	0.8998	1.8137									
3.8436	0.9005	1.8896									
3.3452	0.9006	3.7327									
4.7883	0.9007	2.3559									
3.5464	0.9007	1.655									
3.7467	0.9009	2.2431									
5.3081	0.9013	2.3682									
2.9092	0.9013	1.8316									
7.7279	0.9015	1.3484									
4.9209	0.9015	1.2846									
3.9854	0.9018	2.1796									
6.5739	0.9019	1.4806									
3.75	0.9023	1.9106									
2.9092	0.9024	3.7037									
2.9654	0.9027	1.8749									
4.6997	0.9027	1.1903									
7.7585	0.9029	1.2949									
6.0556	0.9031	1.3488									
8.2505	0.9035	1.3899									
5.5905	0.9036	1.3377									
2.8771	0.9037	1.815									
4.4151	0.9037	2.2043									
2.7606	0.904	1.8246									
3.17	0.9041	1.8316									
5.6919	0.9043	1.3134									
4.7883	0.9044	1.2989									
8.8177	0.9044	1.57									
6.5704	0.9046	1.2825									
3.6886	0.9047	1.8826									
3.1886	0.9049	2.0324									
3.1154	0.9049	1.8362									
2.7606	0.9051	1.8125									
3.3264	0.9051	1.8309									
3.4931	0.9051	1.8483									
3.4225	0.9053	3.1564									
3.1941	0.9055	1.9287									
2.9092	0.9058	1.8152									
3.5819	0.9059	2.1129									
4.6997	0.9062	1.23									
13.3106	0.9063	1.5334									
4.6004	0.9063	1.8101									
5.3081	0.9067	1.2658									
2.9654	0.9068	1.8967									
4.2411	0.9069	1.2951									
5.0354	0.9069	1.9121									
4.6727	0.907	1.8396									
4.6997	0.9072	1.2477									
3.17	0.9073	1.827									
3.3264	0.9073	1.8165									
3.1154	0.9074	1.8701									
3.1941	0.9075	1.8824									
3.4931	0.9076	1.8275									
2.8771	0.9077	1.8338									
2.9654	0.908	1.8477									
4.7883	0.9082	1.2609									
3.3766	0.9083	2.0361									
2.8771	0.9086	1.8303									
2.9092	0.9086	1.8291									
5.4024	0.9086	1.2665									
3.6886	0.9087	1.8743									
6.0812	0.9088	1.3708									
2.9092	0.9088	1.9421									
4.2933	0.9088	1.8348									
3.1154	0.909	1.8691									
4.2411	0.909	1.3133									
3.6886	0.909	1.8473									
3.1941	0.909	2.0583									
3.4931	0.909	1.8015									
6.0123	0.9091	2.4387									
3.1154	0.9091	3.6623									
3.3264	0.9091	1.8241									
3.17	0.9093	1.84									
3.6886	0.9093	1.8303									
3.3264	0.9093	1.822									
3.4931	0.9093	1.8079									
3.17	0.9094	3.526									
5.1721	0.9094	1.3607									
3.6886	0.9094	1.9216									
8.1479	0.9094	1.5408									
3.1941	0.9095	1.9898									
3.1154	0.9096	1.8306									
3.17	0.9097	1.8249									
4.04	0.9097	2.2512									
5.8733	0.9097	1.4594									
4.2933	0.9097	1.8638									
4.2933	0.9097	1.8253									
4.2933	0.9098	1.8485									
4.2933	0.9099	1.8647									
2.4447	0.91	6.5409									
9.683	0.9101	1.4086									
6.0275	0.9101	1.3523									
4.6727	0.9101	1.8615									
2.9693	0.9102	3.2948									
4.6727	0.9103	1.854									
4.6727	0.9103	1.8457									
4.6727	0.9104	1.845									
8.3269	0.9104	1.521									
4.7883	0.9105	1.2686									
5.3081	0.9109	1.2976									
4.7883	0.911	1.2672									
4.2411	0.911	1.3561									
4.656	0.911	1.2792									
4.2411	0.9114	1.3483									
8.0032	0.9116	2.5676									
2.901	0.9119	1.9202									
3.3452	0.9123	1.9625									
3.1887	0.9123	1.9917									
4.656	0.9124	1.2716									
6.0812	0.9125	1.3195									
10.2182	0.9126	1.4798									
4.5168	0.9126	2.2992									
6.5704	0.9126	1.2665									
5.3885	0.9128	1.3292									
5.4024	0.9128	1.2955									
5.4024	0.9128	1.2689									
5.4024	0.9128	1.2912									
5.4024	0.9128	1.3254									
2.5312	0.913	3.3331									
7.7585	0.9131	1.2742									
5.3081	0.9132	1.2468									
4.9209	0.9134	1.279									
6.837	0.9134	1.4164									
6.6163	0.9135	2.495									
8.4841	0.9135	1.3976									
4.2411	0.9136	2.575									
4.656	0.9136	1.2955									
5.4462	0.9136	1.3985									
5.3081	0.9139	1.2918									
4.656	0.9139	1.3305									
2.5792	0.914	3.4157									
5.3885	0.9141	1.3209									
6.5704	0.9142	1.2814									
6.5704	0.9142	1.2897									
6.5704	0.9142	1.3674									
6.5704	0.9143	1.3496									
5.6919	0.9144	1.3479									
7.1533	0.9145	1.592									
5.5905	0.9147	1.3347									
2.6378	0.9148	6.2277									
6.0123	0.9149	1.2969									
4.9209	0.9149	1.3094									
2.4437	0.915	3.3451									
5.3885	0.9151	1.3761									
5.3885	0.9151	1.4121									
6.0812	0.9152	1.4014									
7.7585	0.9152	1.2935									
7.7585	0.9152	1.3469									
7.7585	0.9152	1.3689									
7.7585	0.9153	1.3278									
5.6919	0.9153	1.339									
2.4779	0.9154	3.2798									
2.4762	0.9154	6.2964									
5.5905	0.9155	1.3081									
7.2348	0.9155	1.3971									
2.532	0.9158	6.5042									
3.2654	0.9159	2.0504									
3.1941	0.9159	3.5929									
4.9209	0.9159	1.3186									
6.0812	0.9161	1.4027									
3.3264	0.9161	3.5457									
4.9209	0.9161	1.3198									
5.5905	0.9161	1.3143									
5.5905	0.9161	1.3458									
5.6919	0.9161	1.3723									
5.6919	0.9161	1.376									
10.4397	0.9162	2.7228									
2.6827	0.9163	6.7338									
12.0604	0.9164	1.5152									
2.901	0.9165	1.9967									
3.0637	0.9167	1.9369									
3.4009	0.9168	2.1508									
4.7375	0.9168	1.6108									
3.1887	0.917	2.0377									
6.6163	0.917	1.3385									
6.4593	0.917	1.392									
6.6498	0.917	1.4211									
2.6079	0.9171	6.2681									
3.8436	0.9172	1.8898									
3.3452	0.9173	1.9769									
3.0637	0.9176	3.7041									
3.4931	0.9177	3.4518									
6.0123	0.9178	1.3066									
8.9003	0.9178	1.5652									
12.4561	0.9181	1.5307									
4.2522	0.9181	2.3093									
3.3886	0.9183	1.9195									
2.7065	0.9184	3.3799									
2.4447	0.9185	3.2387									
6.0771	0.9186	1.4794									
4.9178	0.9187	1.366									
8.0032	0.9191	1.4244									
3.1883	0.9192	2.004									
3.3401	0.9192	1.9219									
5.0354	0.9192	1.912									
3.0637	0.9193	1.9063									
3.5464	0.9195	1.7614									
6.0556	0.9195	1.3842									
2.4762	0.9196	3.2517									
2.901	0.9199	1.8791									
6.6977	0.9199	1.5983									
2.6827	0.9199	3.3758									
6.0123	0.92	1.3291									
3.1887	0.9201	2.0151									
6.6163	0.9201	1.3842									
6.8106	0.9202	1.4592									
4.2212	0.9202	2.0546									
6.0123	0.9203	1.3789									
3.3886	0.9204	1.9016									
3.75	0.9204	1.9286									
2.6821	0.9205	3.3563									
3.6157	0.9205	2.179									
2.6079	0.9205	3.2724									
3.3452	0.9206	1.9661									
3.1887	0.9207	1.9624									
4.9178	0.9207	1.392									
2.5312	0.921	3.3871									
2.6378	0.921	3.3061									
2.901	0.9211	1.8966									
3.8893	0.9212	2.2173									
3.8436	0.9213	1.9062									
3.0637	0.9214	1.9028									
3.3886	0.9214	2.0549									
3.3401	0.9214	1.9113									
3.5464	0.9214	1.804									
2.532	0.9215	3.3047									
7.7279	0.9216	2.5705									
3.1883	0.9216	2.0297									
3.8436	0.9216	1.9277									
3.3452	0.9217	2.0571									
3.8436	0.9217	1.9702									
3.0637	0.9218	1.9002									
3.3886	0.9218	1.9822									
4.7375	0.9218	1.5606									
2.4437	0.9219	3.3825									
3.8436	0.9219	1.9308									
4.8184	0.9219	2.2489									
8.0032	0.922	1.3601									
4.9178	0.922	1.3905									
3.75	0.922	1.9239									
3.5081	0.9222	2.0461									
9.2102	0.9222	1.5983									
6.6163	0.9223	1.4049									
4.9178	0.9223	1.4194									
3.1886	0.9224	3.942									
3.5464	0.9224	1.8711									
3.5464	0.9225	1.8148									
7.6778	0.9225	1.5162									
6.6163	0.9226	1.4184									
3.1883	0.9226	2.0478									
3.1883	0.9226	2.0216									
5.9914	0.9226	1.4835									
5.0354	0.9226	1.9404									
7.2348	0.9226	1.3707									
3.3401	0.9227	1.9367									
4.7375	0.9227	1.5758									
5.0354	0.9227	1.9241									
3.75	0.9227	1.9501									
2.4779	0.9228	3.2309									
3.8048	0.9228	2.0281									
4.7375	0.9228	1.6024									
4.7375	0.9228	1.5814									
5.0354	0.9228	1.9404									
5.0354	0.9228	1.9332									
4.7375	0.9229	1.6001									
3.3401	0.923	1.92									
6.0556	0.923	1.4096									
3.75	0.923	1.9603									
5.1721	0.9231	1.3779									
10.4397	0.9232	1.4155									
6.0556	0.9232	1.395									
13.3106	0.9233	2.8651									
6.0556	0.9234	1.444									
6.0556	0.9234	1.464									
4.9008	0.9236	2.2135									
3.2404	0.9237	3.1764									
8.4841	0.9237	1.4259									
8.2505	0.9238	2.5838									
5.4462	0.9238	1.4304									
9.3431	0.9238	1.4497									
7.2348	0.924	1.4008									
7.7279	0.9241	1.3799									
2.4447	0.9241	3.2847									
6.0275	0.9242	1.3712									
3.4225	0.9243	3.2186									
7.2348	0.9243	1.4141									
7.2348	0.9243	1.474									
2.4762	0.9244	3.2716									
5.1721	0.9244	1.3702									
7.2348	0.9244	1.5051									
8.0032	0.9245	1.3605									
4.9178	0.9246	2.5689									
5.4462	0.9248	1.3984									
2.6827	0.9249	3.3551									
7.9146	0.925	1.4459									
3.5819	0.9251	3.8487									
8.0032	0.9251	1.4156									
5.1721	0.9251	1.4052									
3.1883	0.9252	3.726									
5.4462	0.9252	1.4508									
5.4462	0.9252	1.4624									
6.0275	0.9253	1.3781									
2.6079	0.9253	3.2551									
8.4841	0.9253	1.4315									
8.4841	0.9253	1.4126									
5.1721	0.9254	1.4339									
8.4841	0.9254	1.4695									
8.4841	0.9254	1.5233									
2.9693	0.9255	3.2666									
8.2505	0.9257	1.4141									
2.532	0.9257	3.3957									
6.6498	0.9257	1.459									
6.4593	0.9258	1.4208									
6.0275	0.9259	1.4112									
3.3886	0.926	3.6949									
6.0275	0.926	1.4577									
2.6378	0.926	3.2767									
10.4397	0.9261	1.4465									
7.2917	0.9262	1.4736									
2.4437	0.9263	3.3402									
7.8284	0.9263	1.6173									
3.658	0.9264	2.0537									
2.5312	0.9265	3.3802									
6.6498	0.9265	1.4604									
7.7279	0.9266	1.3767									
6.4593	0.9266	1.379									
4.656	0.9267	2.4575									
5.8733	0.9267	1.5133									
6.6498	0.9267	1.4888									
3.9927	0.9268	2.082									
6.6498	0.9268	1.5258									
7.4126	0.9268	1.4373									
6.4593	0.9269	1.4198									
6.4593	0.9269	1.4516									
5.6675	0.9269	1.9681									
2.4762	0.9272	3.2873									
6.7327	0.9273	1.5426									
3.6535	0.9274	2.2093									
2.6827	0.9274	3.3065									
4.1499	0.9274	2.0573									
2.5312	0.9275	3.3714									
2.4437	0.9275	3.2747									
2.4447	0.9275	3.3629									
3.3766	0.9276	3.8984									
2.4779	0.9277	3.2305									
8.2505	0.9277	1.4405									
2.4762	0.928	3.2841									
2.6827	0.928	3.3747									
3.2404	0.928	3.1976									
2.5792	0.9281	6.5878									
9.683	0.9281	2.6402									
2.6079	0.9282	3.2474									
7.7279	0.9284	1.38									
13.3106	0.9284	1.5276									
2.532	0.9284	3.4218									
2.4447	0.9285	3.3701									
2.6079	0.9285	3.2324									
6.837	0.9285	1.4815									
5.3885	0.9287	2.5635									
5.8733	0.9287	1.7609									
2.6378	0.9287	3.2791									
3.2404	0.9288	3.2827									
2.4779	0.9289	3.2473									
2.703	0.9289	3.4728									
2.532	0.929	3.3483									
2.9693	0.929	3.2972									
3.2404	0.929	3.2469									
3.2404	0.929	3.3162									
3.2404	0.929	3.2907									
7.7279	0.9291	1.4327									
3.3401	0.9291	3.6607									
2.6378	0.9291	3.3823									
10.4397	0.9292	1.4741									
2.9693	0.9293	3.2955									
8.2505	0.9294	1.4668									
10.4397	0.9294	1.5033									
2.9693	0.9295	3.2869									
2.9693	0.9295	3.2939									
8.5234	0.9295	1.5876									
7.9157	0.9296	1.5267									
3.4225	0.9298	3.3164									
8.2505	0.9299	1.509									
4.4557	0.9301	2.1489									
3.4225	0.9301	3.3477									
3.4225	0.9301	3.2751									
3.4225	0.9302	3.254									
5.8733	0.9303	1.8768									
6.0771	0.9303	1.5105									
10.2182	0.9305	2.7955									
5.8733	0.9305	1.9066									
3.5159	0.9306	2.177									
9.683	0.931	1.4181									
6.8106	0.9311	1.4703									
13.3106	0.9312	1.517									
6.0771	0.9313	1.4697									
6.5739	0.9314	1.5115									
3.1886	0.9316	2.0852									
3.5464	0.9316	3.5184									
5.9914	0.9317	1.5062									
3.5819	0.9318	2.0414									
6.0771	0.9319	1.4953									
10.4843	0.9319	1.4952									
2.8089	0.932	3.4301									
5.0955	0.932	2.1818									
8.7792	0.932	1.4883									
6.0771	0.9321	1.5468									
6.8106	0.9321	1.5228									
3.3719	0.9321	3.4098									
7.9146	0.9321	1.4835									
6.837	0.9323	1.4432									
7.2917	0.9324	1.4471									
9.3431	0.9324	1.4977									
6.837	0.9326	1.443									
5.9914	0.9326	1.5136									
3.4009	0.9327	3.9636									
6.837	0.9327	1.5259									
9.683	0.9328	1.4484									
6.8106	0.9328	1.559									
6.837	0.9328	1.5677									
3.3766	0.9329	2.0157									
3.9207	0.9329	2.2013									
6.8106	0.9329	1.6106									
5.9914	0.9329	1.612									
7.2917	0.9329	1.4581									
5.9914	0.933	1.5479									
7.2917	0.933	1.5574									
7.2917	0.933	1.5581									
10.2182	0.9332	1.5128									
2.7065	0.9333	6.5349									
7.9146	0.9333	1.4811									
7.9146	0.9333	1.4734									
7.9146	0.9333	1.5699									
7.9146	0.9333	1.618									
4.3063	0.9334	2.2459									
13.3106	0.9336	1.572									
9.3431	0.9336	1.5321									
9.3431	0.9336	1.5366									
7.5329	0.9337	1.6033									
9.3431	0.9337	1.5891									
9.3431	0.9337	1.6262									
7.4126	0.9337	1.4745									
5.8733	0.9338	3.2177									
3.75	0.934	3.7476									
9.683	0.9341	1.4604									
12.0604	0.9341	2.8321									
7.4126	0.9341	1.4733									
2.8721	0.9342	3.3728									
3.2654	0.9342	2.0123									
13.3106	0.9343	1.6368									
2.9241	0.9343	3.5821									
3.1886	0.9344	2.0504									
12.0604	0.9344	1.5057									
4.2212	0.9344	2.0907									
4.9209	0.9344	2.4198									
3.0139	0.9345	3.3614									
7.4126	0.9346	1.5166									
7.4126	0.9346	1.5505									
3.5819	0.9347	2.0583									
9.683	0.9348	1.5194									
8.3269	0.9349	1.5327									
2.6821	0.935	6.7108									
6.6977	0.9351	1.5691									
8.8177	0.9351	1.5781									
10.2182	0.9353	1.5089									
8.1479	0.9353	1.563									
3.3766	0.9356	2.0357									
3.7983	0.9357	2.169									
3.5081	0.9358	2.0685									
3.8048	0.9359	2.0322									
4.1563	0.9359	2.1487									
12.4561	0.9361	2.8253									
3.2654	0.9361	2.0074									
2.9977	0.9362	3.3753									
7.6778	0.9362	1.5349									
6.6977	0.9365	1.5562									
10.2182	0.9366	1.5382									
12.0604	0.9366	1.5241									
3.9927	0.9368	2.0491									
3.6157	0.937	4.0386									
10.2182	0.9371	1.6194									
12.4561	0.9371	1.5385									
3.5081	0.9371	2.0783									
6.6977	0.9371	1.5901									
3.1886	0.9372	2.0527									
3.8048	0.9372	2.0285									
5.1721	0.9372	2.5464									
4.2212	0.9372	2.0603									
5.6675	0.9372	2.0145									
6.6977	0.9373	1.6532									
6.7327	0.9373	1.5977									
4.2212	0.9373	2.0732									
3.5819	0.9375	2.0402									
3.2654	0.9375	2.039									
4.2212	0.9375	2.0617									
4.2212	0.9375	2.0714									
5.0955	0.9375	2.1821									
6.5895	0.9375	2.3234									
3.658	0.9376	2.0777									
3.1886	0.9377	2.062									
3.3766	0.9377	2.0374									
4.1499	0.9377	2.0599									
3.2654	0.9378	2.0681									
3.5081	0.9378	2.0437									
3.9927	0.9378	2.1912									
3.5819	0.9379	2.1003									
3.5081	0.9379	2.0651									
3.8048	0.9379	2.0425									
12.0604	0.938	1.5678									
5.0955	0.938	2.1471									
3.8048	0.9381	2.066									
6.7327	0.9381	1.6004									
5.0955	0.9381	2.0981									
5.0955	0.9381	2.1605									
3.3766	0.9382	2.0562									
3.8893	0.9383	4.082									
12.0604	0.9383	1.6566									
3.9927	0.9383	2.0551									
5.5905	0.9383	2.43									
5.0955	0.9383	2.1782									
3.9927	0.9384	2.0475									
5.6675	0.9384	2.0387									
5.6675	0.9384	1.9938									
5.6675	0.9384	2.0477									
5.6675	0.9384	2.0646									
7.9157	0.9385	1.5936									
4.1499	0.9385	2.0688									
3.658	0.9386	2.0844									
8.7792	0.9386	1.5259									
4.1499	0.9388	2.0959									
4.6997	0.9389	2.3317									
4.1499	0.9389	2.0915									
12.4561	0.939	1.5698									
6.0275	0.939	2.5406									
6.7327	0.939	1.6269									
6.7327	0.939	1.6811									
7.6778	0.939	1.6033									
11.6178	0.939	1.5682									
3.9854	0.9391	2.2106									
3.7467	0.9392	2.2603									
7.6778	0.9392	1.6036									
3.658	0.9393	2.0735									
7.6778	0.9393	1.6644									
7.6778	0.9393	1.7342									
7.9157	0.9394	1.6048									
3.658	0.9394	2.0698									
10.4843	0.9394	1.5262									
4.4151	0.9395	2.258									
7.1533	0.9395	1.6486									
2.7606	0.9396	3.5128									
7.8284	0.9396	1.6154									
8.7792	0.9396	1.5444									
7.9157	0.9397	1.6612									
8.7792	0.9397	1.5433									
7.9157	0.9398	1.7254									
6.5739	0.9398	1.5571									
8.7792	0.9398	1.6412									
8.7792	0.9398	1.6864									
3.2654	0.9399	3.9377									
9.2517	0.9401	1.5741									
3.4009	0.9403	2.0851									
12.4561	0.9404	1.6151									
5.6919	0.9404	2.5218									
4.8528	0.9405	2.2196									
8.9003	0.9405	1.6086									
12.4561	0.9406	1.6568									
6.5739	0.9406	1.5765									
8.3269	0.9406	1.5823									
2.9654	0.9407	3.6848									
5.5178	0.9407	2.2276									
4.6004	0.9407	1.7683									
8.3269	0.9408	1.5927									
10.4843	0.9409	1.5834									
10.4843	0.9409	1.5939									
10.4843	0.9409	1.6735									
10.4843	0.9409	1.7415									
8.3269	0.9409	1.6402									
8.3269	0.941	1.6782									
6.6977	0.9411	2.9118									
6.5739	0.9411	1.6531									
6.5739	0.9411	1.6985									
3.6535	0.9413	4.1438									
7.8284	0.9414	1.6286									
8.1479	0.9415	1.6137									
3.6157	0.9418	2.2038									
8.1479	0.9418	1.6339									
9.2102	0.9418	1.6281									
8.1479	0.9421	1.6827									
8.5234	0.9421	1.5648									
8.1479	0.9422	1.7252									
3.8893	0.9424	2.1763									
7.8284	0.9424	1.668									
2.8771	0.9426	3.541									
7.8284	0.9426	1.7174									
3.4009	0.9432	2.1023									
7.5329	0.9434	1.6152									
8.8177	0.9434	1.5903									
3.9873	0.9435	3.3861									
4.04	0.9436	2.2437									
3.6157	0.944	2.2348									
7.5329	0.944	1.6172									
2.5792	0.9441	3.4342									
8.8177	0.9443	1.5575									
4.4557	0.9444	2.1436									
7.5329	0.9446	1.6995									
8.8177	0.9446	1.6756									
8.5234	0.9446	1.5871									
7.5329	0.9447	1.7755									
8.8177	0.9447	1.7542									
11.6178	0.9447	1.6118									
4.7883	0.9448	2.4696									
8.5234	0.9448	1.6116									
8.5234	0.9449	1.6786									
8.5234	0.9449	1.7921									
3.8893	0.945	2.176									
9.2517	0.945	1.5687									
3.4009	0.9451	2.1101									
8.9003	0.9451	1.6758									
3.4009	0.9453	2.1172									
8.9003	0.9453	1.6798									
4.5168	0.9454	2.339									
11.6178	0.9454	1.6463									
8.9003	0.9455	1.7318									
6.5895	0.9455	2.2614									
11.6178	0.9455	1.713									
11.6178	0.9455	1.8247									
11.6178	0.9455	1.9135									
8.9003	0.9456	1.8315									
3.6157	0.9458	2.2768									
5.4462	0.9458	2.6411									
3.5159	0.9459	2.218									
7.1533	0.9459	1.6469									
6.0812	0.946	2.5755									
6.0771	0.946	2.7009									
3.6157	0.9462	2.1688									
9.2517	0.9462	1.663									
9.2102	0.9462	1.6577									
3.8893	0.9463	2.1796									
7.1533	0.9463	1.6336									
5.5178	0.9463	2.231									
9.2517	0.9463	1.661									
9.2102	0.9463	1.6377									
9.2517	0.9464	1.7404									
9.2517	0.9464	1.85									
9.2102	0.9464	1.8222									
3.8893	0.9465	2.1995									
5.3081	0.9465	2.4099									
7.8284	0.9465	2.9518									
7.1533	0.9465	1.7109									
9.2102	0.9465	1.7391									
4.1563	0.9467	2.1642									
7.1533	0.9467	1.7767									
2.703	0.9468	6.5675									
4.4557	0.9469	2.1531									
6.5895	0.9469	2.3049									
4.4557	0.947	2.1142									
4.2522	0.947	2.2815									
5.5178	0.947	2.3129									
5.5178	0.947	2.324									
6.5895	0.947	2.2735									
6.5895	0.947	2.2455									
6.5895	0.947	2.3037									
4.4557	0.9471	2.1486									
5.5178	0.9471	2.2341									
5.5178	0.9471	2.2768									
4.4557	0.9472	2.1806									
2.7065	0.9474	3.4067									
3.5159	0.9475	2.2736									
4.8184	0.9476	2.2783									
3.9207	0.9477	4.2372									
4.1563	0.9477	2.1746									
2.5792	0.9478	3.5067									
3.7983	0.9478	2.2346									
3.6535	0.9479	2.1917									
3.5081	0.9479	3.8874									
4.6004	0.9479	1.8149									
4.1563	0.948	2.1738									
4.4151	0.948	2.2475									
4.1563	0.9481	2.221									
4.3063	0.9482	4.2703									
3.9854	0.9482	2.1979									
6.8106	0.9483	2.8995									
4.4151	0.9483	2.2733									
4.6004	0.9483	1.9009									
6.6079	0.9483	2.2708									
4.6004	0.9484	1.9215									
4.6004	0.9484	1.9335									
3.5159	0.9485	2.3115									
3.5159	0.9485	2.2386									
3.7983	0.9485	2.1793									
4.4151	0.9486	2.2642									
4.9008	0.9486	2.2578									
2.6821	0.9487	3.4304									
4.4151	0.9487	2.2607									
3.3719	0.9488	3.3631									
3.9854	0.9489	2.2201									
3.7983	0.9491	2.1967									
4.2411	0.9492	2.5629									
3.8048	0.9493	3.9975									
3.7983	0.9493	2.2084									
3.9854	0.9494	2.222									
6.4593	0.9494	2.5851									
2.703	0.9495	3.3714									
3.9854	0.9495	2.2686									
2.5312	0.9497	6.6573									
2.901	0.9497	3.6283									
2.9092	0.9499	3.7333									
3.7529	0.9499	3.4211									
5.8714	0.9499	2.2189									
6.6498	0.95	2.7358									
3.5159	0.9501	4.255									
2.8089	0.9502	3.4135									
3.7467	0.9503	2.2658									
2.7065	0.9504	3.4229									
3.3452	0.9504	3.8115									
3.6535	0.9504	2.2176									
2.5792	0.9506	3.4747									
4.6997	0.9506	4.3728									
3.9207	0.9507	2.2215									
4.8528	0.9508	2.2662									
5.4024	0.9509	2.4973									
2.8721	0.9511	3.407									
4.3063	0.9512	2.2321									
2.8089	0.9512	6.5731									
2.9241	0.9512	3.4476									
3.7467	0.9513	2.2487									
6.7327	0.9513	2.9302									
2.5792	0.9514	3.383									
3.1887	0.9514	3.72									
2.703	0.9514	3.3644									
3.0139	0.9515	3.3766									
2.9977	0.9516	3.3649									
2.4779	0.9517	6.3487									
2.7606	0.9519	6.7207									
6.0123	0.952	2.4937									
2.8089	0.952	3.4417									
2.6821	0.9522	3.3701									
3.6535	0.9522	2.2146									
3.9207	0.9522	2.2491									
3.1154	0.9522	3.7048									
3.6535	0.9524	2.2601									
2.9241	0.9524	3.5171									
3.7467	0.9525	2.2873									
3.3719	0.9525	3.4019									
3.9873	0.9525	3.3924									
3.7467	0.9526	2.3102									
4.8528	0.9526	2.2463									
2.4437	0.9527	6.3386									
3.3719	0.9527	3.3874									
4.8528	0.9527	2.2325									
5.9914	0.9527	2.7606									
2.7065	0.9528	3.4087									
4.3063	0.9528	2.2532									
3.17	0.9528	3.5568									
3.3719	0.9528	3.3862									
3.3719	0.9528	3.3967									
4.8528	0.9528	2.2762									
4.8528	0.9528	2.3356									
3.7529	0.9528	3.45									
2.703	0.953	3.3602									
2.8089	0.953	3.5091									
2.8721	0.953	3.4115									
2.9977	0.9531	3.3802									
3.0139	0.9531	3.3711									
2.8089	0.9532	3.4822									
4.04	0.9532	2.2817									
2.703	0.9533	3.3883									
3.658	0.9533	3.9277									
2.7065	0.9534	3.4014									
3.9207	0.9534	2.2586									
2.9241	0.9534	3.3952									
3.7529	0.9535	3.4763									
2.9654	0.9536	6.7975									
3.9207	0.9536	2.2851									
2.9241	0.9536	3.4363									
3.7529	0.9536	3.4496									
8.0032	0.9537	2.5989									
3.7529	0.9537	3.4291									
2.8721	0.9538	3.3686									
4.04	0.9538	2.3066									
3.7529	0.9538	3.5132									
2.6821	0.9539	3.5588									
4.3063	0.9539	2.3096									
2.9977	0.9539	3.3823									
2.9977	0.9539	3.3985									
3.6886	0.9539	3.7075									
5.8714	0.9539	2.22									
2.8721	0.954	3.406									
2.8721	0.954	6.6124									
3.0139	0.954	3.3508									
3.0139	0.954	3.3566									
3.9873	0.9541	3.3472									
3.9873	0.9541	3.4601									
3.9873	0.9542	3.522									
3.9873	0.9542	3.4948									
4.3063	0.9543	2.3335									
4.8184	0.9544	2.2879									
5.8714	0.9544	2.268									
5.8714	0.9544	2.2646									
5.8714	0.9544	2.3354									
5.8714	0.9544	2.361									
6.6079	0.9544	2.2689									
2.6821	0.9545	3.6516									
6.6163	0.9545	2.5631									
3.9927	0.9545	3.896									
4.2522	0.9545	2.3269									
4.04	0.9546	2.3377									
4.5168	0.9546	2.3616									
4.656	0.9546	2.4644									
2.9241	0.9546	6.636									
3.0139	0.9546	6.5007									
4.04	0.9547	2.3323									
7.9157	0.9547	2.9642									
4.9008	0.9548	2.2607									
3.3264	0.9549	3.524									
3.4931	0.9549	3.5243									
6.6079	0.9549	2.2566									
4.8184	0.955	2.2955									
4.2522	0.9551	2.2778									
4.8184	0.9551	2.3643									
6.6079	0.9551	2.3333									
6.6079	0.9551	2.4262									
6.6079	0.9551	2.4564									
4.8184	0.9552	2.3248									
2.8771	0.9554	6.8661									
4.5168	0.9554	2.3589									
4.9008	0.9554	2.3137									
4.2522	0.9555	2.2902									
4.9008	0.9555	2.3283									
3.1941	0.9556	3.6991									
4.2522	0.9556	2.3445									
4.9008	0.9557	2.3946									
4.5168	0.9558	2.3755									
4.1499	0.9558	3.9522									
4.5168	0.9559	2.443									
6.0812	0.956	4.7257									
10.4397	0.956	2.765									
5.3885	0.9563	2.6102									
7.5329	0.9564	2.986									
4.7883	0.9567	4.6871									
2.9977	0.957	6.5848									
7.2917	0.957	2.756									
4.6997	0.9571	2.3261									
3.7983	0.9571	4.131									
3.0637	0.9573	3.7183									
4.9209	0.9574	2.4499									
4.9178	0.9575	2.6241									
3.7467	0.9576	4.3172									
6.5739	0.958	2.9058									
2.5312	0.9581	12.2085									
6.0556	0.9581	2.6072									
4.6727	0.9582	3.548									
7.4126	0.9582	2.6778									
2.4447	0.9583	6.4903									
8.8177	0.9587	2.9282									
6.5704	0.9587	2.4117									
2.7606	0.9588	3.5195									
5.3081	0.9588	4.6102									
4.1563	0.9588	4.134									
4.6997	0.9589	2.3348									
7.7279	0.959	2.6414									
2.901	0.9595	6.9303									
13.3106	0.9596	2.9462									
7.7585	0.9596	2.4161									
4.7883	0.9597	2.4194									
3.8436	0.9597	3.751									
5.5905	0.9597	2.4315									
8.2505	0.9599	2.6894									
4.6997	0.96	2.3618									
5.6919	0.96	2.5117									
4.2411	0.9602	2.589									
2.4779	0.9603	12.1797									
2.9654	0.9604	3.6612									
4.6997	0.9604	2.4231									
5.3081	0.9605	2.4563									
2.4762	0.9606	6.3583									
3.3886	0.9607	3.743									
2.7606	0.9609	3.511									
4.7883	0.9609	2.4362									
2.6079	0.961	6.3469									
5.4024	0.961	2.4753									
2.4437	0.9611	12.1289									
3.3401	0.9613	3.6573									
4.2411	0.9614	2.6173									
2.6378	0.9614	6.4135									
2.8771	0.9615	3.5375									
5.3081	0.9615	2.4579									
3.3452	0.9616	7.0382									
2.6827	0.9616	6.7912									
2.532	0.9617	6.3903									
3.1883	0.9617	3.6889									
3.1887	0.9619	7.2573									
4.7883	0.9619	2.5035									
3.9854	0.9619	4.1658									
4.2933	0.9619	3.5635									
2.7606	0.962	3.6112									
6.0812	0.962	2.5561									
4.7883	0.9621	2.573									
4.2411	0.9621	2.5751									
2.7606	0.9622	3.5422									
2.9654	0.9623	3.5459									
5.3081	0.9623	2.5234									
3.6886	0.9623	3.6841									
4.2411	0.9624	2.5913									
4.656	0.9624	2.4456									
5.3081	0.9625	2.5651									
8.0032	0.9625	4.9217									
5.4024	0.9625	2.4492									
5.4024	0.9625	2.4613									
8.1479	0.9625	2.946									
5.4024	0.9626	2.4817									
5.4024	0.9626	2.548									
2.9092	0.9627	3.6869									
5.1721	0.9627	2.6107									
3.5464	0.9627	3.3993									
6.5704	0.9629	2.4095									
3.1886	0.963	3.9052									
6.0123	0.963	4.81									
4.656	0.963	2.5121									
3.1154	0.9631	3.7093									
8.3269	0.9631	2.8935									
2.8771	0.9632	3.5566									
4.656	0.9632	2.5555									
5.3885	0.9632	2.5488									
5.0354	0.9632	3.804									
4.656	0.9633	2.6399									
3.3264	0.9633	3.557									
9.683	0.9634	2.8044									
4.04	0.9634	4.2738									
6.837	0.9634	2.6898									
6.5704	0.9634	2.4825									
6.5704	0.9634	2.5018									
6.5704	0.9634	2.5488									
5.8733	0.9635	3.2901									
3.6886	0.9635	3.7092									
4.9209	0.9635	2.5002									
6.5704	0.9635	2.5974									
2.9654	0.9636	3.5658									
6.0812	0.9636	2.5454									
3.17	0.9636	3.5379									
4.4151	0.9636	4.2888									
2.9092	0.9637	3.5856									
5.3885	0.9637	2.5694									
3.6886	0.9637	3.6172									
3.6886	0.9637	3.5377									
3.6886	0.9637	3.7112									
3.1941	0.9637	3.6066									
4.6727	0.9637	3.548									
2.9654	0.9638	3.5827									
4.2411	0.9638	4.7088									
7.1533	0.9638	2.9866									
3.1154	0.9639	3.6619									
5.3885	0.9639	2.6938									
3.4931	0.9639	3.541									
2.8771	0.964	3.5752									
5.3885	0.964	2.7017									
4.9209	0.964	2.5215									
2.8771	0.9642	3.5667									
3.3264	0.9642	3.5788									
4.9209	0.9643	2.5424									
4.6727	0.9643	3.5826									
3.1154	0.9644	3.6387									
3.1154	0.9644	3.6935									
3.17	0.9644	3.5469									
3.1941	0.9644	3.6844									
3.3264	0.9644	3.5959									
3.3264	0.9644	3.6544									
4.9209	0.9644	2.647									
4.2933	0.9644	3.5416									
4.6727	0.9644	3.6095									
4.6727	0.9644	3.6429									
10.4397	0.9645	5.204									
2.9092	0.9645	7.0076									
5.5905	0.9645	2.4505									
4.6727	0.9645	3.5718									
3.4931	0.9645	3.4911									
7.7585	0.9645	2.4479									
2.9092	0.9646	3.6441									
3.75	0.9646	3.7098									
2.9092	0.9647	3.6108									
6.0275	0.9647	2.6183									
3.1941	0.9647	3.6812									
5.5905	0.9647	2.4827									
5.6919	0.9647	2.4942									
10.2182	0.9648	2.8605									
3.17	0.9649	3.5673									
3.1941	0.9649	3.7354									
3.4931	0.9649	3.5234									
3.17	0.965	3.5701									
5.5905	0.965	2.5382									
5.5905	0.965	2.6306									
4.2933	0.965	3.5394									
4.2933	0.965	3.558									
3.4931	0.965	3.5252									
7.7585	0.965	2.4525									
7.7585	0.965	2.5115									
7.7585	0.965	2.566									
7.7585	0.965	2.654									
7.2348	0.965	2.5548									
3.5819	0.9651	3.9404									
6.0812	0.9651	2.5979									
4.2933	0.9651	3.5532									
4.2933	0.9651	3.5159									
4.6004	0.9651	3.579									
5.6919	0.9651	2.5016									
6.0123	0.9652	2.5443									
5.4462	0.9653	2.6552									
5.6919	0.9653	2.6181									
3.3766	0.9654	3.9364									
5.6919	0.9654	2.5575									
8.4841	0.9654	2.6622									
6.0812	0.9655	2.6776									
6.6163	0.9656	4.8098									
12.0604	0.9658	2.8953									
6.0123	0.9662	2.5584									
6.6163	0.9665	2.634									
4.5168	0.9665	4.4419									
3.3452	0.9666	3.7406									
8.9003	0.9666	3.0722									
2.901	0.9667	3.624									
6.0123	0.9667	2.631									
6.4593	0.9667	2.6265									
6.0556	0.9668	2.6366									
6.0123	0.9669	2.7082									
4.9178	0.9669	2.6153									
4.7375	0.9669	3.5861									
6.6977	0.9671	2.9329									
8.0032	0.9672	2.653									
3.1887	0.9674	3.7467									
6.6163	0.9674	2.7127									
13.3106	0.9674	5.4839									
12.4561	0.9675	2.9082									
6.6498	0.9676	2.7099									
4.9178	0.9677	2.6214									
4.2522	0.9678	4.2556									
3.0637	0.9679	3.6555									
7.6778	0.968	2.7892									
6.6163	0.9681	2.689									
3.8436	0.9681	3.7841									
6.6163	0.9682	2.7701									
4.9178	0.9682	2.8066									
3.3452	0.9683	3.6556									
4.9178	0.9683	2.7391									
8.0032	0.9685	2.6518									
6.0771	0.9685	2.727									
6.8106	0.9685	2.9167									
2.901	0.9686	3.6236									
7.2348	0.9686	2.6161									
3.1887	0.9687	3.7395									
7.7279	0.9687	4.8971									
2.4447	0.9687	12.3742									
6.0556	0.9687	2.6174									
9.2102	0.9687	3.005									
3.0637	0.9688	3.6771									
3.4225	0.9688	6.3869									
3.3401	0.9689	3.6733									
6.0556	0.9689	2.6182									
6.0556	0.9689	2.7115									
10.4397	0.969	2.75									
5.1721	0.969	2.6608									
6.0556	0.969	2.8105									
5.0354	0.969	3.7259									
3.3452	0.9691	3.6956									
3.1154	0.9691	7.0391									
3.2654	0.9691	3.9799									
3.3886	0.9692	3.7405									
5.4462	0.9692	2.6747									
3.3452	0.9693	3.7295									
3.3401	0.9693	3.6805									
3.5464	0.9693	3.2631									
5.4462	0.9693	2.7023									
5.9914	0.9693	2.8137									
7.9146	0.9693	2.7653									
3.4009	0.9694	4.1038									
3.0637	0.9694	3.711									
3.1883	0.9694	3.7067									
3.8436	0.9694	3.7568									
7.2348	0.9694	2.6082									
3.0637	0.9695	3.7771									
5.1721	0.9695	2.6283									
2.9693	0.9695	6.5064									
3.8436	0.9695	3.7814									
7.2348	0.9695	2.6528									
8.4841	0.9695	2.743									
3.1887	0.9696	3.6835									
3.1887	0.9696	3.7083									
8.0032	0.9696	2.7393									
3.17	0.9696	6.8604									
3.8436	0.9696	3.7929									
3.3401	0.9696	3.6877									
3.3401	0.9696	3.6975									
5.4462	0.9696	2.7292									
5.4462	0.9696	2.808									
4.7375	0.9696	3.4382									
5.0354	0.9696	3.6937									
7.2348	0.9696	2.7514									
7.2348	0.9696	2.87									
3.3886	0.9697	3.9353									
3.8436	0.9697	3.7173									
3.5464	0.9697	3.2139									
5.0354	0.9697	3.7495									
5.0354	0.9697	3.7456									
5.0354	0.9697	3.7654									
2.901	0.9698	3.7109									
8.0032	0.9698	2.7919									
8.2505	0.9698	4.9989									
5.1721	0.9698	2.7221									
5.1721	0.9698	2.81									
6.0275	0.9698	2.6626									
4.8184	0.9698	4.28									
10.4397	0.9699	2.7995									
4.7375	0.9699	3.3349									
4.7375	0.9699	3.159									
4.7375	0.9699	3.1955									
4.7375	0.9699	3.2061									
3.1883	0.97	3.7397									
3.5464	0.97	3.188									
6.4593	0.97	2.6559									
8.4841	0.97	2.7661									
8.4841	0.97	2.8464									
8.4841	0.97	2.8761									
8.4841	0.97	2.9744									
9.3431	0.97	2.7464									
2.5792	0.9701	6.6831									
7.7279	0.9701	2.6448									
8.2505	0.9701	2.683									
3.0637	0.9701	7.2255									
3.5464	0.9701	3.1949									
6.4593	0.9701	2.6758									
6.4593	0.9701	2.7816									
6.4593	0.9701	2.859									
2.901	0.9702	3.6907									
3.3886	0.9702	3.7082									
3.3886	0.9702	3.7066									
4.9178	0.9702	4.955									
6.0275	0.9702	2.6615									
6.6498	0.9702	2.8029									
3.1883	0.9703	3.693									
7.8284	0.9703	3.0266									
6.6498	0.9703	2.8107									
3.1886	0.9704	7.3332									
3.1883	0.9704	3.7807									
6.0275	0.9704	2.7675									
6.0275	0.9704	2.8406									
4.2212	0.9704	3.8934									
7.2917	0.9704	2.818									
3.75	0.9704	3.7485									
6.6498	0.9705	2.8213									
6.6498	0.9705	2.9581									
6.7327	0.9706	2.9502									
7.4126	0.9706	2.7422									
2.4762	0.9708	12.352									
10.4397	0.9709	2.9203									
6.837	0.9709	2.7583									
3.75	0.9709	3.663									
7.7279	0.971	2.6756									
10.4397	0.971	3.0463									
8.2505	0.9711	2.7308									
5.8733	0.9711	3.2458									
3.75	0.9711	3.7022									
3.75	0.9711	3.733									
8.5234	0.9712	2.8932									
3.6157	0.9713	4.1297									
13.3106	0.9714	3.064									
7.7279	0.9716	2.7716									
4.656	0.9717	4.7379									
5.8733	0.9717	3.1284									
3.8893	0.9718	4.1431									
7.7279	0.9718	2.8266									
4.9008	0.9718	4.2557									
8.2505	0.9719	2.8014									
8.2505	0.972	2.9534									
9.683	0.9721	5.1381									
3.8048	0.9722	4.0889									
3.3264	0.9722	6.8338									
2.6378	0.9722	12.5657									
3.4931	0.9723	6.7142									
5.8733	0.9724	3.2322									
6.837	0.9724	2.7964									
7.2917	0.9724	2.8293									
7.9146	0.9724	2.7571									
5.8733	0.9725	3.1129									
7.9157	0.9725	2.9915									
6.837	0.9725	2.7669									
7.2917	0.9725	2.8587									
7.2917	0.9725	2.9885									
13.3106	0.9726	3.0785									
2.532	0.9726	12.2085									
3.5081	0.9726	4.0614									
6.837	0.9726	2.8982									
6.837	0.9726	3.0056									
7.2917	0.9726	3.1005									
8.7792	0.9726	2.8232									
3.5819	0.9727	7.3505									
9.683	0.9727	2.8371									
2.6079	0.9727	12.2229									
5.9914	0.9728	2.8175									
7.9146	0.9728	2.8866									
7.9146	0.9728	2.901									
7.9146	0.9728	3.046									
7.9146	0.9728	3.0892									
7.4126	0.9728	2.8125									
6.8106	0.9729	2.929									
6.0771	0.973	2.8168									
6.8106	0.973	2.8555									
2.6827	0.973	12.2129									
5.9914	0.973	2.844									
9.3431	0.973	2.7864									
7.4126	0.973	2.9494									
2.5312	0.9731	6.536									
5.9914	0.9731	2.9945									
5.9914	0.9731	3.1579									
7.4126	0.9731	2.8293									
7.4126	0.9731	3.0425									
2.4437	0.9732	6.4197									
3.3766	0.9732	7.476									
6.8106	0.9732	3.0115									
6.8106	0.9732	3.0643									
3.1941	0.9732	7.1095									
6.5739	0.9732	2.9964									
6.6977	0.9733	2.9992									
9.3431	0.9734	2.9189									
9.3431	0.9734	2.9398									
5.3885	0.9735	4.868									
6.0771	0.9735	2.8233									
3.658	0.9735	3.9493									
9.3431	0.9735	3.0947									
9.3431	0.9735	3.2213									
10.4843	0.9735	2.8213									
13.3106	0.9736	3.2062									
3.9927	0.9736	3.9636									
3.6535	0.9737	4.3333									
10.2182	0.9737	5.3139									
13.3106	0.9737	3.3284									
6.0771	0.9737	2.9739									
2.4779	0.9738	6.2977									
6.0771	0.9738	3.0814									
9.683	0.9739	2.8617									
6.6977	0.9739	3.0156									
10.2182	0.974	2.9198									
12.0604	0.974	5.348									
2.7065	0.9741	6.5742									
9.683	0.9743	2.9663									
9.683	0.9743	3.1226									
2.4447	0.9743	6.3814									
7.5329	0.9743	3.0253									
3.2404	0.9743	6.3247									
4.1499	0.9743	3.9624									
8.8177	0.9744	2.9995									
5.8733	0.9745	5.3364									
6.6977	0.9745	3.1045									
7.6778	0.9745	2.8351									
5.6675	0.9745	3.8498									
6.6977	0.9746	3.3498									
2.6821	0.9748	6.6854									
10.2182	0.9748	2.8662									
12.0604	0.9748	2.9699									
4.9209	0.9748	4.6283									
8.3269	0.9748	2.8655									
6.7327	0.975	3.0242									
4.4557	0.975	4.0608									
2.6827	0.9751	6.4841									
2.5312	0.9752	6.6017									
3.1886	0.9752	3.9708									
6.7327	0.9752	2.9894									
2.6079	0.9752	6.3043									
8.1479	0.9752	2.9825									
2.4437	0.9753	6.3305									
2.4762	0.9753	6.3725									
10.2182	0.9754	3.0409									
10.2182	0.9754	3.1922									
12.0604	0.9754	2.9805									
2.532	0.9754	6.3346									
5.0955	0.9754	3.9827									
3.3886	0.9755	7.1049									
6.7327	0.9755	3.4033									
2.6378	0.9755	6.3983									
11.6178	0.9755	2.9754									
2.4779	0.9756	6.3794									
3.1883	0.9756	6.9698									
3.5159	0.9756	4.1867									
6.7327	0.9756	3.1497									
7.6778	0.9756	2.9019									
9.2517	0.9756	2.8942									
2.5792	0.9757	12.5451									
12.4561	0.9757	2.9961									
7.6778	0.9757	2.9376									
3.4009	0.9758	7.6483									
2.9693	0.9758	6.4617									
7.6778	0.9758	3.0738									
8.7792	0.9758	2.9117									
12.0604	0.9759	3.2831									
7.6778	0.9759	3.2503									
12.0604	0.976	3.1436									
2.4447	0.976	6.5425									
7.9157	0.9761	2.9815									
2.4437	0.9762	6.3887									
7.9157	0.9762	3.1072									
2.6079	0.9762	6.3248									
2.6827	0.9762	6.4837									
7.1533	0.9762	3.0831									
3.2404	0.9762	6.3991									
2.5312	0.9763	6.4964									
2.4437	0.9763	6.4391									
3.1886	0.9763	3.9532									
12.4561	0.9763	5.406									
2.532	0.9763	6.3247									
8.7792	0.9763	2.9814									
8.7792	0.9763	3.0844									
7.9157	0.9764	3.1232									
7.9157	0.9764	3.2869									
3.4225	0.9764	6.5088									
8.7792	0.9764	3.4273									
10.4843	0.9764	2.9487									
8.3269	0.9764	3.0005									
8.3269	0.9764	3.1737									
8.3269	0.9764	3.3228									
2.5312	0.9765	6.5073									
3.3766	0.9765	3.9178									
3.9207	0.9765	4.3142									
12.4561	0.9765	3.0615									
2.6827	0.9765	6.4515									
2.6827	0.9765	6.3496									
6.5739	0.9765	3.0465									
3.2404	0.9765	6.3412									
3.2404	0.9765	6.2828									
3.2404	0.9765	6.3382									
3.2404	0.9765	6.2625									
8.7792	0.9765	3.2449									
8.3269	0.9765	2.9265									
3.5819	0.9766	4.0037									
2.6079	0.9766	6.373									
4.2212	0.9766	3.9342									
6.5739	0.9766	3.0967									
8.9003	0.9766	3.0932									
2.4779	0.9767	6.3407									
2.4762	0.9767	6.3909									
2.6079	0.9767	6.3592									
6.5739	0.9767	3.3078									
6.5739	0.9767	3.322									
2.6378	0.9767	6.4806									
10.4843	0.9767	3.2407									
10.4843	0.9767	3.4098									
2.4779	0.9768	6.3387									
2.4447	0.9768	6.5678									
7.8284	0.9768	3.0859									
2.9693	0.9768	6.3357									
3.3401	0.9768	7.0151									
10.4843	0.9768	2.9978									
10.4843	0.9768	3.0285									
3.1886	0.9769	3.9227									
12.4561	0.9769	3.1724									
12.4561	0.9769	3.3411									
2.4447	0.9769	6.3821									
2.532	0.9769	6.4069									
5.1721	0.9769	4.859									
2.9693	0.9769	6.4672									
3.1886	0.977	3.9941									
2.532	0.977	6.428									
2.9693	0.977	6.406									
2.9693	0.977	6.4904									
2.6378	0.977	6.447									
4.3063	0.9771	4.3248									
2.703	0.9771	6.5852									
2.6378	0.9771	6.4657									
3.2654	0.9772	3.9466									
3.4225	0.9772	6.5153									
5.0955	0.9772	4.0653									
3.8048	0.9773	4.1381									
7.8284	0.9773	3.063									
3.4225	0.9773	6.525									
3.4225	0.9773	6.4505									
3.4225	0.9773	6.4522									
3.5819	0.9774	4.0007									
2.4762	0.9774	6.3401									
2.4762	0.9774	6.4314									
3.9927	0.9774	3.9471									
8.1479	0.9774	3.0824									
8.1479	0.9774	3.1198									
8.5234	0.9774	2.9603									
5.6675	0.9774	3.8845									
3.3766	0.9775	3.968									
7.8284	0.9775	3.4528									
4.2212	0.9775	3.9571									
4.2212	0.9775	3.9911									
8.1479	0.9775	3.1993									
8.1479	0.9775	3.3819									
3.7983	0.9776	4.1736									
7.8284	0.9776	3.2308									
3.9927	0.9776	3.9452									
5.0955	0.9776	4.1634									
11.6178	0.9776	3.0276									
3.8048	0.9777	4.0314									
6.6977	0.9777	5.4209									
4.2212	0.9777	4.1282									
4.2212	0.9777	4.1646									
5.0955	0.9777	4.0508									
5.0955	0.9777	4.1382									
5.0955	0.9777	4.12									
5.6675	0.9777	3.9571									
4.1563	0.9778	4.1282									
3.7467	0.9778	4.4002									
8.8177	0.9778	3.0958									
3.658	0.9778	3.9734									
3.9927	0.9778	4.0084									
5.6675	0.9778	3.9515									
5.6675	0.9778	4.0022									
5.6675	0.9778	4.0297									
9.2102	0.9778	3.062									
3.2654	0.9779	3.9676									
3.8048	0.9779	4.1379									
8.8177	0.9779	3.1506									
3.9927	0.9779	4.0595									
5.5905	0.9779	4.6971									
4.1499	0.9779	4.0124									
3.3766	0.978	4.0003									
3.6157	0.978	7.64									
4.6997	0.978	4.5148									
3.5081	0.978	3.9701									
3.8048	0.978	4.1997									
7.5329	0.978	3.0677									
3.3719	0.978	6.5294									
3.5464	0.978	6.0431									
4.1499	0.978	3.9889									
3.3766	0.9781	4.0139									
3.5819	0.9781	4.0065									
3.5819	0.9781	4.027									
8.8177	0.9781	3.3028									
8.8177	0.9781	3.5055									
6.5895	0.9781	4.0852									
11.6178	0.9781	3.1948									
11.6178	0.9781	3.2865									
11.6178	0.9781	3.4707									
11.6178	0.9781	3.7467									
3.5081	0.9782	3.9813									
3.658	0.9782	3.9822									
4.1499	0.9782	4.0501									
4.1499	0.9782	4.0507									
7.5329	0.9783	3.0876									
3.658	0.9783	3.995									
3.658	0.9783	4.0669									
8.9003	0.9783	3.1782									
3.2654	0.9784	3.9596									
3.2654	0.9784	4.0301									
3.5081	0.9784	3.9678									
3.5081	0.9784	4.0442									
7.5329	0.9784	3.2845									
7.5329	0.9784	3.4638									
8.5234	0.9784	3.0298									
8.5234	0.9784	3.0616									
8.9003	0.9784	3.2662									
8.9003	0.9784	3.4121									
8.9003	0.9784	3.6154									
8.5234	0.9785	3.2575									
8.5234	0.9785	3.4834									
7.1533	0.9785	3.1488									
5.6919	0.9785	4.6422									
9.2517	0.9785	2.9611									
6.0275	0.9786	4.9196									
4.8528	0.9786	4.2596									
3.9854	0.9787	4.2394									
3.8893	0.9788	7.7456									
3.2654	0.9788	7.6725									
7.1533	0.9788	3.1826									
5.5178	0.9788	4.2242									
3.6535	0.9789	8.1292									
9.2517	0.9789	3.1444									
9.2517	0.9789	3.1704									
9.2517	0.9789	3.3683									
9.2517	0.9789	3.6279									
7.1533	0.979	3.3026									
7.1533	0.979	3.5266									
9.2102	0.979	3.2379									
2.8089	0.9791	7.0041									
9.2102	0.9791	3.1954									
9.2102	0.9791	3.4125									
9.2102	0.9791	3.6085									
4.4151	0.9792	4.2516									
7.8284	0.9795	5.7442									
3.75	0.9795	7.0136									
2.8721	0.9797	6.5878									
3.4009	0.9798	4.0896									
4.6004	0.9799	3.6347									
2.7065	0.9801	12.6265									
3.0139	0.9801	6.5506									
3.6157	0.9802	4.1414									
2.9241	0.9802	6.7212									
2.7606	0.9803	6.8876									
3.8893	0.9803	4.1294									
2.6821	0.9804	12.8919									
3.4009	0.9804	4.0977									
2.9977	0.9804	6.6534									
4.4557	0.9806	4.026									
3.8893	0.9807	4.1776									
4.7883	0.9807	4.765									
4.04	0.9807	4.3946									
6.0771	0.9807	5.2534									
3.6157	0.9809	4.2576									
6.0812	0.9809	4.9238									
5.5178	0.9809	4.2021									
6.5895	0.9809	4.1711									
5.4462	0.9811	4.8507									
3.8893	0.9812	4.2127									
5.5178	0.9812	4.225									
5.5178	0.9812	4.2354									
5.5178	0.9812	4.2566									
5.5178	0.9812	4.361									
6.5895	0.9812	4.1892									
6.5895	0.9812	4.2843									
6.5895	0.9812	4.2473									
6.5895	0.9812	4.3346									
3.4009	0.9813	4.1548									
3.4009	0.9813	4.2252									
3.6157	0.9813	4.1731									
3.6157	0.9813	4.2522									
3.8893	0.9813	4.2681									
3.5159	0.9814	4.2235									
4.4557	0.9814	4.0686									
4.1563	0.9816	4.2252									
4.4557	0.9816	4.0611									
3.5159	0.9817	4.1836									
4.4557	0.9817	4.1805									
4.4557	0.9817	4.2663									
2.9654	0.9818	6.8607									
3.7983	0.9818	4.1988									
4.1563	0.9818	4.1995									
4.4151	0.9818	4.149									
5.3081	0.9819	4.6867									
4.2522	0.9819	4.3096									
4.1563	0.982	4.2724									
4.1563	0.982	4.3438									
6.8106	0.982	5.1706									
4.4151	0.982	4.1751									
4.4151	0.982	4.4273									
4.4151	0.982	4.4096									
4.6004	0.982	3.5129									
3.5159	0.9821	4.2544									
3.9854	0.9821	4.2252									
4.6004	0.9821	3.6338									
2.5792	0.9822	6.6216									
3.5159	0.9822	4.321									
3.7983	0.9822	4.2467									
4.6997	0.9823	8.223									
3.7983	0.9823	4.2804									
3.9854	0.9823	4.2175									
4.6004	0.9823	3.6854									
4.6004	0.9823	3.7407									
2.8771	0.9824	7.236									
3.6535	0.9824	4.5407									
3.9207	0.9824	8.2006									
3.7983	0.9824	4.3403									
3.9854	0.9824	4.3297									
3.9854	0.9824	4.3787									
6.7327	0.9825	5.6118									
4.8184	0.9825	4.3356									
3.9873	0.9825	6.8118									
4.5168	0.9827	4.4939									
4.2411	0.9827	4.8474									
5.4024	0.9827	4.6035									
6.6079	0.9828	4.3134									
5.8714	0.9829	4.227									
4.9008	0.983	4.3241									
2.5792	0.9831	6.7361									
3.6535	0.9831	4.4974									
3.7467	0.9831	4.3345									
3.9207	0.9832	4.3546									
4.3063	0.9832	8.0924									
3.5081	0.9832	7.5386									
4.8528	0.9832	4.2884									
6.4593	0.9833	5.002									
3.7467	0.9834	4.4424									
3.5159	0.9835	7.8387									
3.9207	0.9836	4.3926									
2.703	0.9836	12.6373									
3.6535	0.9837	4.4281									
3.8048	0.9837	7.7349									
3.7467	0.9837	4.545									
3.7467	0.9837	4.5705									
4.8528	0.9838	4.3186									
4.8528	0.9838	4.3251									
4.8528	0.9838	4.4426									
5.9914	0.9838	5.3906									
3.6535	0.9839	4.5313									
4.3063	0.9839	4.4085									
3.3719	0.9839	6.5665									
3.7529	0.9839	6.6811									
2.5792	0.984	6.7597									
4.8528	0.984	4.4544									
6.6498	0.984	4.9108									
3.9207	0.9841	4.4862									
3.9207	0.9841	4.5331									
8.0032	0.9841	5.0389									
2.5792	0.9842	6.6408									
4.3063	0.9843	4.3924									
2.703	0.9843	6.6225									
4.8184	0.9843	4.3967									
5.8714	0.9843	4.2849									
2.7606	0.9844	12.7773									
6.0812	0.9844	8.9557									
6.0123	0.9844	4.9569									
4.04	0.9844	4.406									
4.8184	0.9844	4.3873									
5.8714	0.9844	4.3595									
5.8714	0.9844	4.3141									
5.8714	0.9844	4.4769									
5.8714	0.9844	4.552									
2.6821	0.9845	6.6375									
2.7065	0.9845	6.6064									
2.901	0.9845	7.1464									
4.8184	0.9845	4.5392									
4.8184	0.9845	4.5379									
6.6079	0.9845	4.3209									
4.3063	0.9846	4.4501									
10.4397	0.9846	5.3738									
4.3063	0.9847	4.5482									
4.04	0.9847	4.4876									
4.2522	0.9847	4.3741									
6.6079	0.9847	4.4355									
6.6079	0.9847	4.4422									
6.6079	0.9847	4.5288									
2.8089	0.9848	6.8508									
2.9092	0.9848	6.9315									
7.9157	0.9848	5.4496									
7.5329	0.9848	5.5547									
3.3719	0.9848	6.5578									
3.3719	0.9848	6.5777									
6.6079	0.9848	4.6589									
2.703	0.9849	6.5662									
4.04	0.9849	4.5551									
4.04	0.9849	4.6417									
3.3719	0.9849	6.6592									
3.3719	0.9849	6.5903									
4.2522	0.9849	4.346									
4.9008	0.9849	4.3374									
4.2522	0.985	4.4257									
4.9008	0.985	4.3551									
2.8089	0.9851	6.6629									
4.2522	0.9851	4.6382									
4.9008	0.9851	4.3846									
4.9008	0.9851	4.5197									
2.7065	0.9852	6.6311									
2.703	0.9852	6.5803									
3.7467	0.9852	8.3237									
2.703	0.9853	6.6198									
2.8089	0.9853	6.7629									
2.8721	0.9853	6.6048									
4.656	0.9853	4.9143									
2.9241	0.9853	6.8082									
3.658	0.9853	7.6069									
6.0556	0.9853	4.8668									
3.7529	0.9853	6.5233									
3.0139	0.9853	6.5435									
3.3452	0.9854	7.2119									
6.6163	0.9854	4.8811									
2.8089	0.9854	6.7009									
2.9977	0.9854	6.577									
3.9927	0.9854	7.5227									
3.9873	0.9854	6.7013									
4.7883	0.9855	8.5943									
4.5168	0.9855	4.5427									
4.5168	0.9855	4.5114									
2.9241	0.9855	6.6482									
3.0139	0.9855	6.4746									
2.6821	0.9856	6.7103									
2.7065	0.9856	6.6323									
2.7065	0.9856	6.6863									
4.6997	0.9856	4.5202									
4.5168	0.9856	4.5575									
4.5168	0.9856	4.7611									
2.8721	0.9857	6.7247									
2.9241	0.9857	6.6506									
2.9241	0.9857	6.6326									
2.9977	0.9857	6.5602									
3.6886	0.9857	7.049									
3.7529	0.9857	6.4904									
3.7529	0.9857	6.5464									
3.7529	0.9857	6.5917									
3.7529	0.9857	6.5331									
3.9873	0.9857	6.7064									
3.9873	0.9857	6.4826									
3.9873	0.9857	6.5689									
3.9873	0.9857	6.6474									
3.0139	0.9857	6.5994									
3.0139	0.9857	6.626									
2.9977	0.9858	6.6002									
2.9977	0.9858	6.6303									
4.9209	0.9858	4.6944									
7.2917	0.9858	5.2291									
3.1887	0.9859	7.372									
2.8721	0.9859	6.8254									
2.8721	0.9859	6.6149									
8.8177	0.9859	5.5523									
6.5739	0.9859	5.5037									
2.6821	0.9861	6.8719									
2.9654	0.9861	13.0354									
4.6997	0.9861	4.5568									
4.9178	0.9861	5.056									
6.5704	0.9861	4.7083									
7.4126	0.9861	5.1476									
2.6821	0.9862	6.8544									
3.1154	0.9862	7.0073									
5.3885	0.9862	4.94									
13.3106	0.9864	5.7343									
3.17	0.9864	6.9145									
4.7883	0.9865	4.826									
7.7279	0.9865	5.0553									
4.1499	0.9865	7.6458									
4.6997	0.9866	4.6474									
4.6997	0.9866	4.8055									
5.3081	0.9866	8.5395									
2.8771	0.9868	13.0972									
3.3264	0.9868	6.9429									
5.4024	0.9868	4.6038									
7.7585	0.9868	4.6017									
8.0032	0.9869	8.9103									
8.2505	0.9869	5.1377									
3.0637	0.9869	7.3317									
2.8089	0.987	12.8815									
3.4931	0.987	6.9534									
2.7606	0.9871	6.9444									
4.7883	0.9871	4.8182									
10.4397	0.9871	9.5506									
3.7983	0.9871	7.8983									
3.1941	0.9871	7.0116									
2.8721	0.9872	13.0186									
4.2411	0.9872	4.8199									
5.4024	0.9872	4.7204									
5.5905	0.9872	4.785									
5.4024	0.9873	4.7792									
5.6919	0.9873	4.7114									
4.7883	0.9874	4.9173									
5.3081	0.9874	4.7784									
5.4024	0.9874	4.9048									
5.4024	0.9874	5.1238									
4.7883	0.9875	4.9444									
6.0812	0.9875	4.8662									
4.2411	0.9875	4.82									
2.901	0.9876	13.188									
2.7606	0.9877	7.3159									
4.1563	0.9877	7.8772									
4.2411	0.9877	4.8945									
4.2411	0.9877	5.0402									
5.3081	0.9878	4.7041									
7.1533	0.9878	5.5806									
4.2411	0.9879	8.7372									
5.1721	0.9879	5.0239									
3.0139	0.9879	12.808									
6.5704	0.9879	4.6343									
2.7606	0.988	6.9778									
9.683	0.988	5.2559									
4.656	0.988	4.9933									
5.3885	0.988	4.9206									
5.8733	0.988	5.5911									
6.5704	0.988	4.7202									
6.5704	0.988	5.1129									
6.0812	0.9881	5.0159									
5.3885	0.9881	4.8326									
3.8436	0.9881	7.0589									
4.9209	0.9881	4.7418									
6.837	0.9881	5.1414									
6.5704	0.9881	4.8475									
6.5704	0.9881	4.8836									
2.7606	0.9882	6.8563									
5.3081	0.9882	4.8239									
5.3081	0.9882	4.9837									
4.656	0.9882	4.9009									
4.656	0.9882	5.0229									
4.656	0.9882	5.3326									
5.3885	0.9882	5.0208									
5.3885	0.9882	5.1608									
4.9209	0.9882	4.8209									
6.0123	0.9883	8.984									
4.9209	0.9883	4.9195									
4.9209	0.9883	5.074									
8.1479	0.9883	5.4723									
4.6727	0.9883	7.0783									
7.7585	0.9883	4.7034									
7.2348	0.9883	4.8599									
2.5312	0.9884	12.4986									
3.9854	0.9884	8.0431									
4.2933	0.9884	6.7771									
7.7585	0.9884	4.7861									
7.7585	0.9884	4.8929									
7.7585	0.9884	5.065									
7.7585	0.9884	5.2422									
6.0812	0.9885	5.2878									
13.3106	0.9885	9.897									
4.04	0.9885	8.265									
2.9241	0.9885	12.8777									
2.9977	0.9885	12.7761									
5.5905	0.9885	4.8164									
5.5905	0.9885	4.8471									
5.5905	0.9885	4.9906									
5.5905	0.9885	5.2248									
8.3269	0.9885	5.4128									
2.8771	0.9886	7.1766									
3.1886	0.9886	7.5813									
6.0812	0.9886	5.4103									
3.3452	0.9887	13.4275									
6.0275	0.9887	5.0311									
2.9654	0.9888	6.9093									
6.0123	0.9888	5.1557									
5.6919	0.9888	4.7716									
5.6919	0.9888	4.8135									
5.6919	0.9888	4.9609									
5.6919	0.9888	5.1209									
10.2182	0.9889	5.5143									
3.1883	0.9889	7.1231									
5.4462	0.9889	5.0023									
3.6886	0.989	7.1142									
2.4437	0.9891	12.4027									
2.8771	0.9891	7.0102									
6.6163	0.9891	8.967									
12.0604	0.9891	5.624									
6.0123	0.9892	5.0235									
6.6977	0.9892	5.6188									
8.9003	0.9892	5.7629									
8.4841	0.9892	4.974									
2.8771	0.9893	7.0779									
2.9654	0.9893	6.9214									
3.3886	0.9893	7.0883									
6.0556	0.9893	4.9572									
3.4931	0.9893	6.8065									
2.8771	0.9894	7.0938									
6.0123	0.9894	5.2334									
6.0123	0.9894	5.45									
10.4397	0.9894	5.5149									
3.3401	0.9894	7.1264									
8.0032	0.9895	5.0311									
2.9092	0.9895	6.9142									
3.17	0.9895	6.84									
3.6886	0.9895	7.1986									
3.3264	0.9895	6.9516									
7.6778	0.9895	5.324									
3.1154	0.9896	6.7695									
3.17	0.9896	6.9005									
4.9178	0.9896	5.1481									
3.6886	0.9896	7.2109									
3.6886	0.9896	7.011									
3.6886	0.9896	7.2629									
3.1941	0.9896	7.1873									
6.4593	0.9896	5.1069									
4.2933	0.9896	6.6992									
4.6727	0.9896	6.8414									
3.4931	0.9896	6.8194									
5.0354	0.9896	7.0759									
2.4779	0.9897	12.5572									
2.9654	0.9897	6.8901									
2.9654	0.9897	7.0058									
3.1887	0.9897	13.7654									
7.7279	0.9897	9.4146									
3.17	0.9897	6.8914									
3.17	0.9897	6.8848									
3.3264	0.9897	7.019									
3.5464	0.9897	5.9602									
4.2933	0.9897	6.7977									
4.2933	0.9897	6.7226									
3.4931	0.9897	6.8799									
3.4931	0.9897	6.9									
2.9092	0.9898	6.9082									
3.1154	0.9898	6.8161									
3.1154	0.9898	6.9229									
3.1154	0.9898	6.9843									
4.9178	0.9898	5.1664									
3.1941	0.9898	7.093									
3.3264	0.9898	6.9165									
3.3264	0.9898	6.8918									
4.4151	0.9898	7.8426									
4.2933	0.9898	6.9102									
4.2933	0.9898	6.9169									
3.75	0.9898	7.1697									
3.3766	0.9899	7.5044									
6.6163	0.9899	5.098									
10.4397	0.9899	5.4744									
2.9092	0.9899	7.042									
2.9092	0.9899	13.454									
4.5168	0.9899	8.2012									
3.1941	0.9899	7.0916									
3.1941	0.9899	7.099									
4.6727	0.9899	6.7939									
4.6727	0.9899	6.8935									
4.6727	0.9899	6.8674									
4.6727	0.9899	7.002									
7.2348	0.9899	4.9737									
2.9092	0.99	7.0109									
4.9178	0.99	5.3995									
4.9178	0.99	5.5994									
6.6163	0.9901	5.14									
8.0032	0.9901	5.0532									
3.0637	0.9901	7.3746									
5.1721	0.9901	5.1296									
6.0771	0.9901	5.2005									
6.0556	0.9901	5.0651									
6.0556	0.9901	5.108									
6.0556	0.9901	5.3959									
6.0556	0.9901	5.6616									
6.6498	0.9901	5.0181									
3.5819	0.9902	7.5334									
12.4561	0.9902	5.6905									
9.2102	0.9902	5.7246									
6.6163	0.9903	5.2972									
6.6163	0.9903	5.576									
8.0032	0.9903	5.3187									
8.2505	0.9903	9.5493									
3.0637	0.9903	7.3483									
5.1721	0.9903	5.1089									
5.1721	0.9903	5.3886									
6.8106	0.9903	5.2844									
4.6004	0.9903	6.652									
7.2348	0.9903	5.1667									
8.0032	0.9904	5.6752									
5.1721	0.9904	5.7091									
7.2348	0.9904	5.1656									
7.2348	0.9904	5.4211									
7.2348	0.9904	5.774									
3.3452	0.9905	7.2031									
10.4397	0.9905	5.7171									
3.0637	0.9905	7.2457									
6.0275	0.9905	5.1115									
6.0275	0.9905	5.1918									
5.4462	0.9905	5.0641									
6.4593	0.9905	5.2176									
4.7375	0.9905	6.1207									
10.4397	0.9906	6.2008									
6.0275	0.9906	5.3912									
6.0275	0.9906	5.6105									
4.2522	0.9906	8.3159									
5.4462	0.9906	5.0801									
5.4462	0.9906	5.3122									
5.4462	0.9906	5.5895									
6.4593	0.9906	5.1502									
6.4593	0.9906	5.4399									
5.9914	0.9906	5.3515									
8.5234	0.9906	5.5281									
8.4841	0.9906	5.1094									
7.9146	0.9906	5.0606									
4.9178	0.9907	9.4224									
7.8284	0.9907	5.8001									
6.4593	0.9907	5.6887									
8.4841	0.9907	5.2081									
8.4841	0.9907	5.2102									
8.4841	0.9907	5.4367									
8.4841	0.9907	5.6457									
2.901	0.9908	7.0427									
3.1887	0.9908	7.4492									
2.4447	0.9908	12.5415									
3.0637	0.9908	7.2935									
3.3452	0.9909	7.209									
3.1886	0.9909	14.5193									
9.683	0.9909	9.7711									
3.3452	0.991	7.166									
3.3452	0.991	7.2792									
7.7279	0.991	5.1588									
8.2505	0.991	5.3205									
3.0637	0.991	13.5793									
5.8733	0.991	5.7447									
3.8436	0.991	7.0414									
6.837	0.991	5.1585									
7.2917	0.991	5.3984									
6.6498	0.991	5.1032									
6.6498	0.991	5.1831									
6.6498	0.991	5.3164									
6.6498	0.991	5.6226									
9.3431	0.991	5.3497									
3.3401	0.9911	7.1062									
8.2505	0.9912	5.3401									
5.8733	0.9912	5.7636									
3.3401	0.9912	7.1335									
4.2212	0.9912	8.0334									
7.4126	0.9912	5.221									
2.901	0.9913	7.0767									
3.1887	0.9913	7.3267									
3.4009	0.9913	7.8631									
8.2505	0.9913	5.6664									
3.1883	0.9913	7.1238									
3.3401	0.9913	7.1662									
3.3401	0.9913	7.2421									
4.7375	0.9913	6.0182									
5.0354	0.9913	7.3272									
8.7792	0.9913	5.4562									
3.1887	0.9914	7.4037									
8.2505	0.9914	6.0598									
2.4762	0.9914	12.3025									
3.2654	0.9914	7.7141									
4.656	0.9914	8.9695									
5.8733	0.9914	5.7344									
6.837	0.9914	5.3148									
6.837	0.9914	5.3575									
4.7375	0.9914	6.149									
4.7375	0.9914	6.0703									
5.0354	0.9914	7.1838									
5.0354	0.9914	7.5374									
5.0354	0.9914	7.3235									
5.0354	0.9914	7.5248									
2.901	0.9915	7.1283									
3.1887	0.9915	7.4606									
7.7279	0.9915	5.2609									
3.1883	0.9915	7.1357									
3.3886	0.9915	7.1222									
5.8733	0.9915	6.1686									
5.8733	0.9915	9.9806									
3.8436	0.9915	7.1508									
3.8436	0.9915	7.2031									
3.8436	0.9915	7.2532									
3.8436	0.9915	7.1934									
3.5464	0.9915	6.0734									
3.5464	0.9915	6.0661									
4.8184	0.9915	8.3091									
6.837	0.9915	5.7102									
6.837	0.9915	6.0802									
4.7375	0.9915	6.0459									
4.7375	0.9915	6.0095									
2.901	0.9916	7.226									
3.1883	0.9916	7.2339									
3.1883	0.9916	7.3319									
6.7327	0.9916	5.6925									
3.5464	0.9916	6.1689									
3.5464	0.9916	6.2687									
5.9914	0.9916	5.6371									
2.6378	0.9916	12.3308									
3.75	0.9916	7.2301									
2.5792	0.9917	13.0115									
7.7279	0.9917	5.4084									
9.683	0.9917	5.554									
13.3106	0.9917	5.6919									
12.0604	0.9917	9.9189									
3.1154	0.9917	13.0901									
3.3886	0.9917	7.123									
3.3886	0.9917	7.1234									
3.3886	0.9917	7.2125									
5.9914	0.9917	5.7366									
5.9914	0.9917	6.0585									
5.9914	0.9917	6.2361									
3.75	0.9917	7.2354									
3.75	0.9917	7.2401									
3.75	0.9917	7.373									
7.7279	0.9918	5.8066									
9.683	0.9918	5.5702									
10.2182	0.9918	9.8496									
2.532	0.9918	12.3297									
7.2917	0.9918	5.5064									
7.9146	0.9918	5.1879									
7.4126	0.9918	5.4069									
7.4126	0.9918	5.4693									
7.4126	0.9918	5.7578									
7.4126	0.9918	6.1837									
10.4843	0.9918	5.3624									
13.3106	0.9919	5.746									
6.0771	0.9919	5.3639									
6.8106	0.9919	5.5414									
6.8106	0.9919	5.5987									
7.2917	0.9919	5.5341									
4.9008	0.9919	8.1679									
7.9146	0.9919	5.8229									
7.9146	0.9919	6.2608									
9.683	0.992	5.9071									
9.683	0.992	6.3421									
12.0604	0.992	5.7551									
6.0771	0.992	5.4482									
6.8106	0.992	5.8573									
6.8106	0.992	6.3089									
6.6977	0.992	5.7027									
7.2917	0.992	5.9112									
7.2917	0.992	6.1749									
7.9146	0.992	5.3629									
7.9146	0.992	5.4807									
3.6157	0.9921	7.9901									
13.3106	0.9921	6.2371									
6.0771	0.9921	5.7266									
6.0771	0.9921	6.092									
6.6977	0.9921	5.6955									
7.9157	0.9921	5.689									
7.5329	0.9921	5.7546									
7.6778	0.9921	5.452									
9.3431	0.9921	5.3613									
9.3431	0.9921	5.5854									
9.3431	0.9921	5.571									
9.3431	0.9921	5.8759									
9.3431	0.9921	6.3196									
13.3106	0.9922	6.9238									
3.17	0.9922	13.2256									
4.9209	0.9922	8.7363									
3.6535	0.9923	8.4953									
10.2182	0.9923	5.6314									
10.2182	0.9923	5.6903									
12.0604	0.9923	5.8567									
6.6977	0.9923	10.2953									
2.6079	0.9923	12.2914									
2.6827	0.9923	12.2562									
6.5739	0.9923	5.6124									
3.3766	0.9924	13.7999									
3.8893	0.9924	7.9725									
12.0604	0.9924	6.3317									
10.2182	0.9925	6.1392									
12.0604	0.9925	6.9216									
3.5081	0.9925	7.5286									
5.3885	0.9925	9.1049									
6.6977	0.9925	6.0915									
6.6977	0.9925	6.7333									
7.6778	0.9925	5.664									
8.7792	0.9925	5.5222									
8.3269	0.9925	5.5282									
10.2182	0.9926	6.6271									
3.8048	0.9926	7.8743									
7.6778	0.9926	5.7011									
7.6778	0.9926	6.1251									
7.6778	0.9926	6.7066									
3.1886	0.9927	7.5866									
3.4009	0.9927	14.1955									
12.4561	0.9927	10.0808									
5.1721	0.9927	9.4686									
3.9927	0.9927	7.5988									
8.7792	0.9927	5.7138									
8.7792	0.9927	5.7762									
8.7792	0.9927	6.3453									
8.7792	0.9927	7.0985									
10.4843	0.9927	5.8827									
9.2517	0.9927	5.6076									
8.8177	0.9928	5.7207									
8.1479	0.9928	5.6421									
7.1533	0.9928	5.8175									
10.4843	0.9928	5.5928									
10.4843	0.9928	6.0251									
10.4843	0.9928	6.3944									
10.4843	0.9928	6.9888									
3.5819	0.9929	14.0152									
6.7327	0.9929	5.884									
6.7327	0.9929	5.9273									
7.8284	0.9929	5.8857									
3.1941	0.9929	13.6167									
3.658	0.9929	7.6303									
8.3269	0.9929	5.8094									
8.3269	0.9929	5.8624									
8.3269	0.9929	6.1616									
8.3269	0.9929	6.7193									
11.6178	0.9929	5.818									
3.1886	0.993	7.6278									
6.7327	0.993	6.2261									
6.7327	0.993	6.7738									
7.9157	0.993	5.9089									
7.9157	0.993	5.892									
7.8284	0.993	6.0218									
3.3264	0.993	13.1139									
4.4557	0.993	7.778									
3.4931	0.993	13.1204									
5.0955	0.993	7.4532									
5.6675	0.993	7.4786									
4.1499	0.993	7.5695									
3.1886	0.9931	7.7107									
7.9157	0.9931	6.284									
7.9157	0.9931	6.8991									
2.9693	0.9931	12.3082									
4.2212	0.9931	7.7927									
4.8528	0.9931	8.15									
6.5739	0.9931	5.7465									
6.5739	0.9931	5.7821									
6.5739	0.9931	6.2009									
6.5739	0.9931	6.6805									
3.1886	0.9932	7.9096									
12.4561	0.9932	5.8895									
3.5159	0.9932	7.9981									
7.8284	0.9932	6.5279									
7.8284	0.9932	7.2395									
8.5234	0.9932	5.7044									
3.3766	0.9933	7.5507									
3.9207	0.9933	8.4715									
12.4561	0.9933	5.8771									
8.1479	0.9933	5.7772									
3.5819	0.9934	7.6764									
4.6997	0.9934	8.661									
12.4561	0.9934	6.3859									
12.4561	0.9934	7.0365									
8.1479	0.9934	5.8754									
8.1479	0.9934	6.2877									
8.1479	0.9934	6.755									
3.5819	0.9935	7.6702									
4.2212	0.9935	7.6679									
4.2212	0.9935	7.5812									
4.2212	0.9935	7.8073									
4.2212	0.9935	7.8885									
3.3766	0.9936	7.5856									
7.8284	0.9936	10.6518									
8.5234	0.9936	5.9444									
8.5234	0.9936	6.0402									
8.9003	0.9936	5.8575									
9.2102	0.9936	5.8621									
3.5819	0.9937	7.7629									
3.5819	0.9937	7.8739									
3.6535	0.9937	14.6035									
4.3063	0.9937	8.3988									
3.1883	0.9937	14.0375									
3.7467	0.9937	8.3983									
6.0275	0.9937	9.3199									
7.5329	0.9937	5.9443									
7.5329	0.9937	6.0834									
8.8177	0.9937	5.9404									
8.8177	0.9937	6.6207									
8.8177	0.9937	7.2988									
8.5234	0.9937	6.648									
8.5234	0.9937	7.3045									
5.0955	0.9937	7.7678									
11.6178	0.9937	5.8689									
3.3766	0.9938	7.7716									
3.3766	0.9938	7.9231									
3.8048	0.9938	7.7396									
7.5329	0.9938	6.5221									
7.5329	0.9938	7.1973									
8.8177	0.9938	6.0987									
3.9927	0.9938	7.6142									
5.5905	0.9938	8.7933									
7.1533	0.9938	6.0271									
5.0955	0.9938	7.9874									
5.0955	0.9938	7.9026									
5.0955	0.9938	8.1285									
5.0955	0.9938	7.9957									
5.6675	0.9938	7.5489									
9.2517	0.9938	5.8091									
9.2517	0.9938	6.1									
9.2517	0.9938	6.1989									
9.2517	0.9938	6.8072									
9.2517	0.9938	7.5121									
11.6178	0.9938	6.0499									
11.6178	0.9938	6.0873									
11.6178	0.9938	6.7624									
11.6178	0.9938	7.562									
3.2654	0.9939	7.6976									
3.8048	0.9939	7.6934									
3.7983	0.9939	7.983									
3.9927	0.9939	7.6329									
3.9927	0.9939	7.7751									
3.9927	0.9939	7.952									
7.1533	0.9939	6.0711									
7.1533	0.9939	6.6183									
7.1533	0.9939	7.2915									
3.4225	0.9939	12.4735									
5.6675	0.9939	7.6369									
5.6675	0.9939	7.6738									
5.6675	0.9939	7.6752									
5.6675	0.9939	7.9024									
6.5895	0.9939	7.8995									
6.0812	0.994	9.1862									
3.3886	0.994	13.4775									
3.2654	0.994	7.6736									
3.8048	0.994	7.7329									
3.8048	0.994	7.8938									
3.658	0.994	7.6368									
3.658	0.994	7.6888									
3.658	0.994	7.77									
3.658	0.994	7.9267									
4.1499	0.994	7.7477									
5.5178	0.994	7.7662									
5.6919	0.994	8.7154									
3.6157	0.9941	14.8136									
3.2654	0.9941	7.747									
3.2654	0.9941	7.9174									
3.5081	0.9941	7.6215									
3.5081	0.9941	7.6366									
8.9003	0.9941	6.1123									
8.9003	0.9941	6.2132									
8.9003	0.9941	6.6055									
8.9003	0.9941	7.3021									
4.1499	0.9941	7.7253									
4.1499	0.9941	7.8455									
4.1499	0.9941	7.8742									
9.2102	0.9941	6.0986									
9.2102	0.9941	6.1012									
9.2102	0.9941	6.5879									
9.2102	0.9941	7.3087									
2.5312	0.9942	12.6764									
3.5081	0.9942	7.7847									
3.5081	0.9942	7.9837									
2.6821	0.9943	12.7451									
10.4397	0.9943	10.2945									
2.703	0.9943	12.8172									
3.2654	0.9943	14.2868									
4.1563	0.9943	8.0616									
6.0771	0.9943	9.6888									
3.8893	0.9944	14.4887									
5.4462	0.9944	9.2938									
2.7606	0.9945	13.5273									
4.8528	0.9945	8.1243									
2.5312	0.9946	12.5493									
4.6997	0.9946	15.2789									
4.04	0.9946	8.396									
3.3719	0.9946	12.8715									
3.3401	0.9946	13.5864									
3.9854	0.9946	8.0328									
3.4009	0.9947	7.9266									
4.7883	0.9947	9.0789									
4.2411	0.9947	9.0203									
4.4557	0.9947	7.8172									
5.5178	0.9947	7.8324									
4.6004	0.9947	6.6286									
2.5312	0.9948	12.6583									
2.7065	0.9948	12.8598									
6.0812	0.9948	15.8621									
6.8106	0.9948	9.9344									
4.4151	0.9948	7.9227									
4.8528	0.9948	8.2497									
3.2404	0.9948	12.1746									
5.5178	0.9948	7.9516									
5.5178	0.9948	7.9368									
6.5895	0.9948	7.9521									
6.5895	0.9948	7.9557									
6.5895	0.9948	8.0235									
6.5895	0.9948	8.1967									
2.5312	0.9949	12.6909									
2.4437	0.9949	12.3619									
10.4397	0.9949	16.8991									
5.4024	0.9949	8.7162									
5.5178	0.9949	8.1314									
5.5178	0.9949	8.4125									
6.5895	0.9949	8.468									
2.5792	0.995	13.1522									
3.4009	0.995	7.9389									
3.6157	0.995	8.0279									
3.8893	0.995	8.1696									
3.9207	0.995	14.9119									
3.5159	0.995	8.0857									
3.5464	0.995	11.5822									
4.8528	0.995	8.3697									
4.8528	0.995	8.561									
4.8528	0.995	8.9025									
2.6378	0.995	12.3659									
3.75	0.995	14.0751									
2.4779	0.9951	12.742									
5.3081	0.9951	8.9297									
2.4447	0.9951	12.9834									
3.5159	0.9951	8.1125									
3.7983	0.9951	7.9941									
6.7327	0.9951	10.2862									
2.9693	0.9951	12.2586									
5.8714	0.9951	8.0463									
2.4437	0.9952	12.343									
3.6157	0.9952	8.0583									
3.6157	0.9952	8.096									
3.6157	0.9952	8.3414									
3.8893	0.9952	8.1901									
3.6535	0.9952	8.4382									
2.4762	0.9952	12.3275									
2.532	0.9952	12.4761									
3.5159	0.9952	8.3198									
3.7983	0.9952	8.0395									
3.7467	0.9952	8.6206									
2.6079	0.9952	12.2997									
4.4557	0.9952	8.0388									
4.4557	0.9952	8.0521									
4.4557	0.9952	8.1466									
4.4557	0.9952	8.421									
2.6378	0.9952	12.3023									
2.6378	0.9952	12.2681									
2.6378	0.9952	12.3633									
6.6079	0.9952	8.2527									
2.5792	0.9953	12.8695									
3.4009	0.9953	8.0546									
3.4009	0.9953	8.2613									
3.8893	0.9953	8.1044									
3.8893	0.9953	8.3804									
2.4447	0.9953	12.5536									
2.532	0.9953	12.8098									
2.532	0.9953	12.6126									
2.532	0.9953	12.4859									
3.5159	0.9953	15.242									
3.7983	0.9953	8.2552									
3.7983	0.9953	8.481									
4.1563	0.9953	8.0058									
3.7467	0.9953	8.5921									
2.9693	0.9953	12.4157									
2.9693	0.9953	12.2974									
2.6079	0.9953	12.3106									
2.6827	0.9953	12.5663									
4.2522	0.9953	8.217									
5.9914	0.9953	9.9665									
2.4437	0.9954	12.3586									
2.4779	0.9954	12.4718									
2.5792	0.9954	12.8731									
3.6535	0.9954	8.5003									
8.0032	0.9954	9.6833									
2.4447	0.9954	12.4702									
2.4447	0.9954	12.516									
2.4762	0.9954	12.4513									
3.5159	0.9954	8.5024									
4.1563	0.9954	8.2004									
4.1563	0.9954	8.2176									
4.1563	0.9954	8.4845									
3.7467	0.9954	8.7924									
3.7467	0.9954	9.079									
7.5329	0.9954	10.6516									
2.9693	0.9954	12.3339									
2.9693	0.9954	12.3486									
2.6079	0.9954	12.3259									
2.6079	0.9954	12.4849									
2.6827	0.9954	12.7593									
2.6827	0.9954	12.7324									
2.6827	0.9954	12.698									
4.8184	0.9954	8.3667									
6.4593	0.9954	9.4279									
3.2404	0.9954	12.5431									
3.2404	0.9954	12.8974									
3.2404	0.9954	12.4021									
3.2404	0.9954	12.441									
3.2404	0.9954	12.4134									
3.4225	0.9954	12.4794									
4.6004	0.9954	6.801									
4.6004	0.9954	6.8331									
4.6004	0.9954	6.9973									
4.6004	0.9954	7.2205									
2.4437	0.9955	12.4324									
2.4779	0.9955	12.3956									
2.4779	0.9955	12.671									
2.5792	0.9955	13.1265									
4.3063	0.9955	15.0137									
2.4762	0.9955	12.3413									
2.4762	0.9955	12.313									
4.5168	0.9955	8.3873									
3.9854	0.9955	8.2082									
3.9854	0.9955	8.132									
3.9854	0.9955	8.3438									
3.9854	0.9955	8.581									
4.4151	0.9955	8.108									
4.4151	0.9955	8.1209									
3.4225	0.9955	12.4866									
3.4225	0.9955	12.3828									
3.4225	0.9955	12.3016									
6.0123	0.9956	9.4945									
13.3106	0.9956	10.8856									
2.8089	0.9956	12.8062									
4.4151	0.9956	8.2904									
4.4151	0.9956	8.3889									
3.4225	0.9956	12.2856									
3.6535	0.9957	8.5856									
3.6535	0.9957	9.1474									
3.9207	0.9957	8.5018									
4.3063	0.9957	8.4348									
3.5081	0.9957	14.5262									
3.7467	0.9957	15.4662									
5.8714	0.9957	8.2099									
5.8714	0.9957	8.4116									
5.8714	0.9957	8.3088									
4.9008	0.9957	8.3387									
4.3063	0.9958	8.4773									
4.6997	0.9958	8.772									
4.7883	0.9958	16.1488									
4.04	0.9958	8.3945									
6.0556	0.9958	9.4618									
5.8714	0.9958	8.5681									
5.8714	0.9958	8.9988									
6.6079	0.9958	8.2923									
6.6498	0.9958	9.3362									
3.9207	0.9959	8.5807									
3.9207	0.9959	8.7652									
3.9207	0.9959	9.0831									
4.3063	0.9959	8.6166									
4.3063	0.9959	8.938									
4.6997	0.9959	8.8144									
8.0032	0.9959	16.3307									
2.8721	0.9959	12.8247									
3.8048	0.9959	14.4799									
4.04	0.9959	8.5709									
4.04	0.9959	8.844									
2.9241	0.9959	13.4928									
2.9977	0.9959	12.6638									
4.8184	0.9959	8.5508									
7.2917	0.9959	9.8319									
6.6079	0.9959	8.5162									
6.6079	0.9959	8.4259									
6.6079	0.9959	8.8551									
6.6079	0.9959	9.2106									
2.8771	0.996	13.3797									
4.6997	0.996	9.1836									
4.04	0.996	9.0615									
4.2411	0.996	9.1873									
4.2411	0.996	9.4563									
3.3719	0.996	12.6375									
4.2522	0.996	8.5611									
4.2522	0.996	8.458									
4.2522	0.996	8.7708									
4.2522	0.996	9.2763									
4.8184	0.996	8.595									
4.8184	0.996	8.7566									
4.8184	0.996	9.1435									
5.4024	0.996	8.7163									
3.0139	0.996	12.5618									
2.9654	0.9961	13.1987									
2.901	0.9961	13.7767									
4.6997	0.9961	9.809									
10.4397	0.9961	10.6525									
13.3106	0.9961	17.8734									
2.703	0.9961	12.8009									
3.0637	0.9961	13.68									
4.2411	0.9961	9.7508									
4.2411	0.9961	10.2144									
4.656	0.9961	9.2357									
4.9209	0.9961	8.9146									
6.0812	0.9962	9.3652									
6.0812	0.9962	9.5719									
7.7279	0.9962	9.6448									
10.4397	0.9962	10.9889									
2.703	0.9962	12.8758									
2.703	0.9962	12.9383									
4.5168	0.9962	8.5343									
4.5168	0.9962	8.617									
7.9157	0.9962	10.5824									
6.5704	0.9962	8.8523									
5.3081	0.9963	15.8634									
6.0812	0.9963	10.1655									
10.4397	0.9963	12.2017									
10.4397	0.9963	13.6236									
2.703	0.9963	12.8606									
4.5168	0.9963	9.0267									
4.5168	0.9963	8.941									
4.2411	0.9963	16.5841									
5.3885	0.9963	9.0643									
5.8733	0.9963	10.4617									
3.3719	0.9963	12.6964									
3.3719	0.9963	12.7187									
3.3719	0.9963	12.898									
3.3719	0.9963	13.0519									
5.4024	0.9963	8.973									
5.4024	0.9963	8.9765									
5.4024	0.9963	9.4333									
7.1533	0.9963	10.4313									
4.9008	0.9963	8.4147									
4.9008	0.9963	8.448									
4.9008	0.9963	8.8626									
4.9008	0.9963	9.1148									
2.7606	0.9964	13.1429									
4.7883	0.9964	9.2797									
6.0812	0.9964	11.1621									
6.6163	0.9964	9.2777									
8.2505	0.9964	10.0757									
3.7983	0.9964	14.7736									
4.9178	0.9964	9.6218									
8.8177	0.9964	10.4447									
3.7529	0.9964	12.6268									
3.9873	0.9964	12.6473									
7.2348	0.9964	9.6238									
7.4126	0.9964	9.6198									
3.3452	0.9965	13.8796									
3.6886	0.9965	13.7201									
3.658	0.9965	14.3154									
3.9927	0.9965	14.3854									
5.4024	0.9965	10.0164									
6.5739	0.9965	10.2063									
2.7606	0.9966	13.3549									
4.7883	0.9966	9.2703									
6.0123	0.9966	16.7203									
12.0604	0.9966	10.7788									
6.837	0.9966	9.7598									
7.7585	0.9966	8.8943									
3.1887	0.9967	13.9738									
3.1886	0.9967	15.1273									
4.7883	0.9967	9.7551									
4.7883	0.9967	10.1781									
5.3081	0.9967	9.0587									
9.683	0.9967	10.4668									
2.9092	0.9967	13.5495									
5.1721	0.9967	9.8162									
6.6977	0.9967	10.8006									
4.1499	0.9967	14.4522									
5.3081	0.9968	9.1662									
5.3081	0.9968	9.6348									
5.3081	0.9968	10.165									
7.7279	0.9968	16.7885									
4.04	0.9968	15.4155									
5.3885	0.9968	9.4201									
5.3885	0.9968	9.4024									
5.3885	0.9968	9.9024									
5.3885	0.9968	10.4349									
4.9209	0.9968	9.0761									
4.9209	0.9968	9.3926									
4.9209	0.9968	9.7767									
4.9209	0.9968	10.1308									
5.5905	0.9968	8.9873									
6.5704	0.9968	8.8776									
6.5704	0.9968	9.1593									
6.5704	0.9968	9.2841									
6.5704	0.9968	9.8205									
6.5704	0.9968	10.587									
5.6919	0.9968	8.9262									
2.7065	0.9969	12.86									
2.7606	0.9969	13.4071									
2.7606	0.9969	13.3457									
2.8089	0.9969	13.1693									
4.1563	0.9969	15.056									
4.656	0.9969	9.2696									
2.9241	0.9969	12.8238									
2.9977	0.9969	12.6816									
3.7529	0.9969	12.6695									
2.6821	0.997	12.945									
2.7065	0.997	12.8864									
6.0123	0.997	9.5849									
2.8089	0.997	13.3553									
2.8089	0.997	13.0654									
2.8089	0.997	13.3069									
3.0637	0.997	13.8536									
4.656	0.997	9.2693									
4.656	0.997	9.8384									
4.656	0.997	10.4818									
6.0275	0.997	9.72									
5.8733	0.997	18.1757									
2.9241	0.997	12.8149									
2.9241	0.997	12.8741									
2.9241	0.997	13.2493									
2.9977	0.997	12.8599									
2.9977	0.997	12.8197									
2.9977	0.997	12.8025									
5.5905	0.997	9.1086									
5.5905	0.997	9.2792									
5.5905	0.997	9.6288									
5.5905	0.997	10.2034									
3.7529	0.997	12.6739									
3.7529	0.997	12.769									
3.7529	0.997	12.91									
3.7529	0.997	13.2013									
3.0139	0.997	12.6991									
3.0139	0.997	12.909									
3.0139	0.997	12.915									
3.0139	0.997	12.8314									
7.7585	0.997	9.1012									
7.7585	0.997	9.2663									
7.7585	0.997	9.8619									
7.7585	0.997	10.5088									
5.6919	0.997	9.1436									
5.6919	0.997	9.2234									
5.6919	0.997	9.8087									
5.6919	0.997	10.4371									
8.3269	0.997	10.1997									
2.7065	0.9971	12.9497									
2.7065	0.9971	12.9759									
6.0123	0.9971	9.7213									
2.8721	0.9971	12.984									
2.8721	0.9971	12.9791									
2.8721	0.9971	12.9114									
2.8721	0.9971	13.0018									
3.1154	0.9971	13.3296									
3.9854	0.9971	15.3346									
6.0556	0.9971	9.4995									
5.4462	0.9971	9.6378									
7.6778	0.9971	10.3463									
8.1479	0.9971	10.0363									
3.9873	0.9971	12.4276									
3.9873	0.9971	12.6506									
3.9873	0.9971	13.0419									
7.7585	0.9971	9.3677									
7.2348	0.9971	9.5535									
2.6821	0.9972	12.9591									
2.6821	0.9972	12.8944									
2.6821	0.9972	13.0346									
6.0123	0.9972	10.4426									
6.6163	0.9972	16.0845									
10.4397	0.9972	19.6407									
10.2182	0.9972	10.5302									
13.3106	0.9972	11.3461									
12.0604	0.9972	18.2905									
3.0637	0.9972	13.8387									
7.8284	0.9972	11.122									
3.8436	0.9972	13.6042									
8.5234	0.9972	10.4609									
8.9003	0.9972	10.5688									
3.9873	0.9972	12.7773									
3.9873	0.9972	12.6508									
3.4931	0.9972	13.0037									
7.2348	0.9972	9.7831									
7.2348	0.9972	9.9411									
7.2348	0.9972	10.9178									
9.2102	0.9972	10.6167									
3.3766	0.9973	14.5309									
6.0123	0.9973	11.3482									
8.0032	0.9973	9.8494									
8.2505	0.9973	17.2864									
13.3106	0.9973	11.5479									
4.9178	0.9973	9.7323									
4.9178	0.9973	16.9354									
5.1721	0.9973	10.0547									
5.8733	0.9973	10.901									
6.0771	0.9973	10.2524									
6.8106	0.9973	10.3474									
6.6977	0.9973	19.1436									
3.1941	0.9973	13.2816									
6.0556	0.9973	9.7575									
6.0556	0.9973	9.9088									
6.0556	0.9973	10.7194									
6.0556	0.9973	11.4535									
6.4593	0.9973	9.7011									
7.2348	0.9973	11.6693									
8.4841	0.9973	9.6211									
3.5819	0.9974	14.6657									
6.6163	0.9974	9.6924									
8.0032	0.9974	10.0229									
8.2505	0.9974	10.2614									
9.683	0.9974	17.6628									
13.3106	0.9974	13.2867									
13.3106	0.9974	15.5438									
12.4561	0.9974	10.9902									
3.0637	0.9974	14.0311									
4.9178	0.9974	9.8731									
5.1721	0.9974	10.1056									
5.1721	0.9974	10.7786									
5.1721	0.9974	11.4221									
5.8733	0.9974	10.7554									
3.3264	0.9974	13.2338									
5.9914	0.9974	10.2849									
4.2933	0.9974	13.3217									
4.6727	0.9974	12.9003									
7.9146	0.9974	9.8351									
2.901	0.9975	13.722									
3.4009	0.9975	15.2169									
6.6163	0.9975	9.6792									
8.0032	0.9975	10.9136									
8.0032	0.9975	12.2606									
8.2505	0.9975	10.5359									
12.0604	0.9975	11.4284									
3.17	0.9975	13.3883									
3.0637	0.9975	13.9828									
6.0275	0.9975	10.0087									
6.0275	0.9975	10.1247									
6.0275	0.9975	10.7764									
6.0275	0.9975	11.591									
5.8733	0.9975	11.7687									
5.8733	0.9975	12.9712									
4.8528	0.9975	15.4155									
5.4462	0.9975	9.8816									
7.2917	0.9975	10.0026									
6.6498	0.9975	9.4662									
8.7792	0.9975	10.3504									
2.8771	0.9976	13.1717									
6.6163	0.9976	10.2575									
6.6163	0.9976	11.086									
8.2505	0.9976	11.3802									
10.4397	0.9976	21.702									
10.4397	0.9976	22.2186									
3.3886	0.9976	13.7347									
4.5168	0.9976	15.3424									
4.656	0.9976	16.7502									
4.9178	0.9976	10.6132									
4.9178	0.9976	11.5975									
6.8106	0.9976	10.7388									
6.8106	0.9976	10.899									
6.8106	0.9976	11.8586									
3.6886	0.9976	13.5827									
3.3401	0.9976	13.6472									
4.2212	0.9976	14.287									
4.4151	0.9976	14.7009									
5.4462	0.9976	10.0492									
5.4462	0.9976	10.7638									
5.4462	0.9976	11.7195									
6.4593	0.9976	9.9392									
6.837	0.9976	10.0088									
6.837	0.9976	10.3649									
4.2933	0.9976	13.2956									
9.3431	0.9976	10.1035									
2.8771	0.9977	13.3106									
2.8771	0.9977	13.364									
2.8771	0.9977	13.5268									
2.9654	0.9977	13.2458									
2.901	0.9977	13.7274									
2.901	0.9977	13.9225									
2.901	0.9977	13.9398									
3.3452	0.9977	13.6929									
3.1886	0.9977	15.0071									
7.7279	0.9977	10.0955									
8.2505	0.9977	12.7852									
9.683	0.9977	10.8323									
12.0604	0.9977	11.7176									
2.9092	0.9977	13.4499									
3.1883	0.9977	13.7351									
6.8106	0.9977	13.1574									
6.6977	0.9977	11.2579									
6.6977	0.9977	11.4785									
6.7327	0.9977	10.9326									
3.6886	0.9977	13.3619									
3.6886	0.9977	13.006									
3.6886	0.9977	13.4276									
3.6886	0.9977	13.7111									
6.4593	0.9977	10.1028									
6.4593	0.9977	10.6837									
6.4593	0.9977	11.6722									
6.837	0.9977	10.5477									
5.9914	0.9977	10.6613									
5.9914	0.9977	10.994									
7.6778	0.9977	10.5503									
4.2933	0.9977	13.26									
4.2933	0.9977	13.4636									
5.0354	0.9977	13.8862									
4.6004	0.9977	12.4914									
8.4841	0.9977	9.794									
8.4841	0.9977	10.0318									
8.4841	0.9977	9.8801									
8.4841	0.9977	10.587									
8.4841	0.9977	11.631									
6.6498	0.9977	9.7332									
7.9146	0.9977	9.9393									
7.4126	0.9977	9.9462									
2.9654	0.9978	13.3905									
3.1886	0.9978	14.9315									
3.6535	0.9978	15.8887									
6.0812	0.9978	17.862									
7.7279	0.9978	10.2277									
7.7279	0.9978	11.2383									
7.7279	0.9978	12.3487									
10.4397	0.9978	27.0434									
9.683	0.9978	11.0037									
9.683	0.9978	12.3092									
10.2182	0.9978	17.8347									
12.0604	0.9978	13.4192									
12.0604	0.9978	15.6027									
2.9092	0.9978	13.7023									
2.9092	0.9978	14.0845									
2.9092	0.9978	13.8615									
6.0771	0.9978	10.7491									
6.0771	0.9978	10.8688									
3.3401	0.9978	13.8244									
4.2522	0.9978	15.5125									
4.8184	0.9978	15.5185									
4.9209	0.9978	16.3712									
6.837	0.9978	11.5369									
6.837	0.9978	12.8229									
5.9914	0.9978	11.7632									
7.2917	0.9978	10.459									
7.2917	0.9978	10.6083									
4.6727	0.9978	13.3295									
3.4931	0.9978	13.1264									
4.7375	0.9978	11.2589									
6.6498	0.9978	9.8961									
6.6498	0.9978	10.656									
6.6498	0.9978	11.5555									
7.9146	0.9978	10.4683									
7.9146	0.9978	10.6698									
7.9146	0.9978	11.5256									
7.9146	0.9978	12.9307									
2.9654	0.9979	13.3625									
2.9654	0.9979	13.5742									
3.3452	0.9979	13.8345									
3.1887	0.9979	13.8068									
3.1887	0.9979	13.7527									
3.1887	0.9979	13.9765									
3.1886	0.9979	15.2287									
3.1886	0.9979	15.5917									
9.683	0.9979	14.0404									
3.1154	0.9979	13.8439									
3.1154	0.9979	13.2605									
5.3885	0.9979	16.6895									
6.0771	0.9979	11.6939									
6.0771	0.9979	13.0122									
6.6977	0.9979	12.8366									
6.7327	0.9979	11.181									
7.9157	0.9979	11.2677									
7.8284	0.9979	19.4428									
7.5329	0.9979	11.3418									
3.1941	0.9979	13.3933									
3.1941	0.9979	13.288									
3.1941	0.9979	13.424									
3.1941	0.9979	13.6668									
3.3264	0.9979	13.1724									
3.3401	0.9979	13.8583									
3.3401	0.9979	13.9976									
3.3401	0.9979	14.0356									
3.5464	0.9979	11.7647									
4.8528	0.9979	15.6903									
5.9914	0.9979	13.0483									
7.2917	0.9979	11.5554									
7.2917	0.9979	13.0478									
4.2933	0.9979	13.3992									
4.2933	0.9979	13.3895									
3.4931	0.9979	13.3921									
3.4931	0.9979	13.1185									
3.4931	0.9979	13.4889									
9.3431	0.9979	10.13									
9.3431	0.9979	10.687									
9.3431	0.9979	10.7346									
9.3431	0.9979	11.8775									
9.3431	0.9979	13.2345									
7.4126	0.9979	10.5435									
7.4126	0.9979	10.6993									
7.4126	0.9979	11.699									
7.4126	0.9979	13.0895									
8.7792	0.9979	10.4473									
8.7792	0.9979	11.2664									
10.4843	0.9979	10.4032									
9.2517	0.9979	10.5476									
11.6178	0.9979	10.7668									
3.3452	0.998	14.1504									
3.1887	0.998	14.1441									
4.6997	0.998	16.9008									
10.4397	0.998	33.2093									
10.2182	0.998	10.9718									
12.4561	0.998	18.5752									
3.1154	0.998	13.2986									
3.1154	0.998	13.5031									
3.17	0.998	13.3948									
3.17	0.998	13.5016									
3.17	0.998	13.2707									
3.17	0.998	13.5241									
3.2654	0.998	14.7359									
4.2411	0.998	17.573									
5.1721	0.998	17.5051									
6.6977	0.998	14.6379									
6.7327	0.998	11.2932									
7.8284	0.998	11.8766									
7.8284	0.998	12.2083									
3.3264	0.998	13.3584									
3.3264	0.998	13.2437									
3.3264	0.998	13.4224									
4.4557	0.998	15.0525									
5.4024	0.998	16.4994									
7.6778	0.998	11.0783									
7.6778	0.998	11.2491									
7.6778	0.998	12.7729									
7.6778	0.998	14.6564									
6.5739	0.998	10.7088									
8.5234	0.998	10.8589									
4.6727	0.998	13.295									
4.6727	0.998	13.2887									
4.6727	0.998	13.0622									
4.6727	0.998	13.4193									
4.7375	0.998	11.505									
5.0354	0.998	13.957									
5.0354	0.998	13.6558									
5.0354	0.998	13.9959									
5.0354	0.998	14.1755									
5.0354	0.998	14.0142									
4.9008	0.998	15.755									
8.7792	0.998	11.3132									
8.7792	0.998	12.7914									
8.7792	0.998	14.7657									
8.3269	0.998	10.5714									
3.3452	0.9981	14.4223									
3.3766	0.9981	14.7264									
3.3766	0.9981	14.8273									
3.5819	0.9981	14.7517									
3.5819	0.9981	15.0208									
10.2182	0.9981	11.2486									
10.2182	0.9981	12.4549									
10.2182	0.9981	14.2567									
13.3106	0.9981	21.3598									
3.1883	0.9981	13.9279									
3.3886	0.9981	13.7797									
3.3886	0.9981	13.8722									
3.3886	0.9981	13.8248									
3.5081	0.9981	14.8963									
3.5159	0.9981	15.6833									
3.7467	0.9981	16.4181									
6.7327	0.9981	12.7838									
6.7327	0.9981	14.5391									
7.9157	0.9981	11.7932									
7.9157	0.9981	11.5888									
7.9157	0.9981	13.0968									
7.9157	0.9981	14.634									
7.8284	0.9981	13.6474									
3.8436	0.9981	13.6365									
3.8436	0.9981	13.5825									
3.8436	0.9981	13.7171									
3.8436	0.9981	13.8045									
4.8528	0.9981	15.8635									
4.8528	0.9981	15.9812									
7.1533	0.9981	11.1442									
4.7375	0.9981	11.7477									
4.7375	0.9981	11.7903									
3.75	0.9981	13.7275									
5.5178	0.9981	14.8605									
10.4843	0.9981	10.7116									
10.4843	0.9981	11.2127									
10.4843	0.9981	11.7588									
10.4843	0.9981	12.9064									
10.4843	0.9981	14.9906									
8.3269	0.9981	11.1221									
8.3269	0.9981	11.4844									
8.3269	0.9981	13.0741									
8.3269	0.9981	14.9733									
3.3766	0.9982	15.1635									
3.3766	0.9982	15.8798									
3.5819	0.9982	15.1364									
3.5819	0.9982	15.804									
3.8893	0.9982	15.21									
12.4561	0.9982	11.5724									
12.4561	0.9982	11.7758									
12.4561	0.9982	13.5168									
12.4561	0.9982	15.8486									
3.1883	0.9982	13.8997									
3.1883	0.9982	14.3396									
3.1883	0.9982	14.3238									
3.3886	0.9982	14.1553									
4.2411	0.9982	18.0992									
4.2411	0.9982	18.2952									
7.8284	0.9982	15.8982									
8.8177	0.9982	11.1398									
3.8436	0.9982	13.9313									
3.5464	0.9982	11.7006									
3.5464	0.9982	11.5397									
3.5464	0.9982	11.5671									
3.5464	0.9982	11.8833									
4.2212	0.9982	14.3443									
4.2212	0.9982	14.5041									
4.2212	0.9982	14.5793									
4.8528	0.9982	16.9555									
6.5739	0.9982	11.1701									
6.5739	0.9982	11.3407									
6.5739	0.9982	12.7826									
6.5739	0.9982	14.5823									
8.1479	0.9982	10.538									
8.5234	0.9982	11.7295									
8.5234	0.9982	12.0191									
8.9003	0.9982	11.1872									
4.7375	0.9982	11.9904									
4.7375	0.9982	12.1385									
5.0955	0.9982	14.9									
6.5895	0.9982	14.7958									
9.2517	0.9982	10.995									
9.2517	0.9982	11.6677									
9.2517	0.9982	12.0558									
3.6157	0.9983	15.2348									
3.9207	0.9983	16.039									
6.0812	0.9983	18.7933									
3.5081	0.9983	15.2754									
3.5081	0.9983	15.101									
3.5081	0.9983	15.2168									
3.5081	0.9983	15.2564									
3.8048	0.9983	14.5955									
4.2411	0.9983	19.5147									
4.2411	0.9983	21.4578									
6.0275	0.9983	17.3962									
6.0771	0.9983	18.1772									
7.5329	0.9983	11.7726									
7.5329	0.9983	11.9796									
7.5329	0.9983	13.766									
7.5329	0.9983	16.2201									
4.2212	0.9983	15.1926									
4.8528	0.9983	18.1493									
8.1479	0.9983	11.1685									
8.1479	0.9983	11.3727									
8.1479	0.9983	12.6884									
8.1479	0.9983	14.6689									
8.5234	0.9983	13.8254									
8.5234	0.9983	16.1849									
7.1533	0.9983	11.5878									
7.1533	0.9983	11.9976									
7.1533	0.9983	13.79									
7.1533	0.9983	16.046									
8.9003	0.9983	11.798									
8.9003	0.9983	11.9947									
8.9003	0.9983	14.0065									
8.9003	0.9983	16.522									
3.75	0.9983	13.6835									
3.75	0.9983	13.834									
3.75	0.9983	13.7585									
3.75	0.9983	14.0185									
5.6675	0.9983	14.408									
5.5178	0.9983	15.3278									
6.5895	0.9983	15.0495									
9.2517	0.9983	14.197									
9.2517	0.9983	16.6493									
11.6178	0.9983	11.0284									
11.6178	0.9983	11.989									
11.6178	0.9983	12.3513									
9.2102	0.9983	11.2845									
4.3063	0.9984	15.8252									
4.6997	0.9984	17.5004									
6.0812	0.9984	19.2954									
8.0032	0.9984	18.7456									
3.7983	0.9984	15.3326									
5.8733	0.9984	19.67									
8.8177	0.9984	11.6514									
8.8177	0.9984	12.1297									
8.8177	0.9984	13.8496									
8.8177	0.9984	16.1417									
4.2212	0.9984	15.4632									
3.9927	0.9984	14.4538									
5.4024	0.9984	16.6531									
4.1499	0.9984	14.65									
5.5178	0.9984	15.3754									
5.5178	0.9984	15.5853									
5.5178	0.9984	15.8833									
6.5895	0.9984	15.2319									
6.5895	0.9984	15.4807									
6.5895	0.9984	16.1236									
5.6919	0.9984	16.8646									
11.6178	0.9984	14.2822									
11.6178	0.9984	16.6654									
9.2102	0.9984	11.6236									
9.2102	0.9984	11.9971									
9.2102	0.9984	13.9669									
9.2102	0.9984	16.7527									
3.4009	0.9985	15.4085									
4.7883	0.9985	17.0808									
6.0812	0.9985	21.2219									
13.3106	0.9985	23.5245									
13.3106	0.9985	24.2386									
12.0604	0.9985	21.3236									
3.2654	0.9985	14.9092									
3.2654	0.9985	14.7762									
3.2654	0.9985	15.0529									
3.7467	0.9985	16.6083									
3.7467	0.9985	16.8784									
3.658	0.9985	14.5502									
5.4024	0.9985	17.2875									
5.5905	0.9985	16.3933									
5.4462	0.9985	17.259									
5.9914	0.9985	18.5042									
5.0955	0.9985	14.5015									
5.0955	0.9985	14.3912									
5.5178	0.9985	16.8123									
6.5895	0.9985	16.7931									
3.4009	0.9986	15.4656									
4.6997	0.9986	17.8922									
6.0812	0.9986	24.5436									
13.3106	0.9986	30.3744									
3.2654	0.9986	15.2219									
3.8048	0.9986	14.6813									
3.8048	0.9986	14.7158									
3.8048	0.9986	15.0495									
3.8048	0.9986	15.3582									
3.7467	0.9986	17.5984									
3.7467	0.9986	18.4301									
4.04	0.9986	15.9538									
5.8733	0.9986	21.0251									
5.8733	0.9986	21.7014									
6.8106	0.9986	18.269									
6.6977	0.9986	20.9853									
6.7327	0.9986	19.0646									
7.5329	0.9986	19.316									
3.9927	0.9986	14.708									
3.9927	0.9986	14.7626									
3.9927	0.9986	15.1298									
3.9927	0.9986	15.4989									
6.4593	0.9986	17.5776									
7.2917	0.9986	18.2303									
5.0955	0.9986	14.6616									
5.0955	0.9986	15.2658									
5.0955	0.9986	15.5806									
5.6675	0.9986	14.2971									
5.6675	0.9986	14.5067									
5.6675	0.9986	14.6674									
5.6675	0.9986	15.0542									
5.6675	0.9986	15.4625									
4.1499	0.9986	14.6405									
3.4009	0.9987	15.9393									
3.4009	0.9987	16.7533									
4.6997	0.9987	19.2334									
4.6997	0.9987	21.0796									
6.0123	0.9987	18.1015									
6.6163	0.9987	17.9292									
8.0032	0.9987	19.8303									
9.683	0.9987	20.3398									
3.5159	0.9987	15.7564									
4.1563	0.9987	15.3584									
4.656	0.9987	17.486									
3.658	0.9987	14.9348									
3.658	0.9987	14.8439									
4.4557	0.9987	15.1669									
3.9854	0.9987	15.5489									
5.4024	0.9987	17.5451									
5.4024	0.9987	19.3595									
5.4024	0.9987	21.3101									
4.1499	0.9987	14.8774									
4.1499	0.9987	15.429									
4.1499	0.9987	15.543									
5.8714	0.9987	15.5495									
3.6157	0.9988	15.3947									
3.6157	0.9988	15.4856									
3.6157	0.9988	16.1713									
3.8893	0.9988	15.4831									
3.8893	0.9988	15.5788									
3.6535	0.9988	16.2729									
3.6535	0.9988	16.5963									
3.9207	0.9988	16.2723									
3.9207	0.9988	16.5446									
4.3063	0.9988	16.3322									
8.0032	0.9988	20.6899									
13.3106	0.9988	38.9181									
3.5159	0.9988	15.5783									
3.5159	0.9988	16.1019									
3.7983	0.9988	15.6764									
4.04	0.9988	16.2699									
4.5168	0.9988	15.8739									
5.3885	0.9988	17.4459									
5.3885	0.9988	18.2182									
4.9178	0.9988	18.1138									
5.8733	0.9988	25.132									
7.9157	0.9988	18.9251									
3.658	0.9988	15.0136									
3.658	0.9988	15.4411									
4.4557	0.9988	15.4145									
4.4557	0.9988	15.6582									
4.4557	0.9988	16.5632									
4.4557	0.9988	16.8437									
6.0556	0.9988	17.4975									
7.6778	0.9988	19.3576									
6.5739	0.9988	19.3023									
8.5234	0.9988	19.7544									
4.6004	0.9988	12.863									
5.8714	0.9988	15.592									
5.8714	0.9988	16.0109									
5.8714	0.9988	16.0259									
6.5704	0.9988	16.7982									
3.6157	0.9989	16.6094									
3.8893	0.9989	15.9076									
3.8893	0.9989	16.6802									
3.6535	0.9989	16.7092									
3.6535	0.9989	17.8501									
3.9207	0.9989	17.418									
3.9207	0.9989	18.1357									
4.3063	0.9989	16.5712									
4.3063	0.9989	17.04									
4.3063	0.9989	18.0817									
4.7883	0.9989	17.7433									
5.3081	0.9989	17.2543									
7.7279	0.9989	18.8954									
8.2505	0.9989	19.4987									
12.0604	0.9989	23.9302									
3.5159	0.9989	16.7931									
3.7983	0.9989	15.664									
3.7983	0.9989	16.2505									
3.7983	0.9989	16.9701									
4.1563	0.9989	15.4781									
4.1563	0.9989	15.5269									
4.1563	0.9989	16.0694									
4.1563	0.9989	16.8163									
4.04	0.9989	16.3198									
4.04	0.9989	17.1998									
4.04	0.9989	18.152									
4.656	0.9989	18.1375									
5.3885	0.9989	18.1987									
5.3885	0.9989	19.8399									
5.3885	0.9989	21.9427									
5.1721	0.9989	18.6456									
5.8733	0.9989	29.2041									
6.0771	0.9989	19.7262									
6.6977	0.9989	23.3957									
7.8284	0.9989	22.0067									
8.8177	0.9989	19.3439									
3.9854	0.9989	15.6364									
3.9854	0.9989	16.4361									
3.9854	0.9989	16.3933									
3.9854	0.9989	17.7001									
4.4151	0.9989	15.0094									
4.2522	0.9989	15.8626									
4.8184	0.9989	16.1769									
4.9209	0.9989	17.6446									
6.837	0.9989	18.2476									
7.1533	0.9989	19.6849									
4.6004	0.9989	12.9942									
4.6004	0.9989	13.0838									
4.6004	0.9989	14.1061									
4.6004	0.9989	14.1563									
5.8714	0.9989	17.133									
5.8714	0.9989	18.3455									
6.6079	0.9989	15.9347									
4.9008	0.9989	16.2604									
7.2348	0.9989	17.8414									
6.6498	0.9989	17.5059									
7.4126	0.9989	18.814									
4.7883	0.999	17.805									
4.7883	0.999	19.2321									
4.7883	0.999	21.0221									
8.0032	0.999	24.0004									
8.0032	0.999	28.5296									
9.683	0.999	22.0038									
9.683	0.999	22.6509									
10.2182	0.999	20.4715									
12.0604	0.999	24.889									
12.0604	0.999	30.6282									
12.4561	0.999	21.3339									
4.5168	0.999	16.3553									
4.5168	0.999	16.4672									
4.5168	0.999	17.2765									
4.5168	0.999	18.5424									
4.656	0.999	18.1501									
4.656	0.999	19.6895									
4.656	0.999	21.7054									
4.9178	0.999	19.19									
6.0771	0.999	20.7475									
6.0771	0.999	21.5145									
4.4151	0.999	15.3729									
4.4151	0.999	15.3187									
4.4151	0.999	15.8224									
4.4151	0.999	16.4857									
4.2522	0.999	16.1292									
4.2522	0.999	16.2792									
4.8184	0.999	16.3503									
4.8184	0.999	16.5075									
4.8184	0.999	17.1515									
4.8184	0.999	18.4225									
4.9209	0.999	18.1669									
4.9209	0.999	18.1222									
4.9209	0.999	19.4546									
4.9209	0.999	21.3785									
5.5905	0.999	17.2554									
5.9914	0.999	19.5709									
7.6778	0.999	20.7268									
8.1479	0.999	19.3598									
8.9003	0.999	20.0426									
6.6079	0.999	15.8305									
6.6079	0.999	15.8834									
6.6079	0.999	16.1246									
6.6079	0.999	17.0191									
6.6079	0.999	18.081									
4.9008	0.999	16.354									
4.9008	0.999	16.9536									
4.9008	0.999	17.1519									
4.9008	0.999	18.2476									
6.5704	0.999	17.0514									
6.5704	0.999	17.5568									
6.5704	0.999	17.6092									
6.5704	0.999	19.3166									
6.5704	0.999	21.5421									
7.7585	0.999	17.23									
5.6919	0.999	17.3918									
7.2348	0.999	18.3325									
8.7792	0.999	19.5709									
8.7792	0.999	20.3847									
8.3269	0.999	19.3074									
9.2517	0.999	20.223									
6.0123	0.9991	18.8972									
6.0123	0.9991	19.3131									
6.0123	0.9991	21.8899									
6.0123	0.9991	24.9177									
6.6163	0.9991	18.7311									
7.7279	0.9991	20.2075									
8.2505	0.9991	20.7911									
9.683	0.9991	27.2483									
9.683	0.9991	33.8432									
12.0604	0.9991	39.1799									
4.9178	0.9991	19.7286									
4.9178	0.9991	22.1528									
4.9178	0.9991	24.936									
5.1721	0.9991	19.4543									
5.1721	0.9991	19.7639									
5.1721	0.9991	22.2106									
6.0275	0.9991	18.4075									
6.0275	0.9991	19.5722									
6.0771	0.9991	25.0436									
6.0771	0.9991	29.9532									
6.6977	0.9991	23.4741									
6.6977	0.9991	27.8994									
6.6977	0.9991	34.5233									
6.7327	0.9991	20.5889									
7.8284	0.9991	24.2468									
7.8284	0.9991	24.7389									
4.2522	0.9991	17.3265									
4.2522	0.9991	18.2694									
5.5905	0.9991	17.8746									
5.5905	0.9991	18.3177									
5.5905	0.9991	19.6922									
5.5905	0.9991	21.2514									
6.0556	0.9991	18.5205									
6.0556	0.9991	19.4058									
6.0556	0.9991	19.674									
6.0556	0.9991	22.0159									
6.0556	0.9991	25.0408									
5.4462	0.9991	18.4274									
5.4462	0.9991	19.3694									
6.837	0.9991	19.4226									
5.9914	0.9991	20.9506									
7.6778	0.9991	23.0905									
7.6778	0.9991	23.1327									
7.6778	0.9991	28.475									
7.6778	0.9991	35.349									
8.5234	0.9991	21.18									
7.7585	0.9991	17.6981									
7.7585	0.9991	18.44									
7.7585	0.9991	17.7886									
7.7585	0.9991	19.4517									
7.7585	0.9991	21.6727									
5.6919	0.9991	18.0102									
5.6919	0.9991	17.9871									
5.6919	0.9991	19.5921									
5.6919	0.9991	21.627									
7.2348	0.9991	19.377									
7.2348	0.9991	19.4235									
8.4841	0.9991	17.7428									
7.9146	0.9991	18.2369									
7.9146	0.9991	19.1875									
9.3431	0.9991	18.8107									
9.3431	0.9991	19.301									
9.2517	0.9991	21.6947									
9.2102	0.9991	20.0188									
5.3081	0.9992	17.5948									
5.3081	0.9992	18.0953									
5.3081	0.9992	19.5252									
5.3081	0.9992	21.4976									
6.6163	0.9992	19.0499									
6.6163	0.9992	21.5828									
6.6163	0.9992	24.5894									
7.7279	0.9992	20.6298									
7.7279	0.9992	24.2801									
7.7279	0.9992	28.356									
8.2505	0.9992	21.0639									
8.2505	0.9992	24.6075									
8.2505	0.9992	29.3388									
10.2182	0.9992	22.3505									
10.2182	0.9992	22.9717									
10.2182	0.9992	27.9128									
12.4561	0.9992	23.7201									
12.4561	0.9992	24.7146									
12.4561	0.9992	31.0844									
12.4561	0.9992	39.9471									
5.1721	0.9992	25.1238									
6.0275	0.9992	19.9327									
6.0275	0.9992	22.4126									
6.0275	0.9992	25.0526									
6.8106	0.9992	19.3197									
6.8106	0.9992	20.7758									
6.8106	0.9992	21.2615									
6.8106	0.9992	24.8108									
6.8106	0.9992	29.9648									
6.7327	0.9992	22.7138									
6.7327	0.9992	23.3802									
6.7327	0.9992	28.0229									
7.9157	0.9992	21.2953									
7.8284	0.9992	31.5265									
7.8284	0.9992	40.1981									
7.5329	0.9992	21.5005									
8.8177	0.9992	21.3265									
5.4462	0.9992	19.795									
5.4462	0.9992	21.8754									
5.4462	0.9992	25.1393									
6.4593	0.9992	18.2032									
6.4593	0.9992	19.6889									
6.4593	0.9992	19.7579									
6.4593	0.9992	22.1386									
6.4593	0.9992	25.4835									
6.837	0.9992	21.005									
6.837	0.9992	21.0142									
6.837	0.9992	24.6262									
6.837	0.9992	29.8076									
5.9914	0.9992	21.3114									
5.9914	0.9992	25.0085									
5.9914	0.9992	29.8919									
7.2917	0.9992	19.5561									
7.2917	0.9992	20.6929									
7.2917	0.9992	21.6648									
6.5739	0.9992	20.6185									
8.5234	0.9992	23.8328									
8.5234	0.9992	25.1555									
7.1533	0.9992	21.5575									
8.9003	0.9992	22.2097									
7.2348	0.9992	22.3787									
7.2348	0.9992	25.7537									
8.4841	0.9992	18.2813									
8.4841	0.9992	18.9938									
8.4841	0.9992	19.3638									
8.4841	0.9992	22.0278									
8.4841	0.9992	25.8139									
7.9146	0.9992	20.5371									
7.9146	0.9992	21.3228									
7.9146	0.9992	24.992									
7.9146	0.9992	30.7062									
9.3431	0.9992	20.8505									
9.3431	0.9992	21.5944									
9.3431	0.9992	25.5818									
7.4126	0.9992	21.0157									
7.4126	0.9992	21.1697									
8.7792	0.9992	22.2894									
8.7792	0.9992	23.1381									
8.7792	0.9992	28.5295									
8.7792	0.9992	35.8774									
10.4843	0.9992	19.7531									
8.3269	0.9992	20.6506									
8.3269	0.9992	22.5722									
8.3269	0.9992	22.8158									
8.3269	0.9992	28.0414									
8.3269	0.9992	34.9508									
9.2517	0.9992	24.8371									
9.2517	0.9992	25.3138									
9.2517	0.9992	32.3462									
9.2517	0.9992	41.7172									
11.6178	0.9992	19.9669									
11.6178	0.9992	21.4668									
10.2182	0.9993	34.3722									
6.7327	0.9993	34.4098									
7.9157	0.9993	23.2685									
7.9157	0.9993	23.7525									
7.9157	0.9993	28.2374									
7.9157	0.9993	35.0637									
7.5329	0.9993	23.9775									
7.5329	0.9993	24.8448									
7.5329	0.9993	31.8784									
7.5329	0.9993	40.6942									
8.8177	0.9993	23.9087									
8.8177	0.9993	24.8085									
8.8177	0.9993	31.5451									
8.8177	0.9993	40.861									
7.2917	0.9993	25.067									
7.2917	0.9993	29.8979									
6.5739	0.9993	22.3453									
6.5739	0.9993	23.0586									
6.5739	0.9993	28.1366									
6.5739	0.9993	34.8552									
8.1479	0.9993	20.6116									
8.1479	0.9993	22.1978									
8.1479	0.9993	23.024									
8.1479	0.9993	28.0814									
8.1479	0.9993	35.2304									
8.5234	0.9993	31.9958									
8.5234	0.9993	41.2694									
7.1533	0.9993	23.5172									
7.1533	0.9993	24.8099									
7.1533	0.9993	31.6521									
7.1533	0.9993	41.0004									
8.9003	0.9993	23.5632									
8.9003	0.9993	24.7592									
8.9003	0.9993	31.3381									
8.9003	0.9993	41.0665									
6.6498	0.9993	18.173									
6.6498	0.9993	19.192									
6.6498	0.9993	19.5765									
6.6498	0.9993	22.2895									
6.6498	0.9993	25.4704									
9.3431	0.9993	30.4557									
7.4126	0.9993	19.7033									
7.4126	0.9993	24.5564									
7.4126	0.9993	29.5337									
10.4843	0.9993	20.5285									
10.4843	0.9993	22.6633									
10.4843	0.9993	23.2178									
10.4843	0.9993	28.8198									
10.4843	0.9993	36.2164									
11.6178	0.9993	24.5501									
11.6178	0.9993	25.3689									
11.6178	0.9993	32.3199									
11.6178	0.9993	42.2745									
9.2102	0.9993	21.7405									
9.2102	0.9993	24.1779									
9.2102	0.9993	25.2118									
9.2102	0.9993	31.9027									
9.2102	0.9993	41.2978									
